ac,polyA,length,ppi,M10,M9,M8,M7,M6,M5,M4,M3,M2,M1,P1,P2,P3,P4,P5,P6,P7,P8,P9,P10
sp|A6NGW2|STRCL_HUMAN,1436-1441,6,0,V,G,Q,L,C,R,G,P,Q,L,L,V,A,G,V,V,R,P,A,A
sp|O14512|SOCS7_HUMAN,98-103,6,0,Q,P,P,P,P,Q,P,Q,P,P,G,E,D,P,T,E,T,S,D,A
sp|O14512|SOCS7_HUMAN,242-246,5,0,G,T,G,K,R,P,S,G,E,L,S,L,T,D,M,G,G,S,A,G
sp|O94911|ABCA8_HUMAN,182-187,6,0,F,W,K,E,G,F,V,A,L,Q,I,I,E,I,T,T,N,H,S,V
sp|O95936|EOMES_HUMAN,69-78,10,0,L,S,C,E,A,V,S,G,E,P,M,L,S,D,T,D,A,G,D,A
sp|O95936|EOMES_HUMAN,88-96,9,0,A,M,L,S,D,T,D,A,G,D,K,P,G,P,P,D,G,R,K,G
sp|O95936|EOMES_HUMAN,117-132,16,0,S,P,C,G,E,E,E,L,P,S,R,Y,S,M,D,S,L,S,S,E
sp|O95936|EOMES_HUMAN,167-171,5,0,A,A,P,C,S,L,F,P,Y,Q,P,H,G,P,V,Y,P,A,P,N
sp|O95936|EOMES_HUMAN,246-249,4,0,G,A,P,L,Y,G,P,Y,P,G,G,S,C,G,G,L,G,G,L,G
sp|P08588|ADRB1_HUMAN,26-30,5,0,L,S,S,A,A,P,L,P,D,G,R,L,L,V,P,A,S,P,P,A
sp|P08588|ADRB1_HUMAN,293-299,7,1,P,A,P,P,P,G,P,P,R,P,P,L,A,N,G,R,A,G,K,R
sp|P15863|PAX1_HUMAN,19-24,6,0,S,R,A,W,R,V,S,W,E,G,G,P,G,A,G,G,S,A,L,R
sp|P15863|PAX1_HUMAN,477-481,5,0,R,Q,A,D,P,G,A,Q,V,C,I,G,T,G,R,I,G,G,L,A
sp|P28702|RXRB_HUMAN,46-54,9,0,W,R,R,R,R,P,W,L,D,P,G,G,E,Q,Q,T,P,E,P,E
sp|P78415|IRX3_HUMAN,59-70,12,0,L,S,N,V,L,S,S,V,Y,G,Q,G,Y,G,A,F,L,P,Y,A
sp|P78415|IRX3_HUMAN,105-109,5,0,L,K,D,S,P,G,V,Q,H,P,F,P,H,P,H,P,A,F,Y,P
sp|P78415|IRX3_HUMAN,388-394,7,0,V,A,P,S,A,L,Q,L,S,P,H,R,L,V,S,A,P,L,G,K
sp|P78415|IRX3_HUMAN,446-452,7,0,L,G,L,P,G,A,A,G,H,P,R,P,A,E,P,E,G,G,T,D
sp|Q01955|CO4A3_HUMAN,22-27,6,0,L,L,L,P,L,L,L,V,L,L,S,K,G,C,V,C,K,D,K,G
sp|Q13151|ROA0_HUMAN,61-67,7,1,G,F,V,T,Y,S,N,V,E,E,S,P,H,A,V,D,G,N,T,V
sp|Q13151|ROA0_HUMAN,151-156,6,1,F,G,F,V,Y,F,Q,N,H,D,V,V,K,F,H,P,I,Q,G,H
sp|Q14766|LTBP1_HUMAN,67-71,5,0,A,L,N,A,R,Y,S,R,S,S,P,S,R,A,S,P,G,V,P,S
sp|Q5VV67|PPRC1_HUMAN,525-531,7,0,L,Q,G,K,G,K,P,R,A,W,L,E,N,S,S,P,K,N,L,E
sp|Q6NSW7|NANP8_HUMAN,265-270,6,0,Q,P,N,S,P,A,S,D,L,E,G,E,G,L,N,V,I,Q,Q,T
sp|Q86VQ1|GLCI1_HUMAN,33-37,5,0,M,R,R,S,A,A,G,S,P,P,G,S,G,N,G,A,G,G,G,G
sp|Q86VQ1|GLCI1_HUMAN,52-57,6,0,G,A,G,G,G,G,G,V,G,C,G,R,L,L,Q,P,I,R,A,T
sp|Q86VQ1|GLCI1_HUMAN,86-90,5,0,S,Q,H,S,P,T,R,P,P,V,S,L,G,S,L,P,G,P,G,A
sp|Q86VQ1|GLCI1_HUMAN,113-118,6,0,G,P,S,P,S,S,P,T,P,P,E,Q,A,P,R,A,K,G,R,P
sp|Q86XA9|HTR5A_HUMAN,169-172,4,0,S,L,Q,N,I,L,N,G,L,G,P,C,H,R,D,V,Y,K,A,A
sp|Q8TDY4|ASAP3_HUMAN,22-29,8,0,A,V,T,A,E,D,L,S,S,P,K,M,P,R,Y,R,G,A,A,L
sp|Q96GM5|SMRD1_HUMAN,22-27,6,0,P,S,G,G,A,G,A,S,G,G,L,G,P,G,G,T,P,G,P,P
sp|Q96IU4|ABHEB_HUMAN,78-82,5,0,D,L,P,G,L,G,H,S,K,E,P,I,G,E,L,A,P,G,S,F
sp|Q96JE9|MAP6_HUMAN,208-212,5,0,P,Q,S,Q,E,R,W,P,V,Q,R,E,Q,E,A,A,P,G,G,A
sp|Q96JE9|MAP6_HUMAN,280-284,5,0,A,T,G,P,E,A,G,R,G,R,L,N,R,Q,I,R,E,E,V,A
sp|Q96P44|COLA1_HUMAN,154-158,5,0,D,G,K,S,Q,D,D,V,K,D,R,D,S,K,I,T,L,F,A,I
sp|Q9H313|TTYH1_HUMAN,170-175,6,0,E,V,L,E,P,R,T,E,L,V,R,R,Q,A,E,A,A,A,Q,Q
sp|Q9H313|TTYH1_HUMAN,179-183,5,0,V,A,A,A,R,G,A,R,R,Q,Q,Q,L,Q,G,L,A,F,W,Q
sp|Q9H8S5|CCNP_HUMAN,251-254,4,0,E,A,A,G,W,E,P,G,R,R,L,S,L,A,H,R,L,L,D,G
sp|Q9H9C1|SPE39_HUMAN,373-378,6,0,K,I,P,D,K,Q,Y,V,L,T,K,L,R,A,W,N,D,V,D,A
sp|Q9HA77|SYCM_HUMAN,68-73,6,0,L,T,G,R,K,E,P,L,I,V,S,W,Y,S,C,G,P,T,V,Y
sp|Q9P0W2|HM20B_HUMAN,10-15,6,0,-,M,S,H,G,P,K,Q,P,G,G,G,K,A,P,G,Q,H,G,G
sp|A6NL88|SHSA7_HUMAN,69-75,7,0,N,G,T,R,T,G,P,A,G,G,P,P,P,A,E,L,C,H,G,Y
sp|O14526|FCHO1_HUMAN,270-275,6,0,R,E,K,P,G,P,L,D,F,E,L,Q,E,A,M,K,R,L,R,G
sp|O14526|FCHO1_HUMAN,375-378,4,0,P,A,R,A,P,A,C,S,P,E,Q,L,R,A,T,A,G,S,L,I
sp|O14901|KLF11_HUMAN,319-324,6,0,L,S,V,G,T,V,R,P,I,L,P,Q,P,V,F,V,G,P,A,V
sp|O15021|MAST4_HUMAN,75-84,10,0,P,P,P,P,L,G,G,T,L,G,S,V,L,L,E,R,G,V,L,A
sp|O15173|PGRC2_HUMAN,31-35,5,0,N,D,G,G,S,E,S,P,G,D,E,G,G,G,W,A,A,A,A,L
sp|O15173|PGRC2_HUMAN,41-46,6,0,A,G,A,A,A,E,G,G,G,W,L,L,T,G,G,G,E,M,L,L
sp|P30542|AA1R_HUMAN,124-129,6,1,R,Y,K,M,V,V,T,P,R,R,G,C,W,I,L,S,F,V,V,G
sp|P68366|TBA4A_HUMAN,330-334,5,1,R,G,D,V,V,P,K,D,V,N,I,K,T,K,R,S,I,Q,F,V
sp|P78386|KRT85_HUMAN,365-370,6,1,N,A,K,C,Q,R,A,K,L,E,E,Q,Q,G,E,A,A,L,S,D
sp|Q5H9L4|TAF7L_HUMAN,71-77,7,0,E,D,T,Q,T,D,A,D,S,S,P,E,N,F,Q,E,G,K,D,M
sp|Q8IZL2|MAML2_HUMAN,95-100,6,0,G,A,R,K,A,G,K,H,T,K,T,T,T,A,P,P,P,P,P,A
sp|Q8IZL2|MAML2_HUMAN,110-123,14,0,A,T,T,T,A,P,P,P,P,P,P,P,P,P,P,D,Y,H,H,H
sp|Q8N3Y3|LARG2_HUMAN,9-14,6,0,-,-,M,L,P,R,G,R,P,R,L,L,L,L,L,L,L,L,G,F
sp|Q8N6N6|NATD1_HUMAN,2-7,6,0,-,-,-,-,-,-,-,-,-,M,V,P,L,G,A,L,E,Q,G,C
sp|Q96B01|R51A1_HUMAN,172-178,7,0,D,V,G,G,V,Q,G,K,R,K,Q,Q,R,K,I,L,L,E,G,S
sp|Q96HQ2|C2AIL_HUMAN,6-9,4,0,-,-,-,-,-,M,V,G,G,E,V,E,E,L,V,S,G,V,R,Q
sp|Q96T17|MA7D2_HUMAN,374-377,4,0,V,V,D,K,H,A,S,E,K,H,G,G,K,A,E,N,S,A,A,L
sp|Q9BZE3|BARH1_HUMAN,130-134,5,0,P,A,A,P,E,P,G,G,R,L,E,D,F,R,D,K,L,D,K,S
sp|Q9BZQ8|NIBA1_HUMAN,871-876,6,0,E,Q,E,E,M,G,G,Q,S,S,S,V,N,A,E,E,I,K,V,A
sp|Q9NQX0|PRDM6_HUMAN,97-106,10,0,S,T,S,A,S,S,A,S,S,C,G,L,S,A,L,P,V,S,Q,L
sp|Q9NQX0|PRDM6_HUMAN,120-129,10,0,A,L,P,V,S,Q,L,P,V,F,E,P,L,P,P,K,E,L,C,L
sp|Q9NQX0|PRDM6_HUMAN,228-232,5,0,S,L,R,R,L,V,G,T,S,S,P,P,P,E,L,P,E,W,L,R
sp|Q9NR99|MXRA5_HUMAN,2142-2146,5,0,R,R,T,V,Q,L,N,V,Q,R,R,I,T,G,T,S,P,R,R,T
sp|Q9NS86|LANC2_HUMAN,33-37,5,0,A,F,V,N,P,F,P,D,Y,E,L,L,A,S,G,A,A,E,E,T
sp|Q9NY46|SCN3A_HUMAN,459-468,10,0,L,E,Q,L,K,K,Q,Q,E,E,S,R,D,F,S,G,I,G,G,L
sp|Q9UK58|CCNL1_HUMAN,9-19,11,0,-,-,M,A,S,G,P,H,S,T,P,S,A,G,G,S,S,S,G,T
sp|Q9UL18|AGO1_HUMAN,8-12,5,0,-,-,-,M,E,A,G,P,S,G,Y,L,P,P,L,Q,Q,V,F,Q
sp|A5YM72|CRNS1_HUMAN,294-302,9,0,Q,V,A,A,V,R,Q,R,V,K,V,L,A,L,E,A,G,L,S,A
sp|A6NCL7|AN33B_HUMAN,347-351,5,0,K,R,R,L,A,V,Q,E,I,L,R,G,P,Q,A,Q,E,E,D,E
sp|A6XGL0|YJEN3_HUMAN,72-76,5,0,W,N,A,G,P,V,C,Q,S,T,L,E,R,E,L,L,E,D,Y,R
sp|O95785|WIZ_HUMAN,1643-1650,8,0,P,P,P,E,E,S,Q,A,P,Q,P,-,-,-,-,-,-,-,-,-
sp|P0DP01|HV108_HUMAN,12-17,6,0,D,W,T,W,R,I,L,F,L,V,H,S,Q,V,Q,L,V,Q,S,G
sp|P30837|AL1B1_HUMAN,245-250,6,0,V,N,I,I,T,G,Y,G,P,T,Q,H,V,D,V,D,K,V,A,F
sp|P51689|ARSD_HUMAN,10-14,5,0,-,M,R,S,A,A,R,R,G,R,R,D,S,L,P,V,L,L,F,L
sp|Q496H8|NRN1L_HUMAN,33-37,5,0,L,L,P,L,V,L,L,P,P,L,G,P,N,R,C,D,T,I,Y,Q
sp|Q496H8|NRN1L_HUMAN,152-158,7,0,L,P,M,A,P,A,P,P,L,L,Y,L,L,R,P,L,A,-,-,-
sp|Q68DI1|ZN776_HUMAN,2-5,4,0,-,-,-,-,-,-,-,-,-,M,L,R,P,P,A,Q,G,T,V,T
sp|Q86WZ0|HEAT4_HUMAN,683-687,5,0,W,N,D,W,N,K,E,V,R,R,L,G,Q,M,S,L,G,K,E,V
sp|Q86WZ0|HEAT4_HUMAN,748-753,6,0,F,S,D,D,F,T,A,V,R,R,G,A,L,Q,I,R,D,K,M,V
sp|Q8IWE2|NXP20_HUMAN,61-65,5,0,E,G,H,E,N,A,A,V,Q,G,I,G,P,P,V,Q,P,Q,D,A
sp|Q8IXZ2|ZC3H3_HUMAN,847-856,10,0,Q,R,P,T,R,Q,T,P,S,S,P,P,H,C,P,G,G,S,A,S
sp|Q8IXZ2|ZC3H3_HUMAN,896-901,6,0,L,D,H,E,A,P,S,L,Q,E,C,S,N,R,L,C,K,L,P,S
sp|Q8IZD4|DCP1B_HUMAN,2-6,5,0,-,-,-,-,-,-,-,-,-,M,G,G,L,V,G,K,G,R,D,I
sp|Q8N4B5|PRR18_HUMAN,276-279,4,0,C,T,E,W,L,R,G,V,E,S,R,G,R,A,G,A,L,D,S,R
sp|Q8NEB7|ACRBP_HUMAN,21-25,5,0,S,L,L,K,V,L,L,L,P,L,Q,D,S,T,Q,A,S,T,P,G
sp|Q8NGR3|OR1K1_HUMAN,221-225,5,0,P,F,L,L,I,L,A,S,Y,G,V,L,Q,L,P,S,A,S,G,R
sp|Q8TDV2|GP148_HUMAN,60-65,6,0,Y,W,L,F,L,P,S,S,L,L,V,S,P,L,L,L,V,T,I,L
sp|Q8WXE1|ATRIP_HUMAN,39-42,4,1,P,P,S,K,R,A,R,G,F,S,P,D,P,D,D,P,F,G,A,H
sp|Q8WXS8|ATS14_HUMAN,17-22,6,0,L,L,S,Y,L,L,P,L,H,C,G,S,R,T,P,E,L,H,L,S
sp|Q8WXS8|ATS14_HUMAN,61-65,5,0,R,F,L,S,H,V,V,S,G,P,G,S,M,V,V,D,T,P,P,T
sp|Q96E11|RRFM_HUMAN,156-161,6,0,V,N,M,A,S,F,P,E,C,T,I,R,E,S,G,M,N,L,N,P
sp|Q9BYV6|TRI55_HUMAN,432-437,6,0,Q,T,T,E,S,E,T,P,V,P,D,P,L,F,Y,P,S,W,Y,K
sp|Q9BYV6|TRI55_HUMAN,482-489,8,0,P,G,S,E,D,S,N,V,R,K,S,E,R,A,A,V,S,G,K,E
sp|Q9BYV6|TRI55_HUMAN,520-524,5,0,G,F,E,A,P,P,L,Q,G,Q,S,G,S,G,A,D,S,E,P,A
sp|Q9GZM5|YIPF3_HUMAN,64-72,9,0,H,Q,R,L,R,E,E,E,V,D,E,E,E,D,G,E,F,L,G,M
sp|Q9GZT5|WN10A_HUMAN,133-139,7,0,F,S,R,G,F,R,E,S,A,F,G,V,V,H,A,V,S,N,A,C
sp|Q9H115|SNAB_HUMAN,169-173,5,1,S,S,A,N,K,C,L,L,K,V,Q,L,E,Q,Y,Q,K,A,I,E
sp|Q9H2X8|I27L2_HUMAN,5-9,5,0,-,-,-,-,-,-,M,M,K,R,V,G,G,A,L,A,V,G,A,V
sp|Q9H2X8|I27L2_HUMAN,45-49,5,0,A,S,S,I,A,A,K,M,M,S,N,G,G,G,V,S,A,G,S,L
sp|Q9NS75|CLTR2_HUMAN,292-298,7,1,R,L,H,K,A,L,V,I,T,L,C,F,N,P,L,L,Y,Y,F,A
sp|Q9UMS6|SYNP2_HUMAN,895-900,6,0,K,Y,V,V,D,S,D,T,V,Q,Q,S,P,T,P,S,L,P,A,S
sp|Q9UPX8|SHAN2_HUMAN,1079-1085,7,0,D,E,S,L,T,V,S,S,P,F,V,R,D,R,E,K,R,L,E,A
tr|A0A6Q8PGS0|A0A6Q8PGS0_HUMAN,31-36,6,0,G,P,R,R,A,R,S,A,P,T,P,V,D,A,A,E,L,P,Q,R
sp|O15156|ZBT7B_HUMAN,477-482,6,0,A,P,P,H,Y,P,P,P,S,T,G,L,D,L,S,N,G,H,L,D
sp|O15417|TNC18_HUMAN,486-491,6,0,E,R,A,P,R,G,P,A,G,P,K,L,F,G,L,E,P,G,R,P
sp|O15417|TNC18_HUMAN,539-544,6,0,Q,H,H,H,S,R,A,E,E,E,S,S,S,K,K,A,Y,L,D,P
sp|O15417|TNC18_HUMAN,1103-1107,5,0,R,P,Y,P,F,L,L,Q,P,T,D,G,L,A,P,D,V,P,L,P
sp|O15417|TNC18_HUMAN,1183-1188,6,0,P,P,L,E,S,P,L,P,L,P,T,P,S,P,A,G,G,C,G,G
sp|O15417|TNC18_HUMAN,1344-1349,6,0,S,L,E,D,P,L,A,G,M,N,E,L,P,Q,A,R,P,L,P,S
sp|O15417|TNC18_HUMAN,1362-1367,6,0,P,Q,A,R,P,L,P,S,P,G,L,E,K,L,E,A,A,E,S,L
sp|O15417|TNC18_HUMAN,2007-2013,7,0,R,R,S,E,R,I,F,L,H,D,P,V,S,T,A,P,A,T,K,T
sp|O43237|DC1L2_HUMAN,18-22,5,0,K,K,L,L,L,G,P,N,G,P,G,D,L,T,S,E,E,E,E,G
sp|O60427|FADS1_HUMAN,7-12,6,0,-,-,-,-,M,A,P,D,P,V,Q,G,P,T,P,R,Y,F,T,W
sp|O95757|HS74L_HUMAN,158-163,6,0,F,T,D,A,E,R,R,S,V,M,G,L,N,C,L,R,L,M,N,E
sp|P07327|ADH1A_HUMAN,214-218,5,1,V,G,L,S,A,I,M,G,C,K,R,I,I,A,V,D,I,N,K,D
sp|P10589|COT1_HUMAN,26-30,5,0,A,G,G,N,P,G,G,P,N,P,R,G,G,G,G,G,A,G,E,Q
sp|P24752|THIL_HUMAN,314-319,6,1,L,N,V,T,P,L,A,R,I,V,V,E,P,I,D,F,P,I,A,P
sp|P29274|AA2AR_HUMAN,49-54,6,1,N,V,T,N,Y,F,V,V,S,L,V,G,V,L,A,I,P,F,A,I
sp|P39748|FEN1_HUMAN,114-119,6,1,R,A,E,A,E,K,Q,L,Q,Q,E,Q,E,V,E,K,F,T,K,R
sp|P40227|TCPZ_HUMAN,14-21,8,1,V,K,T,L,N,P,K,A,E,V,V,N,I,S,A,A,R,G,L,Q
sp|Q5VTL8|PR38B_HUMAN,18-23,6,0,L,T,G,N,S,Q,P,Q,H,Q,Q,Q,Q,Q,Q,C,G,G,G,G
sp|Q7RTS1|BHA15_HUMAN,46-52,7,0,E,P,A,K,G,L,R,S,R,P,P,G,E,G,R,R,R,R,P,G
sp|Q7RTS3|PTF1A_HUMAN,144-149,6,0,P,G,A,R,L,R,G,L,S,G,R,R,R,R,R,V,R,S,E,A
sp|Q86W33|TPRA1_HUMAN,322-331,10,0,Y,A,V,A,R,R,E,G,L,E,S,Y,S,S,T,Q,F,D,S,A
sp|Q8IU81|I2BP1_HUMAN,81-85,5,0,A,L,K,H,P,A,T,K,D,L,Q,G,P,Q,L,P,P,P,Q,A
sp|Q8IVS8|GLCTK_HUMAN,94-97,4,0,V,G,F,G,K,A,V,L,G,M,E,E,L,L,G,Q,H,L,V,Q
sp|Q8IVS8|GLCTK_HUMAN,470-475,6,0,A,A,G,A,W,V,T,P,E,L,E,G,L,D,I,A,T,F,L,A
sp|Q8NI99|ANGL6_HUMAN,83-88,6,0,E,E,L,L,R,E,L,Q,R,L,V,A,G,E,V,R,A,L,R,K
sp|Q8NI99|ANGL6_HUMAN,130-137,8,0,P,G,A,G,P,G,A,D,L,G,L,L,G,E,R,V,L,N,A,S
sp|Q8NI99|ANGL6_HUMAN,150-155,6,0,G,E,R,V,L,N,A,S,A,E,R,F,H,Q,L,D,V,K,F,R
sp|Q8TC56|GAR3_HUMAN,283-288,6,0,G,T,A,T,G,P,R,T,D,V,M,S,P,A,T,G,A,M,S,I
sp|Q8TC56|GAR3_HUMAN,312-317,6,0,K,S,A,G,P,G,Q,V,T,T,I,K,N,P,G,E,N,E,S,S
sp|Q92529|SHC3_HUMAN,39-44,6,0,G,G,G,G,K,V,S,A,A,R,P,Y,L,V,S,G,E,A,L,R
sp|Q96C90|PP14B_HUMAN,10-16,7,0,-,M,A,D,S,G,T,A,G,G,P,G,P,G,S,G,G,P,G,P
sp|Q9BZM4|ULBP3_HUMAN,2-8,7,0,-,-,-,-,-,-,-,-,-,M,I,L,P,R,L,A,I,L,P,Y
sp|Q9UHC7|MKRN1_HUMAN,16-26,11,0,T,P,G,T,T,A,T,T,S,G,S,P,T,P,I,P,T,V,T,A
sp|Q9ULH4|LRFN2_HUMAN,361-365,5,0,S,Q,D,S,G,A,F,T,C,I,G,E,A,T,A,M,V,E,V,S
sp|Q9ULH4|LRFN2_HUMAN,730-734,5,0,R,S,H,S,F,D,M,G,D,F,G,G,V,V,P,G,G,Y,S,P
sp|O75326|SEM7A_HUMAN,39-44,6,0,L,R,L,R,L,L,L,L,L,W,Q,G,H,L,R,S,G,P,R,I
sp|O75326|SEM7A_HUMAN,644-649,6,0,G,I,M,A,E,H,L,L,G,H,S,L,W,L,G,V,L,P,T,L
sp|O76031|CLPX_HUMAN,453-460,8,0,T,P,S,N,L,G,K,G,R,R,N,R,S,G,E,S,N,T,H,Q
sp|O94916|NFAT5_HUMAN,546-550,5,0,V,Q,P,F,T,Y,T,P,D,P,L,N,V,N,V,K,K,E,I,S
sp|O94956|SO2B1_HUMAN,283-291,9,0,V,G,A,W,W,L,G,F,L,I,I,P,Y,F,F,F,P,K,E,M
sp|P09417|DHPR_HUMAN,2-10,9,1,-,-,-,-,-,-,-,-,-,M,R,R,V,L,V,Y,G,G,R,G
sp|P09417|DHPR_HUMAN,135-140,6,1,H,L,K,E,G,G,L,L,T,L,L,D,G,T,P,G,M,I,G,Y
sp|P09417|DHPR_HUMAN,175-179,5,1,A,G,K,N,S,G,M,P,P,G,V,L,P,V,T,L,D,T,P,M
sp|P49593|PPM1F_HUMAN,76-80,5,0,L,G,S,R,K,A,P,P,P,L,H,E,A,V,S,Q,L,L,Q,T
sp|P49593|PPM1F_HUMAN,205-210,6,0,A,V,F,D,G,H,G,G,V,D,V,H,V,H,T,N,A,A,R,Q
sp|Q02252|MMSA_HUMAN,2-12,11,0,-,-,-,-,-,-,-,-,-,M,R,I,L,Q,V,S,S,K,V,K
sp|Q02252|MMSA_HUMAN,308-313,6,0,K,E,N,T,L,N,Q,L,V,G,G,Q,R,C,M,A,L,S,T,A
sp|Q07864|DPOE1_HUMAN,426-430,5,0,Y,L,P,V,G,S,H,N,L,K,K,L,G,Y,D,P,V,E,L,D
sp|Q07864|DPOE1_HUMAN,1775-1780,6,0,S,L,E,D,M,I,T,G,G,Q,S,Y,D,E,T,A,L,C,S,N
sp|Q2M2I8|AAK1_HUMAN,339-344,6,0,I,P,A,K,L,P,E,P,V,K,K,K,T,Q,P,K,A,R,L,T
sp|Q2M2I8|AAK1_HUMAN,658-663,6,0,P,A,S,K,S,T,Q,L,L,Q,S,L,N,K,S,K,S,A,T,T
sp|Q4G163|FBX43_HUMAN,411-416,6,0,Q,I,V,H,P,D,S,E,K,R,I,S,E,G,Q,L,S,S,D,E
sp|Q4ZIN3|MBRL_HUMAN,525-534,10,0,P,V,A,A,A,P,S,S,L,V,G,G,D,L,G,W,M,A,E,T
sp|Q5VZR4|MF14C_HUMAN,27-32,6,0,P,E,A,G,A,M,P,E,K,R,G,S,T,W,L,Q,G,F,G,P
sp|Q7L8A9|VASH1_HUMAN,20-24,5,0,G,G,S,S,G,A,T,P,T,S,P,S,G,V,R,R,L,E,T,S
sp|Q7RTM1|OTOP1_HUMAN,13-17,5,0,E,G,L,G,S,P,A,S,P,R,S,V,A,G,S,S,G,P,A,A
sp|Q7Z6G3|NECA2_HUMAN,46-51,6,0,A,R,M,G,E,P,R,E,S,L,D,P,G,P,A,S,P,R,G,G
sp|Q86YL5|TDRP_HUMAN,28-35,8,0,E,D,G,L,R,G,G,P,P,P,Q,V,Q,G,A,S,F,R,G,W
sp|Q8IXM2|BAP18_HUMAN,14-18,5,0,A,S,T,K,V,G,E,I,F,S,F,T,K,L,G,E,L,T,M,Q
sp|Q8N9F0|NAT8L_HUMAN,30-37,8,0,H,E,A,L,P,G,A,K,K,D,M,W,P,P,L,P,A,A,P,G
sp|Q8N9F0|NAT8L_HUMAN,49-54,6,0,W,P,P,L,P,A,A,P,G,P,P,P,P,A,P,V,A,Q,P,H
sp|Q8TAS1|UHMK1_HUMAN,64-69,6,0,K,Q,F,L,P,P,G,T,T,G,E,Y,G,F,R,K,E,R,A,A
sp|Q8TF21|ANR24_HUMAN,756-761,6,0,E,L,E,A,A,L,G,K,C,E,G,R,L,R,E,R,V,R,E,A
sp|Q8WUF8|F172A_HUMAN,280-284,5,0,H,A,I,Y,V,W,D,H,F,I,E,N,V,F,F,V,A,H,S,Y
sp|Q96T83|SL9A7_HUMAN,36-41,6,0,P,L,L,L,G,W,G,L,R,V,S,S,S,G,A,A,A,E,D,S
sp|Q96T83|SL9A7_HUMAN,314-319,6,0,A,Y,Q,P,A,G,L,N,T,H,F,F,K,S,V,G,I,F,L,G
sp|Q99615|DNJC7_HUMAN,2-5,4,0,-,-,-,-,-,-,-,-,-,M,E,C,D,V,V,M,A,A,T,E
sp|Q9HBH9|MKNK2_HUMAN,396-401,6,0,N,S,C,A,K,D,L,T,S,F,M,N,R,Q,L,A,Q,H,D,E
sp|Q9NRS6|SNX15_HUMAN,285-291,7,0,L,I,T,Q,A,L,R,D,E,K,L,Q,G,Y,R,D,G,V,H,V
sp|Q9UJJ9|GNPTG_HUMAN,20-25,6,0,L,L,L,G,L,S,A,G,G,P,K,M,K,V,V,E,E,P,N,A
tr|A0A2U3TZM8|A0A2U3TZM8_HUMAN,145-153,9,0,H,A,I,R,S,R,T,G,H,L,T,V,P,V,R,A,S,S,P,T
sp|O15056|SYNJ2_HUMAN,1454-1461,8,0,P,K,R,D,P,I,D,P,V,S,E,L,P,P,D,H,E,H,K,T
sp|O43240|KLK10_HUMAN,30-34,5,0,L,L,P,L,L,M,A,Q,L,W,L,L,P,Q,N,D,T,R,L,D
sp|O75179|ANR17_HUMAN,9-14,6,0,-,-,M,E,K,A,T,V,P,V,E,G,E,G,S,P,P,A,V,A
sp|O75179|ANR17_HUMAN,22-27,6,0,T,A,A,E,G,E,G,S,P,P,G,P,P,A,A,A,E,V,G,G
sp|O75179|ANR17_HUMAN,215-218,4,0,T,S,S,V,S,C,A,L,D,E,L,T,R,M,R,A,E,S,T,A
sp|O75179|ANR17_HUMAN,2361-2365,5,0,M,Y,G,P,G,A,P,L,G,G,N,F,N,R,Q,H,F,S,P,L
sp|O75528|TADA3_HUMAN,213-219,7,0,E,D,L,L,E,E,Q,K,D,G,D,K,K,K,G,L,M,G,P,L
sp|P01138|NGF_HUMAN,54-61,8,0,L,D,T,A,L,R,R,A,R,S,R,V,A,G,Q,T,R,N,I,T
sp|Q13045|FLII_HUMAN,408-416,9,0,N,Q,L,R,L,A,G,A,S,P,G,S,G,P,K,D,P,M,A,R
sp|Q13615|MTMR3_HUMAN,321-325,5,0,K,L,L,I,L,D,A,R,S,Y,N,R,A,K,G,G,G,C,E,C
sp|Q6NV75|GP153_HUMAN,524-528,5,0,A,L,R,R,P,P,G,P,F,P,P,D,G,A,D,P,G,E,A,P
sp|Q6PK81|ZN773_HUMAN,93-99,7,0,S,A,I,L,R,G,S,W,Q,G,E,Q,S,A,S,V,E,V,P,S
sp|Q6ZMI3|GLDN_HUMAN,19-24,6,0,R,G,D,A,G,W,G,L,R,G,L,L,S,A,L,N,A,A,G,T
sp|Q6ZTR5|CFA47_HUMAN,2180-2185,6,0,L,P,M,T,N,E,A,K,E,K,Q,Q,Q,M,S,S,I,E,Y,E
sp|Q8TD26|CHD6_HUMAN,2154-2158,5,0,E,A,A,E,H,S,F,S,N,G,Q,I,H,K,E,S,F,L,A,P
sp|Q8TEX9|IPO4_HUMAN,506-513,8,0,A,K,E,L,A,V,S,A,L,G,S,L,L,P,Y,F,P,A,I,M
sp|Q8TEX9|IPO4_HUMAN,742-747,6,0,C,Q,S,C,P,S,E,P,N,T,L,A,R,V,V,P,S,Y,M,Q
sp|Q8TEX9|IPO4_HUMAN,841-846,6,0,L,L,E,H,A,G,E,A,I,P,G,G,D,S,F,A,P,F,F,A
sp|Q8WUM9|S20A1_HUMAN,10-14,5,0,-,M,A,T,L,I,T,S,T,T,S,G,P,L,V,D,Y,L,W,M
sp|Q8WXG9|AGRV1_HUMAN,5471-5476,6,0,E,V,Y,F,F,V,E,L,Y,E,I,N,N,S,A,R,F,A,Q,I
sp|Q92905|CSN5_HUMAN,109-113,5,1,P,V,E,G,T,E,T,R,V,N,Y,E,Y,M,A,A,Y,I,E,N
sp|Q93084|AT2A3_HUMAN,301-306,6,0,G,A,V,Y,Y,F,K,I,A,V,I,P,E,G,L,P,A,V,I,T
sp|Q93084|AT2A3_HUMAN,847-852,6,0,Y,L,A,I,G,V,Y,V,G,L,T,W,W,F,V,Y,D,A,E,G
sp|Q96DE0|NUD16_HUMAN,84-87,4,1,N,R,E,L,R,E,E,L,G,E,F,R,V,E,R,T,D,Y,R,S
sp|Q96DT5|DYH11_HUMAN,2-7,6,0,-,-,-,-,-,-,-,-,-,M,R,E,A,R,D,F,R,E,A,P
sp|Q96DT5|DYH11_HUMAN,45-50,6,0,L,E,E,E,E,E,N,E,E,E,R,S,F,A,Q,D,A,R,V,R
sp|Q96DT5|DYH11_HUMAN,3189-3193,5,0,D,L,L,K,A,E,P,A,L,V,L,N,T,L,N,R,V,N,L,S
sp|Q96DZ9|CKLF5_HUMAN,58-63,6,0,I,F,I,C,F,T,A,S,I,S,L,L,E,F,F,I,T,L,A,F
sp|Q96DZ9|CKLF5_HUMAN,186-190,5,0,S,F,A,A,V,T,S,R,D,G,F,V,F,G,I,I,L,V,S,I
sp|Q96HQ0|ZN419_HUMAN,2-5,4,0,-,-,-,-,-,-,-,-,-,M,L,R,D,P,A,Q,V,P,V,A
sp|Q96JP5|ZFP91_HUMAN,21-25,5,0,P,E,Q,Q,D,Q,E,G,G,E,P,E,E,P,Q,Q,R,P,P,E
sp|Q96JP5|ZFP91_HUMAN,36-42,7,0,P,E,E,P,Q,Q,R,P,P,E,G,T,T,S,S,R,V,L,R,G
sp|Q96JP5|ZFP91_HUMAN,59-67,9,0,V,L,R,G,G,R,D,R,G,R,V,S,R,R,R,K,A,E,Y,P
sp|Q96JP5|ZFP91_HUMAN,459-468,10,0,K,A,K,S,H,P,E,V,L,I,L,I,T,S,T,D,I,L,G,T
sp|Q96S94|CCNL2_HUMAN,2-22,21,0,-,-,-,-,-,-,-,-,-,M,P,G,S,G,G,A,P,S,G,S
sp|Q9BQ87|TBL1Y_HUMAN,108-115,8,0,A,F,G,E,K,L,T,Q,Q,Q,S,A,M,A,K,A,A,T,M,T
sp|Q9BQ87|TBL1Y_HUMAN,117-122,6,0,Q,A,S,A,A,A,T,E,A,S,T,M,T,P,A,A,I,S,Q,Q
sp|Q9BWF3|RBM4_HUMAN,233-239,7,0,K,R,C,R,A,A,R,S,Y,E,S,V,Y,N,Y,A,E,Q,T,L
sp|Q9BWF3|RBM4_HUMAN,282-299,18,0,Y,D,R,H,L,L,P,T,S,G,S,T,S,Y,Y,G,R,D,R,S
sp|Q9BWF3|RBM4_HUMAN,336-340,5,0,G,Y,G,H,E,S,E,L,S,Q,R,N,S,L,Y,D,M,A,R,Y
sp|Q9H2M9|RBGPR_HUMAN,236-240,5,0,Q,S,L,R,A,C,R,N,Q,V,S,G,N,E,N,I,Q,P,P,P
sp|Q9P104|DOK5_HUMAN,226-231,6,0,G,E,A,I,Y,Q,K,V,H,S,E,Q,H,E,R,L,L,Q,S,V
sp|Q9P206|K1522_HUMAN,624-632,9,0,P,P,S,K,P,R,S,P,N,P,V,V,P,G,P,V,S,T,T,D
sp|Q9Y6A1|POMT1_HUMAN,132-137,6,0,I,V,L,E,L,H,F,S,H,C,L,L,M,L,I,E,N,A,L,I
sp|Q9Y6H8|CXA3_HUMAN,366-371,6,0,G,S,S,S,P,P,L,A,H,E,P,L,L,L,D,G,S,G,S,S
sp|A0A0U1RQG5|CT47C_HUMAN,62-68,7,0,R,G,L,G,E,E,E,G,E,Q,P,G,G,G,N,A,E,E,D,S
sp|O14905|WNT9B_HUMAN,16-22,7,0,A,L,A,L,A,G,L,C,L,L,S,Y,F,G,L,T,G,R,E,V
sp|O14905|WNT9B_HUMAN,42-46,5,0,V,L,T,P,F,P,G,L,G,T,Q,G,G,A,H,L,K,Q,C,D
sp|O15533|TPSN_HUMAN,235-240,6,1,N,G,Q,M,P,A,A,Q,E,G,W,D,D,D,E,P,W,G,P,W
sp|O43182|RHG06_HUMAN,802-806,5,0,S,D,T,Q,G,A,R,R,T,Q,T,E,G,R,A,H,P,A,V,S
sp|O43182|RHG06_HUMAN,891-895,5,0,P,P,P,Y,P,G,P,G,K,P,W,I,Q,G,P,P,E,G,V,E
sp|O43307|ARHG9_HUMAN,271-275,5,0,A,Q,D,H,S,D,Y,R,Y,V,V,M,R,N,V,T,Q,Q,I,N
sp|O43825|B3GT2_HUMAN,404-409,6,0,W,N,H,L,Q,Q,N,K,H,N,K,E,K,A,G,R,Y,R,H,R
sp|P04259|K2C6B_HUMAN,407-412,6,1,H,V,K,K,Q,C,A,N,L,Q,E,Q,R,G,E,M,A,L,K,D
sp|P0DW13|TFKL8_HUMAN,138-143,6,0,A,I,T,G,S,S,V,S,E,N,G,I,A,K,L,F,V,G,E,V
sp|P35222|CTNB1_HUMAN,652-657,6,1,E,L,L,H,S,R,N,E,G,V,V,L,F,R,M,S,E,D,K,P
sp|P58005|SESN3_HUMAN,112-117,6,0,P,L,P,L,P,Y,R,H,Y,I,R,H,Q,C,S,Y,L,I,N,M
sp|Q08999|RBL2_HUMAN,17-20,4,0,Q,S,P,P,P,P,P,P,P,P,S,D,E,E,E,E,D,D,G,E
sp|Q08999|RBL2_HUMAN,61-66,6,0,E,L,C,S,R,L,N,M,D,E,W,D,S,Y,R,S,M,S,E,S
sp|Q14966|ZN638_HUMAN,1610-1615,6,0,T,L,D,E,I,G,E,E,E,D,Q,A,L,V,T,V,D,E,V,I
sp|Q5VTJ3|KLD7A_HUMAN,342-347,6,0,S,G,G,Q,A,G,D,T,K,G,S,P,Q,T,G,P,W,P,S,T
sp|Q6YHU6|THADA_HUMAN,914-917,4,0,V,S,Q,A,E,N,S,L,L,Q,F,P,M,Y,G,R,V,H,C,I
sp|Q6YHU6|THADA_HUMAN,1525-1532,8,0,Y,L,Q,S,L,T,R,L,A,I,K,S,G,E,R,E,T,N,V,P
sp|Q70JA7|CHSS3_HUMAN,162-167,6,0,S,S,H,N,G,S,G,D,G,G,R,P,R,D,F,L,Y,V,G,V
sp|Q8N729|NPW_HUMAN,65-70,6,0,L,R,R,S,P,Y,L,W,R,R,G,P,L,A,R,D,T,L,S,P
sp|Q8TBX8|PI42C_HUMAN,385-389,5,0,I,L,T,Q,Y,D,A,K,K,K,K,T,V,K,H,G,A,G,A,E
sp|Q8WU76|SCFD2_HUMAN,120-124,5,0,A,V,H,L,T,A,N,H,V,P,E,M,E,G,Q,Q,P,V,F,E
sp|Q96BN8|OTUL_HUMAN,22-29,8,0,W,P,G,A,S,C,A,E,T,P,R,D,G,G,K,A,A,A,S,G
sp|Q96SL1|DIRC2_HUMAN,32-40,9,0,G,L,G,A,S,W,R,S,R,E,V,P,G,P,G,R,V,Y,G,R
sp|Q96T58|MINT_HUMAN,2105-2109,5,0,N,V,D,A,A,V,S,P,R,G,G,E,R,E,S,G,V,V,A,V
sp|Q96T58|MINT_HUMAN,2184-2189,6,0,A,V,E,H,I,A,K,L,A,E,Y,K,A,D,A,P,E,G,L,A
sp|Q96T58|MINT_HUMAN,2727-2731,5,0,T,V,N,A,A,P,G,T,V,N,V,N,A,T,A,S,A,V,T,V
sp|Q99807|COQ7_HUMAN,4-9,6,0,-,-,-,-,-,-,-,M,S,C,P,R,L,W,R,L,R,P,G,A
sp|Q9H9S0|NANOG_HUMAN,265-270,6,0,Q,P,N,S,P,A,S,D,L,E,G,E,G,L,N,V,I,Q,Q,T
sp|Q9HCH3|CPNE5_HUMAN,442-447,6,0,T,N,F,A,P,V,V,T,H,V,V,Q,D,G,S,Q,Y,S,V,L
sp|Q9UI42|CBPA4_HUMAN,338-343,6,1,A,E,E,L,D,K,V,A,R,L,S,V,S,G,T,E,Y,Q,V,G
sp|Q9Y2S7|PDIP2_HUMAN,32-38,7,0,T,G,A,R,W,P,R,P,L,C,F,S,P,A,S,T,T,T,T,R
sp|Q9Y5N5|N6MT1_HUMAN,35-44,10,1,P,A,E,D,T,F,L,L,L,D,G,V,E,I,C,L,E,V,G,S
sp|O00567|NOP56_HUMAN,428-433,6,0,L,D,V,M,K,E,A,M,V,Q,E,I,T,R,K,L,E,K,Q,E
sp|O00567|NOP56_HUMAN,455-460,6,0,K,R,L,K,K,E,K,K,R,L,S,S,E,N,S,S,S,T,P,E
sp|O14862|AIM2_HUMAN,109-113,5,0,K,P,L,S,Q,A,E,M,S,P,I,R,N,D,V,A,K,Q,R,A
sp|P14923|PLAK_HUMAN,642-647,6,1,E,L,L,H,S,R,N,E,G,T,V,L,F,R,I,S,E,D,K,N
sp|P14923|PLAK_HUMAN,678-683,6,0,L,T,N,S,L,F,K,H,D,P,Q,S,M,I,P,I,N,E,P,Y
sp|P30049|ATPD_HUMAN,21-32,12,0,G,L,G,R,L,V,R,H,A,R,S,G,P,N,Q,M,S,F,T,F
sp|P49716|CEBPD_HUMAN,47-51,5,0,A,E,P,G,A,L,G,E,P,G,M,Y,D,D,E,S,A,I,D,F
sp|P54253|ATX1_HUMAN,158-165,8,0,I,P,P,T,A,N,P,V,T,S,T,T,P,S,Q,R,S,Q,L,E
sp|P54253|ATX1_HUMAN,561-566,6,1,Q,I,H,L,P,V,V,Q,S,V,P,P,T,L,P,P,Y,F,M,K
sp|P98077|SHC2_HUMAN,49-56,8,0,A,P,G,G,F,L,G,R,G,P,S,G,G,A,D,P,Q,P,E,P
sp|P98077|SHC2_HUMAN,74-78,5,0,P,E,P,A,G,P,G,G,V,P,V,L,G,A,C,E,P,R,C,A
sp|P98077|SHC2_HUMAN,119-123,5,0,G,G,R,G,A,A,G,S,G,D,E,W,I,R,K,G,S,F,I,H
sp|Q05329|DCE2_HUMAN,66-72,7,0,A,E,S,G,G,S,Q,P,P,R,C,A,C,D,Q,K,P,C,S,C
sp|Q0VG06|FP100_HUMAN,294-298,5,0,F,I,G,A,L,K,T,E,P,Q,E,N,F,L,P,D,E,D,V,H
sp|Q13129|RLF_HUMAN,8-14,7,0,-,-,-,M,A,D,G,K,G,D,G,A,E,A,P,A,V,A,G,A
sp|Q14549|GBX1_HUMAN,122-133,12,0,P,D,A,F,Y,G,P,Q,E,L,R,N,N,P,E,P,G,G,R,R
sp|Q15042|RB3GP_HUMAN,901-906,6,0,G,R,I,I,H,K,L,F,V,N,M,T,P,P,E,E,E,L,K,R
sp|Q7Z7L8|CK096_HUMAN,207-212,6,0,K,W,H,S,L,S,S,E,L,R,G,Y,I,S,R,E,P,G,R,R
sp|Q8IWV7|UBR1_HUMAN,273-278,6,0,I,D,K,E,G,R,R,A,V,K,C,Q,E,A,K,E,D,I,K,S
sp|Q8N531|FBXL6_HUMAN,89-96,8,0,A,K,P,K,A,G,L,R,S,E,P,A,P,T,P,T,P,E,E,G
sp|Q8N9Z9|LMTD1_HUMAN,208-213,6,0,M,Q,A,N,S,T,V,T,V,W,K,H,Q,P,P,S,D,F,L,W
sp|Q8TC92|ENOX1_HUMAN,22-25,4,0,Q,L,P,Q,E,L,P,Q,M,M,D,G,L,G,S,I,A,I,D,T
sp|Q8TC92|ENOX1_HUMAN,421-428,8,0,P,T,K,K,M,R,V,D,E,S,L,K,E,E,N,D,S,L,R,W
sp|Q9BQ39|DDX50_HUMAN,561-567,7,0,R,L,I,E,E,K,G,A,V,D,H,I,S,G,A,S,S,F,E,P
sp|Q9BTC0|DIDO1_HUMAN,541-546,6,0,T,K,E,D,R,R,S,E,E,K,S,K,K,T,A,P,P,G,S,A
sp|Q9BTC0|DIDO1_HUMAN,574-582,9,0,R,N,L,V,P,K,K,S,S,F,I,K,K,P,P,S,G,F,K,G
sp|Q9BTC0|DIDO1_HUMAN,617-624,8,0,G,A,S,A,A,R,Q,A,G,P,S,K,K,F,P,G,S,A,A,L
sp|Q9BTC0|DIDO1_HUMAN,978-983,6,0,P,R,T,A,P,S,S,S,C,T,S,R,P,D,S,T,H,M,V,E
sp|Q9BTC0|DIDO1_HUMAN,1289-1300,12,0,L,K,P,A,A,P,S,P,A,T,S,S,T,A,S,S,A,S,K,T
sp|Q9BTC0|DIDO1_HUMAN,1413-1419,7,0,E,R,G,R,R,H,E,V,E,R,E,R,E,E,V,A,Y,D,P,E
sp|Q9BZJ0|CRNL1_HUMAN,159-168,10,0,V,P,G,T,G,V,Q,R,S,T,G,K,Q,R,I,P,K,V,A,K
sp|Q9BZL4|PP12C_HUMAN,13-18,6,0,G,E,D,G,P,A,A,G,P,G,R,E,R,R,R,E,Q,L,R,Q
sp|Q9H0E9|BRD8_HUMAN,256-261,6,0,G,E,I,Q,Q,T,P,N,T,V,S,G,A,P,T,L,S,R,L,L
sp|Q9H0E9|BRD8_HUMAN,437-442,6,0,V,D,D,H,P,E,V,L,D,V,L,S,F,C,E,E,N,D,D,P
sp|Q9H6E5|STPAP_HUMAN,152-157,6,1,A,A,P,D,S,H,Q,L,A,K,D,V,G,A,Q,M,I,K,L,V
sp|Q9NRR2|TRYG1_HUMAN,43-48,6,0,D,A,G,G,R,I,V,G,G,H,W,P,W,Q,A,S,L,R,L,R
sp|Q9UK61|TASOR_HUMAN,61-66,6,0,P,S,G,G,A,G,R,E,E,N,Q,S,L,S,H,E,Q,P,Q,D
sp|Q9UK61|TASOR_HUMAN,80-84,5,0,S,H,E,Q,P,Q,D,S,S,E,L,P,R,G,P,E,E,P,E,R
sp|P04275|VWF_HUMAN,627-634,8,0,D,G,R,E,C,L,C,G,A,L,G,R,G,V,R,V,A,W,R,E
sp|P04275|VWF_HUMAN,1810-1815,6,0,V,T,D,V,S,V,D,S,V,D,R,S,N,R,V,T,V,F,P,I
sp|P05386|RLA1_HUMAN,69-77,9,1,L,I,C,N,V,G,A,G,G,P,G,G,P,A,P,S,T,A,A,A
sp|P05386|RLA1_HUMAN,85-89,5,1,A,P,A,G,G,P,A,P,S,T,E,E,K,K,V,E,A,K,K,E
sp|P11926|DCOR_HUMAN,452-457,6,0,A,W,E,S,G,M,K,R,H,R,S,I,N,V,-,-,-,-,-,-
sp|P27824|CALX_HUMAN,460-465,6,0,W,A,N,D,G,W,G,L,K,K,E,P,G,V,V,G,Q,M,I,E
sp|P40424|PBX1_HUMAN,127-135,9,0,V,A,G,P,E,K,G,G,G,S,S,G,G,A,G,S,D,N,S,V
sp|P51801|CLCKB_HUMAN,203-206,4,0,N,K,S,K,Q,N,E,M,L,V,V,G,V,A,T,V,F,A,A,P
sp|P51801|CLCKB_HUMAN,467-473,7,0,I,T,N,P,I,M,P,G,G,Y,F,S,G,A,V,T,H,T,I,S
sp|P51801|CLCKB_HUMAN,507-512,6,0,H,A,L,P,V,L,M,A,V,L,Q,S,C,Q,P,S,F,Y,D,G
sp|Q01974|ROR2_HUMAN,17-23,7,0,L,P,R,R,P,L,L,C,I,P,L,L,L,S,V,S,R,T,S,G
sp|Q13115|DUS4_HUMAN,340-344,5,0,F,E,S,Q,V,L,A,T,S,C,S,P,S,G,P,L,R,E,R,G
sp|Q13164|MK07_HUMAN,29-34,6,0,G,P,V,K,A,E,P,A,H,T,K,N,L,A,L,L,K,A,R,S
sp|Q13164|MK07_HUMAN,338-341,4,1,L,R,F,E,P,S,A,R,I,S,L,R,H,P,F,L,A,K,Y,H
sp|Q13164|MK07_HUMAN,477-482,6,0,K,D,G,A,I,S,D,N,T,K,L,L,K,S,L,R,S,R,L,R
sp|Q14498|RBM39_HUMAN,235-239,5,0,V,Q,A,S,Q,A,E,K,N,R,N,N,L,Q,K,G,S,A,G,P
sp|Q14498|RBM39_HUMAN,409-416,8,0,L,Q,T,R,L,S,Q,Q,T,E,S,V,Q,P,L,A,T,Q,C,F
sp|Q14498|RBM39_HUMAN,482-487,6,1,G,N,V,Y,V,K,C,P,S,I,V,N,A,L,H,G,R,W,F,A
sp|Q14957|NMDE3_HUMAN,238-243,6,0,C,S,R,E,E,A,E,V,L,F,G,L,V,G,P,G,H,V,W,L
sp|Q15283|RASA2_HUMAN,2-11,10,0,-,-,-,-,-,-,-,-,-,M,S,S,E,A,P,A,A,S,A,T
sp|Q15283|RASA2_HUMAN,15-22,8,0,A,P,A,A,A,A,A,S,S,E,E,P,E,A,G,D,Q,D,S,R
sp|Q15904|VAS1_HUMAN,3-8,6,0,-,-,-,-,-,-,-,-,M,M,R,V,R,M,G,P,R,C,A,Q
sp|Q15904|VAS1_HUMAN,33-41,9,0,M,P,W,L,P,V,F,L,S,L,E,Q,Q,V,P,L,V,L,W,S
sp|Q16760|DGKD_HUMAN,2-7,6,0,-,-,-,-,-,-,-,-,-,M,P,P,P,G,P,P,Q,P,P,P
sp|Q53GA4|PHLA2_HUMAN,92-97,6,0,F,R,C,A,G,E,S,C,W,N,L,I,D,F,Q,N,R,R,A,L
sp|Q53GA4|PHLA2_HUMAN,118-123,6,0,Q,D,F,R,S,R,Q,E,R,T,E,D,A,V,A,A,A,A,A,A
sp|Q53GA4|PHLA2_HUMAN,126-133,8,0,R,T,A,P,A,A,P,A,E,D,P,S,E,P,S,E,P,S,R,P
sp|Q7Z2T5|TRM1L_HUMAN,437-444,8,0,Y,K,E,L,A,A,R,I,V,V,R,C,N,K,G,I,E,V,L,F
sp|Q8IV76|PASD1_HUMAN,229-236,8,0,T,S,M,K,A,V,Y,V,E,P,I,S,D,D,Q,I,D,I,A,E
sp|Q8IV76|PASD1_HUMAN,351-356,6,0,V,D,P,E,D,S,V,D,L,G,Q,P,L,Q,P,S,S,P,V,A
sp|Q8IZ73|RUSD2_HUMAN,458-461,4,0,E,L,G,K,D,D,L,E,E,L,Q,K,M,E,E,V,A,E,A,A
sp|Q8N4P3|MESH1_HUMAN,11-16,6,1,M,G,S,E,A,A,Q,L,L,E,R,K,H,R,Q,Q,R,R,K,D
sp|Q8NF50|DOCK8_HUMAN,1168-1173,6,0,F,L,T,G,L,L,F,T,E,L,E,G,E,G,I,S,K,V,Q,R
sp|Q8NF50|DOCK8_HUMAN,1668-1673,6,1,Y,T,E,A,A,M,C,L,V,H,E,Y,L,S,M,L,E,D,H,S
sp|Q8TF01|PNISR_HUMAN,35-40,6,0,H,Q,Q,D,P,S,Q,I,D,W,W,I,A,Q,R,E,A,S,G,Q
sp|Q92945|FUBP2_HUMAN,565-570,6,0,Q,P,P,A,P,H,D,P,S,K,D,P,N,A,A,W,A,A,Y,Y
sp|Q92945|FUBP2_HUMAN,574-578,5,0,K,A,A,A,A,A,A,D,P,N,Y,Y,S,H,Y,Y,Q,Q,P,P
sp|Q92945|FUBP2_HUMAN,595-600,6,0,Q,Q,P,P,G,P,V,P,G,P,P,P,A,Q,G,E,P,P,Q,P
sp|Q96CS7|PKHB2_HUMAN,134-139,6,0,S,V,V,S,S,P,P,P,Y,T,P,E,Q,A,Y,G,Y,G,P,Y
sp|Q9HAF1|EAF6_HUMAN,97-102,6,0,R,L,F,S,K,S,S,V,T,S,L,A,G,V,Q,D,Q,L,I,E
sp|Q9UGU0|TCF20_HUMAN,62-70,9,0,G,S,G,S,G,G,G,R,R,G,S,E,T,S,G,H,Q,G,Y,Q
sp|A6NFC5|TM235_HUMAN,10-15,6,0,-,M,A,R,L,G,A,L,L,L,L,L,S,F,A,L,L,A,A,A
sp|A6NFC5|TM235_HUMAN,20-27,8,0,A,A,A,L,G,A,L,L,S,F,S,D,Y,W,Y,I,L,E,V,A
sp|P01011|AACT_HUMAN,372-377,6,1,V,L,D,V,F,E,E,G,T,E,V,K,I,T,L,L,S,A,L,V
sp|P05091|ALDH2_HUMAN,19-24,6,1,G,P,R,L,G,R,R,L,L,S,V,P,A,P,N,Q,Q,P,E,V
sp|P05091|ALDH2_HUMAN,82-86,5,1,D,K,E,D,V,D,K,A,V,K,F,Q,L,G,S,P,W,R,R,M
sp|P05091|ALDH2_HUMAN,245-250,6,1,V,N,I,V,P,G,F,G,P,T,S,H,E,D,V,D,K,V,A,F
sp|P15923|TFE2_HUMAN,488-494,7,0,P,P,D,S,Y,S,G,L,G,R,S,E,I,K,R,E,E,K,E,D
sp|Q01973|ROR1_HUMAN,23-29,7,0,L,L,A,L,L,A,A,L,L,L,Q,E,T,E,L,S,V,S,A,E
sp|Q01973|ROR1_HUMAN,829-834,6,0,I,N,G,Y,P,I,P,P,G,Y,H,Y,Q,P,T,G,P,P,R,V
sp|Q07954|LRP1_HUMAN,15-23,9,0,P,L,L,L,L,L,P,L,L,S,P,K,T,C,S,P,K,Q,F,A
sp|Q09019|DMWD_HUMAN,386-392,7,1,F,D,P,Y,T,T,R,A,E,E,D,G,E,R,S,G,E,E,E,E
sp|Q4ZHG4|FNDC1_HUMAN,30-35,6,0,L,L,L,L,A,A,L,L,P,V,S,V,D,H,P,L,K,P,R,H
sp|Q4ZHG4|FNDC1_HUMAN,1093-1105,13,0,S,T,E,V,E,A,Q,D,V,R,S,L,P,K,H,Q,Q,V,E,S
sp|Q5JPI9|EFMT2_HUMAN,11-15,5,0,M,S,S,G,A,D,G,G,G,G,R,S,D,K,G,S,P,G,E,D
sp|Q6ZMN8|CCNI2_HUMAN,69-73,5,0,T,R,Q,P,G,A,A,S,L,H,V,P,V,R,P,R,R,G,T,A
sp|Q6ZMN8|CCNI2_HUMAN,91-96,6,0,G,T,A,P,A,G,K,T,A,D,P,E,Q,A,P,R,P,A,P,Q
sp|Q6ZVF9|GRIN3_HUMAN,60-64,5,0,A,P,A,E,P,D,L,S,P,R,L,M,Q,V,C,E,H,E,T,T
sp|Q6ZVF9|GRIN3_HUMAN,396-399,4,0,P,G,I,M,P,Q,V,H,I,Q,E,S,T,A,F,Q,R,E,N,K
sp|Q6ZVF9|GRIN3_HUMAN,651-654,4,0,F,L,K,E,Q,K,L,N,V,T,Q,V,G,L,T,P,G,D,K,K
sp|Q86UT6|NLRX1_HUMAN,851-859,9,1,N,V,A,Y,N,G,A,G,D,T,R,E,H,P,S,L,E,L,L,H
sp|Q8NBB4|ZSCA1_HUMAN,163-169,7,0,P,S,Q,A,S,E,L,I,L,D,L,P,E,E,S,E,W,L,E,T
sp|Q8NER5|ACV1C_HUMAN,17-20,4,0,S,A,L,R,Q,A,L,L,L,L,E,L,S,P,G,L,K,C,V,C
sp|Q96QE2|MYCT_HUMAN,32-36,5,0,E,R,R,R,K,Q,P,E,P,D,G,E,C,S,L,L,A,A,A,E
sp|Q96QE2|MYCT_HUMAN,130-135,6,0,Q,E,L,L,V,S,S,T,V,G,L,A,G,G,A,L,N,G,V,F
sp|Q96QE2|MYCT_HUMAN,163-168,6,0,L,A,S,A,L,F,T,A,G,S,N,N,K,E,T,L,L,A,G,R
sp|Q9BWW7|SCRT1_HUMAN,80-85,6,0,A,A,A,V,R,G,E,L,G,P,P,P,P,T,P,R,P,E,L,A
sp|Q9BWW7|SCRT1_HUMAN,131-136,6,0,D,G,R,S,R,R,K,A,S,N,P,S,T,A,S,A,A,A,P,D
sp|Q9BWW7|SCRT1_HUMAN,140-144,5,0,N,A,G,A,A,A,A,P,S,T,P,D,G,D,A,G,G,G,G,G
sp|Q9H0W7|THAP2_HUMAN,6-11,6,0,-,-,-,-,-,M,P,T,N,C,T,T,Y,N,K,H,I,N,I,S
sp|Q9H5N1|RABE2_HUMAN,2-9,8,0,-,-,-,-,-,-,-,-,-,M,D,D,D,E,R,R,R,R,P,G
sp|Q9H5N1|RABE2_HUMAN,69-74,6,0,A,V,A,E,V,S,E,S,T,K,V,Q,R,Q,C,Q,E,E,V,A
sp|Q9H5N1|RABE2_HUMAN,220-225,6,0,L,E,E,L,S,G,D,G,G,P,H,N,C,D,D,S,A,S,I,S
sp|Q9UFH2|DYH17_HUMAN,2630-2634,5,0,A,I,Q,R,I,S,S,Q,L,V,L,H,Q,K,I,T,A,T,F,L
sp|Q9ULW3|ABT1_HUMAN,90-94,5,0,E,D,R,F,V,R,R,K,K,K,G,G,K,K,R,S,Y,T,K,D
sp|O00458|IFRD1_HUMAN,23-31,9,0,G,S,S,A,G,G,G,G,S,G,G,G,Q,H,R,N,V,Q,P,F
sp|O00458|IFRD1_HUMAN,144-149,6,0,L,K,K,G,K,S,D,E,Q,R,S,V,L,C,I,Q,L,G,P,G
sp|O15226|NKRF_HUMAN,400-405,6,0,G,Y,G,T,K,K,T,S,K,H,L,K,I,L,Q,K,T,Q,P,T
sp|O95473|SNG4_HUMAN,143-148,6,0,P,K,E,F,L,L,G,S,S,S,F,T,F,F,S,I,L,V,W,I
sp|O95631|NET1_HUMAN,8-16,9,0,-,-,-,M,M,R,A,V,W,E,C,L,V,G,A,V,R,G,G,P
sp|P03901|NU4LM_HUMAN,67-72,6,1,N,I,V,P,I,A,M,L,V,F,V,G,L,A,L,L,V,S,I,S
sp|P37198|NUP62_HUMAN,274-279,6,0,A,S,G,T,S,T,T,T,S,T,T,T,T,S,S,S,S,T,T,G
sp|P37198|NUP62_HUMAN,307-312,6,0,L,A,P,A,G,I,P,S,N,T,P,P,G,P,G,A,A,A,G,A
sp|P37198|NUP62_HUMAN,318-327,10,0,A,A,V,T,A,P,P,G,P,G,M,T,Y,A,Q,L,E,S,L,I
sp|P43694|GATA4_HUMAN,118-131,14,0,F,S,F,P,G,T,T,G,S,L,Y,S,S,G,G,G,A,A,G,A
sp|P43694|GATA4_HUMAN,171-181,11,0,P,Y,P,A,Y,M,A,D,V,G,G,P,F,D,S,P,V,L,H,S
sp|P47775|GPR12_HUMAN,19-22,4,0,L,S,G,L,P,R,D,Y,L,D,E,N,I,S,A,A,V,S,S,R
sp|Q01851|PO4F1_HUMAN,58-63,6,0,A,S,L,D,E,T,L,L,A,R,V,D,I,A,V,S,Q,G,K,S
sp|Q01851|PO4F1_HUMAN,134-138,5,0,S,L,A,L,M,A,G,A,G,G,G,G,G,G,A,H,D,G,P,G
sp|Q01851|PO4F1_HUMAN,203-207,5,0,M,H,S,L,G,H,L,S,H,P,M,N,M,P,S,G,L,P,H,P
sp|Q01851|PO4F1_HUMAN,221-237,17,0,P,S,G,L,P,H,P,G,L,V,G,Q,V,A,A,A,S,A,A,A
sp|Q01851|PO4F1_HUMAN,241-248,8,0,A,A,A,A,A,A,A,G,Q,V,V,V,G,A,A,G,L,A,S,I
sp|Q15139|KPCD1_HUMAN,17-26,10,0,L,R,P,P,S,P,L,L,P,V,L,V,P,G,S,G,P,G,P,A
sp|Q15834|CC85B_HUMAN,33-38,6,0,E,L,V,R,R,L,R,R,E,E,L,V,Q,R,G,R,L,M,Q,E
sp|Q5VW22|AGAP6_HUMAN,43-48,6,0,E,A,G,A,R,D,R,M,A,G,V,Q,P,A,E,V,T,V,E,V
sp|Q5VZB9|DMRTA_HUMAN,57-67,11,0,F,L,R,P,P,S,L,F,L,R,T,S,G,S,G,G,C,P,P,A
sp|Q5VZB9|DMRTA_HUMAN,189-193,5,0,A,E,N,P,Q,S,T,G,G,P,L,G,L,G,A,L,R,Q,A,S
sp|Q6NV74|CRCDL_HUMAN,532-536,5,0,P,V,E,P,G,P,G,S,L,D,P,E,R,P,K,A,E,R,A,E
sp|Q6NV74|CRCDL_HUMAN,657-660,4,0,P,A,G,P,R,K,S,P,Q,E,P,G,T,R,E,P,C,P,A,A
sp|Q7Z478|DHX29_HUMAN,10-14,5,0,-,M,G,G,K,N,K,K,H,K,V,V,R,A,A,V,S,A,S,R
sp|Q7Z478|DHX29_HUMAN,46-53,8,0,A,Q,S,K,K,P,V,S,R,P,G,S,R,E,P,R,V,K,Q,G
sp|Q8NAF0|ZN579_HUMAN,157-161,5,0,Q,D,E,G,S,E,P,P,T,T,T,E,E,E,A,V,A,A,W,P
sp|Q8NAF0|ZN579_HUMAN,199-204,6,0,A,E,P,R,E,S,E,S,E,E,E,L,R,A,E,L,A,L,A,A
sp|Q8NAF0|ZN579_HUMAN,470-475,6,0,Q,R,C,H,R,A,E,L,E,R,L,Q,A,Q,A,P,T,S,P,P
sp|Q9BQ61|TRIR_HUMAN,95-98,4,0,P,P,G,P,Q,R,P,D,Q,S,G,P,G,D,P,K,R,K,G,G
sp|Q9C086|IN80B_HUMAN,266-270,5,0,G,A,R,G,E,R,R,G,G,R,P,M,V,R,Y,C,S,G,A,Q
sp|Q9H1K1|ISCU_HUMAN,2-6,5,0,-,-,-,-,-,-,-,-,-,M,F,R,L,R,R,A,A,S,A,L
sp|Q9H9P5|UNKL_HUMAN,7-11,5,0,-,-,-,-,M,P,S,V,S,K,L,S,G,S,P,P,Q,T,E,K
sp|Q9Y3T6|R3HC1_HUMAN,364-369,6,0,T,H,A,L,G,I,F,P,C,L,L,T,R,E,F,S,V,L,K,I
tr|A0A590UJ96|A0A590UJ96_HUMAN,89-94,6,0,P,W,G,T,R,Q,A,A,E,T,N,E,A,L,G,A,P,G,T,P
sp|O75955|FLOT1_HUMAN,309-314,6,0,E,A,E,K,S,Q,L,I,M,Q,S,V,R,M,R,G,E,A,E,A
sp|O94923|GLCE_HUMAN,403-408,6,1,N,I,T,I,S,T,T,A,H,M,S,D,W,L,V,R,N,Q,D,E
sp|P15407|FOSL1_HUMAN,26-31,6,0,G,G,Y,G,G,P,A,Q,P,P,Q,Q,K,F,H,L,V,P,S,I
sp|P16615|AT2A2_HUMAN,301-306,6,0,G,A,I,Y,Y,F,K,I,A,V,I,P,E,G,L,P,A,V,I,T
sp|P42566|EPS15_HUMAN,2-5,4,0,-,-,-,-,-,-,-,-,-,M,Q,L,S,L,T,Q,L,S,S,G
sp|P42566|EPS15_HUMAN,36-41,6,0,V,D,T,G,N,T,G,R,V,L,F,L,K,K,S,G,L,P,D,L
sp|P78424|PO6F2_HUMAN,154-158,5,0,A,N,L,T,N,I,Q,G,L,V,G,G,I,M,T,L,P,L,Q,N
sp|P78424|PO6F2_HUMAN,302-311,10,0,N,P,L,Q,L,V,N,N,P,L,M,S,S,I,A,S,S,Q,A,F
sp|Q15818|NPTX1_HUMAN,43-48,6,0,T,S,V,P,V,D,A,D,M,C,G,G,A,E,E,L,R,S,S,V
sp|Q6ZRY4|RBPS2_HUMAN,79-84,6,1,P,V,G,F,V,I,F,D,S,R,K,N,A,L,N,G,I,R,F,D
sp|Q6ZRY4|RBPS2_HUMAN,179-188,10,0,I,S,H,A,A,F,T,Y,P,T,Q,V,R,W,Y,P,S,S,D,T
sp|Q6ZS82|R9BP_HUMAN,223-228,6,0,A,A,I,L,F,G,A,V,L,L,V,C,V,A,K,L,S,-,-,-
sp|Q8NFW5|DMBX1_HUMAN,292-301,10,0,H,Y,S,S,F,E,V,G,G,P,V,P,Y,L,G,V,N,M,A,P
sp|Q8NFW5|DMBX1_HUMAN,326-330,5,0,H,C,Q,S,Y,Y,Q,S,L,S,H,Q,G,V,W,G,S,P,L,L
sp|Q8WVE0|EFMT1_HUMAN,14-19,6,0,L,E,D,D,E,T,P,Q,L,S,L,Q,E,F,Y,A,E,Q,K,Q
sp|Q92575|UBXN4_HUMAN,10-15,6,0,-,M,L,W,F,Q,G,A,I,P,K,R,S,G,A,V,F,V,V,F
sp|Q92575|UBXN4_HUMAN,292-300,9,0,R,F,A,K,T,K,E,E,V,E,K,Q,A,E,M,E,V,K,R,E
sp|Q96DN6|MBD6_HUMAN,326-330,5,0,P,P,F,L,A,S,S,L,L,S,Q,H,P,P,L,P,P,P,S,T
sp|Q9H008|LHPP_HUMAN,82-87,6,1,G,F,D,I,S,E,Q,E,V,T,C,Q,I,L,K,E,Q,G,L,R
sp|Q9H461|FZD8_HUMAN,25-30,6,0,A,L,A,L,L,Q,R,S,S,G,K,E,L,A,C,Q,E,I,T,V
sp|Q9H461|FZD8_HUMAN,204-209,6,0,G,G,G,R,G,G,G,G,G,D,R,G,G,G,G,G,G,K,A,R
sp|Q9H461|FZD8_HUMAN,353-367,15,0,G,A,P,G,A,G,G,A,G,G,G,G,P,G,G,R,G,E,Y,E
sp|Q9H461|FZD8_HUMAN,633-638,6,0,A,S,K,G,A,A,V,G,G,G,G,G,G,G,G,P,G,G,G,G
sp|Q9NSY1|BMP2K_HUMAN,343-348,6,0,I,P,S,A,L,P,E,P,M,T,R,K,S,Q,I,K,A,R,I,T
sp|Q9P244|LRFN1_HUMAN,105-110,6,0,T,L,S,R,N,T,I,G,Q,V,D,L,R,A,L,R,A,L,H,L
sp|Q9P244|LRFN1_HUMAN,593-598,6,0,C,S,Q,T,N,G,A,G,T,G,L,P,A,Q,D,H,Y,E,A,L
sp|Q9P244|LRFN1_HUMAN,615-620,6,0,Y,E,A,L,R,E,V,E,S,Q,V,E,A,K,A,M,E,A,E,T
sp|Q9UH36|SRR1L_HUMAN,2-8,7,0,-,-,-,-,-,-,-,-,-,M,L,E,S,W,Q,A,A,A,P,R
sp|Q9UPT8|ZC3H4_HUMAN,1225-1231,7,0,Y,N,S,Y,N,R,P,R,P,K,T,T,A,T,P,P,P,E,G,A
sp|Q9Y2H9|MAST1_HUMAN,1406-1411,6,0,T,E,D,G,T,G,G,M,A,R,L,S,P,V,Q,E,H,E,T,G
sp|B7ZW38|HNRC3_HUMAN,63-68,6,0,A,F,V,Q,Y,D,K,E,K,N,G,E,D,G,R,M,I,A,S,Q
sp|O75907|DGAT1_HUMAN,221-228,8,1,Y,R,D,V,N,S,W,C,R,R,G,K,K,A,S,S,A,A,A,P
sp|O75907|DGAT1_HUMAN,232-237,6,1,R,A,K,A,A,S,A,G,K,K,P,H,T,V,S,Y,P,D,N,L
sp|O75907|DGAT1_HUMAN,483-488,6,0,V,H,D,Y,Y,V,L,N,Y,E,-,-,-,-,-,-,-,-,-,-
sp|P13224|GP1BB_HUMAN,182-188,7,0,L,C,R,L,R,R,L,R,A,R,R,L,S,L,T,D,P,L,V,A
sp|P16402|H13_HUMAN,66-70,5,0,S,G,V,S,L,A,A,L,K,K,G,Y,D,V,E,K,N,N,S,R
sp|P19622|HME2_HUMAN,11-14,4,0,M,E,E,N,D,P,K,P,G,E,V,E,G,Q,R,Q,P,E,S,S
sp|Q03828|EVX2_HUMAN,108-112,5,0,S,R,K,K,P,G,H,Y,S,E,D,M,S,S,D,V,E,V,G,C
sp|Q03828|EVX2_HUMAN,294-308,15,0,L,H,Y,Y,P,H,V,G,V,T,S,S,P,F,A,T,S,I,R,P
sp|Q03828|EVX2_HUMAN,346-351,6,0,C,S,F,R,H,P,G,L,Y,Q,G,L,N,S,A,A,S,A,A,A
sp|Q03828|EVX2_HUMAN,356-378,23,0,A,P,A,A,A,A,G,L,N,S,P,P,S,G,G,S,A,P,C,S
sp|Q03828|EVX2_HUMAN,398-408,11,0,S,C,L,S,C,H,S,S,Q,S,L,G,S,R,G,G,G,G,G,G
sp|Q13428|TCOF_HUMAN,181-186,6,0,S,E,T,E,E,E,G,S,V,P,K,P,G,M,V,S,A,G,Q,A
sp|Q13428|TCOF_HUMAN,302-307,6,0,K,A,S,E,K,I,L,Q,V,R,K,G,T,P,G,K,G,A,T,P
sp|Q13428|TCOF_HUMAN,373-378,6,0,K,A,S,G,K,T,S,Q,V,G,K,E,S,P,R,K,G,A,A,P
sp|Q13428|TCOF_HUMAN,438-443,6,0,K,P,S,G,K,A,P,Q,V,R,K,E,S,P,R,K,G,A,A,P
sp|Q13428|TCOF_HUMAN,490-495,6,0,E,E,S,D,S,D,R,E,A,L,Q,V,K,P,L,G,K,S,P,Q
sp|Q13428|TCOF_HUMAN,625-630,6,0,S,D,S,A,D,S,E,E,A,P,Q,A,K,P,A,L,K,I,P,Q
sp|Q13428|TCOF_HUMAN,774-779,6,0,S,S,E,E,E,S,D,S,E,E,Q,V,K,T,S,V,K,K,T,Q
sp|Q13428|TCOF_HUMAN,792-799,8,0,K,T,S,V,K,K,T,Q,A,K,P,S,A,K,G,T,I,S,A,P
sp|Q13428|TCOF_HUMAN,815-819,5,0,T,I,S,A,P,G,K,V,V,T,K,Q,R,S,P,S,K,V,K,P
sp|Q13428|TCOF_HUMAN,853-860,8,0,G,P,A,S,V,P,S,V,G,K,Q,T,G,P,E,E,D,S,G,S
sp|Q13428|TCOF_HUMAN,898-903,6,0,K,P,S,G,K,T,H,Q,I,R,K,E,S,P,R,K,G,A,A,P
sp|Q13428|TCOF_HUMAN,976-981,6,0,R,S,P,A,G,P,A,A,T,P,S,T,P,R,K,A,R,A,S,E
sp|Q495Z4|ASAS1_HUMAN,58-61,4,0,H,W,G,P,Q,R,G,P,R,N,R,P,G,P,R,S,R,W,H,K
sp|Q495Z4|ASAS1_HUMAN,74-79,6,0,G,P,R,S,R,W,H,K,R,C,C,A,R,P,P,G,H,Q,L,Q
sp|Q7RTV3|ZN367_HUMAN,86-101,16,0,N,A,H,N,V,T,L,S,P,G,E,H,S,G,L,R,G,R,G,A
sp|Q7RTV3|ZN367_HUMAN,115-122,8,0,G,L,R,G,R,G,A,P,P,P,S,G,G,E,D,E,E,E,A,S
sp|Q7Z6R9|AP2D_HUMAN,171-175,5,0,R,L,L,P,G,P,S,L,G,L,D,D,L,Q,G,S,V,E,A,Q
sp|Q86UF1|TSN33_HUMAN,53-58,6,0,V,G,V,Y,A,R,L,M,K,H,C,L,A,V,D,P,A,I,L,L
sp|Q8IWT3|CUL9_HUMAN,1489-1494,6,0,V,V,Q,E,Q,V,S,R,F,L,P,D,F,V,P,R,Y,C,K,L
sp|Q96DC8|ECHD3_HUMAN,150-153,4,1,V,P,V,I,A,M,V,N,G,L,G,C,Q,L,V,A,S,C,D,I
sp|Q9BXI6|TB10A_HUMAN,458-463,6,0,P,P,A,P,N,Q,A,M,V,V,C,P,P,Q,H,V,P,P,K,D
sp|Q9H0Z9|RBM38_HUMAN,83-91,9,1,K,S,R,G,Y,G,F,V,T,M,C,K,D,P,N,P,I,I,D,G
sp|Q9H0Z9|RBM38_HUMAN,214-221,8,0,G,Y,S,Y,P,A,A,V,P,Q,G,T,T,F,V,Q,Y,Q,A,P
sp|Q9Y2K3|MYH15_HUMAN,1770-1775,6,0,C,Q,N,A,E,E,K,A,K,K,N,L,S,E,E,L,K,K,K,Q
sp|A0AV96|RBM47_HUMAN,206-210,5,0,F,A,F,V,E,Y,E,S,H,R,R,R,K,L,M,P,G,R,I,Q
sp|A0AV96|RBM47_HUMAN,336-340,5,0,R,Y,Q,K,A,A,R,G,G,G,Q,Q,P,S,Y,V,Y,S,C,D
sp|A0AV96|RBM47_HUMAN,487-502,16,0,I,S,P,I,A,V,Q,P,D,P,V,I,P,T,V,S,T,P,P,P
sp|A0AV96|RBM47_HUMAN,545-550,6,0,G,I,Y,G,A,S,Y,V,P,F,T,I,A,T,L,Q,K,N,A,A
sp|A0AV96|RBM47_HUMAN,559-564,6,0,T,A,T,I,A,T,L,Q,K,N,M,Y,G,G,Y,A,G,Y,I,P
sp|A0AV96|RBM47_HUMAN,576-581,6,0,Y,G,G,Y,A,G,Y,I,P,Q,I,Q,V,P,I,P,D,V,Y,Q
sp|B0I1T2|MYO1G_HUMAN,80-85,6,0,E,L,Y,E,R,P,P,H,L,Y,Y,K,A,M,K,H,R,S,R,D
sp|O95926|SYF2_HUMAN,2-6,5,0,-,-,-,-,-,-,-,-,-,M,S,E,V,L,V,D,S,A,E,E
sp|O95926|SYF2_HUMAN,20-27,8,0,L,V,D,S,A,E,E,G,S,L,Q,K,R,E,Q,R,L,R,K,F
sp|P0C7M8|CLC2L_HUMAN,22-27,6,0,R,P,P,P,P,L,A,A,R,P,P,R,P,R,S,P,A,E,A,E
sp|P0DPI3|CENL2_HUMAN,23-29,7,0,R,R,R,K,R,P,G,D,P,P,V,T,G,A,S,R,A,Q,C,P
sp|P15289|ARSA_HUMAN,341-346,6,1,A,S,S,L,D,L,L,P,T,L,P,L,P,N,V,T,L,D,G,F
sp|P57082|TBX4_HUMAN,24-29,6,0,F,R,A,P,G,P,A,L,G,E,P,E,P,A,L,A,A,P,G,L
sp|P57082|TBX4_HUMAN,56-60,5,0,S,P,P,G,P,G,A,D,V,V,E,Q,T,I,E,N,I,K,V,G
sp|P78367|NKX32_HUMAN,40-48,9,0,P,E,G,R,P,A,P,G,G,T,V,C,C,W,R,L,F,G,E,R
sp|P78367|NKX32_HUMAN,272-277,6,0,K,R,R,Q,M,A,A,D,L,L,K,K,V,A,V,K,V,L,V,R
sp|P78367|NKX32_HUMAN,327-330,4,0,C,L,P,G,W,A,L,S,T,C,G,T,Q,-,-,-,-,-,-,-
sp|Q06945|SOX4_HUMAN,229-239,11,0,I,L,A,G,G,G,G,G,G,K,E,Q,A,G,A,A,A,L,L,P
sp|Q06945|SOX4_HUMAN,242-246,5,0,A,A,A,A,S,F,A,A,E,Q,L,L,P,L,G,A,A,A,D,H
sp|Q06945|SOX4_HUMAN,274-283,10,0,T,P,S,A,S,A,S,A,S,S,P,G,K,H,L,A,E,K,K,V
sp|Q08AG7|MZT1_HUMAN,7-16,10,1,-,-,-,-,M,A,S,S,S,G,N,L,N,A,V,R,E,T,M,D
sp|Q13938|CAYP1_HUMAN,182-189,8,1,L,R,P,P,M,S,Q,A,R,E,K,L,D,R,S,G,D,G,V,V
sp|Q15084|PDIA6_HUMAN,201-204,4,1,G,H,C,K,N,L,E,P,E,W,S,E,V,K,E,Q,T,K,G,K
sp|Q15758|AAAT_HUMAN,157-161,5,1,V,G,L,A,L,A,L,Q,P,G,I,N,A,S,V,G,A,A,G,S
sp|Q6P047|CH074_HUMAN,200-207,8,0,R,L,E,R,E,N,S,L,Q,K,Q,P,G,Q,V,L,E,R,Q,E
sp|Q6T4R5|NHS_HUMAN,102-106,5,0,G,E,E,S,T,A,G,I,P,E,G,E,A,S,S,A,A,A,A,A
sp|Q6T4R5|NHS_HUMAN,109-117,9,0,I,P,E,A,A,P,A,A,G,E,V,L,L,M,L,D,L,C,A,V
sp|Q76L83|ASXL2_HUMAN,669-684,16,0,D,I,K,A,K,A,Q,L,V,K,S,V,G,G,T,I,P,G,P,G
sp|Q8N5X7|IF4E3_HUMAN,6-11,6,0,-,-,-,-,-,M,A,L,P,P,G,A,R,E,P,P,G,S,R,A
sp|Q8N5X7|IF4E3_HUMAN,21-27,7,0,A,G,A,R,E,P,P,G,S,R,P,E,P,P,L,G,L,Q,Q,L
sp|Q8NHL6|LIRB1_HUMAN,603-608,6,0,A,E,E,D,R,Q,M,D,T,E,P,Q,D,V,T,Y,A,Q,L,H
sp|Q8TAE8|G45IP_HUMAN,201-211,11,0,K,E,E,K,Q,K,R,K,K,E,Q,D,P,A,A,S,G,A,P,S
sp|Q969K4|ABTB1_HUMAN,425-430,6,0,E,D,F,V,E,A,V,K,E,E,R,Q,E,T,D,S,I,P,L,V
sp|Q99865|SPI2A_HUMAN,16-21,6,0,A,Q,E,A,E,G,Q,Q,T,R,T,G,S,A,N,M,T,K,K,K
sp|Q9BRX8|PXL2A_HUMAN,21-28,8,0,T,M,G,M,W,S,I,G,A,G,L,L,L,A,N,T,D,V,F,L
sp|Q9BT17|MTG1_HUMAN,11-15,5,0,M,R,L,T,P,R,A,L,C,S,W,R,E,N,F,P,L,C,G,R
sp|Q9BWG4|SSBP4_HUMAN,95-98,4,0,G,E,A,K,A,F,Q,D,Y,S,P,S,P,V,M,G,S,M,A,P
sp|Q9H8M1|CQ10B_HUMAN,22-29,8,0,R,V,V,S,G,C,R,P,K,S,P,V,R,N,G,R,Y,L,A,S
sp|Q9HC78|ZBT20_HUMAN,412-417,6,0,S,Q,A,E,P,T,Q,P,E,Q,E,G,G,P,Q,T,N,Q,L,E
sp|Q9NWH9|SLTM_HUMAN,2-13,12,0,-,-,-,-,-,-,-,-,-,M,S,G,Q,A,E,G,K,K,I,T
sp|Q9UPR3|SMG5_HUMAN,990-998,9,0,N,P,S,V,L,S,G,P,M,Q,S,V,D,I,K,N,V,L,D,F
sp|C9JH25|PRRT4_HUMAN,478-482,5,0,A,A,L,L,L,L,G,L,G,L,L,G,S,A,A,H,R,P,L,R
sp|C9JH25|PRRT4_HUMAN,700-705,6,0,Q,G,G,G,C,R,G,F,E,G,P,S,P,A,S,S,P,C,S,D
sp|O14810|CPLX1_HUMAN,80-85,6,0,Y,G,I,K,K,K,E,E,R,E,M,E,A,N,S,E,G,S,L,T
sp|O75445|USH2A_HUMAN,1464-1468,5,0,T,S,A,S,G,A,G,Q,T,L,Q,L,R,P,P,L,V,K,G,I
sp|P22626|ROA2_HUMAN,77-81,5,1,V,T,F,S,S,M,A,E,V,D,R,P,H,S,I,D,G,R,V,V
sp|P23759|PAX7_HUMAN,340-346,7,0,P,P,S,T,M,H,Q,G,G,L,D,T,S,S,A,Y,G,A,R,H
sp|P30301|MIP_HUMAN,97-102,6,1,F,C,Y,M,A,A,Q,L,L,G,V,L,Y,S,V,T,P,P,A,V
sp|P30414|NKTR_HUMAN,1236-1241,6,0,W,K,P,L,Q,G,V,G,N,L,T,S,S,A,V,E,V,K,V,L
sp|P50851|LRBA_HUMAN,214-218,5,0,D,A,F,F,N,F,P,G,K,S,L,P,P,I,A,K,W,P,Y,Q
sp|P52746|ZN142_HUMAN,277-281,5,0,A,L,K,E,H,L,K,S,H,T,E,P,L,P,L,R,C,F,Q,E
sp|P52746|ZN142_HUMAN,1144-1149,6,0,E,L,H,C,S,L,C,P,F,T,L,R,L,H,Q,K,R,R,H,P
sp|P52746|ZN142_HUMAN,1408-1412,5,0,H,Y,L,E,Q,H,E,E,T,S,S,D,G,D,G,D,A,G,Q,P
sp|P85299|PRR5_HUMAN,24-27,4,0,S,L,S,D,L,G,K,R,E,P,D,E,R,G,T,Q,Q,R,R,A
sp|P85299|PRR5_HUMAN,268-273,6,0,P,L,L,N,P,V,Q,E,H,E,G,G,T,S,I,R,R,H,S,V
sp|Q12769|NU160_HUMAN,36-40,5,0,V,G,R,R,G,D,G,G,K,M,L,E,R,S,F,V,E,L,S,G
sp|Q12769|NU160_HUMAN,1259-1264,6,0,K,C,I,K,L,Q,F,G,G,E,W,A,W,L,A,A,N,Q,L,S
sp|Q14839|CHD4_HUMAN,224-235,12,0,T,N,N,P,F,K,G,S,S,G,V,V,E,S,M,V,T,A,T,E
sp|Q2NL68|PRSR3_HUMAN,145-149,5,0,S,D,S,P,D,P,S,S,Q,S,N,K,P,E,G,R,P,H,T,A
sp|Q6URK8|SMIP8_HUMAN,52-57,6,0,H,L,G,L,G,P,T,D,K,V,R,I,I,D,L,V,P,W,D,D
sp|Q6UXP3|TM14E_HUMAN,19-23,5,0,V,P,L,Y,W,L,G,F,V,Y,L,G,G,I,S,G,Y,A,K,V
sp|Q86YV5|PRAG1_HUMAN,436-439,4,0,P,S,K,S,Q,A,K,I,E,H,Q,G,Q,G,Q,V,C,T,G,N
sp|Q86YV5|PRAG1_HUMAN,1171-1178,8,1,G,P,G,P,A,P,A,P,A,P,P,P,C,S,S,A,A,P,P,A
sp|Q8NFD5|ARI1B_HUMAN,2-18,17,0,-,-,-,-,-,-,-,-,-,M,R,A,G,S,G,E,R,R,A,P
sp|Q8NFD5|ARI1B_HUMAN,44-53,10,0,A,P,G,A,R,D,L,E,A,G,P,G,P,M,L,G,G,G,G,D
sp|Q8NFD5|ARI1B_HUMAN,88-94,7,0,P,R,H,E,L,N,M,A,H,N,G,T,H,S,A,K,S,G,G,S
sp|Q8NFD5|ARI1B_HUMAN,125-130,6,0,A,A,L,S,S,S,S,S,S,S,S,S,S,S,S,S,G,P,G,S
sp|Q8NFD5|ARI1B_HUMAN,352-359,8,0,Q,S,P,G,M,G,M,M,H,S,P,G,S,M,D,P,L,Q,N,S
sp|Q8NFD5|ARI1B_HUMAN,419-433,15,0,G,G,G,A,G,A,G,G,A,G,G,G,G,G,G,G,G,Y,G,G
sp|Q8NFD5|ARI1B_HUMAN,476-482,7,0,G,G,G,G,A,A,S,L,S,K,G,G,F,Q,R,F,A,G,Q,N
sp|Q8NFD5|ARI1B_HUMAN,540-547,8,0,P,P,P,P,S,Q,P,Q,S,Q,G,G,Q,Q,A,A,A,G,M,G
sp|Q8NFD5|ARI1B_HUMAN,564-576,13,0,A,G,M,G,L,G,K,D,M,G,Q,Q,R,S,H,P,A,M,S,P
sp|Q8NFD5|ARI1B_HUMAN,1012-1018,7,0,G,P,P,M,P,T,V,N,R,K,V,M,Q,A,A,A,N,S,A,Q
sp|Q8NFD5|ARI1B_HUMAN,1022-1027,6,0,A,Q,E,A,A,A,A,V,M,Q,Q,S,R,Q,G,S,F,P,G,M
sp|Q8NFD5|ARI1B_HUMAN,1837-1842,6,0,S,D,E,K,S,S,I,A,L,T,D,P,K,E,K,P,K,Q,A,S
sp|Q8NFD5|ARI1B_HUMAN,2213-2220,8,0,A,L,L,S,N,L,A,Q,G,D,V,Q,K,G,S,I,G,N,L,I
sp|Q96F81|DISP1_HUMAN,616-621,6,0,L,S,M,F,V,T,S,F,T,T,N,Y,V,S,N,I,T,A,I,R
sp|Q96F81|DISP1_HUMAN,1082-1087,6,0,V,I,F,S,L,S,R,V,G,S,L,T,T,F,V,A,G,A,M,M
sp|Q9BW04|SARG_HUMAN,394-406,13,0,L,S,P,A,P,G,L,A,Q,P,G,K,A,L,A,Q,A,P,A,P
sp|Q9H6N6|MYH16_HUMAN,570-575,6,0,L,Q,E,A,E,E,A,A,E,T,S,L,E,K,N,K,Q,R,L,Q
sp|Q9H6N6|MYH16_HUMAN,598-604,7,0,V,E,D,L,T,I,D,L,E,K,L,D,K,K,Q,R,L,F,D,K
sp|Q9H7Z6|KAT8_HUMAN,2-12,11,0,-,-,-,-,-,-,-,-,-,M,G,T,S,G,V,A,G,E,G,E
sp|Q9NPI6|DCP1A_HUMAN,442-448,7,0,E,S,F,I,E,P,P,S,K,T,S,A,S,L,S,N,M,V,L,A
sp|Q9NQZ6|ZC4H2_HUMAN,156-162,7,0,P,Q,E,P,P,I,P,E,S,L,Q,Q,L,Q,V,A,R,K,Q,D
sp|Q9NVF9|EKI2_HUMAN,33-37,5,0,P,Q,C,S,W,G,M,E,E,K,S,C,R,E,P,P,G,P,P,R
sp|Q9NVF9|EKI2_HUMAN,48-52,5,0,S,C,R,E,P,P,G,P,P,R,Y,F,G,I,S,V,D,P,D,D
sp|Q9NZQ3|SPN90_HUMAN,15-20,6,1,L,Y,A,F,R,S,A,E,P,N,G,E,T,F,L,V,L,E,R,S
sp|Q9NZQ3|SPN90_HUMAN,128-131,4,0,T,S,S,T,S,D,H,H,L,D,R,Q,P,N,G,V,C,R,A,G
sp|Q9NZQ3|SPN90_HUMAN,302-307,6,0,T,L,S,L,G,T,T,E,E,K,V,P,R,T,I,G,A,E,L,M
sp|Q9P2D3|HTR5B_HUMAN,373-378,6,0,A,T,V,G,S,L,L,G,E,K,K,E,I,C,Q,A,I,G,K,Q
sp|Q9P2D3|HTR5B_HUMAN,407-412,6,0,N,D,T,S,G,E,N,K,S,G,S,Q,H,V,M,V,C,A,L,Q
sp|Q9P2D3|HTR5B_HUMAN,460-466,7,0,V,T,S,V,L,L,H,P,S,M,W,C,L,R,C,V,A,V,A,L
sp|Q9P2D3|HTR5B_HUMAN,2047-2051,5,0,T,A,V,R,A,S,Q,A,S,K,R,Q,P,A,P,A,I,H,S,A
sp|Q9Y210|TRPC6_HUMAN,18-23,6,0,G,P,R,R,G,S,S,P,R,G,R,R,N,E,S,Q,D,Y,L,L
sp|O14657|TOR1B_HUMAN,10-14,5,0,-,M,L,R,A,G,W,L,R,G,L,L,L,A,A,R,V,V,A,A
sp|O15230|LAMA5_HUMAN,2333-2345,13,0,L,W,E,M,R,A,R,D,L,G,Q,R,L,L,A,R,V,Q,E,Q
sp|O15230|LAMA5_HUMAN,2487-2492,6,0,P,A,G,S,K,L,R,L,V,E,Q,Q,L,G,Q,L,A,L,N,L
sp|O15230|LAMA5_HUMAN,2534-2539,6,0,A,Y,S,R,I,L,Q,A,V,Q,G,Q,A,L,Q,Q,A,D,H,T
sp|O15230|LAMA5_HUMAN,2632-2639,8,0,T,D,E,T,S,K,K,I,A,H,Q,D,T,A,T,R,V,Q,S,Q
sp|O15230|LAMA5_HUMAN,3634-3641,8,0,Q,S,N,H,T,V,G,P,L,L,P,L,Y,L,G,G,L,P,E,P
sp|O75452|RDH16_HUMAN,91-94,4,0,T,L,D,V,T,K,T,E,S,V,Q,W,V,K,E,C,V,R,D,K
sp|P01833|PIGR_HUMAN,576-581,6,1,K,A,A,G,S,R,D,V,S,L,P,D,E,K,V,L,D,S,G,F
sp|Q14865|ARI5B_HUMAN,895-899,5,0,T,S,L,H,L,Q,D,K,K,S,P,T,D,D,Q,P,T,D,L,S
sp|Q5BJH7|YIF1B_HUMAN,4-11,8,0,-,-,-,-,-,-,-,M,H,P,G,T,P,R,L,R,K,W,P,S
sp|Q5BJH7|YIF1B_HUMAN,273-277,5,0,M,I,R,T,L,R,L,K,I,L,E,G,V,P,V,R,G,A,R,N
sp|Q5BJH7|YIF1B_HUMAN,296-300,5,0,R,N,Q,L,R,M,Y,L,T,M,Q,P,M,L,M,Y,W,L,T,F
sp|Q5T7W0|ZN618_HUMAN,7-12,6,0,-,-,-,-,M,N,Q,P,G,G,D,G,A,S,A,A,G,R,K,S
sp|Q6ZMH5|S39A5_HUMAN,85-90,6,0,L,G,Q,H,G,P,L,T,G,R,D,N,S,T,H,R,P,Q,N,P
sp|Q7Z5N4|SDK1_HUMAN,1699-1704,6,0,S,A,P,V,E,V,F,V,G,E,P,Q,N,V,Q,V,T,P,L,T
sp|Q8IVT2|MISP_HUMAN,453-458,6,0,A,F,G,K,P,S,S,L,S,T,T,S,P,K,A,T,M,S,P,R
sp|Q8NDT2|RB15B_HUMAN,279-295,17,0,V,A,A,P,P,L,R,E,P,R,V,G,L,S,R,E,R,A,L,D
sp|Q8NDT2|RB15B_HUMAN,465-471,7,0,F,A,Y,I,Q,Y,E,S,L,D,K,M,R,G,F,P,L,G,G,P
sp|Q96MK3|FA20A_HUMAN,58-61,4,0,G,R,A,S,S,L,A,R,D,S,S,D,P,G,T,I,V,H,N,F
sp|Q9H2B4|S26A1_HUMAN,349-354,6,0,Q,R,V,A,L,D,A,V,A,L,F,S,I,S,L,A,E,M,F,A
sp|Q9H6Z4|RANB3_HUMAN,370-375,6,0,Q,E,A,T,P,E,K,E,S,L,Y,T,K,A,T,A,R,K,C,L
sp|Q9H6Z4|RANB3_HUMAN,550-555,6,0,D,D,D,D,V,L,A,P,S,G,G,D,E,G,D,G,Q,T,T,G
sp|Q9HCJ1|ANKH_HUMAN,93-98,6,0,R,T,K,A,V,L,C,M,V,V,V,F,H,T,L,I,A,Y,S,D
sp|Q9NR46|SHLB2_HUMAN,179-186,8,1,L,D,A,C,K,A,R,L,K,K,T,T,V,P,D,F,Q,E,T,R
sp|Q9NYZ2|MFRN1_HUMAN,244-251,8,0,P,Q,S,H,I,I,S,G,G,L,T,T,P,L,D,V,C,K,T,L
sp|Q9UBS9|SUCO_HUMAN,531-536,6,0,T,E,G,N,K,S,I,S,E,N,P,K,M,P,E,S,T,P,V,S
sp|O75444|MAF_HUMAN,139-146,8,0,D,G,Y,A,R,G,A,Q,Q,L,G,A,S,L,G,G,S,G,E,E
sp|O75444|MAF_HUMAN,166-173,8,0,E,M,G,P,A,A,A,V,V,S,Q,S,G,A,G,P,H,Y,H,H
sp|O75444|MAF_HUMAN,202-210,9,0,H,H,H,P,T,A,G,A,P,G,G,G,A,G,G,A,G,G,G,G
sp|O95487|SC24B_HUMAN,28-32,5,0,P,K,F,G,G,A,A,V,S,G,G,P,G,A,G,P,A,P,H,Q
sp|P00325|ADH1B_HUMAN,214-218,5,1,V,G,L,S,A,V,M,G,C,K,R,I,I,A,V,D,I,N,K,D
sp|P07204|TRBM_HUMAN,184-188,5,0,T,C,R,P,L,A,V,E,P,G,V,S,I,T,Y,G,T,P,F,A
sp|P09341|GROA_HUMAN,4-9,6,0,-,-,-,-,-,-,-,M,A,R,P,S,N,P,R,L,L,R,V,A
sp|P0C7U9|FA87A_HUMAN,255-260,6,0,T,V,T,K,A,Q,S,L,K,S,L,G,C,K,H,P,V,L,S,T
sp|P15428|PGDH_HUMAN,165-169,5,1,K,H,G,I,V,G,F,T,R,S,N,L,M,N,S,G,V,R,L,N
sp|P36269|GGT5_HUMAN,40-48,9,0,S,R,H,Q,A,P,C,G,P,Q,D,S,K,V,C,S,D,I,G,R
sp|P36269|GGT5_HUMAN,515-519,5,0,S,K,L,W,L,G,F,D,L,R,P,I,L,H,V,N,S,K,G,C
sp|P46821|MAP1B_HUMAN,791-798,8,0,K,I,K,V,I,K,K,E,G,K,V,G,T,G,A,T,T,A,A,V
sp|P46821|MAP1B_HUMAN,806-816,11,0,A,A,A,V,G,T,G,A,T,T,I,G,P,A,K,E,L,E,A,E
sp|P46821|MAP1B_HUMAN,2323-2328,6,0,G,E,E,K,D,K,E,T,K,N,S,K,S,A,K,T,A,T,A,G
sp|Q13503|MED21_HUMAN,83-88,6,1,I,D,S,L,P,S,E,E,S,T,S,L,Y,K,L,E,E,E,N,H
sp|Q2QGD7|ZXDC_HUMAN,86-91,6,0,L,V,L,L,E,V,P,H,G,G,G,S,Q,E,A,E,P,G,S,R
sp|Q2QGD7|ZXDC_HUMAN,154-160,7,0,V,L,A,L,S,A,P,P,G,P,P,R,R,A,P,Q,A,S,G,P
sp|Q6NVH7|SWAP1_HUMAN,24-30,7,0,P,G,S,G,K,T,A,L,L,F,G,E,G,Q,G,P,V,L,F,L
sp|Q6ZVC0|NYAP1_HUMAN,435-441,7,0,P,N,S,H,S,M,I,C,P,K,P,P,A,P,A,A,L,L,P,G
sp|Q6ZVC0|NYAP1_HUMAN,517-522,6,0,V,P,G,K,T,S,P,H,G,G,G,V,L,H,H,R,G,C,L,A
sp|Q7L2K0|TEDC2_HUMAN,236-239,4,0,S,S,T,Q,T,S,D,S,T,D,K,T,Q,F,L,Q,N,M,Q,T
sp|Q7Z434|MAVS_HUMAN,262-267,6,0,T,S,F,S,S,S,S,P,G,L,E,G,K,Q,G,A,E,S,D,Q
sp|Q7Z745|MRO2B_HUMAN,1566-1570,5,0,R,Q,D,P,C,I,S,V,Q,R,L,Q,T,L,L,R,R,C,K,E
sp|Q8IUG5|MY18B_HUMAN,799-804,6,0,V,W,S,K,P,E,D,K,Q,K,Q,L,Q,G,A,M,E,M,L,G
sp|Q8N131|PORIM_HUMAN,30-36,7,0,L,A,L,L,G,A,A,H,E,S,N,I,E,N,S,G,L,P,H,N
sp|Q8NGI3|O56B1_HUMAN,240-246,7,0,I,L,Y,S,V,L,R,L,N,S,L,S,T,C,S,S,H,L,T,L
sp|Q92995|UBP13_HUMAN,711-716,6,1,E,P,L,T,M,P,G,Y,G,G,S,V,F,G,A,S,G,L,D,N
sp|Q96DZ7|T4S19_HUMAN,25-30,6,0,S,R,I,L,G,L,S,L,G,T,G,A,N,V,A,L,L,L,P,N
sp|Q96QE3|ATAD5_HUMAN,6-12,7,0,-,-,-,-,-,M,V,G,V,L,P,P,P,V,K,D,C,E,I,E
sp|Q96QE3|ATAD5_HUMAN,851-856,6,0,G,L,P,D,L,L,K,R,Q,I,L,D,V,Y,N,A,V,S,T,S
sp|Q96QE3|ATAD5_HUMAN,1710-1714,5,0,W,T,S,Q,S,S,G,E,L,K,L,S,F,T,K,C,S,S,A,I
sp|Q9BRZ2|TRI56_HUMAN,283-288,6,0,V,L,G,Q,L,R,A,H,V,E,R,E,R,L,A,E,L,E,G,R
sp|Q9BRZ2|TRI56_HUMAN,302-309,8,0,L,A,E,L,E,G,R,E,Q,V,R,R,V,L,S,L,G,R,E,A
sp|Q9BT23|LIMD2_HUMAN,4-10,7,0,-,-,-,-,-,-,-,M,F,Q,T,P,S,H,D,A,K,G,G,G
sp|Q9HBT6|CAD20_HUMAN,689-694,6,0,D,I,A,A,M,W,N,P,R,E,P,K,T,R,Q,D,M,L,P,E
sp|Q9NRX5|SERC1_HUMAN,131-135,5,0,V,H,N,G,F,W,F,F,K,F,I,I,I,G,A,F,F,I,P,E
sp|A0A1W2PPE2|TFKL4_HUMAN,138-143,6,0,A,I,T,G,S,S,V,S,E,N,G,I,A,K,L,F,V,G,E,V
sp|O00257|CBX4_HUMAN,215-220,6,0,K,G,Y,L,G,A,V,K,P,L,P,G,K,G,S,E,K,G,P,P
sp|O00257|CBX4_HUMAN,499-510,12,0,S,S,L,Q,V,K,P,E,T,P,P,T,T,T,A,E,K,P,P,A
sp|O43159|RRP8_HUMAN,10-15,6,0,-,M,F,E,E,P,E,W,A,E,G,L,G,P,V,I,S,R,P,P
sp|O43187|IRAK2_HUMAN,473-478,6,0,A,G,R,L,P,E,D,C,A,E,C,L,C,L,R,R,R,N,T,S
sp|P0DKB6|MPC1L_HUMAN,119-124,6,0,G,A,E,A,K,A,R,D,P,P,T,S,P,G,S,Q,P,P,K,Q
sp|P10070|GLI2_HUMAN,38-47,10,0,P,G,K,K,A,S,P,L,V,V,Q,G,V,P,Q,H,L,L,P,P
sp|P10070|GLI2_HUMAN,891-896,6,0,L,T,P,A,Q,Q,Y,S,L,R,T,G,G,P,P,P,T,P,L,P
sp|P10070|GLI2_HUMAN,951-956,6,0,S,D,G,P,T,Y,G,H,G,H,F,P,H,E,A,P,G,G,G,A
sp|P22459|KCNA4_HUMAN,22-27,6,0,G,C,N,S,H,M,P,Y,G,Y,R,E,R,E,R,L,A,H,S,R
sp|P22459|KCNA4_HUMAN,38-50,13,0,R,E,R,E,R,L,A,H,S,R,V,E,G,S,G,G,S,G,G,G
sp|P28360|MSX1_HUMAN,32-45,14,0,G,K,P,A,G,G,G,A,G,Q,D,E,E,G,A,K,P,K,V,S
sp|P28360|MSX1_HUMAN,261-269,9,0,F,G,L,S,F,P,L,G,G,P,S,L,Y,G,A,S,G,P,F,Q
sp|P35713|SOX18_HUMAN,36-49,14,0,H,G,A,A,A,D,T,R,G,L,S,P,P,S,P,Q,R,S,P,P
sp|P36021|MOT8_HUMAN,174-181,8,0,F,T,D,R,L,G,C,R,I,T,F,I,G,L,H,T,S,S,F,T
sp|P36021|MOT8_HUMAN,329-332,4,0,R,T,Y,R,I,W,A,F,G,I,L,G,Y,F,V,P,Y,V,H,L
sp|Q02833|RASF7_HUMAN,356-360,5,0,G,P,H,D,A,E,L,L,E,V,P,E,W,C,P,L,A,A,Q,P
sp|Q53S33|BOLA3_HUMAN,7-10,4,0,-,-,-,-,M,A,A,W,S,P,P,L,L,R,G,I,R,G,L,P
sp|Q5VWG9|TAF3_HUMAN,819-826,8,0,S,P,A,P,V,P,L,P,L,L,L,L,P,S,P,G,P,A,A,S
sp|Q7Z7K2|ZN467_HUMAN,568-581,14,0,L,V,R,H,Q,L,I,H,G,E,W,S,A,P,P,E,V,A,P,P
sp|Q8IX94|CTGE4_HUMAN,120-125,6,0,S,S,L,E,D,A,S,F,E,K,R,S,L,E,A,T,C,E,K,L
sp|Q8N128|F177A_HUMAN,16-25,10,0,V,G,G,V,E,R,G,E,A,V,F,G,E,S,A,G,Q,M,S,N
sp|Q8N2U0|TM256_HUMAN,2-7,6,0,-,-,-,-,-,-,-,-,-,M,F,R,R,L,G,A,L,S,G,A
sp|Q8TC05|MDM1_HUMAN,204-209,6,0,Q,F,V,W,K,T,S,K,E,T,N,Q,V,F,H,N,K,S,Q,F
sp|Q96F63|CCD97_HUMAN,5-10,6,0,-,-,-,-,-,-,M,E,A,V,K,E,P,D,K,G,C,I,E,P
sp|Q96RI0|PAR4_HUMAN,204-208,5,0,L,G,L,C,M,A,A,W,L,M,L,P,L,T,L,Q,R,Q,T,F
sp|Q9HCC6|HES4_HUMAN,162-167,6,0,P,S,R,R,P,A,S,L,S,P,P,A,P,E,V,Y,A,G,R,P
sp|Q9NRU3|CNNM1_HUMAN,2-10,9,0,-,-,-,-,-,-,-,-,-,M,V,G,V,R,L,R,D,C,C,S
sp|Q9NRU3|CNNM1_HUMAN,37-40,4,0,L,F,F,S,L,S,P,R,P,P,W,L,L,G,L,R,P,E,D,T
sp|Q9NRU3|CNNM1_HUMAN,291-298,8,0,H,L,L,C,T,L,L,L,G,Q,G,W,L,Y,T,S,L,P,P,G
sp|Q9NTG1|PKDRE_HUMAN,106-111,6,0,L,L,S,A,Q,R,L,P,W,P,L,V,D,L,Q,L,S,A,R,G
sp|Q9NTG1|PKDRE_HUMAN,251-256,6,0,I,N,A,S,V,Q,L,D,C,P,Q,Y,W,Q,V,F,S,V,P,A
sp|Q9NUJ1|ABHDA_HUMAN,7-11,5,0,-,-,-,-,M,A,V,A,R,L,W,V,P,C,R,S,W,G,W,A
sp|Q9UL25|RAB21_HUMAN,11-17,7,1,M,A,A,A,G,G,G,G,G,G,Y,S,F,K,V,V,L,L,G,E
sp|A6NIH7|U119B_HUMAN,8-15,8,0,-,-,-,M,S,G,S,N,P,K,G,P,G,G,L,V,A,G,K,E
sp|O14639|ABLM1_HUMAN,532-536,5,0,Y,R,K,P,P,I,Y,K,Q,H,Q,S,K,S,S,E,D,I,I,K
sp|O43820|HYAL3_HUMAN,309-314,6,0,D,D,L,V,Q,S,I,G,V,S,G,V,V,L,W,G,D,L,S,L
sp|O75056|SDC3_HUMAN,17-23,7,0,H,R,A,G,A,A,H,G,A,G,G,P,G,A,R,G,L,L,L,P
sp|O75056|SDC3_HUMAN,339-343,5,0,T,A,N,E,V,V,A,V,G,G,S,S,P,P,G,T,L,P,K,G
sp|O94832|MYO1D_HUMAN,80-85,6,0,E,L,Y,E,R,P,P,H,L,F,Y,K,A,M,K,R,R,S,K,D
sp|O94913|PCF11_HUMAN,7-14,8,0,-,-,-,-,M,S,E,Q,T,P,R,E,D,A,C,R,D,Y,Q,S
sp|P26599|PTBP1_HUMAN,145-150,6,0,E,L,K,T,D,S,S,P,N,Q,L,Q,A,V,N,S,V,Q,S,G
sp|P26599|PTBP1_HUMAN,163-173,11,0,A,V,N,S,V,Q,S,G,N,L,G,M,A,M,A,G,Q,S,P,V
sp|P26599|PTBP1_HUMAN,294-299,6,0,D,S,Q,P,S,L,D,Q,T,M,P,G,I,I,S,A,S,P,Y,A
sp|P26599|PTBP1_HUMAN,342-349,8,0,G,A,L,A,P,L,A,I,P,S,G,R,I,A,I,P,G,L,A,G
sp|P52952|NKX25_HUMAN,284-288,5,0,Y,P,A,G,P,S,P,A,Q,P,N,N,N,F,V,N,F,G,V,G
sp|Q04724|TLE1_HUMAN,403-412,10,0,S,L,H,N,M,S,P,Q,M,S,Y,G,R,S,P,M,V,G,F,D
sp|Q14103|HNRPD_HUMAN,11-18,8,0,M,S,E,E,Q,F,G,G,D,G,V,G,G,S,A,G,E,Q,E,G
sp|Q14103|HNRPD_HUMAN,37-41,5,0,E,G,A,M,V,A,A,T,Q,G,G,S,G,A,G,T,G,G,G,T
sp|Q15910|EZH2_HUMAN,335-340,6,1,Y,Q,H,L,E,G,A,K,E,F,E,R,I,K,T,P,P,K,R,P
sp|Q496Y0|LONF3_HUMAN,143-149,7,0,S,G,T,V,A,A,E,E,T,G,T,E,V,W,D,G,F,K,C,R
sp|Q6NZY7|BORG3_HUMAN,114-117,4,0,L,G,V,M,D,A,A,R,P,E,K,P,D,A,E,P,R,P,G,T
sp|Q6PIU2|NCEH1_HUMAN,279-284,6,0,N,N,H,T,S,L,D,V,E,E,R,L,N,W,T,S,L,L,P,A
sp|Q6UXB8|PI16_HUMAN,64-69,6,0,M,L,H,M,R,W,D,E,E,L,Y,A,R,Q,C,V,W,G,H,N
sp|Q6ZMQ8|LMTK1_HUMAN,537-541,5,0,G,S,E,Y,F,I,R,L,E,E,G,H,D,P,D,C,A,G,C,A
sp|Q6ZMQ8|LMTK1_HUMAN,1309-1316,8,0,A,W,D,D,D,F,P,L,M,T,L,D,P,A,A,P,A,P,A,A
sp|Q6ZMQ8|LMTK1_HUMAN,1320-1326,7,0,K,A,A,F,A,M,A,L,D,P,P,T,P,T,P,A,P,F,S,R
sp|Q6ZWJ8|KCP_HUMAN,17-24,8,0,A,A,L,S,L,L,L,H,L,G,E,G,G,A,V,P,R,E,P,P
sp|Q6ZWJ8|KCP_HUMAN,662-667,6,0,L,P,G,E,C,C,P,Q,C,P,G,C,P,R,P,G,A,A,H,A
sp|Q8NE18|NSUN7_HUMAN,169-173,5,0,N,L,L,N,S,F,K,I,K,L,R,C,R,I,K,H,D,A,L,S
sp|Q8NE18|NSUN7_HUMAN,522-526,5,0,S,E,T,V,S,V,N,D,V,L,K,G,L,L,D,G,I,E,L,G
sp|Q8TCX5|RHPN1_HUMAN,313-318,6,0,C,L,A,Q,L,R,L,A,Q,E,E,Y,R,L,V,H,R,T,M,A
sp|Q8TCX5|RHPN1_HUMAN,544-547,4,0,L,I,A,A,V,I,P,G,S,Q,G,L,K,E,G,D,Y,I,V,S
sp|Q99502|EYA1_HUMAN,411-416,6,1,T,Y,N,F,G,T,D,G,F,P,N,L,C,L,A,T,G,V,R,G
sp|Q9UNF1|MAGD2_HUMAN,485-495,11,0,Y,R,E,A,M,E,A,D,L,K,R,A,E,I,R,A,R,M,G,I
sp|Q9UNQ0|ABCG2_HUMAN,524-529,6,1,M,M,V,A,Y,S,A,S,S,M,G,Q,S,V,V,S,V,A,T,L
sp|O00329|PK3CD_HUMAN,845-849,5,1,A,N,I,Q,L,N,K,S,N,M,F,N,K,D,A,L,L,N,W,L
sp|P13861|KAP2_HUMAN,348-353,6,0,E,L,A,L,V,T,N,K,P,R,V,G,D,V,K,C,L,V,M,D
sp|P51681|CCR5_HUMAN,87-92,6,1,L,F,F,L,L,T,V,P,F,W,Q,W,D,F,G,N,T,M,C,Q
sp|P53007|TXTP_HUMAN,9-16,8,0,-,-,M,P,A,P,R,A,P,R,S,G,K,A,K,L,T,H,P,G
sp|P53007|TXTP_HUMAN,228-233,6,0,M,N,P,L,I,T,G,V,F,G,S,V,F,G,N,T,P,L,D,V
sp|Q01538|MYT1_HUMAN,201-206,6,0,G,P,G,I,V,H,L,L,Q,E,S,E,E,G,E,K,G,L,F,I
sp|Q01538|MYT1_HUMAN,625-630,6,0,Q,C,F,D,Y,S,Q,D,A,E,T,A,I,L,N,L,S,T,R,C
sp|Q13613|MTMR1_HUMAN,5-10,6,0,-,-,-,-,-,-,M,D,R,P,G,C,E,G,G,G,G,P,N,P
sp|Q14674|ESPL1_HUMAN,163-167,5,0,K,G,A,E,A,L,L,E,R,R,R,L,K,A,L,S,F,L,V,L
sp|Q14674|ESPL1_HUMAN,738-742,5,0,F,L,Y,S,N,I,A,F,N,L,Q,S,K,C,L,D,Q,A,L,A
sp|Q6ZR08|DYH12_HUMAN,7-11,5,0,-,-,-,-,M,S,D,A,N,K,E,K,E,A,L,N,L,K,L,P
sp|Q6ZR08|DYH12_HUMAN,1085-1090,6,0,L,M,L,R,S,V,H,D,V,I,Y,P,E,S,A,R,R,D,W,V
sp|Q8IXI1|MIRO2_HUMAN,600-604,5,0,W,L,R,G,L,L,G,V,V,G,V,L,S,F,S,L,Y,R,V,L
sp|Q8N302|AGGF1_HUMAN,196-201,6,0,E,G,S,S,L,A,E,S,L,R,V,S,Q,T,G,F,S,Y,D,E
sp|Q8N3C7|CLIP4_HUMAN,238-244,7,0,P,D,P,V,D,M,P,L,E,M,K,E,I,K,Q,M,L,L,D,A
sp|Q8N8G6|CO054_HUMAN,148-153,6,0,V,C,T,I,L,A,D,S,C,R,D,R,G,E,R,G,H,F,G,V
sp|Q8NGK3|O52K2_HUMAN,149-154,6,0,T,G,S,L,I,T,K,I,G,M,V,T,L,M,T,P,L,P,F,L
sp|Q8WXS5|CCG8_HUMAN,407-412,6,0,A,P,S,A,P,A,P,G,T,L,S,N,T,N,T,L,N,R,K,T
sp|Q96BZ4|PLD4_HUMAN,361-366,6,0,P,P,R,Y,W,P,V,L,D,N,F,G,K,G,V,R,V,R,L,L
sp|Q96E52|OMA1_HUMAN,403-408,6,0,A,E,A,D,K,I,G,L,L,L,D,I,R,A,S,S,V,F,W,Q
sp|Q96K80|ZC3HA_HUMAN,335-340,6,0,P,V,S,Q,Q,E,L,V,A,P,P,P,T,N,A,A,P,P,A,A
sp|Q96K80|ZC3HA_HUMAN,345-350,6,0,A,G,A,P,A,A,P,P,T,N,P,P,P,P,P,P,H,L,T,P
sp|Q96SM3|CPXM1_HUMAN,7-14,8,0,-,-,-,-,M,W,G,L,L,L,V,G,P,A,L,G,A,P,R,N
sp|Q9BQY9|DBND2_HUMAN,15-21,7,0,N,F,L,T,A,L,E,V,P,V,S,D,R,R,A,S,C,E,R,V
sp|Q9BRQ3|NUD22_HUMAN,125-130,6,1,A,Y,L,A,D,P,L,G,V,G,D,D,F,L,V,F,L,R,R,S
sp|Q9UI36|DACH1_HUMAN,61-68,8,0,G,P,T,L,F,R,P,E,P,I,T,V,T,S,T,G,G,G,G,G
sp|Q9UI36|DACH1_HUMAN,325-341,17,0,P,G,I,I,P,P,T,G,L,T,M,K,V,K,K,I,K,L,E,A
sp|Q9UI36|DACH1_HUMAN,464-470,7,0,M,S,Q,M,N,H,L,S,T,I,Q,V,Q,S,P,P,S,R,V,E
sp|Q9ULK0|GRID1_HUMAN,567-572,6,0,L,F,A,P,F,D,F,A,V,W,I,P,V,V,G,V,L,I,F,V
sp|Q9ULQ1|TPC1_HUMAN,94-99,6,1,N,D,K,F,F,T,H,P,K,D,Y,L,F,A,H,N,H,L,F,Y
sp|Q9ULQ1|TPC1_HUMAN,798-802,5,0,Q,E,Q,Q,R,Q,L,S,S,S,Q,Q,P,P,G,S,R,Q,R,S
sp|A0PJE2|DHR12_HUMAN,270-273,4,0,D,T,M,L,W,L,A,L,S,S,Q,P,S,G,R,F,F,Q,D,R
sp|O15528|CP27B_HUMAN,150-155,6,0,L,L,A,P,L,L,L,R,P,Q,G,T,L,N,N,V,V,C,D,L
sp|O60879|DIAP2_HUMAN,6-11,6,0,-,-,-,-,-,M,E,Q,P,G,G,G,G,S,E,E,P,G,G,G
sp|P04198|MYCN_HUMAN,207-215,9,0,V,N,K,R,E,P,A,P,V,P,G,P,A,V,A,S,G,A,G,I
sp|P04198|MYCN_HUMAN,226-231,6,0,G,P,A,V,A,S,G,A,G,I,P,G,V,A,P,P,R,P,G,G
sp|P08574|CY1_HUMAN,2-6,5,0,-,-,-,-,-,-,-,-,-,M,S,L,R,G,V,V,L,G,P,R
sp|P08574|CY1_HUMAN,184-188,5,1,Y,F,P,K,P,Y,P,N,S,E,N,N,G,A,L,P,P,D,L,S
sp|P35452|HXD12_HUMAN,102-107,6,0,D,G,P,E,E,Q,A,K,F,Y,G,P,E,E,R,G,R,T,R,P
sp|P35452|HXD12_HUMAN,126-135,10,0,R,P,S,F,A,P,E,S,S,L,K,Y,D,Y,A,G,V,G,R,A
sp|P36551|HEM6_HUMAN,79-83,5,0,R,G,G,P,W,V,G,T,G,L,G,L,V,G,L,A,T,A,A,F
sp|P51784|UBP11_HUMAN,48-63,16,0,R,R,E,R,T,A,M,A,T,V,V,T,E,D,R,E,P,Q,H,E
sp|Q13075|BIRC1_HUMAN,297-302,6,0,D,W,P,R,E,S,A,V,G,V,G,L,F,Y,T,G,I,K,D,I
sp|Q14410|GLPK2_HUMAN,459-466,8,0,P,F,M,P,E,T,T,A,L,G,E,G,V,S,V,W,S,L,E,P
sp|Q15661|TRYB1_HUMAN,16-21,6,0,L,L,A,L,P,V,L,A,S,R,P,G,Q,A,L,Q,R,V,G,I
sp|Q7Z3Y9|K1C26_HUMAN,295-299,5,1,L,Q,Q,Q,I,S,D,H,E,G,R,N,E,L,T,E,L,K,R,N
sp|Q8TCS8|PNPT1_HUMAN,106-109,4,1,M,P,L,V,V,D,Y,R,Q,K,G,R,I,P,T,N,Y,L,R,R
sp|Q8TDB8|GTR14_HUMAN,424-429,6,0,A,E,L,F,S,Q,G,P,R,P,G,C,S,N,W,T,S,N,F,L
sp|Q8TES7|FBF1_HUMAN,943-948,6,0,S,E,L,R,A,E,E,K,Q,L,L,E,Q,E,R,Q,E,L,R,L
sp|Q96C00|ZBTB9_HUMAN,64-69,6,1,V,Q,G,R,E,L,R,A,H,K,S,P,Y,F,H,D,K,L,L,L
sp|Q9P203|BTBD7_HUMAN,699-703,5,0,Q,I,R,V,L,R,E,F,G,L,E,L,L,Q,N,P,H,K,F,F
sp|Q9P203|BTBD7_HUMAN,839-843,5,0,S,T,A,G,L,G,R,Q,T,V,T,T,T,S,T,A,T,A,A,A
sp|Q9P203|BTBD7_HUMAN,849-856,8,0,A,A,A,A,A,T,T,T,S,T,S,E,K,Q,V,R,T,Q,P,V
sp|Q9UBP0|SPAST_HUMAN,95-100,6,0,A,L,M,A,A,K,R,S,S,G,S,A,S,A,P,A,P,V,P,G
sp|Q9UBP0|SPAST_HUMAN,392-397,6,1,G,P,P,G,N,G,K,T,M,L,E,S,N,A,T,F,F,N,I,S
sp|Q9UJX5|APC4_HUMAN,786-792,7,0,L,S,E,S,E,A,E,N,Q,Q,P,E,I,V,I,K,V,E,K,L
sp|Q9UQ90|SPG7_HUMAN,528-533,6,0,G,A,D,I,A,N,I,C,N,E,R,E,G,H,T,S,V,H,T,L
sp|A0A0J9YXV3|GREP1_HUMAN,83-87,5,0,K,P,Q,N,L,G,F,R,T,F,Q,P,G,Y,G,N,G,L,G,A
sp|A0A0J9YXV3|GREP1_HUMAN,464-468,5,0,D,G,V,E,A,L,V,Y,P,K,P,E,G,N,G,Q,A,G,V,L
sp|O75474|FRAT2_HUMAN,78-83,6,0,G,V,P,L,R,A,P,G,P,L,D,K,A,R,P,P,A,V,P,L
sp|O75474|FRAT2_HUMAN,199-205,7,0,I,K,E,A,V,R,R,L,Q,R,T,G,P,A,S,A,P,G,P,G
sp|O95502|NPTXR_HUMAN,46-51,6,0,L,P,G,G,A,D,N,A,S,V,S,P,G,P,Q,R,S,L,S,A
sp|O95502|NPTXR_HUMAN,77-82,6,0,G,S,A,G,P,P,A,L,P,G,H,P,L,P,P,G,P,L,F,S
sp|O95502|NPTXR_HUMAN,112-116,5,0,A,C,P,S,G,A,Q,Q,G,D,P,G,E,R,E,E,L,L,L,L
sp|O95677|EYA4_HUMAN,458-463,6,0,T,Y,S,F,A,T,D,G,F,H,N,L,C,L,P,T,G,V,R,G
sp|P27361|MK03_HUMAN,2-6,5,0,-,-,-,-,-,-,-,-,-,M,Q,G,G,G,G,G,E,P,R,R
sp|P42765|THIM_HUMAN,36-40,5,1,D,F,T,A,T,D,L,S,E,F,L,S,A,G,K,V,S,P,E,T
sp|Q02539|H11_HUMAN,8-14,7,0,-,-,-,M,S,E,T,V,P,P,P,E,K,P,L,A,G,K,K,A
sp|Q02539|H11_HUMAN,28-33,6,0,P,L,A,G,K,K,A,K,K,P,S,K,K,K,P,A,G,P,S,V
sp|Q02539|H11_HUMAN,68-72,5,0,G,G,V,S,L,A,A,L,K,K,G,Y,D,V,E,K,N,N,S,R
sp|Q08289|CACB2_HUMAN,13-18,6,0,Q,R,D,M,S,K,S,P,P,T,Q,E,I,Q,M,E,L,L,E,N
sp|Q08289|CACB2_HUMAN,34-39,6,0,E,L,L,E,N,V,A,P,A,G,Q,S,Y,G,K,G,A,R,R,K
sp|Q12926|ELAV2_HUMAN,330-335,6,1,G,F,V,T,M,T,N,Y,D,E,S,L,N,G,Y,R,L,G,D,R
sp|Q3B7T1|EDRF1_HUMAN,14-18,5,0,A,K,E,A,G,A,E,G,P,P,R,G,G,L,S,L,L,S,Q,G
sp|Q3B7T1|EDRF1_HUMAN,1137-1143,7,0,E,E,F,G,Q,P,K,S,G,D,S,P,S,L,N,R,E,E,V,M
sp|Q3B7T1|EDRF1_HUMAN,1227-1232,6,0,N,V,I,V,H,L,L,G,Q,L,S,S,N,A,V,Q,-,-,-,-
sp|Q50LG9|LRC24_HUMAN,406-412,7,0,F,R,A,L,G,V,A,T,Q,T,L,L,A,L,T,A,L,L,L,V
sp|Q5JR12|PPM1J_HUMAN,34-42,9,0,K,S,P,D,L,P,N,A,A,S,P,R,S,P,P,A,K,A,G,S
sp|Q7Z589|EMSY_HUMAN,118-123,6,1,P,Q,T,A,F,T,V,T,A,N,I,Q,H,N,A,S,L,P,V,P
sp|Q86VD9|PIGZ_HUMAN,265-270,6,0,T,R,E,A,L,V,L,L,P,G,V,F,V,A,T,D,S,W,Y,F
sp|Q8N0U8|VKORL_HUMAN,105-110,6,0,Y,I,L,Q,L,L,L,G,M,T,L,I,L,M,T,S,S,I,M,S
sp|Q8TDU6|GPBAR_HUMAN,177-182,6,1,Y,L,E,V,Y,G,L,L,L,P,F,L,S,V,R,V,L,A,T,A
sp|Q8TDU6|GPBAR_HUMAN,271-275,5,1,T,L,L,S,L,L,S,L,G,S,V,P,V,A,M,G,L,G,D,Q
sp|Q9C0I4|THS7B_HUMAN,448-454,7,0,R,E,V,Y,C,A,Q,S,V,P,K,E,V,S,R,P,V,E,K,A
sp|Q9H0I9|TKTL2_HUMAN,390-395,6,0,C,A,T,R,G,R,T,I,A,F,F,F,T,R,A,F,D,Q,L,R
sp|Q9UKL0|RCOR1_HUMAN,21-39,19,0,V,S,G,K,R,R,G,R,N,N,S,P,A,A,T,A,A,S,G,A
sp|Q9UKL0|RCOR1_HUMAN,42-64,23,0,A,A,A,S,A,A,C,A,S,P,P,N,N,G,Q,N,K,S,L,A
sp|Q9UKL0|RCOR1_HUMAN,74-77,4,0,A,P,N,N,G,Q,N,K,S,L,P,N,G,N,S,S,S,N,S,W
sp|Q9UKL0|RCOR1_HUMAN,329-334,6,1,L,S,Q,E,D,V,E,A,V,S,T,T,V,L,R,Q,L,D,M,E
sp|A4D2B8|PM2P1_HUMAN,51-55,5,0,Y,L,Q,V,A,S,A,E,C,W,V,H,V,G,E,P,V,H,A,G
sp|A6NFQ2|TCAF2_HUMAN,2-11,10,0,-,-,-,-,-,-,-,-,-,M,L,M,D,G,V,T,C,W,D,V
sp|A6NFQ2|TCAF2_HUMAN,564-568,5,0,G,Q,N,A,E,V,S,L,S,E,G,L,R,V,Q,I,G,C,H,T
sp|P0CJ87|DU4L4_HUMAN,211-217,7,0,A,L,P,Q,G,A,F,V,S,Q,L,Q,P,S,Q,A,A,P,A,E
sp|P0CJ87|DU4L4_HUMAN,240-245,6,0,S,Q,P,A,P,A,R,G,D,F,P,P,D,G,A,L,S,H,P,Q
sp|P11142|HSP7C_HUMAN,178-182,5,1,N,V,L,R,I,I,N,E,P,T,Y,G,L,D,K,K,V,G,A,E
sp|P11142|HSP7C_HUMAN,373-378,6,1,I,N,P,D,E,A,V,A,Y,G,I,L,S,G,D,K,S,E,N,V
sp|Q02318|CP27A_HUMAN,25-34,10,0,G,A,G,R,G,L,C,P,H,G,L,P,S,D,K,A,T,G,A,P
sp|Q3YBM2|T176B_HUMAN,108-113,6,1,C,A,F,W,A,G,S,V,V,I,I,V,H,E,K,H,P,G,K,L
sp|Q3YBM2|T176B_HUMAN,137-142,6,1,I,S,S,L,L,T,L,A,G,F,V,V,L,C,V,N,S,F,I,W
sp|Q5D0E6|DALD3_HUMAN,101-106,6,0,R,S,A,V,F,E,R,V,L,S,T,P,A,S,P,A,S,L,G,Q
sp|Q8TBY0|RBM46_HUMAN,196-200,5,0,F,A,F,V,E,Y,E,S,H,R,R,R,K,L,I,P,G,T,F,Q
sp|Q8TE76|MORC4_HUMAN,738-744,7,0,W,N,P,V,P,Y,S,V,A,S,I,G,E,K,A,R,G,Y,E,E
sp|Q8WTU2|SRB4D_HUMAN,234-238,5,0,A,V,V,C,R,Q,L,G,C,G,T,T,N,A,F,F,G,Y,G,T
sp|Q8WTU2|SRB4D_HUMAN,333-337,5,0,P,S,R,E,T,A,L,L,T,T,G,K,K,S,G,R,L,R,L,V
sp|Q92545|TM131_HUMAN,55-59,5,0,A,L,H,L,V,M,T,L,V,V,E,K,E,A,F,V,Q,S,E,S
sp|Q96GW7|PGCB_HUMAN,15-22,8,0,F,L,P,L,L,A,A,L,V,L,D,V,L,E,G,D,S,S,E,D
sp|Q96L91|EP400_HUMAN,243-248,6,0,T,I,H,H,L,G,P,Q,S,P,G,L,Q,P,L,A,S,P,S,H
sp|Q96L91|EP400_HUMAN,1447-1456,10,0,R,K,L,M,E,E,I,S,T,S,K,L,K,A,S,R,L,F,Q,P
sp|Q96L91|EP400_HUMAN,1517-1522,6,0,P,I,A,T,F,S,A,N,P,E,P,F,Q,T,S,Q,A,S,A,S
sp|Q9GZZ6|ACH10_HUMAN,189-194,6,0,G,H,Q,L,D,V,R,P,R,G,D,F,V,E,N,V,E,W,R,V
sp|Q9H2C1|LHX5_HUMAN,197-201,5,0,I,K,A,K,Q,L,E,T,L,K,T,P,K,P,T,R,H,I,R,E
sp|Q9H7J1|PPR3E_HUMAN,204-209,6,0,S,A,D,G,W,R,S,Q,R,E,G,P,A,P,P,P,P,R,A,D
sp|Q9H9J4|UBP42_HUMAN,927-932,6,0,E,P,S,P,G,E,R,V,E,D,P,G,P,S,P,A,K,E,K,I
sp|Q9HCM9|TRI39_HUMAN,9-19,11,1,-,-,M,A,E,T,S,L,L,E,L,E,N,L,Q,V,E,A,S,C
sp|Q9NRF2|SH2B1_HUMAN,34-38,5,0,P,S,W,R,E,F,C,E,S,H,L,D,F,A,R,R,F,R,L,Y
sp|Q9NRF2|SH2B1_HUMAN,667-674,8,0,A,E,E,A,S,R,A,P,E,V,K,E,R,Q,E,K,E,K,A,G
sp|Q9UII4|HERC5_HUMAN,17-22,6,0,R,K,S,R,R,N,G,R,S,T,T,Q,P,A,K,S,P,G,A,Q
sp|Q9Y233|PDE10_HUMAN,771-776,6,0,T,A,T,W,I,S,S,P,S,V,S,E,D,-,-,-,-,-,-,-
sp|A0A0J9YWL9|TX13C_HUMAN,257-261,5,0,P,L,P,P,P,V,V,M,E,S,P,Q,M,P,P,A,G,I,Y,P
sp|P13010|XRCC5_HUMAN,372-376,5,1,L,K,V,F,A,A,R,D,D,E,L,S,S,L,I,H,A,L,D,D
sp|P19971|TYPH_HUMAN,130-135,6,1,G,V,G,D,K,V,S,L,V,L,C,G,C,K,V,P,M,I,S,G
sp|P19971|TYPH_HUMAN,267-272,6,1,G,V,G,A,S,L,G,L,R,V,M,D,K,P,L,G,R,C,V,G
sp|P19971|TYPH_HUMAN,327-333,7,1,S,G,H,A,G,T,Q,A,Q,G,L,D,D,G,S,A,L,G,R,F
sp|P29371|NK3R_HUMAN,29-33,5,0,A,D,A,V,N,L,T,A,S,L,T,G,A,V,E,T,G,W,L,Q
sp|P52945|PDX1_HUMAN,251-256,6,0,P,P,P,P,G,G,A,V,P,P,R,E,G,R,L,P,P,G,L,S
sp|P55196|AFAD_HUMAN,1402-1407,6,0,P,S,A,N,Q,I,G,L,P,S,E,R,R,K,R,E,E,H,Q,R
sp|P98168|ZXDA_HUMAN,158-162,5,0,T,P,A,P,I,S,A,P,G,P,G,T,V,T,I,H,N,Q,D,L
sp|Q13087|PDIA2_HUMAN,84-90,7,0,C,Q,A,L,A,P,E,Y,S,K,E,S,M,V,V,T,L,A,K,V
sp|Q13087|PDIA2_HUMAN,162-166,5,0,G,P,S,A,M,R,L,E,D,E,L,I,G,G,R,D,L,V,V,I
sp|Q13214|SEM3B_HUMAN,4-8,5,0,-,-,-,-,-,-,-,M,G,R,V,I,P,G,L,A,L,L,W,A
sp|Q13214|SEM3B_HUMAN,677-681,5,0,Q,A,E,R,L,A,R,A,E,E,P,P,G,P,K,L,W,Y,R,D
sp|Q14573|ITPR3_HUMAN,943-948,6,1,Q,S,V,F,S,A,P,S,L,S,E,P,L,D,R,S,K,F,E,E
sp|Q14573|ITPR3_HUMAN,1556-1562,7,1,A,H,I,S,S,M,L,S,S,G,Q,R,N,A,S,S,Y,K,A,T
sp|Q6ZNG2|DBX2_HUMAN,5-12,8,0,-,-,-,-,-,-,M,L,P,S,Y,W,D,V,V,A,S,S,A,L
sp|Q7Z4Q2|HEAT3_HUMAN,22-28,7,0,P,Q,F,S,P,T,G,D,C,Q,N,G,T,G,G,E,E,D,D,G
sp|Q8N1B4|VPS52_HUMAN,2-11,10,0,-,-,-,-,-,-,-,-,-,M,R,E,L,V,L,R,A,G,T,S
sp|Q8N1B4|VPS52_HUMAN,204-208,5,0,R,F,L,E,Q,L,Q,E,L,D,V,R,E,Q,E,A,R,G,T,A
sp|Q8TAQ2|SMRC2_HUMAN,593-597,5,1,T,K,K,N,V,P,S,K,S,K,T,R,E,W,T,E,Q,E,T,L
sp|Q8TAQ2|SMRC2_HUMAN,689-696,8,1,F,L,A,S,V,V,D,P,R,V,L,E,E,F,S,K,M,K,E,E
sp|Q8TAQ2|SMRC2_HUMAN,861-873,13,1,R,D,I,G,E,G,N,L,S,T,K,H,L,A,A,V,E,E,R,K
sp|Q99437|VATO_HUMAN,162-167,6,1,G,V,C,V,G,I,V,G,S,G,Q,N,P,S,L,F,V,K,I,L
sp|Q9BXK1|KLF16_HUMAN,72-75,4,0,P,P,A,A,S,G,P,G,P,G,P,H,L,L,A,A,S,I,L,A
sp|Q9BXK1|KLF16_HUMAN,118-124,7,0,S,S,P,S,S,G,R,A,P,G,K,S,H,R,C,P,F,P,D,C
sp|Q9C0G0|ZN407_HUMAN,1836-1840,5,0,T,F,V,E,T,D,S,P,F,T,E,E,P,L,V,K,E,K,P,L
sp|Q9C0G0|ZN407_HUMAN,2232-2235,4,0,V,V,I,Y,T,Q,E,G,S,S,I,Q,S,Q,R,E,S,S,E,L
sp|Q9GZN7|ROGDI_HUMAN,6-10,5,1,-,-,-,-,-,M,A,T,V,M,E,R,A,V,L,E,E,E,F,R
sp|Q9H1B5|XYLT2_HUMAN,126-131,6,0,E,A,P,G,R,Q,N,L,S,G,L,V,G,A,A,G,F,P,P,H
sp|Q9H1B5|XYLT2_HUMAN,569-573,5,0,T,A,F,A,R,L,S,L,H,H,P,P,M,G,T,P,L,C,R,F
sp|Q9NSD7|RL3R1_HUMAN,223-228,6,1,S,A,K,A,L,C,V,W,I,W,S,L,P,S,A,I,F,S,T,T
sp|A6NNC1|P12LL_HUMAN,327-334,8,0,R,D,A,G,M,R,R,T,R,S,P,P,P,S,T,L,N,N,T,S
sp|A6NNC1|P12LL_HUMAN,360-368,9,0,A,V,D,G,G,P,S,H,F,L,Q,R,S,E,V,R,Y,N,Q,R
sp|A6NNC1|P12LL_HUMAN,601-608,8,0,G,M,R,R,T,R,P,G,T,S,L,P,P,S,T,L,N,P,T,S
sp|A6NNC1|P12LL_HUMAN,634-642,9,0,A,V,D,G,G,P,S,H,F,L,Q,R,S,E,V,R,Y,N,Q,R
sp|A9YTQ3|AHRR_HUMAN,301-306,6,0,L,L,R,A,K,P,R,A,D,T,K,V,K,A,T,T,S,L,C,E
sp|A9YTQ3|AHRR_HUMAN,652-656,5,0,G,R,G,E,Q,S,C,T,C,R,P,V,V,K,R,E,P,L,D,S
sp|C9JI98|TM238_HUMAN,2-6,5,0,-,-,-,-,-,-,-,-,-,M,V,C,A,S,Q,G,S,P,P,G
sp|C9JI98|TM238_HUMAN,20-29,10,0,S,Q,G,S,P,P,G,A,P,S,G,L,G,R,C,R,M,A,L,L
sp|C9JI98|TM238_HUMAN,125-129,5,0,L,A,R,K,L,S,R,R,W,S,G,Q,R,P,A,P,G,S,R,R
sp|O75069|TMCC2_HUMAN,51-56,6,0,A,N,S,A,G,G,P,T,S,D,P,N,P,G,P,R,S,K,P,P
sp|O95868|LY66D_HUMAN,117-122,6,0,A,S,H,V,A,P,A,G,I,L,L,T,C,L,L,P,G,L,W,S
sp|P08571|CD14_HUMAN,242-247,6,0,T,G,M,E,T,P,T,G,V,C,G,V,Q,P,H,S,L,D,L,S
sp|P14651|HXB3_HUMAN,10-13,4,0,-,M,Q,K,A,T,Y,Y,D,N,L,F,G,G,Y,S,S,Y,P,G
sp|P46940|IQGA1_HUMAN,215-220,6,0,I,L,A,N,E,L,S,V,D,E,V,I,A,I,N,E,A,I,D,R
sp|P46940|IQGA1_HUMAN,377-382,6,0,Q,K,E,E,L,Q,S,G,V,D,Q,Q,Y,Q,R,R,L,A,A,V
sp|P58872|RHBL3_HUMAN,10-17,8,0,-,M,G,E,H,P,S,P,G,P,E,R,I,E,E,L,E,P,E,A
sp|Q14642|I5P1_HUMAN,2-7,6,0,-,-,-,-,-,-,-,-,-,M,P,G,T,A,V,L,L,V,T,A
sp|Q14831|GRM7_HUMAN,27-32,6,0,P,C,C,V,L,E,V,L,L,C,R,G,Q,E,M,Y,A,P,H,S
sp|Q14831|GRM7_HUMAN,297-302,6,1,A,N,D,E,D,I,K,Q,I,L,D,Q,V,G,H,F,L,W,V,G
sp|Q155Q3|DIXC1_HUMAN,156-164,9,0,S,H,R,P,H,C,A,T,A,V,D,V,C,H,D,M,S,R,S,G
sp|Q6ZVN8|RGMC_HUMAN,376-380,5,0,L,I,S,G,D,P,N,F,T,V,L,E,D,A,R,A,F,L,P,D
sp|Q7KZI7|MARK2_HUMAN,516-525,10,0,L,T,M,P,G,S,R,A,S,T,R,P,R,Q,H,Q,K,S,M,S
sp|Q86XE3|MICU3_HUMAN,52-57,6,0,P,F,S,S,R,E,D,E,E,R,W,R,R,R,R,R,W,G,E,L
sp|Q86XE3|MICU3_HUMAN,70-73,4,0,R,R,R,R,W,G,E,L,S,V,G,G,G,L,V,G,L,V,C,Y
sp|Q8IXZ3|SP8_HUMAN,68-81,14,0,G,A,S,R,N,G,G,S,S,S,L,V,S,D,S,F,S,C,G,G
sp|Q8IXZ3|SP8_HUMAN,105-116,12,0,S,S,A,F,S,L,T,S,S,S,S,S,S,P,F,A,N,D,Y,S
sp|Q8IYI6|EXOC8_HUMAN,108-117,10,0,L,E,S,I,P,L,T,L,L,P,S,G,G,E,E,G,V,G,G,A
sp|Q8NHS4|CLHC1_HUMAN,313-318,6,0,E,L,I,S,L,G,E,Y,E,K,N,S,P,R,R,I,L,R,N,I
sp|A2CJ06|DYTN_HUMAN,110-113,4,0,K,G,T,G,F,L,Q,L,M,P,L,I,T,L,S,G,D,S,P,L
sp|O14511|NRG2_HUMAN,77-83,7,0,P,Q,Q,Q,P,Q,P,R,S,P,R,S,R,A,A,A,A,G,G,M
sp|O14511|NRG2_HUMAN,87-90,4,0,A,A,R,R,A,A,A,R,S,R,G,G,M,R,R,D,P,A,P,G
sp|O14511|NRG2_HUMAN,557-562,6,0,C,N,S,P,A,C,V,E,A,R,Y,N,L,E,E,R,R,R,A,T
sp|O75153|CLU_HUMAN,15-18,4,0,G,D,C,P,E,S,L,K,K,E,E,P,P,R,E,N,G,L,D,E
sp|O94856|NFASC_HUMAN,1055-1060,6,0,G,A,T,G,A,V,S,S,T,D,T,T,E,A,T,T,V,P,I,I
sp|P08237|PFKAM_HUMAN,587-593,7,1,C,G,Y,L,A,T,M,A,G,L,Y,I,F,E,E,P,F,T,I,R
sp|P55036|PSMD4_HUMAN,235-246,12,1,E,E,Q,R,Q,R,Q,E,E,E,G,I,A,T,T,G,T,E,D,S
sp|P61296|HAND2_HUMAN,21-32,12,0,P,V,V,H,H,E,G,Y,P,F,S,R,C,S,H,E,E,N,P,Y
sp|Q00325|S25A3_HUMAN,47-50,4,0,T,G,Q,P,R,R,P,R,N,L,V,E,E,Q,Y,S,C,D,Y,G
sp|Q00325|S25A3_HUMAN,167-172,6,0,T,Y,L,W,R,T,S,L,Y,L,E,F,F,A,D,I,A,L,A,P
sp|Q13620|CUL4B_HUMAN,31-35,5,0,D,G,G,F,S,S,P,S,P,S,Q,E,V,R,S,A,T,D,G,N
sp|Q14449|GRB14_HUMAN,11-17,7,0,M,T,T,S,L,Q,D,G,Q,S,R,D,S,P,L,A,A,Q,V,C
sp|Q1KMD3|HNRL2_HUMAN,116-123,8,0,A,A,Q,P,P,P,E,P,P,E,E,P,D,A,S,E,K,P,A,E
sp|Q86VL8|S47A2_HUMAN,580-585,6,0,S,V,K,Q,L,V,I,R,R,G,S,A,T,L,M,V,G,L,T,V
sp|Q86W56|PARG_HUMAN,889-893,5,0,A,R,L,K,A,L,I,Q,I,L,E,R,D,V,V,Y,F,T,F,G
sp|Q8IZH2|XRN1_HUMAN,373-378,6,0,S,K,V,G,N,K,Y,L,N,E,E,E,A,R,N,Y,K,E,K,K
sp|Q8N2A8|PLD6_HUMAN,9-13,5,0,-,-,M,G,R,L,S,W,Q,V,V,G,L,A,L,T,L,E,A,L
sp|Q8NAP8|ZBT8B_HUMAN,132-153,22,0,L,D,I,C,R,K,M,E,K,E,H,Q,V,D,S,E,S,P,S,S
sp|Q8TD94|KLF14_HUMAN,132-140,9,0,V,Q,T,P,C,S,E,L,A,P,P,E,S,S,S,D,A,P,A,V
sp|Q92729|PTPRU_HUMAN,212-217,6,1,A,G,Q,N,A,S,F,Q,C,M,E,A,E,R,F,L,L,Q,R,Q
sp|Q96CM3|RUSD4_HUMAN,33-40,8,0,L,F,T,L,V,S,K,P,F,C,I,N,A,Q,R,L,A,E,K,L
sp|Q9BZP6|CHIA_HUMAN,182-186,5,0,Q,I,N,K,P,R,L,M,V,T,G,I,S,N,I,Q,S,G,Y,E
sp|Q9C0H2|TTYH3_HUMAN,48-52,5,0,D,Y,Q,Q,A,L,L,L,L,G,C,L,A,L,D,L,L,F,L,L
sp|Q9P219|DAPLE_HUMAN,1911-1918,8,0,Q,S,A,T,A,P,A,I,A,T,G,S,G,S,N,S,Q,L,L,H
sp|Q9P219|DAPLE_HUMAN,1932-1937,6,0,S,N,S,Q,L,L,H,F,S,P,R,T,K,P,K,A,P,P,R,S
sp|Q9UKD1|GMEB2_HUMAN,57-67,11,0,L,T,E,D,N,M,E,T,E,N,S,S,Q,L,K,E,A,V,L,V
sp|A6NFF2|NP1L6_HUMAN,20-25,6,0,T,A,G,E,M,G,P,L,L,G,S,P,Q,S,L,M,E,Y,S,S
sp|A6NNN8|S38A8_HUMAN,18-22,5,0,S,R,G,L,P,E,K,P,H,P,T,L,S,S,M,G,A,V,F,I
sp|O43147|SGSM2_HUMAN,775-781,7,0,A,G,E,L,E,A,G,E,E,L,Y,T,I,E,L,L,D,T,V,A
sp|O43759|SNG1_HUMAN,146-152,7,0,K,D,N,P,L,N,E,G,T,D,F,S,F,F,S,I,F,T,W,A
sp|P04792|HSPB1_HUMAN,67-72,6,1,P,L,P,P,A,A,I,E,S,P,Y,S,R,A,L,S,R,Q,L,S
sp|P0DMQ5|INAM2_HUMAN,91-94,4,0,N,A,T,G,P,S,G,T,S,G,G,P,N,T,T,G,S,S,R,R
sp|P10412|H14_HUMAN,5-15,11,0,-,-,-,-,-,-,M,S,E,T,E,K,T,P,V,K,K,K,A,R
sp|P10412|H14_HUMAN,65-69,5,0,S,G,V,S,L,A,A,L,K,K,G,Y,D,V,E,K,N,N,S,R
sp|P10412|H14_HUMAN,123-128,6,0,S,G,E,A,K,P,K,A,K,K,K,K,P,A,G,A,A,K,K,P
sp|P10412|H14_HUMAN,162-167,6,0,K,K,T,P,K,K,A,K,K,P,K,K,A,K,S,P,K,K,A,K
sp|P20591|MX1_HUMAN,11-16,6,0,M,V,V,S,E,V,D,I,A,K,S,H,P,L,L,L,N,G,D,A
sp|P55316|FOXG1_HUMAN,381-386,6,0,E,I,P,Y,A,T,H,H,L,T,S,V,P,C,G,L,S,V,P,C
sp|Q13459|MYO9B_HUMAN,1064-1069,6,0,A,E,E,K,E,R,E,A,L,E,E,E,G,G,Q,G,Q,A,A,G
sp|Q13459|MYO9B_HUMAN,2087-2092,6,0,P,S,H,L,P,R,W,A,P,G,P,V,R,R,R,E,P,P,A,R
sp|Q16549|PCSK7_HUMAN,76-81,6,0,E,E,E,T,L,E,Q,Q,A,D,G,L,V,N,A,G,R,I,G,E
sp|Q16549|PCSK7_HUMAN,407-413,7,0,G,C,T,E,G,H,T,G,T,S,G,M,I,A,L,M,L,Q,V,R
sp|Q1A5X7|WHAL1_HUMAN,54-59,6,0,M,E,Q,D,V,K,R,F,G,Q,I,P,R,L,E,K,L,K,L,M
sp|Q2M3G0|ABCB5_HUMAN,219-223,5,0,V,T,L,S,T,S,P,L,I,M,C,S,R,M,V,I,S,L,T,S
sp|Q2M3G0|ABCB5_HUMAN,1128-1132,5,0,R,V,V,P,L,D,E,I,K,E,N,I,H,S,F,I,E,G,L,P
sp|Q66K66|TM198_HUMAN,130-133,4,0,L,V,G,L,L,L,G,L,L,L,L,L,G,S,A,P,Y,Y,Q,P
sp|Q6UXU4|GSG1L_HUMAN,65-76,12,0,S,G,A,N,A,T,A,N,G,T,S,G,N,G,P,P,G,G,A,L
sp|Q6ZMZ0|RN19B_HUMAN,66-72,7,0,P,P,P,P,A,A,Q,P,P,P,Q,G,P,P,P,E,A,L,P,A
sp|Q6ZMZ0|RN19B_HUMAN,85-97,13,0,P,P,P,E,A,L,P,A,E,P,E,P,G,F,D,D,E,E,A,A
sp|Q7Z2K6|ERMP1_HUMAN,23-26,4,0,H,R,V,G,V,E,R,R,E,G,P,P,P,E,R,E,A,R,A,Q
sp|Q8WXH2|JPH3_HUMAN,369-374,6,0,I,R,E,K,V,D,R,A,V,E,T,I,A,K,Q,K,A,E,I,A
sp|Q8WXH2|JPH3_HUMAN,393-402,10,0,I,A,A,S,R,T,S,H,S,R,Q,K,A,Q,E,E,A,R,I,A
sp|Q92882|OSTF1_HUMAN,143-148,6,0,L,N,Q,Q,N,K,L,G,D,T,W,K,G,Y,A,D,I,V,Q,L
sp|Q96FS4|SIPA1_HUMAN,594-599,6,0,G,V,R,A,A,P,G,A,R,V,S,G,P,E,G,I,E,V,P,C
sp|Q9BRP8|PYM1_HUMAN,133-138,6,0,Q,L,P,S,A,P,Q,G,S,R,S,D,Q,P,D,S,A,A,T,T
sp|Q9BZC1|CELF4_HUMAN,203-208,6,1,G,C,A,F,V,K,Y,S,S,H,I,N,A,L,H,G,S,Q,T,M
sp|Q9BZC1|CELF4_HUMAN,289-294,6,0,V,A,Q,G,G,Y,L,N,P,M,Q,M,Q,Q,M,A,A,L,N,M
sp|Q9BZC1|CELF4_HUMAN,390-395,6,0,Y,A,G,V,Q,Q,Y,A,G,P,Y,G,Q,I,S,Q,A,F,P,Q
sp|Q9HA90|EFCC1_HUMAN,113-118,6,0,G,N,S,R,D,V,T,P,G,D,T,D,G,D,S,D,T,D,E,E
sp|Q9HA90|EFCC1_HUMAN,263-271,9,0,A,V,R,E,L,R,Q,A,Q,G,G,R,L,R,R,G,Q,A,E,V
sp|Q9HA90|EFCC1_HUMAN,582-589,8,0,A,C,Q,L,L,R,R,Q,P,S,L,T,N,P,L,L,V,S,C,-
sp|Q9NRC8|SIR7_HUMAN,253-258,6,0,G,T,L,G,Q,P,L,N,W,E,S,R,A,D,T,I,L,C,L,G
sp|Q9UBS5|GABR1_HUMAN,832-837,6,1,V,T,M,I,L,S,S,Q,Q,D,S,L,A,I,V,F,S,S,Y,I
sp|Q9UHR6|ZNHI2_HUMAN,171-177,7,0,T,P,P,D,S,V,K,D,A,S,E,R,V,L,G,D,V,P,G,A
sp|Q9UHR6|ZNHI2_HUMAN,263-268,6,0,A,Q,Q,V,F,A,S,A,E,E,H,V,L,E,A,G,E,H,P,P
sp|Q9Y6A9|SPCS1_HUMAN,17-24,8,0,T,G,C,T,G,P,S,E,T,S,L,P,G,L,E,G,P,A,T,D
sp|O15266|SHOX_HUMAN,257-267,11,0,G,L,P,I,A,S,L,A,E,S,K,S,N,S,K,N,S,S,I,A
sp|O94829|IPO13_HUMAN,10-18,9,1,-,M,E,R,R,E,E,Q,P,G,L,D,F,T,V,E,N,V,E,K
sp|O94829|IPO13_HUMAN,245-249,5,1,P,L,Q,D,C,E,A,L,I,Q,L,Q,D,S,E,L,F,D,S,S
sp|O95954|FTCD_HUMAN,360-369,10,0,R,S,A,A,P,G,G,G,S,V,L,G,S,M,V,G,L,M,T,Y
sp|P04075|ALDOA_HUMAN,349-353,5,1,C,Q,G,K,Y,T,P,S,G,Q,S,E,S,L,F,V,S,N,H,A
sp|P50281|MMP14_HUMAN,63-67,5,0,H,T,Q,R,S,P,Q,S,L,S,M,Q,K,F,Y,G,L,Q,V,T
sp|P50281|MMP14_HUMAN,536-541,6,0,I,I,E,V,D,E,E,G,G,G,V,V,L,P,V,L,L,L,L,L
sp|Q15345|LRC41_HUMAN,298-303,6,0,R,P,R,R,D,A,A,E,R,C,S,R,R,K,S,E,A,K,Q,M
sp|Q5TF58|IFFO2_HUMAN,129-135,7,0,P,G,G,G,H,G,L,S,S,G,N,A,V,A,L,G,G,L,P,P
sp|Q6NUN9|ZN746_HUMAN,2-7,6,0,-,-,-,-,-,-,-,-,-,M,P,I,S,P,W,T,M,A,A,T
sp|Q7Z6E9|RBBP6_HUMAN,439-443,5,0,F,R,D,S,D,N,K,I,L,P,S,E,H,S,K,G,T,S,S,I
sp|Q8IVL1|NAV2_HUMAN,1764-1769,6,0,K,T,I,E,L,L,K,K,Q,N,I,N,G,V,I,N,T,P,E,L
sp|Q8N239|KLH34_HUMAN,134-139,6,0,R,Q,L,A,P,E,N,C,C,F,R,F,G,L,A,H,T,L,D,A
sp|Q8N4T8|CBR4_HUMAN,39-43,5,1,L,A,V,I,A,R,N,L,E,G,G,D,L,G,G,D,H,L,A,F
sp|Q8N6D5|ANR29_HUMAN,15-20,6,0,S,F,K,K,E,T,P,L,A,N,R,R,G,N,L,A,L,L,K,L
sp|Q8WUQ7|CATIN_HUMAN,129-133,5,0,A,S,P,G,R,S,Q,S,P,R,L,S,Q,Q,Q,S,L,Q,E,R
sp|Q96CH1|GP146_HUMAN,184-189,6,1,R,A,L,E,C,A,K,M,Q,N,T,L,V,F,I,G,Y,V,V,P
sp|Q96P11|NSUN5_HUMAN,5-8,4,0,-,-,-,-,-,-,M,G,L,Y,G,V,L,A,G,V,E,S,R,Q
sp|Q9HC96|CAN10_HUMAN,17-22,6,0,A,T,P,A,R,E,L,F,R,D,D,S,S,L,F,C,D,L,S,T
sp|Q9UNZ5|L10K_HUMAN,19-22,4,0,Q,A,H,K,P,A,K,S,K,T,S,E,K,N,R,G,P,R,K,G
sp|Q9UNZ5|L10K_HUMAN,89-92,4,0,L,L,K,A,P,A,K,K,K,G,T,S,S,K,T,P,S,-,-,-
sp|Q9Y2J0|RP3A_HUMAN,359-363,5,0,M,S,H,P,S,G,P,Y,S,Q,P,Q,P,A,A,A,R,Q,P,P
sp|Q9Y2N7|HIF3A_HUMAN,400-404,5,0,A,F,L,H,P,P,S,L,S,E,D,P,R,R,F,C,S,P,D,L
sp|Q9Y651|SOX21_HUMAN,137-146,10,0,P,E,S,L,L,A,N,P,E,K,R,V,F,F,P,Q,S,A,A,A
sp|Q9Y651|SOX21_HUMAN,154-166,13,0,A,A,A,R,V,F,F,P,Q,S,G,S,P,Y,S,L,L,D,L,G
sp|Q9Y651|SOX21_HUMAN,208-219,12,0,P,T,A,G,A,G,A,F,H,G,G,G,H,T,H,S,H,P,S,P
sp|Q9Y651|SOX21_HUMAN,270-275,6,0,M,G,K,P,Q,L,D,P,Y,P,L,-,-,-,-,-,-,-,-,-
tr|A0A1W2PR80|A0A1W2PR80_HUMAN,365-372,8,0,R,D,A,G,M,R,R,T,R,S,P,P,P,S,T,L,N,P,T,S
sp|O43324|MCA3_HUMAN,2-5,4,1,-,-,-,-,-,-,-,-,-,M,E,L,S,L,L,E,K,S,L,G
sp|O94826|TOM70_HUMAN,9-15,7,0,-,-,M,A,A,S,K,P,V,E,V,P,S,S,G,S,G,V,G,G
sp|O95886|DLGP3_HUMAN,949-954,6,0,Q,R,Q,E,A,R,K,R,L,L,S,F,R,H,S,S,A,T,E,S
sp|P42338|PK3CB_HUMAN,871-875,5,1,A,D,I,Q,L,N,S,S,N,V,F,N,K,D,A,L,L,N,W,L
sp|P49765|VEGFB_HUMAN,191-199,9,0,S,T,T,S,A,L,T,P,G,P,S,S,V,A,K,G,G,A,-,-
sp|P49848|TAF6_HUMAN,466-471,6,1,G,P,L,L,C,S,Q,V,V,K,L,Q,A,Q,Q,V,N,R,T,T
sp|P49848|TAF6_HUMAN,523-527,5,0,I,A,L,P,V,Q,T,L,V,S,P,P,Q,P,S,P,P,P,T,K
sp|P51793|CLCN4_HUMAN,258-262,5,0,N,E,G,K,R,R,E,V,L,S,G,V,S,V,A,F,G,A,P,I
sp|P51793|CLCN4_HUMAN,297-302,6,0,P,L,K,T,L,W,R,S,F,F,F,T,L,R,S,I,N,P,F,G
sp|P55197|AF10_HUMAN,618-623,6,0,G,A,L,S,P,S,A,V,S,S,T,T,Q,A,N,T,L,S,G,S
sp|Q15911|ZFHX3_HUMAN,770-784,15,0,G,G,G,E,Q,V,F,S,H,T,N,I,S,S,S,C,G,A,P,S
sp|Q5IJ48|CRUM2_HUMAN,912-916,5,0,T,R,D,S,E,A,W,L,L,R,L,E,G,V,W,L,A,V,R,N
sp|Q8NBP7|PCSK9_HUMAN,388-393,6,1,C,F,V,S,Q,S,G,T,S,Q,G,I,A,A,M,M,L,S,A,E
sp|Q8WY41|NANO1_HUMAN,155-160,6,0,E,E,R,F,A,E,L,S,P,F,V,L,L,G,C,A,P,A,A,A
sp|Q8WY41|NANO1_HUMAN,166-173,8,0,G,R,A,A,A,V,L,L,G,C,T,T,T,S,E,A,T,P,R,E
sp|Q8WY41|NANO1_HUMAN,186-191,6,0,T,S,E,A,T,P,R,E,E,R,E,P,R,L,H,A,A,S,G,A
sp|Q8WY41|NANO1_HUMAN,197-204,8,0,P,A,W,A,A,E,P,R,L,H,R,L,L,K,P,E,L,Q,V,C
sp|Q8WZA9|IRGQ_HUMAN,99-105,7,0,G,E,P,L,A,P,A,L,G,E,R,G,T,P,L,L,A,V,R,N
sp|Q8WZA9|IRGQ_HUMAN,285-291,7,0,W,T,V,P,L,G,H,T,G,T,S,H,P,T,H,Y,D,A,L,I
sp|Q8WZA9|IRGQ_HUMAN,474-479,6,0,P,A,S,P,S,A,A,R,T,K,G,A,W,R,P,A,L,L,A,S
sp|Q8WZA9|IRGQ_HUMAN,488-495,8,0,R,A,G,A,W,R,P,A,L,L,P,L,P,G,L,G,W,A,C,D
sp|Q8WZA9|IRGQ_HUMAN,583-588,6,0,A,L,G,A,L,S,F,L,W,P,T,G,G,L,G,Y,R,A,A,H
sp|Q96HR8|NAF1_HUMAN,6-9,4,0,-,-,-,-,-,M,E,V,V,E,Q,L,E,T,L,K,F,N,G,T
sp|Q9H668|STN1_HUMAN,99-104,6,1,W,K,K,L,N,T,E,S,V,S,R,E,L,S,L,T,S,Q,L,K
sp|Q9H6I2|SOX17_HUMAN,54-59,6,0,V,K,G,E,A,P,A,N,S,G,G,R,A,K,G,E,S,R,I,R
sp|Q9HBH5|RDH14_HUMAN,2-12,11,0,-,-,-,-,-,-,-,-,-,M,L,G,G,A,L,W,L,A,A,R
sp|Q9NY33|DPP3_HUMAN,265-270,6,1,L,Q,K,V,V,E,Q,L,E,K,N,S,H,Q,G,Q,M,L,A,Q
sp|Q9Y646|CBPQ_HUMAN,451-456,6,0,T,V,M,D,P,K,Q,M,N,V,V,V,S,Y,V,V,A,D,M,E
sp|O75526|RMXL2_HUMAN,60-66,7,0,G,F,A,F,V,T,F,E,S,P,R,D,M,N,G,K,S,L,D,G
sp|O75925|PIAS1_HUMAN,562-567,6,0,D,N,Q,H,Y,N,T,S,L,L,V,S,D,D,Q,D,L,L,H,S
sp|O95628|CNOT4_HUMAN,457-462,6,0,K,G,P,G,S,G,F,L,H,P,N,S,L,N,S,T,F,S,V,L
sp|P10275|ANDR_HUMAN,44-48,5,0,I,Q,N,P,G,P,R,H,P,E,P,P,G,A,S,L,L,L,L,Q
sp|P10275|ANDR_HUMAN,137-141,5,0,P,E,R,G,C,V,P,E,P,G,S,K,G,L,P,Q,Q,L,P,A
sp|P10275|ANDR_HUMAN,398-404,7,0,K,L,E,N,P,L,D,Y,G,S,Q,C,R,Y,G,D,L,A,S,L
sp|P55042|RAD_HUMAN,55-61,7,0,R,D,L,Q,A,A,L,T,P,G,G,T,G,T,Q,G,P,R,L,D
sp|Q5RHP9|ERIC3_HUMAN,862-867,6,0,G,E,G,G,S,D,P,I,G,Q,V,G,L,S,K,D,E,A,P,E
sp|Q5RHP9|ERIC3_HUMAN,905-910,6,0,G,E,Q,G,L,E,K,A,V,L,L,N,L,E,H,L,H,E,V,A
sp|Q5TA31|RN187_HUMAN,8-13,6,0,-,-,-,M,A,L,P,A,G,P,L,C,Q,R,A,P,R,E,P,V
sp|Q5TA31|RN187_HUMAN,78-83,6,0,L,S,R,R,L,L,A,L,E,E,R,D,G,P,A,S,E,A,A,L
sp|Q5TA31|RN187_HUMAN,153-158,6,0,L,N,D,A,R,D,L,H,G,Q,V,W,K,G,H,V,M,D,R,R
sp|Q6YHK3|CD109_HUMAN,18-23,6,0,T,A,A,H,L,L,C,V,C,T,P,G,P,R,F,L,V,T,A,P
sp|Q7L5N7|PCAT2_HUMAN,7-12,6,0,-,-,-,-,M,S,R,C,A,Q,T,V,P,G,A,G,V,G,N,V
sp|Q7RTV5|PXL2C_HUMAN,31-35,5,0,P,S,G,P,D,S,G,Q,P,L,E,L,P,V,L,D,A,R,G,Q
sp|Q7Z6J6|FRMD5_HUMAN,133-138,6,0,H,G,R,L,L,C,K,T,S,D,Y,I,L,Q,A,E,I,G,D,Y
sp|Q7Z7N9|T179B_HUMAN,12-17,6,0,A,L,S,W,L,Q,R,V,E,L,F,L,C,G,A,V,A,A,A,A
sp|Q7Z7N9|T179B_HUMAN,22-27,6,0,A,L,F,A,A,A,F,L,C,G,M,T,R,T,Q,G,S,F,S,G
sp|Q86UU1|PHLB1_HUMAN,642-649,8,0,E,A,G,E,L,P,S,I,G,E,G,R,R,P,S,R,G,L,A,G
sp|Q86UU1|PHLB1_HUMAN,1059-1063,5,0,R,R,R,L,A,E,L,K,Q,K,Q,C,Q,W,D,A,L,H,G,A
sp|Q8IY63|AMOL1_HUMAN,701-710,10,0,Y,L,E,E,S,T,I,R,H,F,E,R,D,T,T,I,I,N,H,S
sp|Q8IYA6|CKP2L_HUMAN,8-11,4,0,-,-,-,M,V,G,P,G,P,T,V,E,E,R,Q,R,K,L,Q,E
sp|Q96GZ6|S41A3_HUMAN,161-165,5,0,Q,V,Q,A,T,V,V,G,L,L,L,L,L,G,V,V,S,R,E,E
sp|Q99933|BAG1_HUMAN,63-67,5,0,A,S,G,H,D,R,P,T,R,G,R,R,P,R,M,K,K,K,T,R
sp|Q9BXD5|NPL_HUMAN,132-137,6,1,D,I,L,I,N,F,L,K,E,V,L,P,F,Y,Y,Y,H,I,P,A
sp|Q9BXU2|TX13B_HUMAN,188-195,8,0,T,E,G,A,G,E,Q,E,K,E,G,G,K,G,E,E,R,Y,A,E
sp|Q9GZT9|EGLN1_HUMAN,118-124,7,0,A,K,G,K,V,K,A,K,P,P,S,P,C,R,A,A,A,G,G,Q
sp|Q9GZT9|EGLN1_HUMAN,137-142,6,0,C,R,A,A,A,G,G,Q,G,S,E,P,G,K,E,E,P,P,A,R
sp|Q9NPF0|CD320_HUMAN,233-236,4,0,S,G,S,P,T,A,Y,G,V,I,V,L,S,A,S,L,V,T,A,T
sp|Q9NRK6|ABCBA_HUMAN,123-128,6,0,L,P,R,A,R,F,P,G,G,P,G,D,E,A,W,R,R,G,P,A
sp|Q9NRK6|ABCBA_HUMAN,226-230,5,1,L,G,L,S,A,V,F,L,C,G,I,R,V,Y,L,M,Q,T,S,G
sp|Q9ULX5|RN112_HUMAN,568-579,12,0,L,M,G,L,A,G,G,V,V,G,G,M,V,A,A,G,A,A,V,G
sp|Q9ULX5|RN112_HUMAN,583-587,5,0,A,A,L,A,A,E,A,G,M,V,V,G,A,T,G,A,A,V,V,G
sp|Q9UP79|ATS8_HUMAN,428-432,5,0,D,G,G,H,G,D,C,L,L,D,L,P,L,P,T,G,L,P,G,R
sp|O43824|GTPB6_HUMAN,23-28,6,0,R,L,S,R,V,G,R,G,R,S,P,S,C,P,A,R,A,L,A,A
sp|O43824|GTPB6_HUMAN,33-38,6,0,A,P,R,A,A,A,P,S,C,P,V,G,R,R,S,P,G,N,L,E
sp|O60294|TYW4_HUMAN,199-204,6,0,A,V,L,T,Y,L,E,P,E,S,W,A,A,Q,R,F,P,N,A,L
sp|O60826|CCD22_HUMAN,462-467,6,0,E,I,Q,E,L,H,Q,S,V,R,R,R,K,E,E,V,Y,K,Q,L
sp|O75607|NPM3_HUMAN,2-10,9,0,-,-,-,-,-,-,-,-,-,M,F,L,S,Q,E,S,R,T,R,A
sp|P08236|BGLR_HUMAN,6-11,6,0,-,-,-,-,-,M,A,R,G,S,L,G,P,L,L,W,G,C,A,L
sp|Q15149|PLEC_HUMAN,1660-1665,6,0,A,E,V,E,L,A,S,R,V,K,R,E,K,Q,R,A,L,Q,A,L
sp|Q15149|PLEC_HUMAN,1880-1883,4,0,E,E,E,L,A,R,L,Q,R,E,T,Q,K,R,Q,E,L,E,A,E
sp|Q15149|PLEC_HUMAN,2074-2079,6,0,I,L,A,L,K,A,S,F,E,K,E,L,E,L,E,L,G,R,I,R
sp|Q15149|PLEC_HUMAN,2222-2227,6,0,V,L,D,Q,L,R,G,E,A,E,E,E,A,E,E,A,R,V,Q,A
sp|Q15149|PLEC_HUMAN,2266-2272,7,0,Q,S,A,E,E,Q,A,Q,A,R,E,K,L,R,K,E,A,E,Q,E
sp|Q15149|PLEC_HUMAN,2423-2428,6,0,V,A,E,E,A,A,R,L,S,V,R,L,R,Q,L,A,E,E,D,L
sp|Q7Z5Q5|DPOLN_HUMAN,722-727,6,0,L,Q,K,Y,K,K,I,K,D,F,Q,C,H,Q,T,G,C,V,V,S
sp|Q8NA72|POC5_HUMAN,461-465,5,0,V,P,V,S,A,L,G,A,G,S,S,E,E,M,Y,V,P,R,V,V
sp|Q8NCE2|MTMRE_HUMAN,2-13,12,0,-,-,-,-,-,-,-,-,-,M,G,S,S,A,S,S,G,N,Q,P
sp|Q8TE68|ES8L1_HUMAN,167-172,6,0,N,Y,R,S,G,R,G,E,R,R,T,Q,E,E,L,Q,R,D,R,S
sp|Q92614|MY18A_HUMAN,1700-1705,6,0,N,Q,L,E,E,S,E,F,T,C,R,K,A,M,E,V,E,I,E,D
sp|Q92614|MY18A_HUMAN,1764-1769,6,0,D,M,N,E,L,M,K,K,H,K,S,R,D,L,A,Q,I,N,D,L
sp|Q969W9|PMEPA_HUMAN,11-15,5,0,M,H,R,L,M,G,V,N,S,T,G,Q,P,N,V,S,C,T,C,N
sp|Q96I82|KAZD1_HUMAN,8-12,5,0,-,-,-,M,L,P,P,P,R,P,L,P,V,L,L,L,L,L,V,V
sp|Q96P64|AGAP4_HUMAN,43-48,6,0,E,A,G,A,G,D,R,M,A,G,V,Q,P,A,E,V,T,V,E,V
sp|Q9H511|KLH31_HUMAN,187-191,5,0,N,I,A,E,T,Y,S,L,K,N,Q,K,F,I,R,D,N,F,L,E
sp|Q9H6L5|RETR1_HUMAN,60-67,8,0,A,E,G,A,G,L,Q,V,E,E,V,T,W,L,L,G,E,P,V,L
sp|Q9H6L5|RETR1_HUMAN,419-424,6,0,M,S,N,L,A,G,D,V,I,T,I,K,D,Q,L,E,G,V,Q,Q
sp|Q9UNW9|NOVA2_HUMAN,240-249,10,0,P,Y,A,S,P,A,D,V,L,P,S,G,L,L,G,P,A,G,L,A
sp|Q9UNW9|NOVA2_HUMAN,310-324,15,0,L,N,S,A,A,A,S,G,V,L,N,L,L,A,S,Y,A,G,E,A
sp|Q9UNW9|NOVA2_HUMAN,357-362,6,0,P,P,P,P,G,A,L,G,S,F,N,G,Y,L,G,A,G,A,G,G
sp|Q9UNW9|NOVA2_HUMAN,383-391,9,0,G,A,G,G,G,G,G,P,L,V,G,G,F,L,T,A,E,K,L,A
sp|Q9UNW9|NOVA2_HUMAN,464-469,6,0,N,R,R,V,T,I,T,G,S,P,Q,Y,L,I,S,Q,R,V,T,Y
sp|Q9Y5X4|NR2E3_HUMAN,14-23,10,0,R,P,T,A,L,M,S,S,T,V,S,R,K,E,S,P,G,R,W,G
sp|A6NK02|TRI75_HUMAN,2-6,5,0,-,-,-,-,-,-,-,-,-,M,L,T,G,L,Q,A,E,A,K,C
sp|O15020|SPTN2_HUMAN,458-463,6,0,V,S,Q,D,N,F,G,L,E,L,V,R,K,H,E,A,I,E,T,D
sp|O15020|SPTN2_HUMAN,488-493,6,0,S,G,R,V,Q,A,V,D,A,V,E,R,Y,H,D,I,K,R,I,A
sp|O15020|SPTN2_HUMAN,630-635,6,0,E,Q,S,Y,E,A,L,C,E,L,R,L,E,E,S,R,R,L,W,R
sp|O15020|SPTN2_HUMAN,718-723,6,0,V,A,E,G,H,P,G,A,S,Q,E,L,Q,A,Q,W,E,R,L,E
sp|O15020|SPTN2_HUMAN,1022-1027,6,0,A,A,R,V,G,E,L,T,R,E,G,H,P,A,Q,A,V,A,I,N
sp|O15020|SPTN2_HUMAN,1206-1210,5,0,S,H,T,E,M,P,G,T,L,Q,I,K,K,L,E,D,F,M,S,T
sp|O15020|SPTN2_HUMAN,1553-1559,7,0,R,I,A,D,L,R,E,R,Q,R,G,P,E,L,A,E,L,Q,E,M
sp|O15020|SPTN2_HUMAN,1597-1602,6,0,A,L,R,A,Q,Q,F,Y,R,D,W,M,G,E,Q,E,L,H,M,M
sp|O15020|SPTN2_HUMAN,2261-2266,6,0,R,R,G,S,L,G,F,Y,K,D,G,V,P,Y,H,G,E,V,P,V
sp|O15020|SPTN2_HUMAN,2325-2330,6,0,E,M,S,S,W,L,R,V,V,N,S,S,A,S,G,E,P,E,E,P
sp|P11940|PABP1_HUMAN,495-504,10,0,T,S,T,Q,T,M,G,P,R,P,V,R,T,V,P,Q,Y,K,Y,A
sp|P36956|SRBP1_HUMAN,218-223,6,0,V,V,P,Q,Q,L,L,T,V,T,P,V,T,T,T,V,T,S,Q,I
sp|P36956|SRBP1_HUMAN,849-854,6,0,Y,L,Q,L,L,N,S,C,S,D,Y,S,F,S,I,S,S,S,M,A
sp|P36956|SRBP1_HUMAN,992-997,6,0,T,S,L,W,R,Q,Q,Q,P,P,Q,G,T,S,S,R,P,Q,A,S
sp|P48594|SPB4_HUMAN,343-348,6,0,F,V,E,V,T,E,E,G,V,E,V,V,V,V,E,L,S,S,P,S
sp|P51589|CP2J2_HUMAN,9-14,6,0,-,-,M,L,A,A,M,G,S,L,V,V,H,P,R,T,L,L,L,G
sp|Q12809|KCNH2_HUMAN,78-83,6,1,F,L,H,G,P,R,T,Q,R,R,Q,A,L,L,G,A,E,E,R,K
sp|Q14249|NUCG_HUMAN,46-49,4,0,L,L,G,R,L,P,V,L,P,V,E,L,P,P,V,P,G,G,P,R
sp|Q14249|NUCG_HUMAN,143-146,4,0,R,G,S,G,F,D,R,G,H,L,N,H,R,W,S,Q,K,A,M,D
sp|Q7Z7F0|KHDC4_HUMAN,55-64,10,0,P,G,G,T,T,A,A,P,S,G,K,I,N,A,M,L,M,A,K,G
sp|Q8IVW6|ARI3B_HUMAN,341-353,13,0,Y,S,S,S,L,F,G,Y,S,P,L,L,S,P,P,K,I,R,F,P
sp|Q8IVW6|ARI3B_HUMAN,478-484,7,0,I,R,I,N,G,R,A,E,D,R,L,N,L,T,T,S,S,I,G,S
sp|Q8IYN6|UBAD2_HUMAN,20-25,6,0,H,Q,V,M,I,N,Q,F,V,L,D,Q,A,K,Q,L,L,Q,A,A
sp|Q8IYU8|MICU2_HUMAN,2-5,4,0,-,-,-,-,-,-,-,-,-,M,G,S,C,A,R,V,A,A,W,G
sp|Q8IYU8|MICU2_HUMAN,36-50,15,0,R,Q,A,V,R,S,P,G,P,L,W,H,H,S,R,V,S,V,A,A
sp|Q8N2G8|GHDC_HUMAN,221-226,6,0,L,G,L,E,T,D,G,E,E,L,G,N,P,G,A,P,L,R,E,R
sp|Q8N2G8|GHDC_HUMAN,271-276,6,0,V,V,V,T,L,D,A,G,G,Q,L,G,A,L,W,C,Q,G,L,A
sp|Q8N2G8|GHDC_HUMAN,497-501,5,0,V,G,Q,G,A,F,R,A,L,R,C,P,S,S,P,F,P,P,A,M
sp|Q96MC6|MF14A_HUMAN,339-345,7,0,G,F,G,S,E,P,W,M,M,W,M,S,S,I,T,F,P,A,V,S
sp|Q9H3H3|CK068_HUMAN,2-10,9,0,-,-,-,-,-,-,-,-,-,M,G,V,G,R,G,G,G,G,A,E
sp|Q9H3H3|CK068_HUMAN,67-73,7,1,R,E,D,G,F,T,A,E,H,L,D,M,D,P,W,L,V,F,D,A
sp|Q9HCD6|TANC2_HUMAN,925-928,4,0,S,E,S,G,L,T,P,L,G,Y,G,Y,L,S,I,V,V,L,L,C
sp|Q9HCD6|TANC2_HUMAN,994-999,6,0,V,F,K,K,S,H,A,I,Q,Q,S,M,G,Y,T,E,I,V,S,Y
sp|Q9HCD6|TANC2_HUMAN,1037-1042,6,0,N,S,F,D,S,L,W,G,E,T,G,R,G,K,L,E,V,C,R,L
sp|Q9NP73|ALG13_HUMAN,849-853,5,0,N,Y,P,Q,K,M,M,G,N,I,S,C,A,N,N,V,P,A,P,V
sp|Q9NP73|ALG13_HUMAN,868-873,6,0,N,V,P,A,P,V,L,S,N,G,I,S,T,T,S,V,S,S,Q,N
sp|Q9NTN9|SEM4G_HUMAN,533-537,5,0,P,Y,C,G,W,D,P,G,T,H,T,T,I,A,N,R,T,A,L,I
sp|Q9NYY3|PLK2_HUMAN,367-370,4,0,S,S,P,A,K,N,F,F,K,K,L,F,G,G,K,K,D,K,A,R
sp|O43435|TBX1_HUMAN,54-60,7,0,P,P,P,P,P,R,Y,D,P,C,P,G,P,P,P,P,P,H,A,Y
sp|O43435|TBX1_HUMAN,73-84,12,0,P,P,P,P,P,H,A,Y,P,F,E,P,E,G,P,G,A,S,C,A
sp|O43435|TBX1_HUMAN,91-99,9,0,S,A,A,A,E,P,E,G,P,G,P,V,K,K,N,A,K,V,A,G
sp|O43896|KIF1C_HUMAN,898-903,6,0,V,P,W,A,P,P,E,G,S,E,P,S,D,R,M,P,S,A,R,P
sp|P02765|FETUA_HUMAN,163-170,8,0,A,P,L,N,D,T,R,V,V,H,F,N,A,Q,N,N,G,S,N,F
sp|P20265|PO3F2_HUMAN,171-175,5,0,H,H,P,G,P,G,A,W,R,S,H,L,P,P,S,M,G,A,S,N
sp|P49588|SYAC_HUMAN,674-678,5,0,K,A,V,Y,T,Q,D,C,P,L,I,Q,G,L,R,A,V,F,D,E
sp|Q15637|SF01_HUMAN,549-553,5,0,G,S,I,P,P,W,Q,Q,Q,Q,S,P,G,A,P,Q,M,Q,G,N
sp|Q16186|ADRM1_HUMAN,233-239,7,0,S,S,T,R,A,T,P,A,P,S,T,S,P,S,P,A,P,S,S,G
sp|Q5KSL6|DGKK_HUMAN,5-8,4,0,-,-,-,-,-,-,M,D,R,G,Q,G,T,A,P,P,Q,D,G,E
sp|Q5KSL6|DGKK_HUMAN,722-730,9,0,D,R,L,S,V,L,I,D,V,L,E,K,S,A,T,E,Y,A,D,S
sp|Q5VWI1|TCRGL_HUMAN,100-105,6,0,L,L,P,L,P,S,A,P,D,S,H,P,F,P,A,L,H,G,Q,W
sp|Q5VWI1|TCRGL_HUMAN,239-247,9,0,S,L,K,V,T,S,S,P,A,I,M,V,S,V,D,P,E,N,L,R
sp|Q6UX71|PXDC2_HUMAN,7-12,6,0,-,-,-,-,M,A,R,F,P,K,G,V,M,L,L,C,H,F,F,T
sp|Q8N1G0|ZN687_HUMAN,55-59,5,0,P,G,V,G,S,E,S,E,D,T,G,D,G,P,G,V,P,A,Q,A
sp|Q8NFJ8|BHE22_HUMAN,9-12,4,0,-,-,M,E,R,G,M,H,L,G,G,E,D,D,L,F,L,H,K,S
sp|Q8NFJ8|BHE22_HUMAN,325-333,9,0,A,I,S,A,A,S,L,P,S,S,L,H,P,A,L,G,A,Y,E,Q
sp|Q8WX77|IBPL1_HUMAN,95-99,5,0,C,G,P,G,L,V,C,A,S,Q,P,E,G,T,G,L,C,V,C,A
sp|Q96AQ2|TM125_HUMAN,132-141,10,0,L,V,L,L,V,T,G,L,T,L,R,P,L,A,A,M,L,S,V,G
sp|Q96FF9|CDCA5_HUMAN,234-239,6,0,E,I,L,K,T,E,L,D,E,W,E,F,E,A,A,E,Q,F,D,L
sp|Q96TA2|YMEL1_HUMAN,553-558,6,0,G,A,E,L,E,N,L,V,N,Q,V,D,G,K,E,M,V,T,M,K
sp|Q9BUB5|MKNK1_HUMAN,402-407,6,0,N,S,S,T,M,D,L,T,L,F,L,N,R,Q,L,S,Q,H,E,E
sp|Q9BUN1|MENT_HUMAN,78-83,6,0,N,D,A,M,A,D,A,D,R,L,E,L,L,A,A,T,V,S,T,G
sp|Q9H4B4|PLK3_HUMAN,16-21,6,0,G,F,L,S,P,R,P,F,Q,R,P,P,A,G,P,G,P,P,P,S
sp|Q9UI46|DNAI1_HUMAN,165-169,5,0,T,E,P,G,S,Q,T,D,V,P,E,K,V,T,E,E,E,L,M,T
sp|A1A5C7|S22AN_HUMAN,32-36,5,0,E,E,N,G,S,L,P,P,G,D,P,L,G,G,R,A,G,P,G,G
sp|A1A5C7|S22AN_HUMAN,69-72,4,0,G,G,G,P,H,P,S,C,C,S,P,S,L,L,L,L,D,Y,D,G
sp|A1A5C7|S22AN_HUMAN,667-670,4,0,E,L,K,D,Y,S,G,L,H,D,G,D,T,L,P,E,G,A,T,A
sp|O14559|RHG33_HUMAN,187-191,5,0,L,S,E,E,A,S,L,N,I,P,H,V,I,K,R,Y,T,A,Q,A
sp|O14559|RHG33_HUMAN,1012-1017,6,0,Q,L,R,A,G,G,G,G,R,D,Q,S,P,C,S,V,P,S,Q,V
sp|O14735|CDIPT_HUMAN,202-207,6,0,I,H,L,I,T,A,A,R,N,M,D,R,A,K,K,K,-,-,-,-
sp|P05062|ALDOB_HUMAN,308-313,6,1,L,S,F,S,Y,G,R,A,L,Q,W,G,G,K,A,A,N,K,E,A
sp|P0DMV8|HS71A_HUMAN,2-6,5,1,-,-,-,-,-,-,-,-,-,M,I,G,I,D,L,G,T,T,Y,S
sp|P0DMV8|HS71A_HUMAN,178-182,5,1,N,V,L,R,I,I,N,E,P,T,Y,G,L,D,R,T,G,K,G,E
sp|P0DMV8|HS71A_HUMAN,373-378,6,1,I,N,P,D,E,A,V,A,Y,G,I,L,M,G,D,K,S,E,N,V
sp|P19419|ELK1_HUMAN,117-122,6,0,V,T,S,T,M,P,N,V,A,P,P,G,D,T,V,S,G,K,P,G
sp|P19419|ELK1_HUMAN,184-191,8,0,H,P,R,P,A,V,V,L,P,S,P,P,S,G,S,R,S,T,S,P
sp|P28065|PSB9_HUMAN,69-74,6,1,E,R,I,Y,C,A,L,S,G,S,V,A,D,M,A,A,Y,Q,L,E
sp|P30740|ILEU_HUMAN,333-338,6,0,F,V,E,V,N,E,E,G,T,E,G,I,A,T,F,C,M,L,M,P
sp|P31314|TLX1_HUMAN,63-68,6,0,G,A,Y,T,Y,G,G,G,G,S,G,G,A,G,A,Y,G,T,G,G
sp|P31314|TLX1_HUMAN,232-237,6,1,R,Q,K,Y,L,A,S,A,E,R,L,K,M,T,D,A,Q,V,K,T
sp|P51854|TKTL1_HUMAN,431-438,8,0,Y,P,T,D,A,V,S,T,E,H,K,G,M,C,F,I,R,T,T,R
sp|P51854|TKTL1_HUMAN,489-493,5,0,V,I,G,A,G,I,T,V,Y,E,D,E,L,S,K,Q,D,I,F,I
sp|P55089|UCN1_HUMAN,7-12,6,0,-,-,-,-,M,R,Q,A,G,R,L,L,L,L,V,Q,L,C,P,G
sp|P82912|RT11_HUMAN,131-139,9,0,K,K,G,T,G,I,A,A,Q,T,K,Q,K,G,V,I,H,I,R,V
sp|Q13516|OLIG2_HUMAN,203-212,10,0,A,H,S,A,P,L,P,A,A,T,H,H,P,A,V,H,H,P,I,L
sp|Q13516|OLIG2_HUMAN,225-237,13,0,P,A,V,H,H,P,I,L,P,P,V,S,S,A,S,L,P,G,S,G
sp|Q13516|OLIG2_HUMAN,266-270,5,0,P,P,H,G,L,L,K,S,P,S,P,L,G,G,G,G,G,G,S,G
sp|Q13939|CALI_HUMAN,317-322,6,0,W,M,K,L,S,D,M,P,Y,R,T,S,A,G,R,Y,I,Y,I,S
sp|Q5TGY3|AHDC1_HUMAN,218-222,5,0,P,Q,P,G,Q,G,H,S,P,G,T,G,L,P,P,E,P,E,P,D
sp|Q5TGY3|AHDC1_HUMAN,568-580,13,0,P,G,K,P,K,E,P,A,V,V,M,P,E,V,K,K,R,R,R,R
sp|Q5TGY3|AHDC1_HUMAN,706-710,5,0,E,G,I,G,K,K,K,K,V,V,G,V,G,G,P,G,L,T,E,L
sp|Q5TGY3|AHDC1_HUMAN,1081-1085,5,0,P,K,G,T,T,A,S,A,T,S,S,S,S,S,S,S,F,Q,P,S
sp|Q5TGY3|AHDC1_HUMAN,1253-1257,5,0,E,A,S,H,L,G,F,P,T,S,S,G,Y,P,S,K,R,S,T,G
sp|Q5TGY3|AHDC1_HUMAN,1289-1293,5,0,A,C,S,A,K,K,E,R,G,G,K,F,I,P,K,P,Q,P,V,N
sp|Q5TGY3|AHDC1_HUMAN,1437-1442,6,0,H,G,L,Q,G,A,S,L,G,H,H,L,S,C,R,D,L,P,L,G
sp|Q5TGY3|AHDC1_HUMAN,1532-1536,5,0,A,R,P,P,G,P,P,R,G,P,G,Y,G,C,P,L,L,S,D,L
sp|Q7RTR2|NLRC3_HUMAN,904-909,6,0,S,L,H,L,Q,W,N,F,I,Q,L,G,Q,A,L,Q,L,N,R,S
sp|Q86U86|PB1_HUMAN,359-364,6,0,L,Q,Y,G,S,E,S,E,E,D,R,Y,E,E,G,E,S,E,A,E
sp|Q86UP2|KTN1_HUMAN,662-665,4,0,Q,K,L,Q,A,L,A,N,E,Q,H,E,L,E,K,M,Q,Q,S,V
sp|Q8IUW5|RELL1_HUMAN,10-15,6,0,-,M,A,P,R,A,L,P,G,S,V,F,V,G,G,A,V,S,S,P
sp|Q8IZ83|A16A1_HUMAN,80-86,7,0,S,C,L,Q,A,Q,A,E,D,V,R,M,A,F,K,G,W,S,A,H
sp|Q8IZ83|A16A1_HUMAN,344-349,6,0,R,G,L,D,G,A,V,D,M,G,C,D,L,V,Q,R,F,V,R,E
sp|Q8IZ83|A16A1_HUMAN,594-598,5,0,S,P,G,A,R,A,A,L,L,W,L,E,R,R,K,S,T,L,A,S
sp|Q8N148|OR6V1_HUMAN,143-149,7,0,L,M,S,R,A,M,C,V,Q,L,P,F,L,A,M,V,P,T,V,L
sp|Q8N6U2|CL033_HUMAN,79-84,6,0,P,A,G,D,S,A,R,S,I,V,G,S,G,S,T,P,G,A,G,S
sp|Q8N6U2|CL033_HUMAN,106-109,4,0,D,C,S,P,P,P,H,S,H,S,G,E,S,G,D,I,G,P,G,S
sp|Q8N6U2|CL033_HUMAN,171-174,4,0,S,S,H,C,G,S,R,S,C,S,R,P,S,L,L,Q,L,A,-,-
sp|Q8WU58|F222B_HUMAN,332-340,9,0,C,V,V,N,P,M,E,H,T,H,G,P,V,N,L,P,T,G,I,S
sp|Q8WU58|F222B_HUMAN,488-493,6,0,G,Q,P,T,G,A,P,L,D,C,H,Y,R,A,G,T,G,G,G,P
sp|Q8WXD9|CSKI1_HUMAN,1345-1358,14,0,A,L,H,V,P,A,K,P,P,R,P,P,E,G,A,S,P,G,D,S
sp|Q8WXD9|CSKI1_HUMAN,1378-1386,9,0,S,A,R,Q,K,L,E,E,T,S,V,E,E,K,I,R,Q,E,D,A
sp|Q92876|KLK6_HUMAN,12-16,5,0,K,K,L,M,V,V,L,S,L,I,E,E,Q,N,K,L,V,H,G,G
sp|Q96JK4|HIPL1_HUMAN,69-74,6,0,R,F,W,A,L,A,S,R,V,D,C,A,G,Y,A,R,D,L,L,C
sp|Q96NL3|ZN599_HUMAN,2-7,6,0,-,-,-,-,-,-,-,-,-,M,L,V,S,F,E,D,V,V,V,T
sp|Q9NX62|IMPA3_HUMAN,49-56,8,0,F,G,L,G,G,E,P,G,G,G,D,G,G,T,V,D,L,R,E,M
sp|Q9P2W1|HOP2_HUMAN,6-13,8,0,-,-,-,-,-,M,S,K,G,R,G,I,L,L,R,Y,L,Q,E,Q
sp|O43670|ZN207_HUMAN,290-295,6,0,A,S,S,K,A,L,F,P,S,T,V,Q,G,P,V,G,T,D,F,K
sp|O43670|ZN207_HUMAN,340-345,6,0,A,S,T,T,S,T,T,N,S,T,S,I,T,S,K,P,A,T,L,T
sp|O60264|SMCA5_HUMAN,41-51,11,0,S,S,N,K,G,G,P,E,G,V,G,P,A,D,A,E,M,E,E,I
sp|P00326|ADH1G_HUMAN,214-218,5,1,V,G,L,S,V,V,M,G,C,K,R,I,I,A,V,D,I,N,K,D
sp|P05976|MYL1_HUMAN,12-21,10,0,A,P,K,K,D,V,K,K,P,V,P,A,P,A,P,A,P,A,P,A
sp|P08253|MMP2_HUMAN,27-30,4,1,L,C,L,L,G,C,L,L,S,H,P,S,P,I,I,K,F,P,G,D
sp|P21731|TA2R_HUMAN,158-162,5,1,R,A,W,A,T,V,G,L,V,W,L,G,L,L,P,L,L,G,V,G
sp|P23378|GCSP_HUMAN,45-49,5,1,R,D,S,S,S,G,G,G,D,S,S,R,L,L,E,R,L,L,P,R
sp|P23378|GCSP_HUMAN,202-206,5,1,A,N,A,S,L,L,D,E,G,T,L,Q,L,C,Y,R,H,N,K,R
sp|P43699|NKX21_HUMAN,294-303,10,0,G,H,A,Q,Q,Q,A,Q,H,Q,I,S,V,G,S,G,G,A,G,L
sp|P43699|NKX21_HUMAN,334-339,6,0,A,G,Q,S,P,D,L,A,H,H,L,Q,G,Q,V,S,S,L,S,H
sp|P47914|RL29_HUMAN,135-141,7,0,A,K,A,K,A,K,D,Q,T,K,S,V,P,A,Q,A,P,K,R,T
sp|P48637|GSHB_HUMAN,352-357,6,1,D,V,G,E,E,G,D,Q,A,I,P,S,R,F,V,L,K,P,Q,R
sp|P82673|RT35_HUMAN,2-8,7,0,-,-,-,-,-,-,-,-,-,M,W,L,S,L,Q,S,R,A,R,T
sp|P98088|MUC5A_HUMAN,591-595,5,0,D,F,R,T,L,S,G,V,V,E,F,F,N,T,F,K,T,Q,A,A
sp|P98088|MUC5A_HUMAN,1138-1145,8,0,S,G,G,D,C,E,C,F,C,T,C,H,E,V,G,L,C,V,S,W
sp|Q5TEU4|NDUF5_HUMAN,281-284,4,0,K,A,L,L,H,R,D,T,M,L,V,Y,R,E,M,Y,R,N,E,D
sp|Q6PHR2|ULK3_HUMAN,383-388,6,1,K,P,R,L,L,A,A,L,E,V,K,E,E,A,A,G,G,E,Q,D
sp|Q7Z3S7|CA2D4_HUMAN,847-852,6,0,A,V,A,V,T,V,D,K,R,T,G,V,Q,M,K,L,E,F,L,Q
sp|Q7Z6J8|UBE3D_HUMAN,2-6,5,0,-,-,-,-,-,-,-,-,-,M,E,T,R,V,F,L,E,V,R,G
sp|Q8IXF0|NPAS3_HUMAN,721-726,6,0,I,P,D,S,V,L,T,P,P,G,R,K,T,Q,F,G,A,S,A,T
sp|Q8IXF0|NPAS3_HUMAN,733-740,8,0,G,A,A,A,R,K,T,Q,F,G,P,V,A,S,D,P,L,S,P,P
sp|Q8IZY2|ABCA7_HUMAN,633-638,6,0,S,H,P,G,V,V,F,L,F,L,T,V,T,Q,S,F,L,L,S,A
sp|Q8IZY2|ABCA7_HUMAN,653-658,6,0,S,F,L,L,S,A,F,F,S,R,C,G,G,L,A,Y,F,S,L,Y
sp|Q8IZY2|ABCA7_HUMAN,2034-2040,7,0,L,R,V,P,A,A,R,S,Q,P,E,F,P,G,A,E,L,R,E,A
sp|Q8NFZ8|CADM4_HUMAN,16-19,4,0,R,F,Q,W,P,L,L,L,L,W,G,P,G,A,G,Q,E,V,Q,T
sp|Q8TAE6|PP14C_HUMAN,51-56,6,0,G,S,S,R,E,D,S,A,P,V,G,Q,V,Q,Q,Q,Q,Q,R,R
sp|Q8WUB2|F216A_HUMAN,185-189,5,0,E,R,E,D,S,G,S,S,D,I,P,E,M,L,I,Q,H,S,L,W
sp|Q96AX9|MIB2_HUMAN,882-887,6,0,K,K,L,R,P,D,G,S,E,V,P,G,P,P,R,Q,L,V,E,E
sp|Q96NL1|TMM74_HUMAN,34-39,6,0,R,G,L,P,G,D,Q,A,D,T,L,C,C,Q,K,Q,C,A,S,T
sp|Q9BRR6|ADPGK_HUMAN,58-63,6,0,P,G,P,V,S,P,E,G,R,L,L,I,V,R,P,V,R,R,W,R
sp|Q9BRR6|ADPGK_HUMAN,401-407,7,0,T,V,D,G,H,W,A,N,Q,L,R,V,A,G,T,Q,A,C,A,T
sp|Q9HCS4|TF7L1_HUMAN,490-494,5,0,A,T,P,S,A,A,L,A,S,P,T,H,S,E,Q,A,Q,P,L,S
sp|Q9HCS4|TF7L1_HUMAN,525-529,5,0,L,A,L,H,S,A,A,F,L,S,S,S,S,G,Q,M,G,S,Q,P
sp|Q9NZJ5|E2AK3_HUMAN,49-52,4,0,P,T,A,E,A,A,F,G,L,G,P,T,S,A,T,R,V,P,A,A
sp|Q9NZJ5|E2AK3_HUMAN,61-68,8,0,A,A,P,T,S,A,T,R,V,P,E,V,T,V,E,D,A,E,A,L
sp|Q9NZJ5|E2AK3_HUMAN,77-82,6,0,A,A,E,V,T,V,E,D,A,E,G,E,Q,E,P,R,G,P,E,P
sp|Q9UJ83|HACL1_HUMAN,62-67,6,1,I,K,Y,I,G,M,R,N,E,Q,S,A,I,G,Y,L,T,S,R,P
sp|Q9UJ83|HACL1_HUMAN,224-229,6,1,K,Q,P,L,L,I,I,G,K,G,E,E,S,I,K,K,L,V,E,Q
sp|Q9UJ83|HACL1_HUMAN,433-440,8,1,F,G,T,M,G,V,G,L,G,F,K,D,R,S,P,G,Q,W,I,I
sp|Q9UKI8|TLK1_HUMAN,28-31,4,0,Q,L,S,T,S,P,T,P,G,S,R,S,L,L,N,H,T,P,P,S
sp|O14519|CDKA1_HUMAN,13-19,7,0,Y,K,P,N,L,A,A,H,M,P,G,S,V,H,S,P,S,T,S,M
sp|O14558|HSPB6_HUMAN,146-151,6,1,L,S,P,E,G,V,L,S,I,Q,Q,A,P,P,P,A,A,A,K,-
sp|O43312|MTSS1_HUMAN,50-53,4,1,L,Q,S,Q,L,R,T,T,V,V,F,L,D,A,F,Q,K,V,A,D
sp|O43312|MTSS1_HUMAN,450-455,6,0,G,G,P,T,T,A,S,G,P,P,Q,R,P,R,S,M,T,V,S,A
sp|O60469|DSCAM_HUMAN,1197-1202,6,0,D,V,P,G,P,P,A,G,V,K,S,M,V,F,V,S,W,L,P,P
sp|O94868|FCSD2_HUMAN,216-220,5,0,H,A,R,N,D,Y,L,L,T,L,H,Q,D,R,Y,Y,Q,T,D,L
sp|O95831|AIFM1_HUMAN,142-147,6,1,V,P,F,L,L,I,G,G,G,T,R,S,I,R,A,R,D,P,G,A
sp|P15514|AREG_HUMAN,200-206,7,0,S,M,I,D,S,S,L,S,K,I,F,M,S,A,V,I,L,T,A,V
sp|P17693|HLAG_HUMAN,159-164,6,1,A,L,N,E,D,L,R,S,W,T,Q,I,S,K,R,K,C,E,A,A
sp|P17693|HLAG_HUMAN,325-329,5,0,L,V,V,L,A,A,V,V,T,G,V,L,W,R,K,K,S,S,D,-
sp|P19525|E2AK2_HUMAN,63-71,9,1,P,E,G,E,G,R,S,K,K,E,V,E,I,L,N,K,E,K,K,A
sp|P21912|SDHB_HUMAN,29-36,8,1,G,G,A,C,L,Q,A,S,R,G,P,R,I,K,K,F,A,I,Y,R
sp|P42830|CXCL5_HUMAN,37-42,6,0,L,L,T,Q,P,G,P,I,A,S,V,L,R,E,L,R,C,V,C,L
sp|Q00056|HXA4_HUMAN,83-88,6,0,Y,Y,A,P,R,T,A,R,E,P,L,Y,P,A,H,G,A,A,D,T
sp|Q03431|PTH1R_HUMAN,272-279,8,0,R,A,I,A,Q,A,P,P,P,P,G,C,R,V,A,V,T,F,F,L
sp|Q13608|PEX6_HUMAN,790-796,7,1,Q,S,E,E,N,V,R,E,V,F,P,C,I,I,F,F,D,E,L,D
sp|Q14232|EI2BA_HUMAN,21-26,6,1,K,S,Q,M,K,E,D,P,D,M,I,R,T,L,L,E,F,L,K,R
sp|Q14232|EI2BA_HUMAN,140-144,5,1,Y,S,R,V,V,L,R,V,L,E,K,K,R,F,S,V,Y,V,T,E
sp|Q2TBA0|KLH40_HUMAN,601-606,6,0,K,K,W,E,G,V,L,R,E,I,T,F,L,P,V,R,L,N,V,L
sp|Q5VXT5|SYPL2_HUMAN,167-170,4,0,T,V,S,F,T,F,F,W,L,V,W,G,K,G,L,T,D,V,K,G
sp|Q6ZWH5|NEK10_HUMAN,389-394,6,0,E,I,Q,E,N,T,F,S,L,Q,L,T,E,L,V,L,N,D,T,N
sp|Q7Z614|SNX20_HUMAN,224-229,6,0,L,Q,E,K,L,T,A,H,C,P,L,C,A,V,L,L,C,H,R,D
sp|Q7Z614|SNX20_HUMAN,244-249,6,0,L,L,C,H,R,D,L,D,R,P,G,E,R,A,L,Q,R,L,Q,A
sp|Q8IWP9|CC28A_HUMAN,52-56,5,0,S,R,D,V,T,G,A,L,L,V,S,E,A,V,G,S,L,R,V,A
sp|Q8IZD0|SAM14_HUMAN,344-349,6,0,W,L,Q,S,L,N,L,E,Q,Y,R,Q,V,D,G,P,Q,L,L,Q
sp|Q8IZD0|SAM14_HUMAN,387-390,4,0,A,L,V,K,R,K,L,K,E,M,E,K,E,R,K,A,Q,E,K,A
sp|Q8N5Y8|PAR16_HUMAN,7-13,7,1,-,-,-,-,M,Q,P,S,G,W,G,R,D,M,L,A,A,D,L,R
sp|Q8N8Z6|DCBD1_HUMAN,10-15,6,0,-,M,V,P,G,A,R,G,G,G,G,R,G,L,L,A,L,L,L,A
sp|Q9BQE5|APOL2_HUMAN,157-162,6,0,V,L,L,D,T,G,M,G,L,G,G,I,T,C,S,V,V,E,L,V
sp|Q9HCC8|GDPD2_HUMAN,164-169,6,0,Q,A,T,A,P,F,L,H,I,G,L,L,A,W,P,V,A,D,T,F
sp|Q9NYQ7|CELR3_HUMAN,477-485,9,0,N,L,R,Y,R,F,V,G,P,P,F,E,I,D,P,R,S,G,L,I
sp|Q9NYQ7|CELR3_HUMAN,1338-1343,6,0,V,S,F,S,A,L,A,P,R,G,G,P,W,F,S,S,E,E,L,Q
sp|Q9NYQ7|CELR3_HUMAN,1361-1365,5,0,E,L,Q,E,Q,L,Y,V,R,R,R,S,L,L,D,V,L,P,F,D
sp|Q9NYQ7|CELR3_HUMAN,2576-2581,6,0,S,L,K,S,N,V,R,G,I,H,L,G,V,A,E,L,L,F,L,L
sp|Q9NYQ7|CELR3_HUMAN,2776-2781,6,0,A,V,L,L,L,F,C,V,L,N,W,M,P,A,C,L,G,R,K,A
sp|Q9Y2Z0|SGT1_HUMAN,2-9,8,0,-,-,-,-,-,-,-,-,-,M,T,S,Q,R,F,F,Q,S,F,S
sp|Q9Y4E1|WAC2C_HUMAN,1095-1101,7,0,A,A,S,G,E,D,S,T,E,E,P,W,E,G,G,P,V,P,G,V
sp|A0A1B0GVG4|CC194_HUMAN,25-32,8,0,L,A,L,C,G,V,A,V,F,L,L,V,A,W,N,L,A,A,S,A
sp|A0A1B0GVG4|CC194_HUMAN,39-43,5,0,A,G,G,A,L,V,A,W,N,L,R,G,P,R,C,P,E,P,G,A
sp|A0A1B0GVG4|CC194_HUMAN,175-180,6,0,G,V,A,E,A,E,G,E,A,C,L,R,E,R,L,N,V,L,E,A
sp|A6NNM3|RIM3B_HUMAN,827-831,5,0,V,S,L,A,L,E,M,G,G,S,P,K,L,K,I,F,M,A,Q,Y
sp|P05787|K2C8_HUMAN,333-338,6,1,G,L,K,G,Q,R,A,S,L,E,E,Q,R,G,E,L,A,I,K,D
sp|P07237|PDIA1_HUMAN,35-40,6,1,H,V,L,V,L,R,K,S,N,F,H,K,Y,L,L,V,E,F,Y,A
sp|P0DMV9|HS71B_HUMAN,2-6,5,1,-,-,-,-,-,-,-,-,-,M,I,G,I,D,L,G,T,T,Y,S
sp|P0DMV9|HS71B_HUMAN,178-182,5,1,N,V,L,R,I,I,N,E,P,T,Y,G,L,D,R,T,G,K,G,E
sp|P0DMV9|HS71B_HUMAN,373-378,6,1,I,N,P,D,E,A,V,A,Y,G,I,L,M,G,D,K,S,E,N,V
sp|P46092|CCR10_HUMAN,68-73,6,0,G,N,G,L,V,L,A,T,H,L,R,S,P,T,S,A,H,L,L,Q
sp|P46092|CCR10_HUMAN,98-102,5,0,D,L,L,L,A,L,T,L,P,F,L,Q,G,W,S,L,G,S,A,T
sp|Q07021|C1QBP_HUMAN,21-25,5,0,V,L,G,S,S,V,A,G,L,R,S,P,F,R,Q,L,L,Q,P,A
sp|Q0VD83|APOBR_HUMAN,954-959,6,0,R,G,Q,E,E,Q,P,T,H,Q,P,E,S,V,G,E,A,E,T,A
sp|Q10587|TEF_HUMAN,66-69,4,0,K,G,K,E,K,L,E,E,D,E,S,T,M,A,V,S,A,S,L,M
sp|Q13434|MKRN4_HUMAN,2-6,5,0,-,-,-,-,-,-,-,-,-,M,P,G,T,T,V,T,T,S,G,A
sp|Q13434|MKRN4_HUMAN,16-24,9,0,A,P,G,T,T,V,T,T,S,G,E,T,A,E,A,V,S,P,T,P
sp|Q13461|FOXE3_HUMAN,174-179,6,0,R,K,R,F,K,R,A,E,L,P,P,G,P,P,L,P,F,P,Y,A
sp|Q13461|FOXE3_HUMAN,241-249,9,0,G,L,G,A,P,E,P,P,C,C,F,P,P,C,A,A,A,A,S,P
sp|Q13461|FOXE3_HUMAN,254-257,4,0,D,A,A,A,A,A,F,P,P,C,S,P,P,L,Y,S,Q,V,P,D
sp|Q13461|FOXE3_HUMAN,290-295,6,0,P,L,P,A,E,P,L,L,A,L,L,G,P,L,S,P,G,E,A,Y
sp|Q5VVH5|IKBP1_HUMAN,80-84,5,0,V,V,V,R,V,S,S,T,K,E,K,K,S,V,C,R,R,L,D,Y
sp|Q86UU5|GGN_HUMAN,90-95,6,0,P,S,P,V,M,P,P,P,E,E,P,P,P,A,P,A,G,T,L,L
sp|Q86UU5|GGN_HUMAN,513-519,7,0,T,V,A,E,P,S,P,P,V,S,P,I,K,T,R,T,R,R,N,K
sp|Q8IXQ6|PARP9_HUMAN,7-11,5,0,-,-,-,-,M,D,F,S,M,V,Y,N,E,K,S,G,R,I,T,S
sp|Q8IXQ6|PARP9_HUMAN,286-291,6,0,H,L,V,S,N,E,D,P,T,V,S,E,F,I,L,G,K,S,E,L
sp|Q8N3X1|FNBP4_HUMAN,60-66,7,0,A,P,S,A,A,T,T,T,T,T,S,D,D,S,P,S,E,D,E,Q
sp|Q8N3X1|FNBP4_HUMAN,866-870,5,0,M,S,L,Q,S,N,Y,L,G,L,I,M,S,Y,A,E,C,S,V,P
sp|Q8NBM8|PCYXL_HUMAN,13-20,8,0,R,A,A,P,L,L,A,A,L,T,G,G,D,A,P,P,G,K,I,A
sp|Q96EN8|MOCOS_HUMAN,2-6,5,0,-,-,-,-,-,-,-,-,-,M,E,S,G,R,E,L,W,T,F,A
sp|Q96S55|WRIP1_HUMAN,144-152,9,0,P,G,R,K,G,S,G,K,R,P,S,P,R,S,W,D,E,A,E,A
sp|Q96S55|WRIP1_HUMAN,191-199,9,0,D,G,E,D,D,P,G,H,W,D,F,G,A,S,G,G,G,R,P,H
sp|Q9H488|OFUT1_HUMAN,3-7,5,0,-,-,-,-,-,-,-,-,M,G,R,P,L,S,V,S,F,L,L,L
sp|Q9HCF6|TRPM3_HUMAN,1404-1409,6,0,S,S,H,S,V,A,K,E,P,K,N,T,L,A,I,V,P,D,S,R
sp|Q9NYX4|CALY_HUMAN,182-188,7,0,A,K,E,E,R,K,G,P,T,Q,T,E,P,P,G,K,P,S,A,K
sp|Q9NYX4|CALY_HUMAN,203-212,10,0,G,K,P,S,A,K,A,E,K,E,P,P,P,A,Q,-,-,-,-,-
sp|Q9UGM6|SYWM_HUMAN,24-28,5,0,S,F,I,R,A,L,H,K,G,S,L,Q,K,D,S,K,K,R,V,F
sp|O14497|ARI1A_HUMAN,6-10,5,0,-,-,-,-,-,M,A,A,Q,V,S,S,L,G,N,P,P,P,P,P
sp|O14497|ARI1A_HUMAN,39-45,7,0,Q,Q,Q,R,E,E,A,G,G,E,E,R,G,E,M,K,A,A,A,G
sp|O14497|ARI1A_HUMAN,139-142,4,0,S,D,G,V,G,A,P,P,H,S,L,P,P,P,A,Y,G,F,G,Q
sp|O14497|ARI1A_HUMAN,160-167,8,0,F,G,Q,P,Y,G,R,S,P,S,V,F,H,Q,Q,H,G,G,Q,Q
sp|O14497|ARI1A_HUMAN,243-247,5,0,S,P,R,G,G,T,P,G,S,G,G,S,K,P,P,P,S,S,S,A
sp|O14497|ARI1A_HUMAN,339-349,11,0,P,A,D,M,A,S,Q,C,W,G,S,G,G,A,Q,Q,R,S,H,H
sp|O14497|ARI1A_HUMAN,1437-1442,6,0,V,Y,N,Q,Y,G,N,A,Y,P,T,E,R,R,P,A,G,G,P,Q
sp|O14497|ARI1A_HUMAN,2181-2186,6,1,L,A,N,L,A,Q,G,D,S,L,V,Q,K,G,S,I,G,N,L,L
sp|O14556|G3PT_HUMAN,333-338,6,1,Q,P,A,P,Y,S,A,I,K,E,K,G,P,M,A,G,I,L,A,Y
sp|O14732|IMPA2_HUMAN,9-13,5,0,-,-,M,K,P,S,G,E,D,Q,G,P,W,E,E,C,F,Q,A,A
sp|O14732|IMPA2_HUMAN,80-88,9,1,R,E,R,F,P,S,H,R,F,I,K,C,V,L,T,H,S,P,T,W
sp|O15126|SCAM1_HUMAN,316-329,14,0,G,V,M,S,N,K,T,V,Q,T,Q,N,A,F,K,G,N,Q,I,-
sp|O15234|CASC3_HUMAN,385-391,7,0,E,K,E,E,A,A,S,E,P,P,P,P,P,P,D,R,P,I,E,K
sp|P08729|K2C7_HUMAN,334-339,6,0,N,I,K,N,Q,R,A,K,L,E,E,E,R,G,E,L,A,L,K,D
sp|P31270|HXA11_HUMAN,174-186,13,0,S,A,E,K,G,P,P,A,A,T,P,A,T,S,S,S,D,S,G,G
sp|P31270|HXA11_HUMAN,204-207,4,0,S,G,G,G,G,G,C,R,E,T,E,E,K,E,R,R,R,R,P,E
sp|P51798|CLCN7_HUMAN,291-295,5,1,R,D,T,E,K,R,D,F,V,S,G,V,S,A,A,F,G,A,P,V
sp|P53597|SUCA_HUMAN,3-12,10,0,-,-,-,-,-,-,-,-,M,T,T,M,V,S,G,S,S,G,L,A
sp|P53597|SUCA_HUMAN,125-128,4,1,A,S,V,I,Y,V,P,P,P,F,I,N,E,A,I,E,A,E,I,P
sp|Q12837|PO4F2_HUMAN,111-116,6,0,G,G,L,D,E,S,L,L,A,R,V,D,I,V,S,Q,S,K,S,H
sp|Q3C1V8|BSH_HUMAN,194-200,7,0,S,P,E,G,S,P,R,G,S,E,R,L,S,L,P,A,G,P,F,V
sp|Q69YG0|TMM42_HUMAN,51-57,7,0,F,N,C,L,C,A,G,A,F,G,K,L,A,F,G,S,E,V,S,M
sp|Q6QNY1|BL1S2_HUMAN,2-5,4,0,-,-,-,-,-,-,-,-,-,M,E,G,V,L,A,T,R,S,D,E
sp|Q6ZN55|ZN574_HUMAN,657-663,7,0,S,S,L,R,L,R,E,H,R,C,P,R,R,F,E,C,G,T,C,G
sp|Q6ZN55|ZN574_HUMAN,687-692,6,0,G,S,A,A,R,L,Q,A,H,E,G,P,G,E,V,L,A,K,E,P
sp|Q6ZN55|ZN574_HUMAN,857-862,6,0,Q,H,Q,A,A,V,R,Q,Q,L,V,G,L,A,V,M,E,T,A,V
sp|Q6ZSJ9|SHSA6_HUMAN,78-88,11,0,P,E,A,G,S,R,R,G,Q,P,V,T,Y,E,T,C,W,G,Y,Y
sp|Q86UK7|ZN598_HUMAN,2-7,6,0,-,-,-,-,-,-,-,-,-,M,E,G,R,R,A,A,L,E,A,A
sp|Q86UK7|ZN598_HUMAN,12-21,10,0,A,A,A,G,G,A,E,G,R,R,P,E,R,G,G,G,S,C,V,L
sp|Q86UK7|ZN598_HUMAN,346-351,6,0,Y,K,R,E,E,E,D,R,E,V,S,V,A,A,Q,Q,Q,E,E,A
sp|Q8IVD9|NUDC3_HUMAN,101-104,4,0,K,E,E,E,E,A,K,T,V,S,E,K,E,P,V,P,V,P,V,Q
sp|Q8IVD9|NUDC3_HUMAN,154-159,6,0,H,G,S,Q,E,A,E,A,P,G,E,V,P,R,E,P,P,I,L,P
sp|Q92900|RENT1_HUMAN,65-71,7,0,G,G,G,G,A,G,G,P,G,G,G,Q,L,D,A,Q,V,G,P,E
sp|Q96G74|OTUD5_HUMAN,116-122,7,0,P,G,G,P,G,G,G,P,G,D,G,V,G,A,A,G,V,V,V,G
sp|Q96G74|OTUD5_HUMAN,183-186,4,1,A,G,Y,N,S,E,D,E,Y,E,R,I,E,A,M,D,P,A,T,V
sp|Q96G74|OTUD5_HUMAN,437-441,5,0,P,R,K,A,S,A,T,C,S,S,S,S,G,L,E,E,W,T,S,R
sp|Q9H2Z4|NKX24_HUMAN,44-50,7,0,A,P,P,G,L,G,A,P,L,G,P,P,P,G,P,S,S,Q,A,A
sp|Q9H2Z4|NKX24_HUMAN,76-91,16,0,Q,P,S,H,A,M,A,G,H,N,T,Y,H,M,P,P,G,V,S,Q
sp|Q9H2Z4|NKX24_HUMAN,181-187,7,1,D,A,A,K,S,L,G,P,L,H,P,R,R,K,R,R,V,L,F,S
sp|Q9H2Z4|NKX24_HUMAN,330-336,7,0,P,A,L,H,G,P,G,G,G,L,G,E,Y,S,G,G,V,L,G,A
sp|Q9HCU0|CD248_HUMAN,8-12,5,0,-,-,-,M,L,L,R,L,L,L,G,P,T,L,G,Q,D,P,W,A
sp|Q9HD45|TM9S3_HUMAN,11-15,5,0,M,R,P,L,P,G,A,L,G,V,L,W,L,L,L,L,L,L,P,R
sp|Q9ULX6|AKP8L_HUMAN,481-486,6,0,A,M,E,H,F,V,K,K,V,E,C,D,L,F,I,P,M,Q,F,G
sp|Q9UPU9|SMAG1_HUMAN,454-459,6,0,E,S,Q,S,P,D,C,K,D,G,T,A,T,P,S,A,G,A,S,G
sp|A2VEC9|SSPO_HUMAN,754-761,8,0,S,P,C,T,T,H,S,Q,R,H,I,L,H,S,S,V,F,Q,E,C
sp|A2VEC9|SSPO_HUMAN,2038-2045,8,0,P,G,E,N,Q,T,V,Q,P,M,P,S,P,Q,I,R,F,P,L,A
sp|A2VEC9|SSPO_HUMAN,4281-4286,6,0,C,G,G,G,N,Q,V,R,T,R,P,H,H,R,S,P,P,C,L,G
sp|O43525|KCNQ3_HUMAN,8-12,5,0,-,-,-,M,G,L,K,A,R,R,G,G,G,G,D,G,G,G,G,G
sp|O43525|KCNQ3_HUMAN,33-36,4,0,G,G,A,A,N,P,A,G,G,D,G,D,E,E,R,K,V,G,L,A
sp|O43615|TIM44_HUMAN,2-5,4,0,-,-,-,-,-,-,-,-,-,M,L,R,S,G,W,C,R,C,P,R
sp|O60941|DTNB_HUMAN,409-414,6,0,D,E,E,H,R,L,I,A,R,Y,E,A,G,N,V,T,R,P,P,T
sp|O95470|SGPL1_HUMAN,402-407,6,1,I,A,G,S,R,P,G,G,I,S,L,M,H,F,G,E,N,G,Y,V
sp|P11047|LAMC1_HUMAN,22-33,12,0,R,P,R,G,R,L,W,P,V,L,Q,A,A,M,D,E,C,T,D,E
sp|P11047|LAMC1_HUMAN,1155-1160,6,0,I,E,I,A,S,R,E,L,E,K,N,V,S,V,T,Q,P,E,S,T
sp|P11047|LAMC1_HUMAN,1340-1349,10,0,T,E,Q,Q,T,A,D,Q,L,L,E,E,A,A,K,K,G,R,D,T
sp|P11047|LAMC1_HUMAN,1415-1419,5,0,T,R,E,A,Q,Q,A,L,G,S,T,E,A,K,N,K,A,H,E,A
sp|P29474|NOS3_HUMAN,701-706,6,0,Q,E,E,A,F,R,G,W,A,Q,C,E,T,F,C,V,G,E,D,A
sp|P29474|NOS3_HUMAN,716-720,5,0,A,C,E,T,F,C,V,G,E,D,R,D,I,F,S,P,K,R,S,W
sp|P55884|EIF3B_HUMAN,71-77,7,0,G,P,E,S,E,V,R,T,E,P,S,G,P,S,E,S,P,S,P,P
sp|Q15772|SPEG_HUMAN,784-789,6,0,G,E,R,H,T,L,L,L,R,E,G,S,Y,M,A,T,A,T,N,E
sp|Q15772|SPEG_HUMAN,2512-2517,6,0,R,R,L,G,L,P,H,N,Q,L,T,T,P,S,A,E,S,L,G,S
sp|Q49A26|GLYR1_HUMAN,524-527,4,1,G,D,A,V,N,H,P,T,P,M,N,E,V,Y,K,R,A,K,A,L
sp|Q5T036|F120S_HUMAN,182-187,6,0,T,K,S,S,M,L,P,P,K,Q,R,N,L,C,R,G,A,G,C,N
sp|Q7L2E3|DHX30_HUMAN,113-117,5,0,G,S,K,K,I,D,A,E,R,Q,C,Q,L,F,K,G,W,G,L,L
sp|Q7L2E3|DHX30_HUMAN,304-308,5,0,G,R,R,K,A,E,A,E,N,K,C,K,K,L,K,S,L,G,L,V
sp|Q7L4I2|RSRC2_HUMAN,267-271,5,0,M,V,E,K,Q,K,Q,Q,E,I,T,G,G,S,V,L,N,V,A,A
sp|Q7L4I2|RSRC2_HUMAN,296-301,6,0,G,T,Q,V,T,P,Q,I,A,M,L,Q,A,K,A,L,A,E,T,G
sp|Q86TC9|MYPN_HUMAN,241-246,6,0,Q,E,A,K,R,R,E,A,E,Q,G,G,D,T,T,P,G,S,S,P
sp|Q86YC3|LRC33_HUMAN,125-130,6,0,N,C,L,S,E,N,Y,E,E,T,L,P,G,L,R,R,L,D,L,S
sp|Q8N6S4|AN13C_HUMAN,30-33,4,0,G,D,L,L,E,P,G,D,E,E,L,G,G,T,F,T,R,S,R,I
sp|Q8N7R0|NANG2_HUMAN,192-197,6,0,Q,P,N,S,P,A,S,D,L,Q,G,E,G,L,N,V,I,Q,Q,T
sp|Q8NI27|THOC2_HUMAN,2-5,4,0,-,-,-,-,-,-,-,-,-,M,V,V,V,P,A,E,W,I,K,N
sp|Q9BPX5|ARP5L_HUMAN,30-35,6,0,E,N,K,F,V,D,E,Q,E,E,E,P,G,P,D,P,S,E,V,D
sp|Q9BXJ7|AMNLS_HUMAN,396-402,7,0,A,G,R,L,R,W,R,R,H,E,P,L,G,F,R,N,P,V,F,D
sp|Q9H3U1|UN45A_HUMAN,568-573,6,0,A,D,V,K,E,E,F,V,E,D,L,F,Q,L,S,R,L,E,E,R
sp|Q9H3U1|UN45A_HUMAN,708-713,6,0,L,E,G,T,D,V,G,Q,T,K,K,L,T,I,T,S,N,P,E,M
sp|Q9H3U1|UN45A_HUMAN,923-926,4,0,A,K,G,D,H,S,P,V,T,R,C,L,D,K,A,V,E,Y,G,L
sp|Q9HC44|GPBL1_HUMAN,207-213,7,0,V,I,K,K,V,S,K,E,D,P,F,T,S,P,G,S,H,H,A,N
sp|Q9NQT4|EXOS5_HUMAN,211-216,6,1,Y,S,D,T,E,L,Q,Q,C,L,S,Q,H,V,F,R,F,Y,R,E
sp|Q9ULC8|ZDHC8_HUMAN,18-22,5,0,R,L,K,P,A,K,Y,I,P,V,L,L,V,G,S,S,T,L,F,F
sp|Q9ULL4|PLXB3_HUMAN,626-631,6,0,F,S,F,Y,D,C,S,A,V,Q,P,C,R,A,C,V,G,S,I,W
sp|Q9Y2G0|EFR3B_HUMAN,319-324,6,0,R,A,G,I,V,E,V,L,S,E,T,G,S,V,G,P,T,V,L,E
sp|Q9Y5E6|PCDB3_HUMAN,676-681,6,0,F,S,Q,P,Y,L,P,L,P,E,Q,A,D,L,L,T,V,Y,L,V
sp|O95544|NADK_HUMAN,326-333,8,1,V,I,V,S,T,P,T,G,S,T,S,M,I,H,P,N,V,P,A,I
sp|P22681|CBL_HUMAN,756-760,5,0,E,S,S,T,F,G,E,G,N,L,N,T,G,P,E,E,S,E,N,E
sp|P22681|CBL_HUMAN,847-853,7,0,A,G,S,C,Q,Q,G,S,G,P,S,P,Q,L,S,S,E,I,E,N
sp|P39656|OST48_HUMAN,23-28,6,0,G,R,R,R,K,M,E,P,S,T,L,F,W,L,L,L,P,L,L,G
sp|P51787|KCNQ1_HUMAN,68-72,5,0,A,P,G,P,A,P,P,A,S,P,P,P,V,A,S,D,L,G,P,R
sp|P53675|CLH2_HUMAN,198-202,5,0,R,K,V,S,Q,P,I,E,G,H,E,F,K,M,E,G,N,A,K,P
sp|P53675|CLH2_HUMAN,380-385,6,0,T,L,F,A,Q,G,S,Y,A,E,S,A,P,K,G,I,L,R,T,R
sp|P78549|NTH_HUMAN,44-48,5,0,E,E,P,G,P,L,R,R,R,E,R,K,S,H,S,P,V,K,R,P
sp|Q13367|AP3B2_HUMAN,286-290,5,0,E,A,K,G,A,G,S,E,E,T,P,S,R,K,P,Y,V,M,D,P
sp|Q14451|GRB7_HUMAN,119-124,6,0,E,D,G,A,C,R,S,V,E,V,R,H,V,C,E,M,L,V,Q,R
sp|Q15768|EFNB3_HUMAN,227-232,6,0,E,G,P,L,P,P,P,S,M,P,G,G,L,A,L,L,L,L,G,V
sp|Q6WKZ4|RFIP1_HUMAN,83-86,4,0,E,L,P,S,L,L,S,S,G,P,T,L,Q,L,T,V,L,H,R,A
sp|Q6WKZ4|RFIP1_HUMAN,820-825,6,0,S,F,S,E,Q,L,F,T,E,E,L,L,V,E,G,H,S,S,C,P
sp|Q7L0X0|TRIL_HUMAN,499-505,7,0,P,G,L,Q,Q,P,S,P,S,V,P,Q,S,L,D,L,H,K,K,P
sp|Q7L0X0|TRIL_HUMAN,713-718,6,0,L,T,V,N,A,L,L,V,L,L,S,R,W,L,R,R,K,L,R,A
sp|Q7Z6I6|RHG30_HUMAN,333-337,5,0,R,P,A,K,S,M,D,S,L,S,S,D,E,P,E,G,L,V,G,P
sp|Q7Z6I6|RHG30_HUMAN,532-540,9,0,E,W,V,G,A,E,D,G,E,V,F,S,P,G,E,D,D,P,G,M
sp|Q7Z6I6|RHG30_HUMAN,999-1004,6,0,W,R,N,G,G,S,L,S,F,D,R,D,R,Q,R,T,E,A,Q,G
sp|Q8N137|CNTRB_HUMAN,219-224,6,0,T,R,V,L,E,L,Q,Q,Q,L,D,R,K,K,D,T,M,I,E,Q
sp|Q8NAT2|TDRD5_HUMAN,955-964,10,0,K,L,Y,I,P,R,S,T,A,T,T,S,R,S,L,L,H,W,Y,P
sp|Q8WVT3|TPC12_HUMAN,270-275,6,0,P,E,P,V,A,M,R,G,P,Q,S,P,E,P,F,A,H,I,Q,A
sp|Q8WXF3|REL3_HUMAN,23-28,6,1,W,V,L,T,G,E,L,W,P,G,P,Y,G,V,R,L,C,G,R,E
sp|Q92874|DNSL2_HUMAN,16-21,6,0,A,L,L,A,A,L,W,A,L,E,L,R,I,G,A,F,N,I,Q,S
sp|Q9HBB8|CDHR5_HUMAN,344-348,5,0,R,Y,S,V,T,Q,V,T,V,E,G,S,P,P,R,F,P,Q,R,L
sp|Q9HBB8|CDHR5_HUMAN,763-767,5,0,A,S,P,G,G,A,P,E,P,P,G,G,S,P,T,A,V,R,S,I
sp|Q9P2E5|CHPF2_HUMAN,498-505,8,0,R,V,Q,L,V,L,P,L,L,V,F,L,E,A,F,A,A,N,V,L
sp|Q9P2E5|CHPF2_HUMAN,547-550,4,0,G,A,P,D,P,F,L,G,V,K,E,L,E,R,R,Y,P,G,T,R
sp|Q9Y2I1|NISCH_HUMAN,1060-1068,9,0,A,L,A,P,A,P,A,E,V,P,S,G,P,A,K,T,P,A,P,A
sp|Q9Y664|KPTN_HUMAN,5-9,5,0,-,-,-,-,-,-,M,M,G,E,G,P,C,P,L,R,E,D,S,F
sp|U3KPV4|A3LT2_HUMAN,238-245,8,0,P,S,W,L,L,P,F,E,R,D,W,G,Q,G,D,F,Y,N,H,A
sp|O00217|NDUS8_HUMAN,12-19,8,0,R,C,L,T,T,P,M,L,L,R,G,P,P,G,G,R,S,L,H,S
sp|O15294|OGT1_HUMAN,130-136,7,1,P,D,F,I,D,G,Y,I,N,L,G,D,M,E,G,A,V,Q,A,Y
sp|P13501|CCL5_HUMAN,5-9,5,0,-,-,-,-,-,-,M,K,V,S,V,I,L,I,A,T,A,L,C,A
sp|P14902|I23O1_HUMAN,173-177,5,1,F,F,L,V,S,L,L,V,E,I,I,K,V,I,P,T,V,F,K,A
sp|P16389|KCNA2_HUMAN,9-14,6,0,-,-,M,T,V,A,T,G,D,P,L,P,G,H,P,Q,D,T,Y,D
sp|P22736|NR4A1_HUMAN,42-46,5,0,K,P,T,M,D,L,A,S,P,E,P,T,A,L,P,S,F,S,T,F
sp|P25391|LAMA1_HUMAN,1819-1822,4,0,L,I,V,Q,G,R,G,L,I,D,Q,T,D,A,V,Q,D,A,L,E
sp|P35716|SOX11_HUMAN,172-180,9,0,G,S,S,K,K,C,G,K,L,K,G,A,G,K,A,A,Q,S,G,D
sp|P38935|SMBP2_HUMAN,686-690,5,0,G,S,Q,R,Q,E,G,G,Q,E,R,Q,G,R,K,K,P,A,G,K
sp|Q5JTZ9|SYAM_HUMAN,2-9,8,0,-,-,-,-,-,-,-,-,-,M,R,R,L,R,R,A,I,R,R,S
sp|Q5JTZ9|SYAM_HUMAN,36-41,6,0,S,H,R,P,L,S,S,E,P,P,V,R,A,A,F,L,N,F,F,R
sp|Q6AI14|SL9A4_HUMAN,44-49,6,0,A,N,S,T,A,Q,Y,A,S,N,S,S,E,P,E,E,G,I,S,V
sp|Q8WZA2|RPGF4_HUMAN,3-7,5,0,-,-,-,-,-,-,-,-,M,V,H,S,S,S,S,A,E,W,I,A
sp|Q96RN5|MED15_HUMAN,93-97,5,0,N,A,L,Q,S,L,T,G,G,P,G,I,G,M,P,P,R,G,P,G
sp|Q99829|CPNE1_HUMAN,402-406,5,0,A,P,I,I,N,H,V,A,R,F,H,Q,G,T,A,S,Q,Y,F,M
sp|Q9H8N7|ZN395_HUMAN,333-341,9,0,Y,T,E,V,Q,L,K,E,E,S,G,T,P,V,P,G,T,P,T,S
sp|Q9H8N7|ZN395_HUMAN,431-437,7,0,S,P,H,I,Y,T,S,V,S,W,C,S,L,S,P,V,R,S,R,S
sp|Q9NRJ2|GSAS1_HUMAN,130-134,5,0,T,S,G,T,P,T,E,S,T,V,S,T,T,E,V,P,S,R,L,P
sp|Q9UFD9|RIM3A_HUMAN,589-594,6,0,Q,R,R,R,E,C,Q,E,L,G,R,R,R,G,E,E,A,E,T,Q
sp|Q9UFD9|RIM3A_HUMAN,827-831,5,0,V,S,L,A,L,E,M,G,G,S,P,K,L,K,I,F,M,A,Q,Y
sp|Q9UFG5|CS025_HUMAN,107-115,9,0,L,E,R,E,V,A,Q,M,K,Q,S,S,G,-,-,-,-,-,-,-
sp|Q9Y2Y9|KLF13_HUMAN,2-5,4,0,-,-,-,-,-,-,-,-,-,M,Y,V,D,H,F,A,A,E,C,L
sp|Q9Y2Y9|KLF13_HUMAN,38-42,5,0,R,E,G,P,E,S,R,P,E,G,T,P,T,L,P,R,V,E,E,R
sp|Q9Y2Y9|KLF13_HUMAN,87-92,6,0,A,P,A,P,A,E,R,R,E,G,R,T,P,C,R,L,P,P,P,A
sp|Q9Y2Y9|KLF13_HUMAN,110-116,7,0,P,P,A,P,E,P,T,S,P,G,P,P,S,P,A,W,S,E,P,E
sp|Q9Y3R5|DOP2_HUMAN,749-753,5,0,L,G,G,S,R,E,E,R,R,E,C,H,L,L,L,D,C,A,T,F
sp|Q9Y3R5|DOP2_HUMAN,974-979,6,0,V,L,D,S,L,A,C,T,D,G,Q,G,W,L,V,R,A,L,S,L
sp|Q9Y3R5|DOP2_HUMAN,1689-1693,5,0,L,T,A,H,L,G,V,Q,L,T,V,W,S,R,K,K,A,Q,R,H
sp|Q9Y3R5|DOP2_HUMAN,1879-1884,6,0,E,S,D,A,E,E,D,L,Y,D,M,V,S,S,S,A,P,S,V,Y
sp|A8MPP1|D11L8_HUMAN,546-551,6,0,L,Q,S,L,Q,P,R,T,T,E,D,E,S,Q,A,S,V,P,Q,P
sp|O60292|SI1L3_HUMAN,372-382,11,0,V,S,Q,R,R,N,T,T,T,G,S,L,T,A,S,R,A,H,S,L
sp|P06865|HEXA_HUMAN,13-17,5,0,S,S,R,L,W,F,S,L,L,L,G,R,A,T,A,L,W,P,W,P
sp|P0C1S8|WEE2_HUMAN,425-430,6,0,A,D,I,F,A,L,G,L,T,I,E,S,L,P,T,N,G,A,A,W
sp|P0C1S8|WEE2_HUMAN,477-481,5,0,I,Q,P,D,A,E,Q,R,P,S,R,N,T,V,L,R,P,S,L,G
sp|P17661|DESM_HUMAN,134-138,5,0,E,K,V,R,F,L,E,Q,Q,N,E,V,N,R,L,K,G,R,E,P
sp|P29353|SHC1_HUMAN,372-377,6,0,G,V,V,D,M,R,L,R,E,G,R,P,T,A,P,N,A,Q,T,P
sp|Q13324|CRFR2_HUMAN,129-134,6,1,V,N,Y,L,G,H,C,V,S,V,F,L,L,F,L,A,L,R,S,I
sp|Q13621|S12A1_HUMAN,749-753,5,0,L,I,K,N,K,I,K,A,F,Y,D,C,F,R,D,G,V,R,S,L
sp|Q15759|MK11_HUMAN,299-304,6,1,L,V,L,D,S,D,Q,R,V,S,H,A,Y,F,S,Q,Y,H,D,P
sp|Q5SW24|DACT2_HUMAN,73-77,5,0,G,L,H,G,P,E,Q,Q,L,E,L,Q,E,Q,L,S,R,L,R,Q
sp|Q5U651|RAIN_HUMAN,562-565,4,0,E,E,A,L,L,G,E,I,V,R,G,S,G,D,L,P,P,L,G,P
sp|Q5VYV0|FOXB2_HUMAN,220-234,15,0,Q,P,S,H,P,G,K,M,Q,E,V,G,S,V,G,R,L,S,Q,F
sp|Q5VYV0|FOXB2_HUMAN,252-261,10,0,S,Q,F,P,P,Y,G,L,G,S,S,T,S,G,F,K,H,P,F,A
sp|Q5VYV0|FOXB2_HUMAN,324-333,10,0,W,P,H,V,G,V,M,D,S,V,G,V,P,V,G,P,E,Y,G,A
sp|Q5VYV0|FOXB2_HUMAN,400-403,4,0,Q,P,P,A,P,S,T,V,C,S,S,P,V,A,S,L,L,E,P,T
sp|Q6ZVZ8|ASB18_HUMAN,258-263,6,0,R,N,G,R,G,E,T,A,L,S,R,R,P,D,E,H,G,R,C,L
sp|Q7RTT9|S29A4_HUMAN,36-40,5,0,F,T,F,D,S,H,Q,L,E,E,Q,G,Q,G,L,R,A,R,G,V
sp|Q86U38|NOP9_HUMAN,472-478,7,0,E,G,A,V,P,A,E,H,Q,V,L,G,D,V,T,V,L,G,S,L
sp|Q86UE4|LYRIC_HUMAN,72-78,7,0,L,L,L,F,L,L,G,Y,G,W,R,K,K,R,R,S,P,P,R,K
sp|Q86UE4|LYRIC_HUMAN,92-99,8,0,R,R,S,P,P,R,K,R,E,E,P,D,D,L,A,L,L,K,N,L
sp|Q8TCN5|ZN507_HUMAN,295-298,4,0,N,E,P,L,G,L,L,D,S,S,P,G,G,V,D,A,V,V,I,A
sp|Q8WXX7|AUTS2_HUMAN,714-718,5,0,D,L,A,R,P,S,T,L,F,S,H,P,T,G,T,P,F,G,P,P
sp|Q8WXX7|AUTS2_HUMAN,819-823,5,0,W,L,K,P,G,E,L,E,R,S,H,D,R,D,R,D,V,D,K,R
sp|Q99811|PRRX2_HUMAN,4-9,6,0,-,-,-,-,-,-,-,M,D,S,L,D,K,P,A,L,G,P,G,P
sp|Q99929|ASCL2_HUMAN,49-53,5,0,R,P,A,T,A,E,T,G,G,G,R,R,N,E,R,E,R,N,R,V
sp|Q9BTK6|PAGR1_HUMAN,11-16,6,0,M,S,L,A,R,G,H,G,D,T,P,L,S,E,E,G,E,V,T,S
sp|Q9NZU1|FLRT1_HUMAN,360-364,5,0,C,F,E,T,G,P,Q,G,G,V,K,T,T,A,S,N,H,A,S,A
sp|Q9Y6V0|PCLO_HUMAN,17-22,6,0,L,E,G,E,G,L,P,E,G,L,G,G,G,A,S,G,A,G,S,P
sp|Q9Y6V0|PCLO_HUMAN,4374-4378,5,0,L,S,P,V,G,Q,P,M,G,M,G,P,L,P,P,I,S,A,D,T
sp|Q9Y6V0|PCLO_HUMAN,4912-4922,11,0,T,S,V,T,Q,T,H,L,E,D,V,Q,Q,L,R,I,Q,P,T,K
sp|A6NKD9|CC85C_HUMAN,5-11,7,0,-,-,-,-,-,-,M,A,K,P,S,E,E,L,S,Q,V,P,D,E
sp|A6NKD9|CC85C_HUMAN,156-164,9,0,E,L,V,L,L,L,D,E,E,R,S,G,G,G,G,G,G,G,G,A
sp|B0YJ81|HACD1_HUMAN,7-10,4,0,-,-,-,-,M,G,R,L,T,E,G,S,G,S,R,A,A,G,W,A
sp|O14493|CLD4_HUMAN,199-205,7,0,T,D,K,P,Y,S,A,K,Y,S,S,N,Y,V,-,-,-,-,-,-
sp|O15303|GRM6_HUMAN,647-652,6,0,I,T,F,L,M,V,A,E,P,G,R,R,L,F,L,G,L,G,T,T
sp|P05388|RLA0_HUMAN,109-115,7,0,R,D,M,L,L,A,N,K,V,P,I,A,P,C,E,V,T,V,P,A
sp|P05388|RLA0_HUMAN,274-296,23,0,K,V,K,A,F,L,A,D,P,S,K,V,E,A,K,E,E,S,E,E
sp|P35052|GPC1_HUMAN,13-19,7,0,L,R,A,R,G,W,W,L,L,C,C,A,R,G,D,P,A,S,K,S
sp|P83111|LACTB_HUMAN,10-14,5,0,-,M,Y,R,L,M,S,A,V,T,P,G,G,L,A,S,S,C,G,R
sp|Q13395|TARB1_HUMAN,99-103,5,0,Q,P,R,H,R,R,R,V,L,R,L,R,S,C,V,R,L,A,G,R
sp|Q13395|TARB1_HUMAN,117-121,5,0,C,V,R,L,A,G,R,P,Q,L,E,E,A,L,R,D,L,L,A,G
sp|Q13395|TARB1_HUMAN,184-192,9,0,G,G,G,D,G,D,E,A,G,P,G,R,L,L,P,V,L,V,Q,C
sp|Q14416|GRM2_HUMAN,838-842,5,0,H,R,A,P,T,S,R,F,G,S,S,S,S,L,G,Q,G,S,G,S
sp|Q6P988|NOTUM_HUMAN,41-45,5,0,Q,Q,P,P,P,P,P,R,T,E,G,Q,P,V,E,S,F,P,L,D
sp|Q6P995|F171B_HUMAN,28-32,5,0,V,V,L,L,K,A,R,L,V,P,E,L,S,R,S,D,L,S,L,I
sp|Q8IVL5|P3H2_HUMAN,49-54,6,0,G,P,L,Q,P,F,D,L,L,Y,Y,Y,S,G,D,Y,E,R,A,V
sp|Q8IYD8|FANCM_HUMAN,44-48,5,0,S,P,G,S,S,K,A,P,L,P,Q,L,E,S,D,D,D,V,L,L
sp|Q96AE4|FUBP1_HUMAN,535-539,5,0,P,A,K,A,G,T,D,P,N,S,Y,Y,A,H,Y,Y,Q,Q,Q,A
sp|Q96AE4|FUBP1_HUMAN,554-559,6,0,Y,Y,Q,Q,Q,A,Q,P,P,P,P,T,T,T,Q,T,N,G,Q,G
sp|Q96ES6|MFSD3_HUMAN,177-186,10,0,F,L,L,L,A,A,T,Y,W,L,L,R,R,L,P,Q,Q,P,P,S
sp|Q9C0B6|BRNP2_HUMAN,36-40,5,0,G,L,P,G,W,V,L,A,V,S,V,V,P,E,Q,H,A,S,V,A
sp|Q9HCJ3|RAVR2_HUMAN,2-5,4,0,-,-,-,-,-,-,-,-,-,M,G,D,G,G,G,E,G,G,A,G
sp|Q9HCJ3|RAVR2_HUMAN,318-323,6,0,A,P,G,A,P,G,R,S,T,L,Q,R,V,M,H,S,N,Q,K,G
sp|Q9Y226|S22AD_HUMAN,428-432,5,0,V,T,M,L,A,V,V,G,K,M,F,T,I,S,Y,V,Y,S,A,E
sp|O43151|TET3_HUMAN,1166-1171,6,0,A,K,S,C,R,Q,R,Q,L,E,E,K,K,K,I,Q,K,E,K,L
sp|O60422|ONEC3_HUMAN,28-33,6,0,Q,A,G,E,L,L,S,P,G,H,Q,H,R,G,L,V,A,P,G,R
sp|O60422|ONEC3_HUMAN,128-136,9,0,A,A,V,A,D,K,F,H,Q,H,H,G,G,H,P,H,A,H,P,H
sp|O60422|ONEC3_HUMAN,291-295,5,0,A,G,L,L,A,P,L,G,G,L,H,G,P,H,G,G,G,G,G,P
sp|O60422|ONEC3_HUMAN,314-318,5,0,G,P,G,G,S,G,G,G,P,S,E,E,I,N,T,K,E,V,A,Q
sp|P30044|PRDX5_HUMAN,26-30,5,0,I,L,V,G,G,A,G,G,Q,S,R,R,Y,S,E,G,E,W,A,S
sp|P30044|PRDX5_HUMAN,49-54,6,1,A,S,G,G,V,R,S,F,S,R,P,I,K,V,G,D,A,I,P,A
sp|Q15717|ELAV1_HUMAN,298-303,6,1,G,F,V,T,M,T,N,Y,E,E,S,L,N,G,Y,R,L,G,D,K
sp|Q5JU69|TOR2A_HUMAN,23-27,5,0,S,L,L,G,L,L,G,L,V,S,W,D,L,A,S,L,R,C,T,L
sp|Q5ST30|SYVM_HUMAN,489-494,6,0,Q,W,F,V,R,C,Q,E,M,G,V,E,S,G,A,L,E,L,S,P
sp|Q5ST30|SYVM_HUMAN,696-701,6,0,R,S,G,N,L,D,P,A,E,L,Q,K,K,D,F,P,H,G,I,P
sp|Q68DC2|ANKS6_HUMAN,59-64,6,0,P,A,G,A,E,V,A,G,P,G,V,G,A,P,V,P,V,D,C,S
sp|Q6IWH7|ANO7_HUMAN,4-9,6,0,-,-,-,-,-,-,-,M,R,M,G,L,Q,G,P,P,L,P,T,L
sp|Q6IWH7|ANO7_HUMAN,96-101,6,0,A,H,A,S,E,P,G,G,Q,Q,G,S,P,A,K,P,R,I,A,D
sp|Q6PJG2|MDEAS_HUMAN,740-744,5,1,Q,A,E,I,P,L,M,R,D,R,D,P,H,K,A,D,L,V,W,Q
sp|Q6PJG2|MDEAS_HUMAN,965-970,6,0,Q,E,E,G,R,E,R,S,R,R,T,Q,T,L,Q,A,N,E,S,A
sp|Q6ZN28|MACC1_HUMAN,349-354,6,0,D,L,S,Q,V,M,Y,L,V,V,L,P,S,P,A,A,T,I,W,D
sp|Q86YW9|MD12L_HUMAN,1912-1917,6,0,P,F,Q,Q,G,Q,P,G,D,Q,Q,A,R,P,S,P,Q,L,P,Q
sp|Q8N1G4|LRC47_HUMAN,2-5,4,0,-,-,-,-,-,-,-,-,-,M,V,S,E,S,W,P,E,L,E,L
sp|Q8N7J2|AMER2_HUMAN,210-215,6,0,G,M,R,W,H,R,K,D,K,R,E,G,R,A,P,G,G,G,L,I
sp|Q8N7J2|AMER2_HUMAN,457-463,7,0,E,E,Q,G,P,E,P,Q,E,G,L,E,T,K,V,V,P,E,T,P
sp|Q8NDA2|HMCN2_HUMAN,15-20,6,0,P,L,L,R,L,L,T,A,V,S,V,A,G,A,P,G,T,V,M,P
sp|Q8TF44|C2C4C_HUMAN,186-190,5,0,V,G,S,P,G,A,G,R,R,R,N,G,G,D,G,G,P,R,E,A
sp|Q8WXI9|P66B_HUMAN,350-355,6,0,S,A,M,T,D,A,A,N,S,Q,L,R,K,Q,L,E,K,T,L,L
sp|Q96JW4|S41A2_HUMAN,255-259,5,0,Q,V,Q,A,T,V,V,G,F,L,I,I,L,G,W,I,P,E,G,K
sp|Q96N77|ZN641_HUMAN,97-103,7,0,Q,E,G,N,T,G,D,W,E,M,G,S,Q,G,L,V,T,I,K,D
sp|Q9BR26|OCSTP_HUMAN,56-63,8,0,G,Q,L,L,T,Q,L,L,L,C,G,L,V,Y,H,W,L,A,S,L
sp|Q9BR26|OCSTP_HUMAN,218-222,5,0,L,E,D,F,S,G,L,E,S,L,L,G,T,Q,R,V,V,T,G,L
sp|Q9BR26|OCSTP_HUMAN,399-405,7,0,C,P,L,L,P,A,R,R,P,R,G,A,L,Q,L,L,A,G,S,T
sp|Q9HAW0|BRF2_HUMAN,407-412,6,0,Q,E,V,R,D,F,Q,R,A,Q,T,S,V,P,N,P,P,-,-,-
sp|Q9NR33|DPOE4_HUMAN,2-7,6,0,-,-,-,-,-,-,-,-,-,M,G,S,G,T,P,R,E,E,E,G
sp|Q9NR33|DPOE4_HUMAN,19-24,6,1,S,G,T,P,R,E,E,E,G,P,S,Q,P,Q,A,P,T,S,V,P
sp|Q9NZ53|PDXL2_HUMAN,289-294,6,0,F,E,A,P,Q,E,A,S,E,E,G,L,S,G,Q,H,E,E,V,P
sp|Q9P217|ZSWM5_HUMAN,125-130,6,0,F,Q,Y,R,G,G,P,G,A,G,G,A,S,P,A,E,E,G,P,Q
sp|Q9P217|ZSWM5_HUMAN,145-149,5,0,A,E,E,G,P,Q,P,P,P,G,G,S,A,P,G,G,V,A,A,G
sp|Q9P217|ZSWM5_HUMAN,166-171,6,0,V,A,A,G,A,S,P,G,L,G,G,C,G,G,E,G,L,P,F,R
sp|Q9P217|ZSWM5_HUMAN,987-992,6,0,H,I,A,F,E,A,A,Y,Q,I,G,G,M,T,H,S,Q,L,F,T
sp|Q9Y2U9|KLDC2_HUMAN,219-224,6,1,I,T,T,G,K,A,P,S,P,R,T,V,G,N,R,G,F,V,F,G
sp|Q9Y3L3|3BP1_HUMAN,524-529,6,0,A,P,A,P,A,P,A,P,A,P,T,K,E,R,T,E,S,E,V,P
sp|Q9Y4B4|ARIP4_HUMAN,1183-1188,6,0,P,E,I,I,S,E,L,Q,Q,Y,R,E,S,R,Q,S,S,P,S,T
sp|A2A3K4|PTPC1_HUMAN,593-598,6,0,E,L,S,A,E,A,R,R,I,L,N,L,N,E,S,V,E,K,E,E
sp|A2A3K4|PTPC1_HUMAN,668-673,6,0,E,D,V,D,M,L,V,D,R,R,L,F,L,L,E,K,G,Q,H,Q
sp|B7Z6K7|ZN814_HUMAN,2-5,4,0,-,-,-,-,-,-,-,-,-,M,T,L,R,L,S,A,Q,G,T,V
sp|O15146|MUSK_HUMAN,295-299,5,0,T,N,K,H,G,E,K,F,S,T,T,I,S,I,A,E,W,S,K,P
sp|P23284|PPIB_HUMAN,14-19,6,0,L,S,E,R,N,M,K,V,L,L,G,S,V,F,F,L,L,L,P,G
sp|P27815|PDE4A_HUMAN,465-471,7,1,D,A,V,F,T,D,L,E,I,L,I,H,D,V,D,H,P,G,V,S
sp|P35914|HMGCL_HUMAN,115-121,7,1,V,L,T,P,N,L,K,G,F,E,K,E,V,V,I,F,G,A,A,S
sp|Q01085|TIAR_HUMAN,61-67,7,1,C,F,V,E,F,Y,E,H,R,D,M,N,G,R,K,I,L,G,K,E
sp|Q14807|KIF22_HUMAN,15-21,7,0,G,S,T,Q,Q,R,R,R,E,M,I,S,G,A,G,R,C,R,L,S
sp|Q14807|KIF22_HUMAN,417-422,6,0,E,E,E,I,G,S,P,E,P,M,S,Q,K,L,S,P,L,Q,K,L
sp|Q5VWQ8|DAB2P_HUMAN,112-117,6,0,F,R,H,I,L,P,G,F,R,S,D,N,E,R,S,H,L,M,P,R
sp|Q5VWQ8|DAB2P_HUMAN,776-779,4,0,G,P,D,V,L,P,T,D,G,Q,Q,L,V,A,G,W,P,A,R,A
sp|Q5VWQ8|DAB2P_HUMAN,867-870,4,0,L,S,S,H,S,N,S,E,E,L,K,L,G,S,F,S,T,A,A,E
sp|Q66K41|Z385C_HUMAN,202-205,4,0,P,G,R,E,A,P,G,P,E,P,V,G,S,S,M,S,G,E,G,R
sp|Q6UXN7|TO20L_HUMAN,12-19,8,0,P,S,V,R,S,L,L,R,L,L,F,A,F,L,G,Y,C,I,Y,L
sp|Q7Z6J0|SH3R1_HUMAN,417-424,8,0,A,T,V,L,A,S,T,P,P,G,G,M,G,P,R,P,M,A,G,S
sp|Q7Z6J0|SH3R1_HUMAN,657-662,6,0,I,S,I,S,R,A,S,A,P,L,P,L,T,S,P,S,I,T,S,A
sp|Q7Z6J0|SH3R1_HUMAN,784-791,8,0,P,V,D,G,D,G,P,V,T,T,Q,D,A,F,H,R,K,A,S,S
sp|Q8IYK4|GT252_HUMAN,2-7,6,0,-,-,-,-,-,-,-,-,-,M,T,L,A,W,S,L,L,L,L,S
sp|Q8NHY5|HUS1B_HUMAN,90-95,6,1,L,E,L,T,A,E,H,L,S,R,G,A,S,S,L,K,L,Q,L,T
sp|Q8TF17|S3TC2_HUMAN,1237-1241,5,0,A,H,D,A,T,E,Y,F,L,L,V,L,L,G,D,E,E,L,Q,D
sp|Q99856|ARI3A_HUMAN,60-70,11,0,E,S,A,R,M,Q,R,A,Q,M,G,L,G,H,P,A,S,P,G,G
sp|Q99856|ARI3A_HUMAN,424-445,22,0,P,V,S,L,A,G,H,P,V,V,L,E,Q,L,R,E,K,L,E,S
sp|Q9C0B1|FTO_HUMAN,130-135,6,1,V,K,G,S,N,I,K,H,T,E,C,E,T,F,L,K,L,N,D,Y
sp|Q9H228|S1PR5_HUMAN,85-91,7,1,L,G,S,L,T,L,S,D,L,L,N,I,L,L,S,G,P,L,T,L
sp|Q9H228|S1PR5_HUMAN,153-158,6,1,A,P,V,S,S,R,G,R,T,L,W,G,V,S,L,L,L,G,L,L
sp|Q9H228|S1PR5_HUMAN,339-344,6,0,G,R,D,P,S,G,S,Q,Q,S,S,G,G,L,R,R,C,L,P,P
sp|Q9H361|PABP3_HUMAN,489-499,11,0,T,S,T,Q,T,V,G,P,R,P,V,R,T,V,P,R,Y,K,Y,A
sp|Q9H7C4|SYNCI_HUMAN,13-17,5,0,S,P,E,P,R,R,G,G,D,G,R,K,T,R,V,E,A,N,S,P
sp|Q9P107|GMIP_HUMAN,328-333,6,1,R,G,A,Q,A,E,R,G,P,R,E,C,C,A,P,F,E,P,G,Q
sp|Q9UGF7|O12D3_HUMAN,143-146,4,0,I,M,N,P,Q,V,C,I,L,L,W,L,I,S,F,F,Y,A,L,M
tr|A0A8I5KXM2|A0A8I5KXM2_HUMAN,20-30,11,0,P,K,E,F,Q,C,D,G,L,S,E,I,C,L,Q,F,A,E,T,D
sp|O14763|TR10B_HUMAN,371-376,6,0,L,G,L,M,D,N,E,I,K,V,G,H,R,D,T,L,Y,T,M,L
sp|P0CJ78|ZN865_HUMAN,52-57,6,0,F,E,P,M,E,L,Y,G,E,H,L,P,C,A,P,G,P,P,P,Q
sp|P0CJ78|ZN865_HUMAN,199-202,4,0,A,P,S,Q,T,P,P,G,P,P,C,D,P,T,K,D,D,K,G,Y
sp|P0CJ78|ZN865_HUMAN,298-308,11,0,G,P,H,L,P,P,L,G,L,P,P,S,T,V,S,S,G,P,P,A
sp|P0CJ78|ZN865_HUMAN,427-432,6,0,R,D,A,S,Y,L,L,K,H,Q,G,A,G,G,P,R,P,V,Y,P
sp|P0CJ78|ZN865_HUMAN,464-472,9,0,Q,S,L,L,R,H,K,A,A,H,P,K,D,G,A,A,S,A,P,Q
sp|P0CJ78|ZN865_HUMAN,506-512,7,0,P,D,P,P,T,T,D,S,E,K,V,V,Y,G,A,V,P,V,P,L
sp|P0CJ78|ZN865_HUMAN,635-640,6,0,R,Q,V,H,R,L,Q,L,P,C,G,L,P,S,T,Q,G,T,P,G
sp|P0CJ78|ZN865_HUMAN,759-765,7,0,L,D,N,G,L,A,G,E,V,G,G,V,S,G,G,E,D,A,G,G
sp|P0CJ78|ZN865_HUMAN,776-781,6,0,G,V,S,G,G,E,D,A,G,G,G,G,G,A,S,S,G,P,E,R
sp|P32745|SSR3_HUMAN,199-204,6,1,S,T,C,H,M,Q,W,P,E,P,G,F,I,I,Y,T,A,A,L,G
sp|P33402|GCYA2_HUMAN,51-60,10,0,S,P,P,G,P,L,E,P,S,P,P,T,P,A,A,S,A,A,A,A
sp|P33402|GCYA2_HUMAN,64-76,13,0,A,A,A,A,A,P,A,P,T,P,R,R,V,Q,R,R,R,R,V,N
sp|Q08AE8|SPIR1_HUMAN,28-33,6,0,V,G,G,E,G,P,R,E,P,G,G,G,S,R,D,A,L,S,L,E
sp|Q14257|RCN2_HUMAN,17-22,6,0,T,A,A,L,G,L,L,L,L,C,G,K,A,E,E,L,H,Y,P,L
sp|Q5EBL2|ZN628_HUMAN,28-34,7,0,A,E,G,A,G,E,K,P,G,P,Q,Y,E,C,G,E,C,G,K,S
sp|Q5EBL2|ZN628_HUMAN,349-353,5,0,P,S,P,L,P,Q,P,P,P,P,P,G,F,A,C,L,P,C,G,K
sp|Q5EBL2|ZN628_HUMAN,664-671,8,0,T,A,P,A,A,G,P,Q,P,P,P,P,A,T,Q,D,V,H,V,L
sp|Q5EBL2|ZN628_HUMAN,787-792,6,0,P,G,P,G,G,L,G,V,Q,G,S,G,T,G,Q,S,L,I,V,L
sp|Q6ZN44|UNC5A_HUMAN,821-825,5,0,H,F,P,N,G,N,L,S,Q,L,G,L,G,Q,P,D,A,G,L,F
sp|Q6ZUA9|MROH5_HUMAN,387-392,6,0,S,T,I,L,L,A,Y,G,Q,V,H,I,L,P,W,V,D,N,I,V
sp|Q6ZUA9|MROH5_HUMAN,1140-1144,5,0,F,F,N,D,E,R,D,G,I,R,L,F,G,D,L,V,A,A,M,A
sp|Q8N9H9|CA127_HUMAN,240-245,6,0,V,P,P,A,A,S,S,Q,V,W,Q,E,W,L,S,R,D,L,L,H
sp|Q96EV2|RBM33_HUMAN,2-7,6,0,-,-,-,-,-,-,-,-,-,M,S,G,G,A,G,A,G,D,D,D
sp|Q96EV2|RBM33_HUMAN,250-255,6,0,R,N,I,P,E,T,L,E,L,S,L,L,E,F,E,E,R,E,R,Q
sp|Q96H79|ZCCHL_HUMAN,63-71,9,0,E,V,E,T,Q,E,G,L,G,D,V,G,G,G,G,T,S,A,W,R
sp|Q96H79|ZCCHL_HUMAN,273-279,7,0,S,Q,G,L,E,K,Q,G,V,H,G,P,L,A,S,V,P,A,Q,S
sp|Q96N53|CK037_HUMAN,69-74,6,0,S,C,A,W,V,S,R,A,P,R,K,P,A,S,R,A,P,E,G,P
sp|Q96N53|CK037_HUMAN,94-99,6,0,P,V,S,R,K,T,R,G,G,E,R,P,A,T,D,C,L,R,S,G
sp|Q96NU0|CNT3B_HUMAN,658-663,6,0,S,G,H,P,L,S,A,V,S,F,G,Q,L,R,A,A,V,N,L,A
sp|Q96NU0|CNT3B_HUMAN,1204-1208,5,0,R,G,H,V,A,P,M,A,R,C,S,G,S,P,A,R,E,L,A,P
sp|Q9BTN0|LRFN3_HUMAN,99-104,6,0,S,L,S,R,N,T,I,R,H,V,D,L,R,A,L,R,A,L,H,L
sp|Q9BTN0|LRFN3_HUMAN,144-150,7,0,R,H,L,I,L,S,N,N,Q,L,L,D,D,C,A,E,T,L,E,D
sp|Q9BTN0|LRFN3_HUMAN,368-372,5,0,P,G,D,G,G,I,F,T,C,I,G,E,A,T,A,A,V,E,L,T
sp|Q9BTN0|LRFN3_HUMAN,413-418,6,0,G,D,P,D,A,L,T,P,P,S,K,V,A,D,T,G,P,P,T,D
sp|Q9BUU2|MET22_HUMAN,5-9,5,0,-,-,-,-,-,-,M,V,Q,L,M,D,E,V,T,F,R,S,D,T
sp|Q9BZ11|ADA33_HUMAN,339-344,6,0,S,T,D,H,S,E,L,P,I,G,H,E,I,G,H,S,L,G,L,S
sp|Q9Y666|S12A7_HUMAN,963-966,4,0,I,H,D,R,N,T,A,S,H,T,R,T,Q,A,P,P,T,P,D,K
sp|A6NMZ7|CO6A6_HUMAN,1119-1124,6,0,L,T,D,G,Q,S,Q,D,E,V,L,R,H,R,G,I,D,I,Y,S
sp|A8MYZ6|FOXO6_HUMAN,226-232,7,0,P,S,A,P,A,P,G,P,V,P,S,P,A,S,H,A,S,D,D,Y
sp|A8MYZ6|FOXO6_HUMAN,349-356,8,0,G,P,V,L,G,A,P,G,E,L,Y,P,G,K,G,A,A,P,Y,A
sp|A8MYZ6|FOXO6_HUMAN,419-423,5,0,L,L,L,D,A,L,P,G,P,Y,G,P,L,G,A,A,P,D,R,F
sp|K9M1U5|IFNL4_HUMAN,7-11,5,0,-,-,-,-,M,R,P,S,V,W,G,L,W,V,L,C,T,V,I,A
sp|K9M1U5|IFNL4_HUMAN,41-45,5,0,H,Y,R,S,L,E,P,R,T,L,L,R,D,R,Y,E,E,E,A,L
sp|O75155|CAND2_HUMAN,809-814,6,0,Q,V,F,H,S,L,A,R,C,V,C,P,Q,E,A,A,S,T,A,S
sp|O75155|CAND2_HUMAN,879-884,6,0,A,L,G,S,P,S,E,D,V,R,L,G,R,V,G,A,G,S,L,P
sp|O95263|PDE8B_HUMAN,83-87,5,0,E,L,G,S,G,S,S,A,G,S,T,T,S,R,G,R,R,R,H,C
sp|O95263|PDE8B_HUMAN,647-652,6,0,K,G,S,L,D,Q,L,D,E,V,T,V,H,D,V,D,H,P,G,R
sp|P04628|WNT1_HUMAN,20-28,9,0,W,V,S,A,T,L,L,L,A,L,N,S,S,G,R,W,W,G,I,V
sp|P12931|SRC_HUMAN,52-59,8,0,A,S,A,D,G,H,R,G,P,S,E,P,K,L,F,G,G,F,N,S
sp|P16989|YBOX3_HUMAN,22-26,5,0,T,T,T,L,P,Q,A,P,T,E,P,Q,D,P,A,P,K,S,P,V
sp|P16989|YBOX3_HUMAN,40-50,11,0,P,A,P,K,S,P,V,G,S,G,H,V,A,G,N,P,G,G,D,A
sp|P16989|YBOX3_HUMAN,60-64,5,0,A,H,V,A,G,N,P,G,G,D,T,G,T,A,A,A,A,S,L,A
sp|P16989|YBOX3_HUMAN,68-74,7,0,G,D,A,A,P,A,A,T,G,T,T,A,A,G,S,E,D,A,E,K
sp|P24941|CDK2_HUMAN,277-282,6,1,L,H,Y,D,P,N,K,R,I,S,H,P,F,F,Q,D,V,T,K,P
sp|P27708|PYR1_HUMAN,541-545,5,0,P,S,E,A,A,N,S,L,E,Q,E,R,L,G,Y,P,V,L,V,R
sp|P27708|PYR1_HUMAN,814-819,6,0,T,P,T,D,K,R,I,F,V,V,G,Y,S,V,D,R,L,Y,E,L
sp|P27708|PYR1_HUMAN,1490-1494,5,1,T,H,K,E,D,F,A,S,G,T,G,G,I,T,M,V,C,A,M,P
sp|P27708|PYR1_HUMAN,1981-1985,5,1,E,V,S,T,R,T,S,S,S,F,R,L,G,G,A,V,L,S,F,S
sp|P54652|HSP72_HUMAN,179-183,5,1,N,V,L,R,I,I,N,E,P,T,Y,G,L,D,K,K,G,C,A,G
sp|P54652|HSP72_HUMAN,376-381,6,1,I,N,P,D,E,A,V,A,Y,G,I,L,I,G,D,K,S,E,N,V
sp|Q08623|HDHD1_HUMAN,183-187,5,0,V,F,E,D,A,P,N,G,V,E,G,M,Q,V,V,M,V,P,D,G
sp|Q13153|PAK1_HUMAN,535-540,6,1,K,P,L,S,S,L,T,P,L,I,T,K,N,N,H,-,-,-,-,-
sp|Q5TH69|BIG3_HUMAN,939-944,6,0,G,V,A,A,N,C,A,S,A,L,S,C,V,Q,E,E,K,E,E,R
sp|Q6YI46|TMM64_HUMAN,52-64,13,0,P,A,D,R,L,P,R,G,G,G,L,L,G,A,Y,L,E,R,H,G
sp|Q86XP1|DGKH_HUMAN,13-24,12,0,G,A,G,G,Q,H,H,P,P,G,V,T,S,A,A,A,S,A,G,P
sp|Q86XP1|DGKH_HUMAN,28-32,5,0,A,A,G,A,G,A,A,V,T,S,G,P,G,E,D,S,S,D,S,E
sp|Q8IUW3|SPA2L_HUMAN,379-384,6,0,L,C,C,D,T,C,R,Q,L,H,L,P,A,C,R,P,G,H,S,L
sp|Q8IY33|MILK2_HUMAN,244-248,5,0,G,T,F,V,C,T,S,H,L,P,S,P,K,L,T,G,L,V,P,R
sp|Q8IY33|MILK2_HUMAN,356-359,4,0,M,G,W,S,S,A,A,P,C,T,S,H,P,A,V,P,P,S,A,P
sp|Q96DU7|IP3KC_HUMAN,17-22,6,0,R,G,S,L,N,E,A,E,A,G,R,M,G,L,E,A,P,R,G,G
sp|Q96E14|RMI2_HUMAN,2-5,4,0,-,-,-,-,-,-,-,-,-,M,D,S,F,S,G,G,P,A,G,V
sp|Q9BTW9|TBCD_HUMAN,203-208,6,0,A,E,S,Y,L,I,V,S,D,K,V,L,V,S,R,F,I,T,R,P
sp|Q9BTW9|TBCD_HUMAN,509-513,5,0,V,F,D,R,D,I,N,C,R,R,F,Q,E,N,V,G,R,Q,G,T
sp|Q9H2F5|EPC1_HUMAN,792-795,4,0,S,A,V,P,S,S,A,L,K,L,N,C,Q,V,S,K,V,P,S,S
sp|Q9H6A0|DEN2D_HUMAN,273-276,4,0,G,L,S,T,L,S,Q,C,I,H,L,L,Y,P,F,S,W,A,H,T
sp|Q9NQR1|KMT5A_HUMAN,6-26,21,0,-,-,-,-,-,M,G,E,G,G,G,Q,R,R,R,R,L,G,R,R
sp|Q9NQR1|KMT5A_HUMAN,55-67,13,0,A,A,G,G,K,M,S,K,P,C,P,G,P,E,M,V,E,R,R,G
sp|Q9NXW9|ALKB4_HUMAN,2-6,5,0,-,-,-,-,-,-,-,-,-,M,E,T,P,E,V,L,R,E,C,G
sp|Q9P2P5|HECW2_HUMAN,746-750,5,0,V,W,Q,R,R,G,S,L,E,G,E,S,P,P,Q,E,E,G,S,A
sp|Q9UI47|CTNA3_HUMAN,462-468,7,1,L,E,T,L,C,P,Q,I,I,N,R,P,K,S,Q,A,V,K,N,T
sp|Q9UL68|MYT1L_HUMAN,728-733,6,0,S,S,F,D,Y,T,H,D,M,E,T,A,I,L,N,L,S,T,R,C
sp|Q9Y4B5|MTCL1_HUMAN,69-74,6,0,P,G,P,A,V,P,S,S,G,R,P,R,S,P,N,L,A,G,K,A
sp|Q9Y4B5|MTCL1_HUMAN,115-120,6,0,P,G,A,K,D,K,P,P,P,G,G,G,A,K,A,A,L,G,S,R
sp|Q9Y4B5|MTCL1_HUMAN,271-276,6,0,P,G,S,P,E,P,P,A,L,L,G,A,C,P,G,G,R,S,I,P
sp|A6NC98|CC88B_HUMAN,817-821,5,0,A,S,Q,E,R,E,A,L,V,E,G,R,E,R,R,Q,W,E,R,E
sp|A6NGR9|MROH6_HUMAN,656-661,6,0,L,G,R,L,Q,S,D,P,K,P,H,V,S,A,Q,Q,V,A,M,L
sp|A6NHC0|CAN8_HUMAN,2-6,5,0,-,-,-,-,-,-,-,-,-,M,G,V,S,R,Q,R,A,A,T,Q
sp|A6NHC0|CAN8_HUMAN,247-252,6,1,L,L,G,C,S,I,D,V,S,S,I,T,S,Q,K,L,V,K,S,H
sp|O00287|RFXAP_HUMAN,22-29,8,0,P,G,A,A,S,G,V,P,H,P,P,T,L,A,P,A,S,V,A,A
sp|O00287|RFXAP_HUMAN,35-41,7,0,A,P,A,A,A,P,T,L,A,P,S,Q,F,T,L,L,V,M,Q,P
sp|O43149|ZZEF1_HUMAN,13-16,4,0,N,A,P,S,H,S,S,E,D,E,G,G,E,G,W,G,P,H,Q,D
sp|O43149|ZZEF1_HUMAN,59-62,4,0,A,L,L,E,P,A,R,L,R,E,L,L,P,T,P,P,C,E,S,L
sp|O60229|KALRN_HUMAN,2667-2672,6,0,S,E,F,V,R,L,P,E,Y,D,T,I,S,W,K,E,N,F,D,S
sp|O60229|KALRN_HUMAN,2725-2730,6,1,V,S,K,K,M,K,K,K,E,Q,L,L,Q,H,L,Q,H,P,Q,Y
sp|O75129|ASTN2_HUMAN,2-6,5,0,-,-,-,-,-,-,-,-,-,M,R,L,S,P,G,P,G,S,G,L
sp|O75129|ASTN2_HUMAN,49-55,7,0,L,L,L,L,P,P,P,P,L,L,S,R,E,P,D,S,P,C,R,L
sp|O75129|ASTN2_HUMAN,96-103,8,0,A,R,A,G,A,G,A,G,T,G,S,P,G,S,P,G,S,A,G,T
sp|O75129|ASTN2_HUMAN,339-343,5,0,G,E,E,K,V,D,F,E,K,K,T,Q,E,T,V,E,S,L,M,Q
sp|O76024|WFS1_HUMAN,57-61,5,0,Q,A,G,P,G,P,G,V,R,D,E,P,Q,A,Q,H,T,R,S,R
sp|P35368|ADA1B_HUMAN,498-503,6,0,D,G,G,A,S,N,G,G,C,E,N,G,Q,P,G,F,K,S,N,M
sp|P51610|HCFC1_HUMAN,404-409,6,0,L,L,Q,L,Q,K,Y,D,I,P,T,S,P,T,P,N,P,V,P,S
sp|P51610|HCFC1_HUMAN,429-436,8,0,S,V,P,A,N,P,P,K,S,P,V,Q,P,L,T,Q,V,G,I,T
sp|P51610|HCFC1_HUMAN,547-555,9,0,I,G,S,S,P,Q,M,S,G,M,T,Q,K,I,P,P,S,S,A,P
sp|P51610|HCFC1_HUMAN,1613-1626,14,0,M,V,T,G,L,T,P,E,E,L,T,E,E,A,Q,A,L,A,I,Q
sp|Q16831|UPP1_HUMAN,238-242,5,1,T,E,K,D,K,Q,A,Y,L,E,G,V,R,N,I,E,M,E,S,S
sp|Q495A1|TIGIT_HUMAN,203-208,6,0,A,P,S,P,P,G,S,C,V,Q,G,L,C,G,E,Q,R,G,E,D
sp|Q6PI78|TMM65_HUMAN,21-25,5,0,R,T,A,R,S,L,R,P,G,P,P,R,P,P,S,W,C,C,C,G
sp|Q6PI78|TMM65_HUMAN,157-160,4,0,I,G,I,I,L,G,I,S,T,M,L,G,N,L,V,S,D,L,A,G
sp|Q8IZC6|CORA1_HUMAN,13-18,6,0,A,G,S,A,R,G,A,R,G,T,R,G,G,G,F,L,F,S,W,I
sp|Q8NEA9|GMCL2_HUMAN,183-188,6,1,D,V,L,I,K,P,S,R,V,V,C,M,L,Q,L,D,G,L,I,Q
sp|Q8TAA9|VANG1_HUMAN,327-333,7,0,P,S,N,N,A,T,G,Q,S,R,R,R,R,D,S,S,H,N,E,L
sp|Q8WUU4|ZN296_HUMAN,200-208,9,0,E,A,P,E,A,P,L,L,G,L,V,V,G,P,A,A,E,A,K,S
sp|Q8WUU4|ZN296_HUMAN,307-312,6,0,E,Q,A,S,A,A,P,P,E,P,P,T,S,T,L,P,C,S,G,G
sp|Q8WUU4|ZN296_HUMAN,325-331,7,0,S,T,L,P,C,S,G,G,E,G,G,V,Q,E,P,G,A,P,G,S
sp|Q8WYQ3|CHC10_HUMAN,31-37,7,0,A,H,P,P,A,H,P,P,P,S,P,S,G,Q,P,G,L,M,A,Q
sp|Q92539|LPIN2_HUMAN,172-177,6,0,Y,K,Q,D,S,K,K,E,E,Q,E,D,T,C,D,V,G,V,S,S
sp|Q92539|LPIN2_HUMAN,367-372,6,0,S,M,L,D,A,D,H,L,P,N,P,S,E,S,K,P,A,A,K,V
sp|Q96BF6|NACC2_HUMAN,152-157,6,0,P,Q,S,P,C,N,Q,L,Q,P,P,Y,V,V,S,P,S,V,P,I
sp|Q96BF6|NACC2_HUMAN,202-211,10,0,P,L,E,T,G,P,R,D,G,V,G,T,A,P,L,K,L,P,R,V
sp|Q96BF6|NACC2_HUMAN,520-525,6,0,R,T,D,A,V,N,V,D,L,S,F,D,A,G,E,E,V,D,G,A
sp|Q96BF6|NACC2_HUMAN,573-576,4,0,G,G,G,P,S,R,P,Q,T,P,R,R,P,E,G,T,Y,A,G,T
sp|Q96KE9|BTBD6_HUMAN,43-49,7,0,A,R,A,R,G,A,A,S,T,G,P,P,A,K,M,A,A,E,L,Y
sp|Q96KE9|BTBD6_HUMAN,60-70,11,0,P,P,A,K,M,A,A,E,L,Y,N,S,N,A,G,A,A,V,G,R
sp|Q9BTD8|RBM42_HUMAN,101-107,7,0,T,Y,Q,Q,V,Q,Q,T,L,E,T,V,V,P,P,M,V,G,G,P
sp|Q9BTD8|RBM42_HUMAN,251-257,7,0,L,G,L,G,L,K,E,K,E,E,G,L,E,E,A,S,A,A,V,A
sp|Q9BTD8|RBM42_HUMAN,262-267,6,0,V,V,A,A,A,A,G,L,E,E,V,G,A,G,G,A,P,A,G,P
sp|Q9HCM7|FBSL_HUMAN,377-382,6,0,L,R,S,Q,A,Q,H,Q,L,H,P,P,T,L,P,P,P,P,A,L
sp|Q9HCM7|FBSL_HUMAN,907-914,8,0,P,F,R,G,L,E,L,P,R,R,P,G,S,A,A,L,L,E,P,P
sp|Q9HCM7|FBSL_HUMAN,992-998,7,0,H,N,G,L,L,A,R,T,P,P,P,P,P,L,V,T,A,A,G,P
sp|Q9NNW5|WDR6_HUMAN,667-672,6,0,H,R,S,W,A,F,S,D,T,E,Y,L,K,D,G,D,V,M,L,Y
sp|Q9NZQ9|TMOD4_HUMAN,326-331,6,0,G,Y,H,F,T,Q,Q,G,P,R,M,T,R,N,N,E,L,R,R,Q
sp|Q9UNP4|SIAT9_HUMAN,20-25,6,0,E,R,R,P,L,Q,P,R,T,E,G,R,A,M,P,S,E,Y,T,Y
sp|Q9Y4D8|HECD4_HUMAN,1588-1591,4,0,G,G,C,C,E,V,I,T,E,E,L,R,K,A,T,K,W,A,Q,S
sp|Q9Y4D8|HECD4_HUMAN,2193-2198,6,0,P,G,T,H,G,P,P,C,R,I,Q,Q,Q,Y,D,S,D,T,S,C
sp|O00291|HIP1_HUMAN,788-793,6,0,E,L,G,D,L,V,D,K,E,M,I,E,T,A,T,A,R,I,E,E
sp|O60641|AP180_HUMAN,332-337,6,0,I,D,T,S,P,P,V,D,L,F,V,P,V,S,T,S,K,P,S,S
sp|O60641|AP180_HUMAN,361-368,8,0,D,L,Q,P,D,F,S,S,G,G,P,P,P,P,A,G,G,A,T,A
sp|O60641|AP180_HUMAN,458-462,5,0,P,G,E,A,P,A,A,S,E,G,T,P,T,P,V,A,A,A,L,D
sp|O60641|AP180_HUMAN,468-473,6,0,A,A,A,P,A,T,P,T,P,V,C,S,G,N,D,P,F,A,P,S
sp|O60641|AP180_HUMAN,526-543,18,0,P,P,V,P,A,T,A,P,S,P,T,T,T,T,T,T,S,A,A,T
sp|O75208|COQ9_HUMAN,2-5,4,0,-,-,-,-,-,-,-,-,-,M,V,S,G,A,L,G,R,A,G,W
sp|O94900|TOX_HUMAN,10-18,9,0,-,M,D,V,R,F,Y,P,P,P,P,C,L,G,P,S,P,C,L,D
sp|O95388|CCN4_HUMAN,10-17,8,0,-,M,R,W,F,L,P,W,T,L,S,T,V,L,A,T,A,L,S,P
sp|P07954|FUMH_HUMAN,17-25,9,0,L,L,A,R,S,R,P,L,V,R,P,G,L,G,G,A,A,V,P,S
sp|P07954|FUMH_HUMAN,294-299,6,1,N,T,R,I,G,F,A,E,K,V,L,T,G,L,P,F,V,T,A,P
sp|P0DKB5|TPBGL_HUMAN,75-79,5,0,I,V,G,A,N,L,T,V,L,R,G,G,D,G,D,G,D,Q,A,A
sp|P0DKB5|TPBGL_HUMAN,162-167,6,0,A,L,V,R,G,G,P,A,L,L,L,A,P,L,A,E,L,R,L,L
sp|P0DKB5|TPBGL_HUMAN,364-371,8,0,R,Y,E,Q,D,A,D,P,R,R,G,S,R,A,T,S,P,G,S,G
sp|P17542|TAL1_HUMAN,44-47,4,0,L,N,G,V,A,K,E,T,S,R,E,P,P,V,I,E,L,G,A,R
sp|P17542|TAL1_HUMAN,79-84,6,0,G,A,A,R,D,L,K,G,R,D,R,H,R,V,P,T,T,E,L,C
sp|P17542|TAL1_HUMAN,125-131,7,0,D,G,R,M,V,Q,L,S,P,P,P,G,R,A,L,L,Y,S,L,S
sp|P29762|RABP1_HUMAN,33-37,5,0,L,G,V,N,A,M,L,R,K,V,S,K,P,H,V,E,I,R,Q,D
sp|P37108|SRP14_HUMAN,108-123,16,0,D,K,K,N,K,T,K,K,T,K,P,T,T,A,A,T,T,A,A,T
sp|P37108|SRP14_HUMAN,127-135,9,0,P,A,A,A,A,T,A,P,T,T,Q,-,-,-,-,-,-,-,-,-
sp|P55084|ECHB_HUMAN,231-235,5,1,E,T,M,G,H,S,A,D,R,L,V,S,R,L,E,Q,D,E,Y,A
sp|P55084|ECHB_HUMAN,456-460,5,1,R,K,E,G,G,Q,Y,G,L,V,G,G,Q,G,H,A,M,I,V,E
sp|P78563|RED1_HUMAN,284-289,6,1,F,E,G,S,G,R,N,K,K,L,Q,S,A,L,A,A,I,F,N,L
sp|Q15464|SHB_HUMAN,146-150,5,0,A,A,G,C,C,C,A,S,S,G,S,S,S,S,S,S,G,S,P,H
sp|Q15464|SHB_HUMAN,225-229,5,0,C,G,G,K,K,L,L,N,K,C,E,E,S,G,A,G,K,K,D,K
sp|Q15526|SURF1_HUMAN,2-6,5,0,-,-,-,-,-,-,-,-,-,M,L,Q,L,G,L,R,A,A,G,L
sp|Q15526|SURF1_HUMAN,19-24,6,0,L,G,L,R,A,A,G,L,G,R,W,R,S,V,L,R,V,S,P,R
sp|Q15526|SURF1_HUMAN,48-53,6,0,A,W,R,P,S,R,C,G,S,S,T,K,A,E,D,D,S,F,L,Q
sp|Q5JR98|DYLT4_HUMAN,129-133,5,0,E,A,A,R,A,Q,R,A,L,E,G,L,H,D,A,C,Y,S,S,D
sp|Q8N7X8|SIGL1_HUMAN,146-154,9,0,L,I,V,K,H,I,R,K,K,Q,K,K,S,S,K,V,R,A,S,Q
sp|Q92698|RAD54_HUMAN,367-372,6,0,F,E,L,P,I,L,K,G,R,D,D,R,Q,L,G,E,E,R,L,R
sp|Q92698|RAD54_HUMAN,722-727,6,0,K,W,G,L,R,D,E,V,L,Q,S,T,A,I,T,F,V,F,H,Q
sp|Q9C0C2|TB182_HUMAN,506-512,7,0,P,P,S,P,I,T,E,A,S,E,G,N,L,A,V,S,S,R,E,E
sp|Q9C0C2|TB182_HUMAN,1487-1492,6,0,G,L,G,G,L,L,E,E,E,G,Q,E,E,V,L,E,P,G,R,D
sp|Q9H0R6|GATA_HUMAN,176-181,6,1,L,I,T,G,G,S,S,G,G,S,F,T,C,Y,A,A,L,G,S,D
sp|Q9H2U2|IPYR2_HUMAN,12-16,5,0,S,A,L,L,R,L,L,R,T,G,C,L,R,L,G,T,S,A,G,T
sp|Q9Y230|RUVB2_HUMAN,51-56,6,1,Q,A,S,Q,G,M,V,G,Q,L,G,V,V,L,E,M,I,R,E,G
sp|Q9Y619|ORNT1_HUMAN,116-121,6,0,D,L,Q,N,A,A,A,G,S,F,L,V,L,C,P,T,E,L,V,K
sp|C0HLV8|MP31_HUMAN,8-13,6,0,-,-,-,M,W,R,D,S,L,C,L,G,A,G,T,R,L,R,S,V
sp|P07478|TRY2_HUMAN,11-16,6,0,M,N,L,L,L,I,L,T,F,V,P,F,D,D,D,D,K,I,V,G
sp|P0C025|NUD17_HUMAN,219-225,7,0,S,A,L,M,W,L,T,P,D,V,E,D,G,T,E,T,P,G,L,L
sp|P12980|LYL1_HUMAN,210-215,6,0,G,F,L,V,R,L,L,R,D,Q,G,P,T,P,P,G,P,R,K,R
sp|P12980|LYL1_HUMAN,243-247,5,0,D,G,A,R,R,G,S,G,R,R,R,S,Q,P,A,P,P,A,D,P
sp|Q01804|OTUD4_HUMAN,214-218,5,0,S,E,D,D,S,C,K,S,K,T,D,V,N,G,F,K,P,L,S,G
sp|Q04912|RON_HUMAN,205-209,5,1,S,Y,F,Y,V,A,S,S,L,D,S,F,S,P,R,S,V,S,I,R
sp|Q04912|RON_HUMAN,970-975,6,0,G,I,L,L,P,L,L,L,L,V,L,V,F,S,Y,W,W,R,R,K
sp|Q12778|FOXO1_HUMAN,61-68,8,0,N,P,D,A,A,A,G,L,P,S,D,F,M,S,N,L,S,L,L,E
sp|Q12778|FOXO1_HUMAN,91-102,12,0,E,D,F,P,Q,A,P,G,S,V,T,G,G,L,C,G,D,F,Q,G
sp|Q5TA89|HES5_HUMAN,74-79,6,0,M,A,V,S,Y,L,K,H,S,K,G,P,K,S,L,H,Q,D,Y,S
sp|Q5TA89|HES5_HUMAN,124-130,7,0,K,L,L,Y,H,F,Q,R,P,P,K,E,P,K,A,P,G,A,A,P
sp|Q5TA89|HES5_HUMAN,146-155,10,0,P,G,A,A,P,P,P,A,L,S,H,Q,P,A,C,G,L,W,R,P
sp|Q6GPH6|IPIL1_HUMAN,549-554,6,0,L,L,T,Q,V,K,T,L,P,H,P,-,-,-,-,-,-,-,-,-
sp|Q6NUI2|GPAT2_HUMAN,700-706,7,0,L,C,R,L,L,S,P,L,L,K,F,L,R,Q,G,Q,L,P,D,T
sp|Q6ZS81|WDFY4_HUMAN,1950-1955,6,0,F,R,D,G,K,E,P,Q,P,S,P,S,L,A,N,I,S,C,F,T
sp|Q6ZS81|WDFY4_HUMAN,2256-2261,6,0,V,Q,R,R,K,C,G,N,I,K,R,I,Q,E,Q,L,F,G,E,L
sp|Q8NC56|LEMD2_HUMAN,76-81,6,0,A,R,L,R,E,D,A,P,L,R,S,P,R,A,E,P,W,L,S,Q
sp|Q8NC56|LEMD2_HUMAN,193-198,6,0,P,G,L,R,A,T,R,A,G,P,R,P,E,V,G,R,R,L,E,R
sp|Q8TDY8|IGDC4_HUMAN,61-64,4,0,Q,A,A,V,L,N,C,S,L,G,G,P,P,T,R,V,T,W,S,K
sp|Q8TDY8|IGDC4_HUMAN,323-327,5,0,R,A,N,K,P,R,T,R,D,F,E,L,R,V,L,A,A,P,A,I
sp|Q8TDY8|IGDC4_HUMAN,414-421,8,0,Q,C,V,A,E,N,S,A,G,M,V,V,V,R,E,G,L,P,S,A
sp|Q969T9|WBP2_HUMAN,218-230,13,0,V,S,G,P,D,V,P,S,T,P,Y,Y,N,P,G,N,P,H,N,V
sp|Q9BUH8|BEGIN_HUMAN,273-280,8,0,T,D,S,A,A,E,E,E,E,E,G,F,Q,H,E,A,F,P,S,Y
sp|Q9BUH8|BEGIN_HUMAN,350-358,9,0,A,T,T,Y,E,G,S,P,R,F,P,L,E,A,E,V,A,P,G,F
sp|Q9BXA5|SUCR1_HUMAN,16-20,5,0,A,W,N,A,T,C,K,N,W,L,L,E,K,Y,Y,L,S,I,F,Y
sp|Q9UBJ2|ABCD2_HUMAN,19-24,6,0,A,D,R,V,K,W,T,R,S,S,C,L,V,A,A,A,Y,A,L,K
sp|Q9UBJ2|ABCD2_HUMAN,28-32,5,0,S,A,A,K,R,A,A,C,L,V,L,K,T,L,Y,P,I,I,G,K
sp|Q9UBJ2|ABCD2_HUMAN,54-60,7,0,L,K,Q,S,G,H,G,K,K,K,E,N,T,E,I,L,H,C,T,E
sp|Q9Y2J4|AMOL2_HUMAN,583-592,10,0,Y,L,E,E,R,A,M,R,Q,F,Q,R,D,T,T,L,I,R,H,S
sp|Q9Y2J4|AMOL2_HUMAN,673-677,5,0,R,P,A,K,S,V,P,S,V,F,G,T,Q,G,W,Q,G,L,S,S
sp|H3BPF8|GOG8S_HUMAN,518-523,6,0,A,G,A,Q,G,G,D,E,D,E,D,G,I,A,A,Y,S,N,Y,N
sp|O94819|KBTBB_HUMAN,57-62,6,0,E,E,S,P,P,Q,S,L,A,S,T,S,P,P,S,S,G,G,P,R
sp|O95758|PTBP3_HUMAN,145-150,6,0,E,L,K,T,D,N,L,P,N,Q,L,Q,A,V,S,A,V,Q,S,G
sp|O95758|PTBP3_HUMAN,292-297,6,0,D,G,Q,P,S,L,E,P,P,M,P,G,I,I,S,S,P,Y,A,G
sp|P01588|EPO_HUMAN,151-155,5,1,A,Q,K,E,A,I,S,P,P,D,P,L,R,T,I,T,A,D,T,F
sp|P0CJ90|DU4L7_HUMAN,211-217,7,0,A,L,P,Q,G,A,F,V,S,Q,L,Q,P,S,Q,A,A,P,A,E
sp|P0CJ90|DU4L7_HUMAN,240-245,6,0,S,Q,P,A,P,A,R,G,D,F,P,P,D,G,A,L,S,H,P,Q
sp|P0DP57|SLUR2_HUMAN,18-22,5,0,L,L,A,A,V,L,S,L,Q,L,I,W,C,H,Q,C,T,G,F,G
sp|P56270|MAZ_HUMAN,96-119,24,0,L,P,V,L,A,A,A,Q,E,S,S,T,V,D,T,A,A,L,K,Q
sp|P56270|MAZ_HUMAN,142-148,7,0,A,P,P,P,P,P,P,P,V,S,P,P,A,S,A,A,T,I,A,A
sp|P56270|MAZ_HUMAN,153-163,11,0,P,A,A,E,A,A,P,P,A,S,V,V,A,P,T,S,T,V,A,V
sp|P56270|MAZ_HUMAN,257-262,6,0,G,G,G,E,A,G,A,G,G,G,G,G,V,V,T,T,T,A,S,G
sp|P56270|MAZ_HUMAN,435-451,17,0,N,K,G,T,G,E,V,C,P,M,P,P,T,A,V,G,S,L,S,G
sp|P57086|SCND1_HUMAN,66-71,6,0,A,V,P,E,A,I,P,T,P,R,L,E,L,P,L,G,P,A,P,V
sp|Q01892|SPIB_HUMAN,64-67,4,0,P,A,T,P,Y,E,A,F,D,P,F,S,H,P,Q,A,A,Q,L,C
sp|Q13064|MKRN3_HUMAN,13-23,11,0,E,P,A,A,P,S,E,A,H,E,R,E,G,V,S,G,P,D,L,P
sp|Q14657|LAGE3_HUMAN,30-34,5,0,G,H,S,C,R,G,G,V,D,T,G,G,A,P,P,A,H,A,P,G
sp|Q14657|LAGE3_HUMAN,49-53,5,0,P,A,H,A,P,G,P,G,R,D,R,G,S,R,M,R,P,H,I,F
sp|Q5T1M5|FKB15_HUMAN,646-650,5,0,Q,E,K,A,K,V,T,E,E,L,Q,V,S,H,L,Q,L,K,M,T
sp|Q5T8P6|RBM26_HUMAN,702-707,6,0,T,G,L,T,K,T,V,Y,N,P,Q,K,T,L,L,V,S,T,S,A
sp|Q5T8P6|RBM26_HUMAN,936-942,7,0,L,H,A,V,I,T,F,K,T,R,V,H,G,A,R,F,K,G,Q,D
sp|Q5VYK3|ECM29_HUMAN,2-8,7,0,-,-,-,-,-,-,-,-,-,M,S,Q,D,E,L,N,Q,L,E,R
sp|Q7L1V2|MON1B_HUMAN,313-318,6,0,D,L,Q,L,L,L,D,W,V,G,G,E,A,W,A,P,V,C,L,P
sp|Q7Z4H3|HDDC2_HUMAN,196-199,4,1,E,L,E,A,E,R,S,T,N,I,S,E,P,H,S,-,-,-,-,-
sp|Q86Y39|NDUAB_HUMAN,63-68,6,1,V,A,K,V,G,Q,Y,T,F,T,V,F,G,L,T,T,C,I,S,A
sp|Q8N4J0|CARME_HUMAN,40-50,11,0,V,Q,F,S,A,G,R,W,G,S,T,R,S,T,E,E,E,E,E,R
sp|Q8N653|LZTR1_HUMAN,13-17,5,0,G,P,G,S,T,G,G,Q,I,G,G,G,A,R,S,K,V,A,P,S
sp|Q8NFP4|MDGA1_HUMAN,590-594,5,0,Q,L,L,P,P,P,P,V,V,P,P,D,H,A,E,L,R,L,D,A
sp|Q8WWZ4|ABCAA_HUMAN,93-98,6,0,Y,W,L,K,G,F,V,A,F,Q,I,I,E,V,T,T,N,H,S,V
sp|Q969E3|UCN3_HUMAN,145-151,7,0,F,N,I,A,K,A,K,N,L,R,H,L,M,A,Q,I,G,R,K,K
sp|Q96NT5|PCFT_HUMAN,13-18,6,0,G,S,A,S,P,P,E,K,P,R,V,L,C,R,G,P,V,E,P,L
sp|Q96PG8|BBC3B_HUMAN,194-197,4,0,R,T,V,R,A,A,E,T,R,G,P,P,L,T,L,E,G,P,V,Q
sp|Q9BZE9|ASPC1_HUMAN,191-198,8,0,T,P,G,S,L,G,S,S,A,S,P,L,P,L,E,S,G,E,L,S
sp|Q9BZE9|ASPC1_HUMAN,236-240,5,0,E,H,T,Q,E,K,Q,S,T,R,P,F,V,P,F,S,G,G,G,Q
sp|Q9NZ56|FMN2_HUMAN,309-314,6,0,L,P,V,S,E,A,P,S,L,P,K,D,S,P,S,S,T,A,F,P
sp|Q9NZ56|FMN2_HUMAN,391-395,5,0,E,P,E,E,E,A,Q,G,P,D,S,L,P,G,S,P,A,P,S,Q
sp|Q9NZ56|FMN2_HUMAN,518-523,6,0,A,S,D,S,G,G,G,V,S,P,S,G,A,P,A,A,A,D,G,F
sp|Q9NZ56|FMN2_HUMAN,526-530,5,0,S,P,A,L,A,A,K,A,S,G,D,G,F,Q,N,V,F,T,G,R
sp|Q9ULL5|PRR12_HUMAN,253-258,6,0,T,Q,F,N,L,L,A,S,S,S,E,Q,S,S,P,Q,L,Y,N,F
sp|Q9ULL5|PRR12_HUMAN,398-403,6,0,G,Y,K,T,G,K,G,G,Y,G,T,R,P,P,P,P,R,S,T,A
sp|Q9ULL5|PRR12_HUMAN,424-428,5,0,T,P,K,C,Q,S,L,G,G,P,T,G,K,A,S,G,A,G,G,A
sp|Q9ULL5|PRR12_HUMAN,1425-1429,5,0,D,T,S,T,P,D,G,P,P,L,V,P,G,P,P,P,L,P,G,L
sp|Q9ULL5|PRR12_HUMAN,1519-1525,7,0,M,P,S,P,P,P,P,P,P,P,P,P,E,E,P,A,A,P,S,P
sp|Q9UNX9|KCJ14_HUMAN,161-165,5,0,G,V,R,S,V,T,E,E,C,P,V,V,L,Q,C,I,A,G,C,V
sp|C9JLR9|ZFTA_HUMAN,358-363,6,0,Q,D,L,T,G,K,S,R,D,S,P,S,S,Q,D,L,S,P,P,D
sp|O43493|TGON2_HUMAN,13-17,5,0,F,V,V,A,L,V,L,L,N,V,V,P,L,L,A,T,E,S,V,K
sp|P23945|FSHR_HUMAN,497-501,5,0,A,S,V,M,V,M,G,W,I,F,L,F,P,I,F,G,I,S,S,Y
sp|P27544|CERS1_HUMAN,2-8,7,0,-,-,-,-,-,-,-,-,-,M,G,P,T,G,P,E,P,M,P,S
sp|P27544|CERS1_HUMAN,30-34,5,0,A,Q,L,V,Q,R,G,W,G,S,R,G,C,T,D,C,G,W,G,L
sp|P36268|GGT2_HUMAN,41-47,7,0,K,E,P,D,N,H,V,Y,T,R,K,Q,C,L,E,I,G,R,D,T
sp|P36268|GGT2_HUMAN,67-71,5,0,T,L,R,D,G,G,S,A,V,D,L,L,C,V,G,L,M,N,A,H
sp|P78333|GPC5_HUMAN,134-139,6,0,I,L,F,C,S,T,Y,R,N,M,S,V,Q,E,F,F,T,D,V,G
sp|Q4G112|HSF5_HUMAN,160-165,6,0,N,R,F,Q,R,L,L,I,T,S,P,L,Q,H,Q,Q,P,P,P,P
sp|Q5TC12|ATPF1_HUMAN,7-12,6,0,-,-,-,-,M,A,A,V,V,V,G,P,A,V,L,Q,V,A,G,L
sp|Q6H3X3|ULBP5_HUMAN,2-8,7,0,-,-,-,-,-,-,-,-,-,M,F,L,L,R,L,P,L,L,L,L
sp|Q86UX6|ST32C_HUMAN,349-354,6,0,H,R,L,S,S,L,Q,D,V,Q,G,V,L,W,D,H,L,S,E,K
sp|Q86VI1|EX3L1_HUMAN,201-209,9,0,L,D,L,L,F,E,A,L,G,Q,G,K,L,A,R,E,D,P,A,L
sp|Q86VI1|EX3L1_HUMAN,331-336,6,0,Q,N,L,L,A,G,P,E,L,E,L,L,H,W,A,L,H,V,Y,L
sp|Q8IV32|CCD71_HUMAN,290-297,8,0,T,A,Q,A,K,V,A,R,T,L,K,V,A,R,T,Q,A,K,A,A
sp|Q8IV32|CCD71_HUMAN,304-316,13,0,R,A,Q,A,K,V,A,R,T,Q,Q,V,K,A,K,A,K,A,K,A
sp|Q8IV32|CCD71_HUMAN,322-327,6,0,K,A,K,A,A,Q,V,K,A,K,Q,V,K,A,K,A,K,V,M,A
sp|Q8IV32|CCD71_HUMAN,337-342,6,0,A,Q,V,K,A,K,A,K,V,M,K,A,K,A,K,A,V,R,A,K
sp|Q8N7X0|ADGB_HUMAN,1639-1644,6,0,E,A,E,H,L,K,L,E,T,L,M,K,L,E,T,E,K,M,T,P
sp|Q8NG04|S2610_HUMAN,119-123,5,0,E,Q,L,D,A,Q,R,V,G,V,F,G,S,G,A,L,M,L,G,M
sp|Q8NG04|S2610_HUMAN,477-482,6,0,V,V,L,D,F,S,G,V,T,F,R,E,V,V,Q,V,R,E,R,L
sp|Q8NG04|S2610_HUMAN,537-541,5,0,P,D,Q,L,F,V,S,V,Q,D,L,G,S,L,L,R,G,S,S,T
sp|Q96EK2|PF21B_HUMAN,160-164,5,0,Y,A,I,I,S,T,S,P,S,N,P,S,T,A,V,S,V,V,S,D
sp|Q96HH4|TM169_HUMAN,24-30,7,0,P,S,P,H,Q,G,S,L,R,K,L,D,G,E,S,T,M,G,H,R
sp|Q96L34|MARK4_HUMAN,680-684,5,0,P,E,A,L,M,A,A,L,R,Q,R,C,R,C,R,Q,P,Q,P,F
sp|Q9BSJ6|PIMRE_HUMAN,84-89,6,0,T,P,E,P,G,Q,Q,G,L,Q,K,S,A,L,G,A,V,S,Q,R
sp|Q9H6Y5|MAGIX_HUMAN,41-45,5,0,L,L,A,R,L,D,A,R,P,L,V,D,V,A,A,L,V,R,R,A
sp|Q9ULJ6|ZMIZ1_HUMAN,280-297,18,0,T,R,P,P,A,D,F,T,Q,P,T,A,T,A,T,V,A,A,L,Q
sp|Q9UPN9|TRI33_HUMAN,26-31,6,0,G,S,G,S,A,P,V,T,A,G,Q,E,A,E,P,P,L,T,A,V
sp|Q9Y223|GLCNE_HUMAN,456-460,5,1,I,N,L,I,L,Q,M,C,V,E,V,K,L,N,C,R,I,L,G,V
sp|Q9Y3P4|RHBD3_HUMAN,177-182,6,0,Q,L,L,C,G,L,L,A,G,L,F,R,W,L,E,P,S,E,R,R
sp|Q9Y4F5|C170B_HUMAN,367-373,7,0,G,T,Q,S,D,S,E,D,P,L,G,V,P,L,E,A,S,G,E,Q
sp|Q9Y4F5|C170B_HUMAN,896-901,6,0,I,S,S,H,P,L,L,Q,D,L,R,M,D,F,H,S,Q,D,T,H
sp|Q9Y5E1|PCDB9_HUMAN,676-681,6,0,F,S,Q,P,Y,L,P,L,P,E,Q,A,D,L,L,T,V,Y,L,V
sp|A4GXA9|EME2_HUMAN,46-50,5,0,S,D,A,E,D,S,A,G,S,E,R,D,P,A,G,E,R,R,A,A
sp|A4GXA9|EME2_HUMAN,59-63,5,0,R,A,R,D,P,A,G,E,R,R,L,R,L,L,R,P,E,Q,V,L
sp|Q01082|SPTB2_HUMAN,1601-1606,6,1,A,H,R,A,Q,Q,Y,Y,F,D,W,M,S,E,Q,E,L,Y,M,M
sp|Q02447|SP3_HUMAN,44-51,8,0,L,Q,Q,Q,Q,Q,H,G,N,G,Q,D,T,Q,P,S,P,L,A,L
sp|Q02447|SP3_HUMAN,81-93,13,0,P,P,S,P,G,D,D,E,E,E,T,G,D,L,A,S,A,Q,L,G
sp|Q13370|PDE3B_HUMAN,102-106,5,0,L,L,L,G,A,E,P,E,S,W,W,L,R,T,L,L,S,V,C,S
sp|Q5SRE5|NU188_HUMAN,2-5,4,1,-,-,-,-,-,-,-,-,-,M,G,G,P,C,V,R,S,S,R,E
sp|Q5SRE5|NU188_HUMAN,1524-1528,5,1,V,A,Q,R,V,Q,R,P,P,S,P,S,S,S,K,Q,P,A,A,D
sp|Q76KP1|B4GN4_HUMAN,463-468,6,0,A,P,P,R,S,G,P,Q,S,P,Q,P,G,A,T,L,A,P,P,T
sp|Q76KP1|B4GN4_HUMAN,497-501,5,0,T,P,R,H,S,R,A,L,S,W,R,P,L,P,L,F,L,G,R,A
sp|Q8N7B9|EFCB3_HUMAN,203-209,7,0,D,I,C,T,P,P,S,S,S,M,R,I,A,I,M,K,E,K,D,L
sp|Q8NHH9|ATLA2_HUMAN,385-390,6,0,L,Q,A,T,A,E,A,N,N,L,R,D,T,Y,C,K,S,M,E,Q
sp|Q8TDW4|ST7L_HUMAN,10-15,6,0,-,M,A,D,R,G,G,V,G,E,S,P,A,S,V,P,G,L,N,P
sp|Q92542|NICA_HUMAN,307-311,5,1,S,A,V,A,S,F,V,T,Q,L,L,Q,K,A,P,D,V,T,T,L
sp|Q92839|HYAS1_HUMAN,82-85,4,0,L,F,A,Y,L,E,H,R,R,V,R,G,P,L,D,A,A,T,A,R
sp|Q92839|HYAS1_HUMAN,173-177,5,0,D,G,N,Y,H,Q,P,W,E,P,V,G,A,G,A,Y,R,E,V,E
sp|Q92839|HYAS1_HUMAN,442-450,9,0,L,W,V,L,L,C,V,Q,G,V,W,L,R,G,C,L,R,M,V,L
sp|Q92839|HYAS1_HUMAN,542-547,6,0,P,S,R,A,A,E,A,Y,H,L,Y,V,G,Y,W,V,A,M,L,T
sp|Q96PF2|TSSK2_HUMAN,179-183,5,0,I,I,L,S,K,T,F,C,G,S,P,E,V,L,Q,S,I,P,Y,Q
sp|Q96QS6|PSKH2_HUMAN,38-43,6,0,G,V,G,G,A,G,P,G,P,E,Q,R,I,Q,V,A,R,F,R,A
sp|Q96RE7|NACC1_HUMAN,229-239,11,0,P,P,P,P,Q,Q,A,P,V,V,G,Q,P,A,G,G,V,A,A,A
sp|Q9BPZ2|SPI2B_HUMAN,16-21,6,0,A,Q,E,A,E,G,Q,Q,T,R,T,G,S,A,N,M,T,K,K,K
sp|Q9BQN1|FA83C_HUMAN,44-49,6,0,S,S,P,L,V,L,R,H,S,E,D,A,L,L,E,R,G,E,A,A
sp|Q9BYX2|TBD2A_HUMAN,348-353,6,0,A,A,Q,Q,E,K,R,A,S,S,E,D,K,D,R,L,E,L,V,R
sp|Q9H0E3|SP130_HUMAN,234-238,5,0,H,I,G,A,S,H,L,P,R,G,V,M,S,S,S,K,V,T,T,V
sp|Q9H0E3|SP130_HUMAN,376-381,6,0,K,T,I,F,S,T,G,T,P,V,P,I,L,A,T,N,T,I,P,S
sp|Q9H0E3|SP130_HUMAN,640-644,5,0,V,A,N,P,I,S,N,P,F,S,T,T,V,V,Q,T,H,S,Q,S
sp|A6NM62|LRC53_HUMAN,253-258,6,0,A,K,D,L,N,C,Q,P,S,T,Q,S,V,L,R,L,S,E,T,N
sp|O15085|ARHGB_HUMAN,641-645,5,0,P,R,S,R,S,D,V,D,M,D,T,R,L,H,Q,S,A,S,S,S
sp|O15085|ARHGB_HUMAN,1514-1518,5,0,G,S,D,A,P,L,E,D,S,T,S,P,G,P,-,-,-,-,-,-
sp|O43313|ATMIN_HUMAN,2-21,20,0,-,-,-,-,-,-,-,-,-,M,V,P,A,A,T,T,G,A,A,A
sp|O43313|ATMIN_HUMAN,29-33,5,0,A,R,A,V,P,A,A,T,T,G,S,G,P,W,V,P,P,G,P,R
sp|O43829|ZBT14_HUMAN,432-439,8,0,A,I,Q,S,E,T,E,Q,L,Q,E,Q,Q,L,E,T,I,A,C,S
sp|O95460|MATN4_HUMAN,158-163,6,0,G,R,P,Q,D,R,V,A,E,V,R,G,I,E,I,Y,A,V,G,V
sp|P0CG23|ZN853_HUMAN,451-456,6,0,V,V,V,Q,E,L,M,V,L,P,V,V,A,I,P,G,P,A,G,S
sp|P0CG23|ZN853_HUMAN,648-653,6,0,A,L,G,G,P,A,R,A,E,Q,P,A,D,K,A,L,-,-,-,-
sp|P35237|SPB6_HUMAN,330-336,7,0,F,V,E,V,N,E,E,G,T,E,I,M,M,M,R,C,A,R,F,V
sp|P35346|SSR5_HUMAN,159-163,5,0,R,W,R,R,P,R,V,A,K,L,W,V,L,S,L,C,M,S,L,P
sp|P35346|SSR5_HUMAN,350-355,6,0,I,R,Q,Q,Q,E,A,T,P,P,N,G,L,M,Q,T,S,K,L,-
sp|P57727|TMPS3_HUMAN,33-38,6,0,D,L,K,I,S,P,V,A,P,D,Q,I,L,S,L,L,P,L,K,F
sp|Q04727|TLE4_HUMAN,405-415,11,0,G,L,H,N,I,S,P,Q,M,S,Y,G,R,S,P,V,V,G,F,D
sp|Q08397|LOXL1_HUMAN,214-222,9,0,Y,Y,R,P,A,G,G,G,V,G,G,V,I,Y,P,Y,Q,P,R,A
sp|Q4AC94|C2CD3_HUMAN,1211-1217,7,0,V,Q,I,I,R,A,C,G,L,Q,E,R,E,P,A,L,Q,F,S,A
sp|Q5TGS1|HES3_HUMAN,126-131,6,0,L,F,R,P,C,T,P,A,V,W,G,G,P,R,S,P,P,P,L,L
sp|Q8IXK2|GLT12_HUMAN,43-48,6,0,L,G,S,V,L,R,A,Q,R,G,E,P,G,P,P,R,T,P,R,P
sp|Q8N3K9|CMYA5_HUMAN,1147-1152,6,0,K,G,E,R,E,A,S,S,S,V,L,P,A,Q,S,S,I,V,K,E
sp|Q8N443|RIBC1_HUMAN,13-18,6,0,N,I,K,Q,S,T,D,T,K,E,R,R,N,R,E,K,E,R,Q,N
sp|Q8N4F7|RN175_HUMAN,2-11,10,0,-,-,-,-,-,-,-,-,-,M,P,V,L,E,A,P,P,Q,Q,E
sp|Q96E22|NGBR_HUMAN,43-47,5,0,W,N,W,I,W,R,R,C,C,R,V,L,A,P,L,G,F,T,L,R
sp|Q96IZ6|MET2A_HUMAN,47-50,4,0,W,D,N,V,E,W,S,E,E,Q,E,R,K,V,Q,E,N,S,I,Q
sp|Q96T92|INSM2_HUMAN,142-147,6,0,P,V,S,A,E,S,F,P,G,G,F,S,C,S,V,A,P,A,A,A
sp|Q96T92|INSM2_HUMAN,153-157,5,0,A,A,V,A,A,F,S,C,S,V,P,T,P,G,E,Q,F,L,L,P
sp|Q96T92|INSM2_HUMAN,318-323,6,0,S,H,R,R,W,H,K,P,R,P,T,V,S,S,A,D,G,K,P,P
sp|Q9BV20|MTNA_HUMAN,232-236,5,1,P,A,T,L,I,T,D,S,M,V,H,R,G,V,S,A,V,V,V,G
sp|Q9GZR7|DDX24_HUMAN,314-319,6,0,I,E,S,E,A,L,P,S,D,I,K,T,G,G,T,V,S,D,Q,A
sp|Q9GZR7|DDX24_HUMAN,755-758,4,0,A,C,L,H,N,S,W,I,E,Q,L,E,I,E,L,E,E,D,M,Y
sp|Q9HCE6|ARGAL_HUMAN,96-100,5,0,G,V,P,A,W,V,S,N,G,D,F,S,G,A,R,H,S,S,W,K
sp|Q9NX77|ENK13_HUMAN,306-311,6,0,A,V,L,A,G,L,L,A,V,T,G,V,A,I,R,S,S,V,Q,T
sp|Q9UJH8|METRN_HUMAN,18-23,6,0,L,L,C,A,L,C,C,G,L,L,G,Y,S,E,E,R,C,S,W,R
sp|Q9UJH8|METRN_HUMAN,279-283,5,0,R,F,Q,E,F,R,R,A,Y,E,H,L,H,P,C,E,V,A,L,H
sp|Q9Y2U8|MAN1_HUMAN,2-8,7,0,-,-,-,-,-,-,-,-,-,M,P,Q,Q,L,S,D,E,E,L,F
sp|Q9Y2U8|MAN1_HUMAN,72-87,16,0,K,T,R,N,S,N,N,N,N,T,G,M,G,V,R,P,V,S,G,D
sp|Q9Y2U8|MAN1_HUMAN,125-131,7,0,P,E,S,L,L,G,G,P,G,G,G,S,K,V,L,L,G,F,S,S
sp|Q9Y2U8|MAN1_HUMAN,322-325,4,0,G,G,G,G,L,A,M,N,D,R,G,S,L,D,R,S,R,N,L,E
sp|Q9Y2U8|MAN1_HUMAN,337-340,4,0,S,L,D,R,S,R,N,L,E,E,E,Q,G,G,G,C,D,Q,V,D
sp|Q9Y2U8|MAN1_HUMAN,414-418,5,0,R,I,Y,S,N,S,L,P,P,S,S,S,S,L,R,I,N,H,A,N
sp|Q9Y6K5|OAS3_HUMAN,35-39,5,0,F,V,E,K,A,R,R,A,L,G,L,R,E,R,G,G,R,L,G,A
sp|Q9Y6K5|OAS3_HUMAN,717-722,6,0,N,V,G,H,G,S,W,E,L,L,L,G,M,Q,A,C,F,L,S,R
sp|Q9Y6K5|OAS3_HUMAN,1058-1063,6,0,L,G,H,N,A,R,W,D,L,L,C,T,S,A,L,C,C,M,G,R
sp|O15027|SC16A_HUMAN,741-746,6,0,L,P,D,F,G,G,N,V,L,L,L,Y,V,C,A,K,P,Q,P,P
sp|O15027|SC16A_HUMAN,1205-1210,6,0,Y,E,P,R,Y,R,P,Y,D,G,Q,N,Y,R,Y,P,E,P,E,R
sp|O15027|SC16A_HUMAN,1608-1611,4,0,A,Q,L,S,F,L,T,G,G,P,S,S,L,E,R,E,T,E,R,F
sp|O43763|TLX2_HUMAN,188-193,6,1,R,Q,K,Y,L,A,S,A,E,R,L,R,M,T,D,A,Q,V,K,T
sp|O60678|ANM3_HUMAN,172-179,8,0,L,K,H,M,E,A,R,A,L,S,R,E,D,L,Q,K,M,K,Q,F
sp|O60678|ANM3_HUMAN,273-278,6,1,G,C,G,T,G,I,L,S,M,F,K,K,V,L,G,V,D,Q,S,E
sp|O60907|TBL1X_HUMAN,159-175,17,0,A,F,R,E,K,L,A,Q,Q,Q,T,T,T,S,A,G,V,S,H,Q
sp|O75493|CAH11_HUMAN,17-23,7,0,L,S,A,P,R,A,L,V,L,W,H,I,G,P,A,P,D,P,E,D
sp|O95169|NDUB8_HUMAN,49-52,4,1,G,P,Y,P,R,T,P,E,E,R,K,K,Y,N,M,R,V,E,D,Y
sp|P0DW12|TFKL7_HUMAN,138-143,6,0,A,I,T,G,S,S,V,S,E,N,G,I,A,K,L,F,V,G,E,V
sp|P48681|NEST_HUMAN,153-158,6,0,A,H,E,E,E,R,V,G,L,N,P,R,C,P,A,P,P,R,G,P
sp|P55198|AF17_HUMAN,766-771,6,0,Q,L,S,V,P,F,P,A,L,P,N,G,P,V,P,G,P,Y,G,L
sp|P55198|AF17_HUMAN,1040-1051,12,0,P,S,L,G,N,N,T,S,L,M,G,G,P,P,V,L,T,A,Q,T
sp|Q13698|CAC1S_HUMAN,814-818,5,0,F,I,L,L,F,I,L,L,S,S,E,D,P,I,R,A,D,S,M,R
sp|Q569G3|CE047_HUMAN,85-89,5,0,L,R,V,P,T,T,P,G,V,E,S,S,Q,L,R,A,S,R,V,Q
sp|Q6P1N9|TATD1_HUMAN,182-185,4,0,V,V,H,S,F,D,G,T,K,E,L,I,D,L,D,L,Y,I,G,F
sp|Q8N8D1|PDCD7_HUMAN,262-267,6,0,R,A,R,E,R,E,A,E,R,E,V,E,R,E,Q,E,I,D,R,W
sp|Q96Q04|LMTK3_HUMAN,1256-1261,6,0,P,G,P,R,R,P,P,W,E,G,G,G,E,A,G,G,A,G,A,P
sp|Q96Q04|LMTK3_HUMAN,1291-1298,8,0,E,D,E,D,E,E,E,D,E,E,G,P,R,G,P,G,R,A,R,A
sp|Q96Q04|LMTK3_HUMAN,1318-1323,6,0,A,A,P,V,P,V,V,V,S,S,R,P,L,R,G,L,L,K,S,P
sp|Q9H078|CLPB_HUMAN,117-121,5,0,V,P,S,R,A,G,L,G,M,C,L,V,V,H,C,Y,S,K,S,P
sp|Q9NUK0|MBNL3_HUMAN,94-99,6,0,G,R,N,N,L,I,Q,Q,K,T,Q,Q,M,Q,L,M,L,Q,N,A
sp|Q9NUK0|MBNL3_HUMAN,253-258,6,0,K,A,A,H,H,Q,M,N,H,S,L,Q,P,G,T,L,Q,L,I,P
sp|Q9NWW9|PLAT2_HUMAN,43-48,6,0,V,V,H,L,A,P,A,S,E,I,S,V,L,S,A,L,T,N,K,A
sp|Q9NYF0|DACT1_HUMAN,79-86,8,0,V,R,G,A,L,R,G,A,G,G,G,E,L,L,G,E,A,A,Q,R
sp|Q9UPQ7|PZRN3_HUMAN,200-205,6,0,R,A,G,K,R,E,K,S,L,V,Q,L,E,L,Q,M,T,A,L,R
sp|Q9Y5J7|TIM9_HUMAN,77-82,6,1,F,Q,E,Y,H,I,Q,Q,N,E,G,L,L,G,Q,P,R,-,-,-
sp|O75081|MTG16_HUMAN,449-453,5,0,S,D,A,E,D,T,K,K,G,P,R,P,R,S,S,S,A,G,P,E
sp|O95684|CEP43_HUMAN,2-10,9,0,-,-,-,-,-,-,-,-,-,M,E,E,D,T,E,L,R,D,L,L
sp|O95863|SNAI1_HUMAN,123-128,6,0,F,S,S,T,S,V,S,S,L,E,F,P,G,L,G,Q,V,P,K,Q
sp|P58004|SESN2_HUMAN,116-121,6,1,P,L,A,S,S,W,R,H,Y,I,R,H,Q,C,S,Y,L,V,G,S
sp|Q08379|GOGA2_HUMAN,781-785,5,0,L,L,A,S,A,Q,K,E,P,E,P,G,T,G,G,D,S,V,C,G
sp|Q2TB90|HKDC1_HUMAN,387-392,6,0,I,V,S,F,R,S,A,N,L,C,I,L,T,R,L,R,E,N,K,K
sp|Q6P4R8|NFRKB_HUMAN,665-672,8,0,S,E,E,E,F,E,R,I,H,Q,R,K,A,L,Q,Q,K,P,K,P
sp|Q6T4P5|PLPR3_HUMAN,80-86,7,0,L,I,P,L,L,M,L,L,S,L,S,I,M,V,A,E,G,M,L,Y
sp|Q6T4P5|PLPR3_HUMAN,240-245,6,0,T,K,L,L,K,P,I,L,V,F,G,V,C,G,L,T,Q,I,T,Q
sp|Q6T4P5|PLPR3_HUMAN,294-299,6,0,N,F,Q,A,P,P,A,E,K,P,K,D,A,L,R,A,L,T,Q,R
sp|Q86X55|CARM1_HUMAN,2-7,6,0,-,-,-,-,-,-,-,-,-,M,V,G,P,G,A,G,G,A,G,S
sp|Q86X55|CARM1_HUMAN,202-207,6,1,G,C,G,S,G,I,L,S,F,F,R,K,I,Y,A,V,E,A,S,T
sp|Q86Y56|DAAF5_HUMAN,7-12,6,0,-,-,-,-,M,A,A,L,G,V,P,H,P,A,E,G,A,E,T,A
sp|Q86Y56|DAAF5_HUMAN,190-196,7,0,A,A,V,R,R,E,S,C,S,C,T,P,D,H,F,H,M,Q,S,E
sp|Q96PN7|TREF1_HUMAN,1122-1130,9,0,E,E,Q,Q,R,Q,K,A,Q,K,T,I,E,R,T,T,G,P,V,G
sp|Q96T76|MMS19_HUMAN,2-11,10,0,-,-,-,-,-,-,-,-,-,M,P,M,G,A,L,W,G,L,V,H
sp|Q96T76|MMS19_HUMAN,377-383,7,1,L,V,W,P,S,A,K,L,L,Q,R,A,C,D,S,V,T,S,N,V
sp|Q99832|TCPH_HUMAN,505-510,6,1,P,A,M,V,R,I,N,A,L,T,C,L,I,V,S,V,D,E,T,I
sp|Q99932|SPAG8_HUMAN,43-63,21,0,F,P,S,S,D,D,S,P,R,S,F,T,T,A,K,A,A,A,L,S
sp|Q99932|SPAG8_HUMAN,67-71,5,0,A,A,A,A,T,A,A,F,T,T,L,S,T,K,T,P,A,P,C,S
sp|Q9BQ04|RBM4B_HUMAN,231-240,10,0,Y,K,R,Y,R,V,R,S,Y,E,Y,N,Y,A,E,Q,T,M,S,H
sp|Q9BQ04|RBM4B_HUMAN,281-293,13,0,Y,D,R,H,L,L,P,N,S,G,T,T,S,S,Y,Y,G,R,D,R
sp|Q9C0D5|TANC1_HUMAN,975-978,4,0,S,E,N,G,M,T,A,L,C,Y,G,H,M,K,L,V,C,L,L,T
sp|Q9C0D5|TANC1_HUMAN,1044-1049,6,0,T,L,R,K,S,H,A,L,Q,Q,S,M,G,H,S,S,V,V,Q,C
sp|Q9C0D5|TANC1_HUMAN,1082-1087,6,0,N,G,T,D,T,L,W,G,E,T,G,R,G,K,L,E,V,C,E,L
sp|Q9C0D5|TANC1_HUMAN,1273-1278,6,0,L,L,R,K,G,A,K,L,G,N,T,S,K,P,D,I,L,I,I,L
sp|Q9GZT3|SLIRP_HUMAN,2-11,10,0,-,-,-,-,-,-,-,-,-,M,L,R,R,S,I,N,Q,P,V,A
sp|Q9NV92|NFIP2_HUMAN,38-43,6,0,R,G,T,A,T,N,A,E,V,S,T,G,S,E,E,L,P,P,G,D
sp|Q9NV92|NFIP2_HUMAN,192-202,11,0,S,L,P,T,Y,D,E,A,E,K,E,T,S,Q,R,I,Q,E,E,E
sp|Q9UBI9|HDC_HUMAN,27-57,31,0,N,S,S,G,D,E,Q,E,N,G,P,G,A,G,G,A,A,G,A,G
sp|Q9UBI9|HDC_HUMAN,73-88,16,0,A,A,G,A,G,G,A,G,T,G,K,N,E,A,P,C,A,T,P,L
sp|Q9UBI9|HDC_HUMAN,254-262,9,0,S,M,D,R,Q,N,S,Q,E,K,R,S,P,G,G,S,P,G,Q,S
sp|Q9UHV2|SRTD1_HUMAN,82-86,5,0,N,T,L,R,R,I,Q,A,S,M,L,P,P,V,P,S,P,P,A,A
sp|Q9UMF0|ICAM5_HUMAN,345-350,6,0,S,E,G,Q,M,V,T,V,T,C,L,V,T,L,E,G,V,P,A,A
sp|Q9UMF0|ICAM5_HUMAN,687-692,6,0,Q,T,W,L,E,G,A,E,A,S,R,G,R,P,S,P,G,V,R,C
sp|Q9UMF0|ICAM5_HUMAN,843-852,10,0,G,P,W,L,W,V,A,V,G,G,G,A,G,L,A,F,Y,V,Q,S
sp|Q9UMF0|ICAM5_HUMAN,903-908,6,0,G,A,A,G,A,E,G,G,P,E,E,S,P,A,E,G,E,V,F,A
sp|Q9UQV4|LAMP3_HUMAN,7-13,7,0,-,-,-,-,M,P,R,Q,L,S,S,L,A,V,I,L,H,D,G,S
sp|Q9Y3Q4|HCN4_HUMAN,761-765,5,0,E,M,A,H,C,A,H,R,V,Q,T,P,T,P,T,P,V,I,W,T
sp|Q9Y3Q4|HCN4_HUMAN,784-787,4,0,W,T,P,L,I,Q,A,P,L,Q,T,T,S,V,A,I,A,L,T,H
sp|A0A1W2PR64|TFKL9_HUMAN,138-143,6,0,A,I,T,G,S,S,V,S,E,N,G,I,A,K,L,F,V,G,E,V
sp|O14562|UBFD1_HUMAN,2-6,5,0,-,-,-,-,-,-,-,-,-,M,P,D,G,M,E,E,P,G,M,D
sp|O14562|UBFD1_HUMAN,36-44,9,0,A,P,A,R,P,V,N,C,L,E,E,D,S,G,A,A,R,G,S,L
sp|O14569|C56D2_HUMAN,18-23,6,0,E,S,H,I,Y,R,A,L,R,T,H,L,V,A,L,G,F,T,I,F
sp|O15440|MRP5_HUMAN,1424-1429,6,0,L,L,S,N,D,S,S,R,F,Y,E,N,K,V,A,V,K,G,-,-
sp|O43826|G6PT1_HUMAN,405-410,6,0,T,A,F,W,V,A,E,V,I,C,F,F,L,L,R,N,I,R,T,K
sp|O75962|TRIO_HUMAN,8-13,6,0,-,-,-,M,S,G,S,S,G,G,S,S,G,P,A,A,A,A,S,A
sp|O75962|TRIO_HUMAN,18-24,7,0,A,A,A,P,A,A,S,S,G,P,G,S,G,C,G,G,G,A,G,E
sp|O75962|TRIO_HUMAN,432-436,5,0,I,A,S,Q,L,E,Q,E,W,K,L,D,E,R,S,T,L,L,D,M
sp|O95450|ATS2_HUMAN,37-43,7,0,L,L,P,P,P,P,P,P,A,N,D,P,P,G,G,P,L,G,H,G
sp|P08962|CD63_HUMAN,99-103,5,0,F,L,S,L,I,M,L,V,E,V,G,Y,V,F,R,D,K,V,M,S
sp|P08962|CD63_HUMAN,207-210,4,0,G,W,L,R,K,N,V,L,V,V,L,G,I,A,F,V,E,V,L,G
sp|P59780|AP3S2_HUMAN,156-161,6,0,R,L,E,K,S,E,G,G,L,S,V,S,A,V,K,N,I,N,L,P
sp|P98161|PKD1_HUMAN,316-321,6,0,D,F,G,D,G,S,A,E,V,D,S,H,R,Y,V,L,P,G,R,Y
sp|P98161|PKD1_HUMAN,354-358,5,0,A,L,L,G,T,D,V,Q,V,E,L,E,L,V,C,P,S,S,V,Q
sp|P98161|PKD1_HUMAN,438-445,8,0,A,W,L,Q,A,Q,E,Q,C,Q,M,V,D,S,P,A,V,Q,R,F
sp|P98161|PKD1_HUMAN,1200-1204,5,0,R,L,E,V,N,N,T,V,S,G,D,V,R,V,F,E,E,L,R,G
sp|P98161|PKD1_HUMAN,2665-2669,5,0,V,H,T,V,D,D,I,Q,Q,I,Q,C,M,G,P,S,R,E,L,V
sp|P98161|PKD1_HUMAN,3236-3241,6,1,N,G,G,L,V,E,K,E,V,L,L,L,R,F,R,R,L,L,V,A
sp|Q12931|TRAP1_HUMAN,21-26,6,0,W,G,R,R,L,R,P,L,L,R,V,P,G,G,K,P,I,L,C,P
sp|Q5T4S7|UBR4_HUMAN,9-15,7,0,-,-,M,A,T,S,G,G,E,E,P,G,T,P,A,T,G,A,D,T
sp|Q5T4S7|UBR4_HUMAN,3084-3088,5,0,I,C,E,S,S,S,L,I,S,S,L,L,S,S,G,A,V,D,Y,C
sp|Q5T4S7|UBR4_HUMAN,3334-3338,5,0,S,C,A,L,C,G,S,K,V,L,S,S,G,S,S,S,A,S,S,S
sp|Q5T4S7|UBR4_HUMAN,4140-4145,6,0,R,Q,V,L,F,T,P,A,T,Q,C,T,I,V,E,A,L,A,T,I
sp|Q6NZI2|CAVN1_HUMAN,27-32,6,0,P,D,A,E,A,P,E,P,S,S,E,E,P,S,G,A,G,S,E,E
sp|Q7Z3B3|KANL1_HUMAN,2-7,6,0,-,-,-,-,-,-,-,-,-,M,L,T,D,A,A,A,E,A,H,H
sp|Q7Z3B3|KANL1_HUMAN,11-15,5,0,M,A,A,M,A,P,A,L,T,D,H,H,I,R,F,K,L,A,P,P
sp|Q7Z3B3|KANL1_HUMAN,439-444,6,0,P,L,R,R,R,S,E,W,K,W,I,V,S,R,W,N,W,L,Q,A
sp|Q7Z3B3|KANL1_HUMAN,915-919,5,0,E,N,E,E,I,E,D,L,S,D,L,H,A,K,C,E,E,M,E,R
sp|Q7Z3B3|KANL1_HUMAN,1095-1099,5,0,I,V,P,L,K,S,R,H,L,V,Q,R,P,T,H,R,-,-,-,-
sp|Q86VW1|S22AG_HUMAN,198-202,5,0,T,S,S,S,M,F,L,F,G,I,V,D,Y,Y,T,F,M,A,A,R
sp|Q8N3V7|SYNPO_HUMAN,684-689,6,0,F,Q,Q,E,P,A,P,R,D,R,E,E,V,V,P,E,W,A,S,C
sp|Q8NBP0|TTC13_HUMAN,16-23,8,0,C,C,C,C,C,C,F,W,G,G,R,R,V,L,L,L,L,L,L,G
sp|Q8ND94|LRN4L_HUMAN,230-237,8,0,L,R,D,R,W,G,C,P,R,R,L,-,-,-,-,-,-,-,-,-
sp|Q92826|HXB13_HUMAN,103-108,6,0,S,R,S,S,L,K,P,C,A,Q,Y,P,A,E,T,P,T,A,G,E
sp|Q96HW7|INT4_HUMAN,693-697,5,1,A,P,L,Y,L,K,Q,S,D,L,K,Q,I,M,E,E,T,Y,K,M
sp|Q9P2F6|RHG20_HUMAN,689-694,6,0,A,M,C,T,P,S,Y,L,S,T,K,S,L,R,R,H,R,R,C,S
sp|Q9ULV0|MYO5B_HUMAN,1439-1444,6,0,I,Y,M,K,K,A,Q,D,L,E,Q,S,E,R,K,R,H,E,L,N
sp|Q9Y240|CLC11_HUMAN,196-202,7,0,K,C,F,L,L,S,R,D,F,E,R,C,T,A,R,G,G,S,L,A
sp|Q9Y490|TLN1_HUMAN,674-681,8,0,F,Q,D,A,L,M,Q,L,A,K,L,V,L,K,A,K,S,V,A,Q
sp|Q9Y490|TLN1_HUMAN,769-773,5,0,E,D,G,Q,L,L,R,G,V,G,V,T,Q,A,L,N,E,L,L,Q
sp|Q9Y490|TLN1_HUMAN,873-879,7,0,L,A,D,A,T,A,K,M,V,E,H,P,D,S,E,E,Q,Q,Q,R
sp|Q9Y490|TLN1_HUMAN,900-908,9,0,L,R,E,A,A,E,G,L,R,M,I,K,K,K,L,V,Q,R,L,E
sp|Q9Y490|TLN1_HUMAN,920-928,9,0,K,K,K,L,V,Q,R,L,E,H,T,Q,T,I,A,A,A,Q,H,A
sp|Q9Y490|TLN1_HUMAN,933-939,7,0,Q,A,A,A,S,A,T,Q,T,I,S,T,P,K,A,S,A,G,P,Q
sp|Q9Y490|TLN1_HUMAN,1002-1006,5,0,S,F,L,Q,P,G,G,K,M,V,S,V,P,T,I,Q,D,Q,A,S
sp|Q9Y490|TLN1_HUMAN,1336-1341,6,0,P,A,A,P,N,L,K,S,Q,L,V,T,D,S,I,N,Q,L,I,T
sp|Q9Y490|TLN1_HUMAN,1439-1444,6,0,A,S,K,A,L,C,G,F,T,E,Y,L,V,G,V,S,D,P,N,S
sp|Q9Y490|TLN1_HUMAN,1717-1724,8,0,Q,E,I,S,H,L,I,E,P,L,S,Q,L,G,H,K,V,S,Q,M
sp|Q9Y490|TLN1_HUMAN,1744-1749,6,0,M,A,Q,Y,F,E,P,L,T,L,S,K,T,L,S,H,P,Q,Q,M
sp|Q9Y490|TLN1_HUMAN,1817-1821,5,0,V,E,D,L,T,T,T,L,N,E,G,V,V,G,G,M,V,D,S,I
sp|Q9Y490|TLN1_HUMAN,1903-1907,5,0,Y,G,R,L,A,S,E,A,K,P,E,N,E,E,I,G,S,H,I,K
sp|Q9Y490|TLN1_HUMAN,2097-2102,6,0,V,A,K,A,L,G,D,L,I,S,G,K,V,G,D,D,P,A,V,W
sp|Q9Y490|TLN1_HUMAN,2187-2192,6,0,R,M,T,K,G,I,T,M,A,T,G,N,S,C,R,Q,E,D,V,I
sp|Q9Y490|TLN1_HUMAN,2312-2320,9,0,T,V,I,A,E,N,E,L,L,G,K,K,L,E,Q,L,K,P,R,A
sp|Q9Y490|TLN1_HUMAN,2353-2358,6,0,E,Q,I,L,E,A,A,K,S,I,L,V,K,A,A,S,A,A,Q,R
sp|Q9Y490|TLN1_HUMAN,2362-2366,5,0,I,A,A,A,T,S,A,L,V,K,Q,R,E,L,V,A,Q,G,K,V
sp|Q9Y490|TLN1_HUMAN,2410-2414,5,0,V,A,A,A,T,N,N,L,C,E,V,Q,G,H,A,S,Q,E,K,L
sp|Q9Y490|TLN1_HUMAN,2473-2479,7,0,V,K,R,A,S,D,N,L,V,K,F,E,E,Q,E,N,E,T,V,V
sp|O15218|GP182_HUMAN,371-374,4,0,I,I,I,T,K,G,D,S,Q,P,P,H,P,E,P,S,L,S,F,Q
sp|P01889|HLAB_HUMAN,159-164,6,1,A,L,N,E,D,L,R,S,W,T,Q,I,T,Q,R,K,W,E,A,A
sp|P07910|HNRPC_HUMAN,63-68,6,1,A,F,V,Q,Y,V,N,E,R,N,G,E,D,G,R,M,I,A,G,Q
sp|P12883|MYH7_HUMAN,1187-1191,5,1,D,L,E,E,A,T,L,Q,H,E,L,R,K,K,H,A,D,S,V,A
sp|P12883|MYH7_HUMAN,1437-1441,5,0,D,L,M,V,D,V,E,R,S,N,L,D,K,K,Q,R,N,F,D,K
sp|P14136|GFAP_HUMAN,267-272,6,0,Y,R,S,K,F,A,D,L,T,D,E,L,L,R,Q,A,K,H,E,A
sp|P23610|HAP40_HUMAN,2-6,5,0,-,-,-,-,-,-,-,-,-,M,G,L,G,G,G,G,A,G,P,G
sp|P23610|HAP40_HUMAN,120-124,5,1,C,P,A,A,Y,G,E,P,L,Q,L,G,A,A,V,R,L,H,L,E
sp|P23610|HAP40_HUMAN,139-143,5,1,V,R,L,H,L,E,L,G,Q,P,L,C,L,E,L,A,A,A,L,R
sp|P23610|HAP40_HUMAN,159-162,4,1,A,A,A,L,R,D,L,G,Q,P,G,H,F,Q,R,A,A,Q,L,Q
sp|P31939|PUR9_HUMAN,301-306,6,1,D,L,Y,K,T,L,T,P,I,S,R,G,A,D,R,M,S,S,F,G
sp|P48729|KC1A_HUMAN,305-310,6,0,T,F,D,W,T,M,L,K,Q,K,S,S,S,G,Q,G,Q,Q,A,Q
sp|P55771|PAX9_HUMAN,168-171,4,0,H,I,Y,S,Y,P,S,P,I,T,K,V,P,T,P,P,G,V,P,A
sp|P55771|PAX9_HUMAN,235-240,6,0,W,S,S,L,G,R,N,N,F,P,V,N,G,L,E,K,G,A,L,E
sp|Q14974|IMB1_HUMAN,480-485,6,1,V,C,W,A,F,S,S,L,A,E,D,V,A,D,D,Q,E,E,P,A
sp|Q15020|SART3_HUMAN,42-46,5,0,A,R,T,R,R,K,V,L,S,R,T,Y,K,T,M,G,P,A,W,D
sp|Q15020|SART3_HUMAN,925-930,6,0,L,L,P,R,A,L,Q,R,P,S,E,N,G,P,A,A,A,P,A,V
sp|Q15020|SART3_HUMAN,935-945,11,0,A,A,A,P,Q,A,E,N,G,P,T,E,A,P,K,M,S,N,A,D
sp|Q2T9J0|TYSD1_HUMAN,318-322,5,0,D,A,L,H,R,L,P,H,S,T,L,L,P,P,E,V,G,V,P,W
sp|Q2T9J0|TYSD1_HUMAN,344-347,4,0,L,P,L,R,D,S,G,P,L,W,V,L,V,E,C,G,T,V,W,G
sp|Q5TF21|SOGA3_HUMAN,9-25,17,0,-,-,M,S,Q,P,P,I,G,G,R,L,H,P,E,G,S,S,R,K
sp|Q5TF21|SOGA3_HUMAN,122-134,13,0,G,A,A,P,G,A,V,Q,P,V,L,G,G,R,R,P,G,P,P,E
sp|Q5TF21|SOGA3_HUMAN,269-276,8,0,L,I,Q,F,H,L,K,K,E,R,Q,M,H,A,K,N,G,G,G,S
sp|Q5TF21|SOGA3_HUMAN,312-315,4,0,T,L,A,V,A,S,A,S,P,M,E,G,P,Q,Q,S,A,E,G,S
sp|Q6NUK4|REEP3_HUMAN,129-137,9,0,V,N,F,G,R,Q,G,L,N,L,V,K,S,Q,G,A,I,T,E,R
sp|Q6ZN16|M3K15_HUMAN,40-45,6,0,G,A,A,G,P,A,E,P,D,G,G,G,S,G,E,G,E,S,G,G
sp|Q7Z403|TMC6_HUMAN,792-797,6,0,E,R,S,R,V,G,T,T,E,E,L,L,T,D,E,Q,D,A,-,-
sp|Q7Z7M1|AGRD2_HUMAN,881-886,6,0,L,A,G,I,L,V,H,L,S,P,V,G,L,N,S,I,Q,G,L,Y
sp|Q8TEH3|DEN1A_HUMAN,726-730,5,0,P,P,I,P,R,P,A,K,L,Q,L,G,D,V,S,E,R,L,Q,T
sp|Q8WXI3|ASB10_HUMAN,285-290,6,0,Q,L,C,S,L,L,L,S,A,G,D,Q,D,K,Q,R,P,L,H,L
sp|Q8WXI3|ASB10_HUMAN,339-343,5,0,T,P,L,H,C,A,L,Q,G,P,Q,S,P,E,H,V,V,R,A,L
sp|Q96A11|G3ST3_HUMAN,277-287,11,0,L,N,A,R,A,A,S,S,R,L,R,T,W,N,A,L,D,A,G,L
sp|Q96AA3|RFT1_HUMAN,323-327,5,0,D,A,T,L,Q,K,Q,E,D,V,V,L,E,S,L,L,K,L,A,L
sp|Q96QI5|HS3S6_HUMAN,54-59,6,0,L,C,A,L,P,G,R,C,P,P,P,A,P,A,P,S,E,P,S,S
sp|Q9BYN7|ZN341_HUMAN,223-228,6,0,G,G,N,G,V,V,E,V,Y,S,G,S,G,T,V,E,I,Q,A,L
sp|Q9NNW7|TRXR2_HUMAN,2-7,6,0,-,-,-,-,-,-,-,-,-,M,L,R,G,L,G,G,R,F,R,W
sp|Q9NNW7|TRXR2_HUMAN,29-35,7,0,T,Q,A,V,A,G,G,V,R,G,G,Q,R,D,Y,D,L,L,V,V
sp|O43586|PPIP1_HUMAN,325-329,5,0,L,H,G,S,P,K,T,T,S,L,S,T,E,T,L,T,P,T,P,E
sp|P08865|RSSA_HUMAN,91-96,6,1,N,T,G,Q,R,A,V,L,K,F,T,P,I,A,G,R,F,T,P,G
sp|P08865|RSSA_HUMAN,216-221,6,1,D,P,E,E,I,E,K,E,E,Q,V,T,K,E,E,F,Q,G,E,W
sp|P0CJ89|DU4L6_HUMAN,211-217,7,0,A,L,P,Q,G,A,F,V,S,Q,L,Q,P,S,Q,A,A,P,A,E
sp|P0CJ89|DU4L6_HUMAN,240-245,6,0,S,Q,P,A,P,A,R,G,D,F,P,P,D,G,A,L,S,H,P,Q
sp|P34925|RYK_HUMAN,41-49,9,0,L,L,L,A,L,L,P,L,L,P,P,R,P,P,E,L,Q,S,A,S
sp|P43366|MAGB1_HUMAN,28-33,6,0,A,R,E,E,T,Q,G,L,K,V,E,K,E,E,C,P,S,S,S,P
sp|P43366|MAGB1_HUMAN,70-73,4,0,K,P,Q,G,A,P,P,T,T,T,V,S,C,T,E,S,D,E,G,A
sp|P49761|CLK3_HUMAN,141-145,5,0,R,G,A,R,S,G,E,W,G,L,W,E,T,M,H,H,C,K,R,Y
sp|Q01780|EXOSX_HUMAN,756-764,9,0,Q,T,A,A,R,E,Q,A,K,E,I,S,V,R,Q,Q,V,V,L,E
sp|Q13319|CD5R2_HUMAN,130-133,4,0,P,L,A,V,P,V,P,T,V,P,T,C,E,P,P,S,G,G,S,A
sp|Q13319|CD5R2_HUMAN,345-350,6,0,G,G,G,P,P,S,G,G,A,P,R,D,S,C,A,A,G,T,K,H
sp|Q14432|PDE3A_HUMAN,95-98,4,0,V,G,C,D,L,E,Q,C,K,E,E,E,E,E,A,A,P,G,A,E
sp|Q14432|PDE3A_HUMAN,870-873,4,0,N,D,R,S,V,L,E,N,H,H,W,N,L,F,M,S,R,P,E,Y
sp|Q3KNT9|TMM95_HUMAN,12-16,5,0,W,R,L,A,L,G,G,V,F,L,C,V,F,C,R,L,P,A,H,D
sp|Q4FZB7|KMT5B_HUMAN,500-505,6,0,I,K,K,D,K,E,P,E,G,P,S,G,C,L,T,R,H,A,A,R
sp|Q5TCZ1|SPD2A_HUMAN,1021-1028,8,0,G,V,R,R,N,S,S,F,S,T,K,G,R,L,A,E,R,A,A,S
sp|Q6BEB4|SP5_HUMAN,150-154,5,0,A,S,C,A,P,A,Y,V,P,Y,L,P,P,G,Y,S,N,L,L,P
sp|Q6BEB4|SP5_HUMAN,224-235,12,0,A,G,A,P,H,A,P,R,F,P,L,Q,R,G,L,V,L,G,P,S
sp|Q86UF2|CTGE6_HUMAN,120-125,6,0,S,S,L,E,D,A,S,F,E,K,R,S,L,E,A,T,C,E,K,L
sp|Q8IV01|SYT12_HUMAN,25-30,6,0,S,P,P,G,W,E,V,G,V,Y,L,L,G,I,A,A,V,S,L,W
sp|Q8WUN7|UBTD2_HUMAN,73-80,8,0,A,F,E,G,R,K,E,I,W,D,F,E,S,N,D,H,E,L,A,Q
sp|Q92783|STAM1_HUMAN,485-493,9,0,S,Q,A,P,V,Y,S,P,P,P,D,V,T,L,Y,Q,N,A,G,P
sp|Q96KK3|KCNS1_HUMAN,247-259,13,0,M,C,I,H,S,L,P,E,Y,Q,G,R,S,P,E,G,V,R,D,D
sp|Q96P20|NLRP3_HUMAN,390-395,6,1,E,Y,F,F,K,Y,F,S,D,E,F,S,L,I,Q,E,N,E,V,L
sp|Q99453|PHX2B_HUMAN,159-167,9,0,R,R,A,K,F,R,K,Q,E,R,K,N,G,S,S,G,K,K,S,D
sp|Q99453|PHX2B_HUMAN,241-260,20,0,G,P,G,G,E,P,G,K,G,G,G,G,L,A,A,A,G,G,P,G
sp|Q99575|POP1_HUMAN,108-113,6,1,I,P,K,Y,I,T,A,S,T,F,E,I,S,A,M,L,K,A,V,T
sp|Q9BY08|EBPL_HUMAN,19-24,6,0,A,E,A,G,G,S,L,L,L,C,G,C,A,L,G,L,R,L,G,R
sp|Q9BZZ2|SN_HUMAN,611-616,6,0,P,T,F,T,T,R,L,D,L,D,G,R,R,G,L,L,L,C,R,V
sp|Q9BZZ2|SN_HUMAN,1519-1523,5,0,Y,H,C,L,A,E,L,P,T,G,P,V,M,L,R,V,L,Y,P,P
sp|Q9C0C9|UBE2O_HUMAN,10-15,6,0,-,M,A,D,P,A,A,P,T,P,Q,A,P,A,P,A,P,E,A,V
sp|Q9C0C9|UBE2O_HUMAN,27-31,5,0,A,P,A,P,A,P,E,A,V,P,P,V,P,A,P,A,P,A,S,D
sp|Q9C0C9|UBE2O_HUMAN,780-784,5,0,E,D,K,G,V,V,I,S,E,E,V,Q,G,A,V,A,M,A,A,P
sp|Q9C0C9|UBE2O_HUMAN,788-793,6,0,E,E,A,A,T,A,A,V,Q,G,P,M,A,G,L,M,E,K,A,G
sp|Q9P2S6|ANKY1_HUMAN,298-301,4,0,V,A,D,A,K,G,Y,T,V,L,T,H,C,H,N,D,I,V,N,L
sp|Q9Y2Z9|COQ6_HUMAN,48-53,6,0,V,V,V,S,G,G,G,L,V,G,L,G,Y,D,I,H,F,H,D,K
sp|Q9Y5E7|PCDB2_HUMAN,678-683,6,0,F,S,Q,P,Y,L,L,L,P,E,Q,A,D,L,L,T,V,Y,L,V
sp|A0A7P0TBJ1|HAPR2_HUMAN,42-47,6,0,E,Q,L,P,P,E,L,Q,E,E,G,L,K,S,E,K,Q,K,L,W
sp|A0A8I5KQE6|RPSA2_HUMAN,91-96,6,0,N,T,G,Q,R,A,V,L,K,F,T,P,I,A,G,R,F,T,P,G
sp|A0A8I5KQE6|RPSA2_HUMAN,216-221,6,0,D,P,E,E,I,E,K,E,E,Q,V,T,K,E,E,F,Q,G,E,W
sp|E5RJM6|ANR65_HUMAN,131-135,5,0,R,V,A,E,L,L,L,Q,R,G,R,S,G,T,G,L,T,P,L,H
sp|E5RJM6|ANR65_HUMAN,168-172,5,0,R,L,L,E,A,P,G,P,G,P,E,D,A,R,G,W,T,A,A,H
sp|E5RJM6|ANR65_HUMAN,180-186,7,0,A,E,A,E,D,A,R,G,W,T,G,G,R,L,A,V,L,E,L,L
sp|E5RJM6|ANR65_HUMAN,210-213,4,0,G,A,G,L,D,G,A,L,L,V,G,R,G,A,A,L,R,F,L,L
sp|P09327|VILI_HUMAN,673-678,6,1,G,K,H,A,N,E,E,E,K,K,Q,E,Y,L,K,T,H,P,S,G
sp|P18509|PACA_HUMAN,67-73,7,0,E,P,P,G,A,G,S,P,A,S,W,Y,R,P,A,G,R,R,D,V
sp|P19823|ITIH2_HUMAN,599-604,6,0,I,N,Q,L,L,A,E,R,S,L,K,R,R,I,T,R,S,I,L,Q
sp|P32242|OTX1_HUMAN,147-155,9,0,S,S,S,S,S,A,S,S,S,S,G,L,G,G,N,P,V,A,A,A
sp|P32242|OTX1_HUMAN,211-219,9,0,S,N,T,S,C,M,Q,R,S,V,S,Y,P,M,S,Y,G,Q,G,G
sp|P32242|OTX1_HUMAN,324-330,7,0,A,D,C,L,D,Y,K,E,P,G,W,K,L,N,F,N,S,P,D,C
sp|P51800|CLCKA_HUMAN,203-206,4,0,N,K,S,K,Q,N,E,M,L,V,V,G,V,A,T,V,F,A,A,P
sp|P51800|CLCKA_HUMAN,467-473,7,0,V,T,N,P,I,M,P,G,G,Y,F,S,G,A,V,T,H,T,I,S
sp|P51800|CLCKA_HUMAN,507-512,6,0,H,A,L,P,V,L,M,A,V,L,Q,S,C,Q,P,S,F,Y,D,G
sp|Q04637|IF4G1_HUMAN,501-504,4,0,I,P,A,N,L,S,Q,N,L,E,T,Q,V,A,V,S,V,P,K,R
sp|Q04637|IF4G1_HUMAN,1108-1113,6,0,S,G,G,S,G,A,K,P,S,D,R,P,A,T,S,T,L,N,R,F
sp|Q05215|EGR4_HUMAN,422-425,4,0,P,Q,L,S,P,L,G,L,R,S,D,F,P,K,P,L,V,A,D,I
sp|Q13261|I15RA_HUMAN,140-145,6,0,A,A,S,S,P,S,S,N,N,T,I,V,P,G,S,Q,L,M,P,S
sp|Q2TAY7|SMU1_HUMAN,143-148,6,1,P,D,G,S,S,K,E,K,R,R,L,A,G,E,V,S,V,V,P,P
sp|Q66K74|MAP1S_HUMAN,9-12,4,0,-,-,M,A,A,V,A,G,S,G,P,S,S,L,L,L,V,V,G,S
sp|Q66K74|MAP1S_HUMAN,873-878,6,0,R,K,P,L,A,R,P,N,S,R,T,P,V,A,A,A,K,T,K,G
sp|Q6YBV0|S36A4_HUMAN,3-13,11,0,-,-,-,-,-,-,-,-,M,E,R,R,E,E,L,D,M,D,V,M
sp|Q6ZRP0|PR23C_HUMAN,171-176,6,0,S,E,F,P,E,L,W,M,D,S,G,L,Y,P,S,A,R,S,M,F
sp|Q8N0S2|SYCE1_HUMAN,255-258,4,0,E,E,H,R,K,A,E,E,L,L,Q,R,H,Q,Q,L,Q,Q,K,C
sp|Q8TB37|NUBPL_HUMAN,89-94,6,0,V,G,K,S,T,T,A,V,N,L,N,D,S,S,K,A,I,G,L,L
sp|Q92526|TCPW_HUMAN,14-21,8,0,I,K,A,V,N,S,K,A,E,V,V,N,I,C,A,A,R,G,L,Q
sp|Q96GI7|FA89A_HUMAN,6-11,6,0,-,-,-,-,-,M,S,G,A,R,G,N,G,A,V,R,G,L,R,V
sp|Q96GI7|FA89A_HUMAN,74-81,8,0,L,S,R,G,G,P,G,G,G,G,K,P,P,N,L,D,A,A,L,A
sp|Q9C0B7|TNG6_HUMAN,330-335,6,0,Q,A,V,V,R,G,I,L,E,G,G,G,S,D,A,E,V,T,A,A
sp|Q9H425|CA198_HUMAN,2-10,9,0,-,-,-,-,-,-,-,-,-,M,S,R,S,A,V,M,S,G,N,R
sp|Q9H4B0|OSGL1_HUMAN,282-287,6,0,G,I,E,K,G,Q,I,L,S,S,T,V,Q,H,T,M,A,C,H,L
sp|Q9NQ79|CRAC1_HUMAN,279-283,5,0,H,N,R,G,D,G,T,F,V,D,G,V,D,D,P,H,Q,H,G,R
sp|Q9NQ79|CRAC1_HUMAN,622-639,18,0,S,P,G,P,R,P,T,T,P,T,P,V,L,V,D,G,D,L,N,L
sp|O75140|DEPD5_HUMAN,1340-1346,7,1,F,S,R,S,F,G,G,R,S,Q,T,V,P,E,Q,R,T,V,T,L
sp|P0DPI2|GAL3A_HUMAN,13-17,5,0,A,V,R,V,L,V,A,S,R,L,F,T,S,L,S,P,G,G,R,T
sp|P30988|CALCR_HUMAN,426-435,10,0,R,W,G,R,R,P,S,N,R,S,G,D,I,P,I,Y,I,C,H,Q
sp|P46060|RAGP1_HUMAN,309-314,6,0,N,L,S,F,C,E,I,K,R,D,E,A,M,A,D,K,A,E,L,E
sp|P46087|NOP2_HUMAN,171-176,6,0,P,I,E,R,A,A,R,K,Q,K,G,I,Q,W,S,E,E,E,T,E
sp|Q13950|RUNX2_HUMAN,73-89,17,0,Q,Q,Q,Q,Q,Q,Q,Q,Q,E,V,P,R,L,R,P,P,H,D,N
sp|Q15700|DLG2_HUMAN,483-486,4,1,I,D,L,R,G,A,S,H,E,Q,L,K,G,A,G,Q,T,V,T,I
sp|Q5I0X4|CF226_HUMAN,63-67,5,0,R,L,P,R,R,P,K,P,W,E,E,S,L,P,P,P,T,L,R,I
sp|Q8IXW0|LMTD2_HUMAN,24-29,6,0,E,S,V,S,G,H,L,G,P,P,P,E,T,P,T,C,L,P,D,T
sp|Q8N0Y2|ZN444_HUMAN,303-307,5,0,V,L,R,H,Q,R,I,H,G,R,Q,G,A,V,A,P,G,P,D,G
sp|Q8N9M1|CS047_HUMAN,180-187,8,0,T,V,S,N,K,M,A,A,K,S,R,R,E,E,E,S,L,A,V,P
sp|Q8N9M1|CS047_HUMAN,321-326,6,0,L,T,V,K,A,K,A,T,S,S,P,T,L,R,R,L,A,L,S,S
sp|Q8NE00|TM104_HUMAN,66-72,7,0,S,F,V,T,T,T,F,V,I,E,Q,L,H,W,K,R,M,E,N,L
sp|Q8NE00|TM104_HUMAN,161-166,6,0,C,I,I,V,Y,L,Y,G,D,L,V,P,F,S,L,M,Q,V,T,C
sp|Q8TE73|DYH5_HUMAN,314-319,6,0,L,K,S,P,D,V,K,A,V,L,K,S,K,L,L,K,T,W,R,E
sp|Q8TER5|ARH40_HUMAN,1124-1129,6,0,E,L,T,P,E,L,R,G,T,W,R,E,R,L,R,S,F,H,R,T
sp|Q8WWI5|CTL1_HUMAN,51-56,6,0,G,M,G,F,I,C,G,F,S,I,R,L,V,S,G,Y,D,S,Y,G
sp|Q9BSY9|DESI2_HUMAN,170-177,8,0,S,Q,E,L,Q,D,E,L,E,E,S,V,A,S,T,A,A,G,S,R
sp|Q9UH65|SWP70_HUMAN,365-370,6,0,L,E,A,V,R,K,K,L,E,E,E,E,E,K,K,R,L,Q,T,Q
sp|O60308|CE104_HUMAN,736-741,6,0,P,K,N,Q,D,I,Q,G,G,K,L,G,I,P,D,E,H,Y,L,D
sp|O75152|ZC11A_HUMAN,677-682,6,0,A,P,K,R,K,A,V,E,M,H,V,K,P,L,S,S,S,S,V,L
sp|P16070|CD44_HUMAN,427-431,5,0,K,E,D,S,H,S,T,T,G,T,H,T,S,H,P,M,Q,G,R,T
sp|P17676|CEBPB_HUMAN,44-52,9,0,D,C,L,A,A,A,Y,G,G,K,R,P,G,P,R,P,P,A,G,E
sp|P17676|CEBPB_HUMAN,250-255,6,0,D,A,K,A,P,P,T,A,C,Y,P,S,Q,V,K,S,K,A,K,K
sp|P42166|LAP2A_HUMAN,81-84,4,0,R,E,P,T,P,V,L,G,S,G,G,R,S,R,A,A,V,G,R,K
sp|P42166|LAP2A_HUMAN,572-579,8,0,N,Q,Q,L,D,L,A,L,C,R,L,Q,I,A,T,H,T,A,F,V
sp|P42785|PCP_HUMAN,199-204,6,1,R,M,K,Y,P,H,M,V,V,G,P,I,W,Q,F,E,D,L,V,P
sp|P51788|CLCN2_HUMAN,2-6,5,0,-,-,-,-,-,-,-,-,-,M,E,E,G,M,E,P,R,A,L,Q
sp|P51788|CLCN2_HUMAN,241-245,5,0,E,N,E,S,R,N,T,E,M,L,V,G,V,G,C,C,F,A,A,P
sp|P51788|CLCN2_HUMAN,504-510,7,0,I,V,P,G,G,Y,A,V,V,G,V,T,H,T,V,S,T,A,V,I
sp|P53674|CRBB1_HUMAN,4-9,6,0,-,-,-,-,-,-,-,M,S,Q,S,A,T,V,A,V,N,P,G,P
sp|P56962|STX17_HUMAN,98-103,6,0,K,R,M,I,D,P,V,K,E,E,E,F,L,Q,L,H,L,E,S,V
sp|P56962|STX17_HUMAN,256-261,6,0,P,I,G,L,L,A,G,F,K,V,L,G,G,G,V,L,G,F,T,G
sp|Q06203|PUR1_HUMAN,331-336,6,0,V,S,T,V,P,E,S,A,T,P,G,K,C,G,L,P,Y,V,E,V
sp|Q2M329|CCD96_HUMAN,75-79,5,0,E,Q,A,E,A,P,K,G,L,T,G,E,E,G,P,G,E,P,G,R
sp|Q2M329|CCD96_HUMAN,154-160,7,0,L,P,L,T,R,I,D,E,E,E,E,T,E,R,V,E,G,E,E,E
sp|Q5R3F8|PPR29_HUMAN,583-590,8,0,E,L,A,F,E,C,Q,S,L,P,T,G,P,G,A,L,E,R,P,S
sp|Q5SR56|MF14B_HUMAN,27-32,6,0,P,E,A,G,A,M,P,E,K,R,G,S,T,W,L,Q,G,F,G,R
sp|Q5T2T1|MPP7_HUMAN,72-76,5,0,K,Q,S,P,V,P,I,L,H,G,D,D,L,A,E,E,L,Q,N,K
sp|Q6UWP7|LCLT1_HUMAN,162-167,6,0,S,L,K,G,V,P,G,F,G,W,Y,I,F,I,H,R,K,W,K,D
sp|Q6UXF1|TM108_HUMAN,77-82,6,0,T,P,N,P,D,G,P,P,S,Q,T,P,T,P,R,A,E,G,H,P
sp|Q6UXF1|TM108_HUMAN,118-123,6,0,H,S,E,S,S,L,S,T,G,P,T,T,S,S,K,P,E,G,R,P
sp|Q6ZN04|MEX3B_HUMAN,470-475,6,0,V,R,S,D,P,G,G,G,G,L,N,G,L,G,A,Q,L,P,G,L
sp|Q86V21|AACS_HUMAN,34-39,6,0,K,K,N,T,Q,M,D,R,F,R,C,G,L,A,L,E,S,Y,D,D
sp|Q86V21|AACS_HUMAN,139-144,6,0,V,T,F,E,E,L,R,Q,E,V,M,R,K,M,G,V,K,K,G,D
sp|Q86V21|AACS_HUMAN,169-174,6,0,Y,L,P,N,S,E,H,A,V,E,S,I,G,A,I,W,S,S,T,S
sp|Q8NE01|CNNM3_HUMAN,2-8,7,0,-,-,-,-,-,-,-,-,-,M,G,R,L,G,W,L,F,A,A,L
sp|Q8NE01|CNNM3_HUMAN,23-28,6,0,W,L,F,A,A,L,C,L,G,N,P,G,P,R,V,L,G,F,C,L
sp|Q8NE01|CNNM3_HUMAN,127-132,6,0,L,A,V,R,V,E,P,G,G,G,P,P,W,A,L,G,L,G,A,A
sp|Q8NE01|CNNM3_HUMAN,146-151,6,0,A,L,G,L,G,A,A,G,L,L,R,G,L,Q,L,S,A,L,A,L
sp|Q8NE01|CNNM3_HUMAN,176-181,6,0,V,Q,V,L,R,E,S,G,S,E,R,R,L,E,P,A,R,R,W,A
sp|Q8NE01|CNNM3_HUMAN,205-210,6,0,L,G,A,L,L,L,L,A,S,L,V,L,L,Y,R,A,A,G,Q,R
sp|Q8NF91|SYNE1_HUMAN,2425-2429,5,0,M,Q,E,F,Q,E,W,F,L,G,K,E,S,S,D,R,T,G,D,S
sp|Q8NF91|SYNE1_HUMAN,7316-7321,6,0,L,G,E,Q,L,K,Q,Q,V,D,I,Q,S,D,Q,L,S,L,S,Q
sp|Q92585|MAML1_HUMAN,79-89,11,0,K,R,A,G,K,H,R,Q,P,P,P,R,L,D,A,A,D,G,P,E
sp|Q96EK4|THA11_HUMAN,95-100,6,0,V,N,E,R,K,V,A,R,R,P,R,R,R,Q,Q,Q,Q,Q,Q,Q
sp|Q96EK4|THA11_HUMAN,197-208,12,0,P,I,D,L,T,V,Q,V,E,F,S,E,L,Q,A,A,T,A,G,L
sp|Q96JH8|RADIL_HUMAN,225-230,6,0,V,S,E,T,S,L,S,P,V,N,Q,G,P,E,E,P,G,P,D,A
sp|Q9P299|COPZ2_HUMAN,16-21,6,0,A,W,P,R,P,H,P,G,E,G,G,G,P,A,P,P,A,R,A,G
sp|Q9UL54|TAOK2_HUMAN,554-559,6,0,R,R,H,Q,A,I,G,E,K,E,E,E,R,K,F,Q,Q,H,I,L
sp|Q9UMD9|COHA1_HUMAN,528-533,6,0,R,I,E,K,D,R,L,Q,G,M,D,L,D,K,I,G,L,H,S,D
sp|O60346|PHLP1_HUMAN,4-7,4,0,-,-,-,-,-,-,-,M,E,P,T,V,Q,R,L,P,E,L,G,R
sp|O60346|PHLP1_HUMAN,21-45,25,0,R,L,P,E,L,G,R,E,D,R,G,G,G,R,S,P,E,P,A,L
sp|O60346|PHLP1_HUMAN,132-137,6,0,R,R,G,R,L,K,R,N,L,S,S,S,S,S,S,S,S,A,A,A
sp|O60346|PHLP1_HUMAN,145-148,4,0,A,A,A,S,S,S,S,S,S,S,S,H,S,P,G,A,A,G,L,P
sp|O60346|PHLP1_HUMAN,254-257,4,0,V,V,K,V,L,G,Q,G,P,G,R,E,P,A,E,P,P,P,E,A
sp|O60346|PHLP1_HUMAN,381-386,6,0,G,S,S,S,S,S,E,E,L,E,P,T,G,V,P,G,Q,P,R,R
sp|O60346|PHLP1_HUMAN,439-444,6,0,A,V,R,E,G,S,C,E,E,K,P,G,G,L,Q,S,T,P,G,R
sp|O60346|PHLP1_HUMAN,1395-1399,5,0,A,V,E,A,V,R,N,V,P,D,K,K,L,C,T,L,A,Q,S,Y
sp|O75175|CNOT3_HUMAN,515-520,6,0,P,S,S,P,T,P,S,F,S,D,L,L,N,G,P,P,Q,F,S,T
sp|O94925|GLSK_HUMAN,45-52,8,0,C,R,R,P,R,G,G,G,R,P,R,L,H,P,W,W,G,G,G,G
sp|O94925|GLSK_HUMAN,98-102,5,0,T,H,P,Q,P,G,V,S,P,P,P,G,P,K,D,G,P,G,E,T
sp|P0CJ86|DU4L3_HUMAN,211-217,7,0,A,L,P,Q,G,A,F,V,S,Q,L,Q,P,S,Q,A,A,P,A,E
sp|P0CJ86|DU4L3_HUMAN,240-245,6,0,S,Q,P,A,P,A,R,G,D,F,P,P,D,G,A,L,S,H,P,Q
sp|P21246|PTN_HUMAN,14-19,6,0,Q,Q,Y,Q,Q,Q,R,R,K,F,F,I,F,I,L,A,A,V,D,T
sp|P53814|SMTN_HUMAN,554-560,7,0,K,M,E,A,E,P,A,E,P,L,N,G,A,E,Q,T,R,V,N,K
sp|Q14159|SPIDR_HUMAN,39-43,5,0,L,Q,V,R,R,A,G,L,R,T,S,L,S,E,A,W,L,R,C,G
sp|Q14159|SPIDR_HUMAN,711-716,6,0,L,C,V,L,G,S,E,V,L,E,P,H,S,L,F,F,K,D,A,L
sp|Q15022|SUZ12_HUMAN,29-36,8,0,G,S,G,G,G,G,F,G,G,S,S,G,G,K,S,G,G,G,S,C
sp|Q15022|SUZ12_HUMAN,60-67,8,0,G,S,Y,S,A,S,S,S,S,S,V,L,P,V,K,K,P,K,M,E
sp|Q2M2W7|CQ058_HUMAN,66-71,6,0,A,P,Q,R,P,R,A,A,E,V,W,P,D,P,R,R,R,K,P,P
sp|Q2M2W7|CQ058_HUMAN,93-98,6,0,P,A,D,N,Q,A,S,F,R,E,G,P,P,G,P,R,L,A,Q,A
sp|Q2M2W7|CQ058_HUMAN,158-162,5,0,A,G,H,A,H,P,N,R,P,R,P,G,P,A,P,A,P,P,P,R
sp|Q2TAC2|CCD57_HUMAN,76-81,6,0,E,R,D,L,E,L,E,R,Y,D,R,E,W,E,E,A,R,R,A,E
sp|Q2TAC2|CCD57_HUMAN,220-225,6,0,L,H,K,E,L,E,A,L,K,E,E,S,L,Q,R,A,E,A,T,N
sp|Q2TAC2|CCD57_HUMAN,881-886,6,0,A,G,I,A,T,P,G,M,K,T,K,T,T,G,A,S,R,S,H,P
sp|Q5GH76|XKR4_HUMAN,177-182,6,0,F,V,H,D,F,S,T,E,D,S,S,S,C,P,Q,P,G,A,D,C
sp|Q5TGJ6|HDGL1_HUMAN,179-190,12,0,E,E,A,E,A,E,R,A,A,E,V,D,E,E,S,P,F,L,V,A
sp|Q7Z5P9|MUC19_HUMAN,1988-1993,6,0,T,S,S,P,V,S,K,H,T,D,V,T,I,S,G,S,K,P,G,T
sp|Q7Z5P9|MUC19_HUMAN,7425-7429,5,0,I,S,P,G,A,S,R,T,T,G,E,T,T,T,S,L,E,G,G,G
sp|Q92750|TAF4B_HUMAN,11-16,6,0,M,P,A,G,L,T,E,P,A,G,V,S,A,S,G,T,V,T,M,A
sp|Q96DF8|ESS2_HUMAN,268-273,6,0,Q,A,L,S,R,C,Q,L,Q,Q,Q,H,K,Q,G,K,V,G,P,D
sp|Q96DF8|ESS2_HUMAN,360-365,6,0,G,R,R,E,R,L,G,L,K,M,K,N,R,A,K,K,Q,E,A,L
sp|Q96GA7|SDSL_HUMAN,75-83,9,1,R,H,L,V,C,S,S,G,G,N,R,K,L,G,I,P,A,T,I,V
sp|Q96GA7|SDSL_HUMAN,278-282,5,1,E,R,M,L,V,E,P,A,C,G,I,Y,S,G,L,L,R,R,L,Q
sp|Q96L96|ALPK3_HUMAN,170-175,6,0,A,I,N,R,G,A,R,Q,P,R,G,R,G,P,G,A,G,A,W,R
sp|Q96L96|ALPK3_HUMAN,189-193,5,0,P,G,A,G,A,W,R,T,G,E,G,P,A,V,G,E,G,G,A,M
sp|Q96L96|ALPK3_HUMAN,1256-1260,5,0,L,D,R,E,V,Q,A,G,R,Q,R,G,S,W,G,P,G,P,S,S
sp|Q96L96|ALPK3_HUMAN,1688-1694,7,0,N,M,S,R,E,Y,C,K,I,F,P,G,F,G,E,V,P,E,I,I
sp|Q9NR22|ANM8_HUMAN,129-134,6,1,G,S,G,T,G,I,L,S,M,F,K,K,V,F,G,I,E,C,S,S
sp|Q9Y466|NR2E1_HUMAN,311-316,6,1,S,G,S,E,L,R,S,F,R,N,L,Q,D,E,A,Q,L,T,L,N
sp|A1KXE4|F168B_HUMAN,31-36,6,0,G,Y,P,A,G,F,P,M,G,Y,Y,S,P,N,M,Y,P,G,A,N
sp|A6NEF3|GG6L4_HUMAN,508-511,4,0,G,A,E,E,P,R,G,S,E,S,R,P,V,A,G,A,P,V,P,Q
sp|O00198|HRK_HUMAN,74-83,10,0,A,L,P,T,Y,W,P,W,L,C,W,L,L,G,R,R,N,L,-,-
sp|O14828|SCAM3_HUMAN,90-97,8,0,P,K,N,Y,G,S,Y,S,T,Q,E,L,L,K,K,Q,E,E,L,N
sp|O14828|SCAM3_HUMAN,331-340,10,0,G,V,F,S,N,P,A,V,R,T,E,N,A,F,R,A,P,-,-,-
sp|O15399|NMDE4_HUMAN,61-67,7,0,L,N,V,A,L,V,F,S,G,P,R,L,G,P,A,V,A,A,A,V
sp|O15399|NMDE4_HUMAN,72-76,5,0,Y,A,A,E,A,A,R,L,G,P,V,R,S,P,G,L,D,V,R,P
sp|O15399|NMDE4_HUMAN,1032-1040,9,0,G,A,F,P,G,F,P,S,P,P,V,G,P,P,L,C,R,L,A,F
sp|O15399|NMDE4_HUMAN,1244-1247,4,0,H,R,P,R,A,S,H,R,T,P,P,H,H,H,R,H,R,R,A,A
sp|O75151|PHF2_HUMAN,935-939,5,0,T,R,V,A,S,I,E,T,G,L,K,L,S,Q,Q,E,E,Q,K,S
sp|O94776|MTA2_HUMAN,222-225,4,1,S,I,R,Q,P,S,L,H,M,S,S,R,D,I,T,L,F,H,A,M
sp|P06213|INSR_HUMAN,9-12,4,0,-,-,M,A,T,G,G,R,R,G,P,L,L,V,A,V,A,A,L,L
sp|P15056|BRAF_HUMAN,29-39,11,0,F,N,G,D,M,E,P,E,A,G,D,P,A,I,P,E,E,V,W,N
sp|P28290|ITPI2_HUMAN,582-586,5,0,L,V,P,L,Q,K,G,L,E,K,D,K,R,K,S,G,S,Q,D,F
sp|Q6DN14|MCTP1_HUMAN,5-8,4,0,-,-,-,-,-,-,M,E,P,R,G,E,P,E,P,P,A,A,S,S
sp|Q6DN14|MCTP1_HUMAN,137-143,7,0,E,H,L,L,P,A,V,K,G,P,G,G,T,P,P,G,G,R,S,P
sp|Q7LGC8|CHST3_HUMAN,456-461,6,0,P,A,M,R,L,F,G,Y,K,L,L,T,N,R,S,V,S,L,L,E
sp|Q8N5H3|LRA25_HUMAN,68-74,7,0,A,A,R,A,P,D,G,P,R,H,G,P,A,A,G,P,R,R,P,V
sp|Q8NI38|IKBD_HUMAN,64-69,6,0,H,L,F,A,A,R,G,L,R,W,E,V,L,Q,V,Y,R,R,L,D
sp|Q8NI38|IKBD_HUMAN,92-95,4,0,E,H,K,G,K,T,P,L,L,V,N,Q,P,L,I,V,E,D,L,L
sp|Q8TEM1|PO210_HUMAN,23-26,4,0,L,S,V,L,L,A,A,G,P,S,K,L,N,I,P,K,V,L,L,P
sp|Q92667|AKAP1_HUMAN,406-413,8,0,T,V,L,G,P,D,T,A,E,P,P,P,D,A,G,L,P,L,P,G
sp|Q96I13|ABHD8_HUMAN,52-56,5,0,R,V,L,R,V,K,H,A,G,P,P,P,P,P,S,S,A,S,S,D
sp|Q96IZ7|RSRC1_HUMAN,193-197,5,0,A,K,A,R,L,Q,L,V,L,E,D,E,A,L,K,A,K,E,R,N
sp|Q9BSH4|TACO1_HUMAN,3-7,5,0,-,-,-,-,-,-,-,-,M,S,S,L,S,R,A,A,A,R,C,L
sp|Q9BUB7|TMM70_HUMAN,22-28,7,0,V,E,L,P,L,C,G,R,R,T,L,R,G,P,R,A,S,V,S,R
sp|Q9BXW7|HDHD5_HUMAN,8-13,6,0,-,-,-,M,A,A,W,G,C,V,R,G,L,C,W,R,A,A,R,A
sp|Q9BXW7|HDHD5_HUMAN,20-25,6,0,L,G,A,A,R,G,L,C,W,R,G,L,Q,G,R,P,A,R,R,C
sp|Q9HBX8|LGR6_HUMAN,697-702,6,0,R,A,G,V,L,G,C,L,A,L,L,P,L,A,S,V,G,E,Y,G
sp|Q9HBX8|LGR6_HUMAN,852-856,5,0,R,P,R,A,G,D,S,G,P,L,G,E,L,E,K,S,S,C,D,S
sp|Q9NWM3|CUED1_HUMAN,348-353,6,0,K,H,L,L,K,H,Q,S,L,G,N,L,L,D,D,V,E,G,H,A
sp|Q9Y2E4|DIP2C_HUMAN,394-399,6,0,V,A,L,V,F,P,N,N,D,P,F,Y,G,C,L,L,A,E,V,V
sp|Q9Y2E4|DIP2C_HUMAN,1099-1102,4,0,L,I,C,K,L,L,R,S,R,E,V,D,V,R,T,W,P,L,I,L
sp|A6NC78|GOG8I_HUMAN,525-530,6,0,A,G,A,Q,G,G,D,E,G,E,D,G,I,A,A,Y,S,N,Y,N
sp|A8K830|OCAT2_HUMAN,230-235,6,0,F,Y,P,S,T,D,C,V,D,F,T,S,D,F,Y,K,R,E,T,N
sp|O60658|PDE8A_HUMAN,588-593,6,0,K,E,T,L,D,P,I,D,E,V,T,I,H,D,V,D,H,P,G,R
sp|O75638|CTAG2_HUMAN,48-53,6,0,G,A,T,G,G,R,G,P,R,G,S,G,P,R,G,G,A,P,R,G
sp|P12645|BMP3_HUMAN,102-105,4,0,R,E,G,N,T,V,R,S,F,R,E,T,L,E,R,K,G,L,Y,I
sp|P13945|ADRB3_HUMAN,37-42,6,0,T,S,G,L,P,G,V,P,W,E,L,L,A,L,A,V,L,A,T,V
sp|P13945|ADRB3_HUMAN,373-378,6,0,C,G,R,R,L,P,P,E,P,C,L,F,P,S,G,V,P,A,A,R
sp|P43681|ACHA4_HUMAN,506-511,6,1,D,D,A,A,P,E,A,D,G,Q,S,R,N,T,H,S,A,E,L,P
sp|P49321|NASP_HUMAN,7-13,7,0,-,-,-,-,M,A,M,E,S,T,E,L,V,S,A,D,K,I,E,D
sp|P49321|NASP_HUMAN,351-356,6,0,A,E,E,S,P,E,V,T,T,E,V,E,A,G,S,E,V,S,E,K
sp|P52756|RBM5_HUMAN,337-341,5,0,R,V,S,A,F,S,V,A,S,T,Q,W,S,S,T,Q,S,Q,S,G
sp|P52756|RBM5_HUMAN,577-581,5,0,S,L,R,E,E,E,R,R,E,S,G,F,A,L,F,E,K,K,G,A
sp|P53618|COPB_HUMAN,277-282,6,1,T,L,V,T,L,S,S,A,P,T,Q,C,Y,I,D,L,I,I,K,E
sp|P53618|COPB_HUMAN,415-418,4,1,L,M,E,F,L,S,D,N,N,E,D,V,L,E,F,V,R,E,A,I
sp|P85037|FOXK1_HUMAN,27-38,12,0,R,S,A,P,C,S,P,V,L,C,P,P,P,A,P,A,Q,P,Q,P
sp|P85037|FOXK1_HUMAN,82-96,15,0,G,G,S,S,G,V,S,G,D,S,S,V,R,Q,S,P,G,P,A,L
sp|P85037|FOXK1_HUMAN,279-287,9,0,V,Q,N,V,T,S,D,L,Q,L,S,E,Q,Q,A,D,T,S,G,G
sp|P85037|FOXK1_HUMAN,552-556,5,0,S,Q,G,A,A,G,G,S,H,D,V,L,D,L,G,S,E,A,R,G
sp|P85037|FOXK1_HUMAN,673-680,8,0,R,V,C,E,V,G,P,K,E,P,T,T,T,P,A,T,A,T,T,A
sp|Q12830|BPTF_HUMAN,13-17,5,0,G,R,R,G,R,P,P,K,Q,P,E,R,C,A,P,A,P,P,P,P
sp|Q12830|BPTF_HUMAN,52-56,5,0,R,H,R,G,S,S,R,G,R,W,E,V,A,P,K,T,R,L,S,S
sp|Q12830|BPTF_HUMAN,796-802,7,0,K,L,S,Q,L,K,S,Q,Q,V,N,K,L,F,K,E,G,K,E,V
sp|Q12830|BPTF_HUMAN,2789-2794,6,0,K,E,K,D,L,M,Q,L,A,Q,P,C,P,P,V,T,P,A,P,P
sp|Q13576|IQGA2_HUMAN,212-217,6,0,I,L,A,N,E,L,S,V,D,E,V,I,A,I,N,E,A,V,E,K
sp|Q16617|NKG7_HUMAN,97-102,6,0,P,G,H,G,P,L,V,S,T,T,I,S,M,V,V,A,M,A,V,Y
sp|Q6ZN01|MASTR_HUMAN,232-236,5,0,G,A,P,W,P,R,L,K,P,K,R,R,Q,G,S,V,K,P,S,A
sp|Q6ZN01|MASTR_HUMAN,271-277,7,0,G,T,A,P,A,P,T,P,T,P,L,T,P,S,S,G,P,G,S,A
sp|Q7Z5J1|DHI1L_HUMAN,216-221,6,0,T,M,C,V,L,G,L,R,D,R,V,R,S,S,T,S,R,P,R,Q
sp|Q8IXM3|RM41_HUMAN,5-8,4,0,-,-,-,-,-,-,M,G,V,L,R,C,L,V,R,G,A,D,R,M
sp|Q8TDI8|TMC1_HUMAN,749-757,9,0,L,E,N,K,M,R,N,K,K,M,G,R,Q,-,-,-,-,-,-,-
sp|Q969F9|HPS3_HUMAN,400-403,4,0,N,L,Q,C,F,T,V,R,C,S,R,E,E,D,P,Y,M,D,T,T
sp|Q9BWM7|SFXN3_HUMAN,182-187,6,0,P,P,L,V,G,R,F,V,P,F,N,C,I,N,I,P,L,M,R,Q
sp|Q9BXT2|CCG6_HUMAN,140-145,6,0,Q,R,T,T,K,K,E,V,N,L,V,L,G,L,A,V,M,A,L,G
sp|Q9NQ84|GPC5C_HUMAN,281-290,10,0,N,S,P,T,W,D,D,P,T,L,F,V,L,F,Y,V,I,P,E,V
sp|Q9P278|FNIP2_HUMAN,20-24,5,0,F,N,K,R,G,S,S,G,S,S,Q,G,R,A,P,K,E,G,P,A
sp|A6NGE4|DC8L1_HUMAN,30-35,6,0,F,S,S,P,E,E,Q,S,G,V,S,S,D,I,E,M,A,A,T,E
sp|O15040|TCPR2_HUMAN,1051-1056,6,0,Q,T,I,I,H,A,T,H,S,V,P,V,E,K,V,A,D,K,L,R
sp|O43633|CHM2A_HUMAN,198-206,9,0,S,L,S,V,A,A,G,G,K,K,D,A,D,A,D,L,E,E,R,L
sp|O60683|PEX10_HUMAN,2-6,5,0,-,-,-,-,-,-,-,-,-,M,S,P,P,E,V,I,R,A,A,Q
sp|P11532|DMD_HUMAN,3302-3307,6,0,M,V,W,L,P,V,L,H,R,V,K,H,Q,A,K,C,N,I,C,K
sp|P29622|KAIN_HUMAN,377-380,4,1,T,L,D,V,D,E,A,G,T,E,T,S,F,A,I,K,F,F,S,A
sp|P37837|TALDO_HUMAN,276-281,6,1,D,N,A,K,L,V,P,V,L,S,S,D,L,E,K,I,H,L,D,E
sp|P67809|YBOX1_HUMAN,12-17,6,0,S,S,E,A,E,T,Q,Q,P,P,P,A,L,S,A,A,D,T,K,P
sp|P98095|FBLN2_HUMAN,25-28,4,0,G,L,A,L,A,L,G,P,S,V,P,R,Q,D,C,T,G,V,E,C
sp|P98095|FBLN2_HUMAN,256-259,4,0,P,W,P,A,V,L,P,R,P,T,L,G,P,P,A,P,V,Q,A,K
sp|Q4G0T1|SRCRM_HUMAN,834-840,7,0,C,R,Q,L,G,C,G,R,A,V,F,G,P,G,S,G,P,V,W,L
sp|Q5H9F3|BCORL_HUMAN,399-404,6,0,I,F,T,P,A,P,T,P,M,P,I,P,T,S,A,P,I,P,A,S
sp|Q5H9F3|BCORL_HUMAN,424-429,6,0,S,F,S,L,S,R,V,C,F,P,M,Q,K,V,P,L,S,F,Q,P
sp|Q68EM7|RHG17_HUMAN,417-422,6,0,L,L,W,A,R,N,E,G,T,L,T,S,V,H,V,V,A,V,I,E
sp|Q7L3V2|BOP_HUMAN,17-22,6,0,R,Q,Q,G,P,R,I,P,I,W,N,A,H,P,W,Q,Q,M,D,K
sp|Q7L3V2|BOP_HUMAN,150-155,6,0,C,E,I,L,R,R,L,T,G,R,P,Y,L,D,G,D,L,P,L,P
sp|Q8NEM7|SP20H_HUMAN,744-753,10,0,Q,Q,L,R,F,L,Q,H,Q,M,Q,L,H,H,H,R,H,T,G,S
sp|Q8TDI0|CHD5_HUMAN,206-216,11,0,S,A,N,N,P,F,K,G,S,S,V,E,T,V,T,I,S,P,P,L
sp|Q96I15|SCLY_HUMAN,11-16,6,0,M,E,A,A,V,A,P,G,R,D,S,Q,P,S,G,C,G,K,H,N
sp|Q9BQI3|E2AK1_HUMAN,18-23,6,0,V,R,K,R,E,E,E,G,D,G,P,P,A,I,D,F,P,A,E,G
sp|Q9NW64|RBM22_HUMAN,279-284,6,1,C,A,F,I,Q,F,A,T,R,Q,E,K,S,F,N,K,L,I,V,N
sp|Q9NYP3|DONS_HUMAN,43-48,6,0,A,S,P,P,R,E,L,T,E,P,L,V,A,G,L,P,L,R,P,F
sp|Q9Y673|ALG5_HUMAN,13-19,7,0,P,L,L,L,Q,L,A,V,L,G,L,V,L,I,S,I,V,A,F,T
sp|A0A2R8Y2Y2|CHO90_HUMAN,125-130,6,0,S,P,P,A,L,L,R,P,L,H,M,R,K,R,R,L,E,R,L,A
sp|A6NNW6|ENO4_HUMAN,595-601,7,0,F,N,E,E,A,E,K,A,A,E,R,E,P,L,V,P,T,F,P,T
sp|C9JVW0|INAM1_HUMAN,87-91,5,0,A,A,R,P,G,V,P,P,V,P,S,L,S,C,L,L,G,V,P,G
sp|O15127|SCAM2_HUMAN,317-322,6,0,G,I,F,S,S,R,T,F,H,R,Q,G,A,F,Q,G,N,-,-,-
sp|O60287|NPA1P_HUMAN,981-986,6,0,L,D,A,Q,N,Q,Q,R,C,E,D,L,F,L,D,M,E,S,V,A
sp|O60287|NPA1P_HUMAN,2095-2100,6,0,P,E,S,D,A,P,G,P,V,Y,V,S,W,V,L,R,S,V,A,E
sp|O60287|NPA1P_HUMAN,2264-2268,5,0,E,E,A,I,V,V,L,C,K,D,S,D,A,-,-,-,-,-,-,-
sp|P04920|B3A2_HUMAN,666-670,5,0,Q,D,K,A,L,L,Q,M,V,E,E,D,D,P,L,R,R,T,G,R
sp|P0C864|DANCR_HUMAN,12-17,6,0,A,G,P,V,P,P,H,P,G,L,L,H,P,A,P,L,R,I,F,P
sp|P10745|RET3_HUMAN,400-405,6,0,I,G,P,T,E,T,P,S,W,P,E,D,S,P,G,V,A,P,E,L
sp|P10745|RET3_HUMAN,851-856,6,0,Y,I,L,M,S,H,T,S,G,S,H,T,M,Q,D,L,Q,R,A,T
sp|P26640|SYVC_HUMAN,686-692,7,0,P,Q,W,Y,V,R,C,G,E,M,V,T,R,G,D,L,R,I,L,P
sp|P40305|IFI27_HUMAN,73-77,5,0,S,S,S,I,A,A,K,M,M,S,N,G,G,G,V,A,S,G,S,L
sp|P49327|FAS_HUMAN,1683-1688,6,1,I,H,S,G,S,G,G,V,G,Q,L,S,L,G,C,R,V,F,T,T
sp|P49327|FAS_HUMAN,2112-2117,6,0,P,H,M,V,L,S,S,F,V,L,Y,R,D,R,D,S,Q,R,D,L
sp|P51160|PDE6C_HUMAN,594-599,6,1,K,K,Y,Y,T,D,L,E,A,F,F,C,H,D,I,D,H,R,G,T
sp|Q13227|GPS2_HUMAN,168-172,5,0,V,L,T,T,R,H,Y,V,G,S,G,T,P,E,H,G,Q,F,Q,G
sp|Q15054|DPOD3_HUMAN,197-202,6,0,Q,Q,P,K,G,I,M,G,M,F,K,T,Q,E,T,N,K,E,T,K
sp|Q5M775|CYTSB_HUMAN,857-861,5,0,S,P,L,S,G,I,P,V,R,T,V,S,P,M,Q,R,H,S,T,Y
sp|Q8N9T8|KRI1_HUMAN,14-18,5,0,P,R,G,S,S,Q,L,R,V,N,R,Y,N,R,Y,R,E,R,E,E
sp|Q8TBF5|PIGX_HUMAN,2-12,11,0,-,-,-,-,-,-,-,-,-,M,W,L,L,L,G,A,A,T,G,L
sp|Q8TBF5|PIGX_HUMAN,27-33,7,0,G,A,A,T,G,L,T,R,G,P,R,S,D,A,G,I,R,A,M,C
sp|Q8TCU4|ALMS1_HUMAN,29-35,7,0,E,E,E,E,E,E,E,E,E,E,N,V,D,D,V,V,V,V,E,E
sp|Q8TCU4|ALMS1_HUMAN,3408-3412,5,0,S,L,Q,K,D,T,A,D,S,S,E,H,S,A,Q,V,G,D,P,E
sp|Q969F2|NKD2_HUMAN,9-12,4,0,-,-,M,G,K,L,Q,S,K,H,R,K,R,R,E,S,P,E,G,D
sp|Q96AV8|E2F7_HUMAN,527-532,6,0,G,L,N,G,Q,V,D,V,S,L,V,E,S,L,K,P,A,L,L,A
sp|Q96EL3|RM53_HUMAN,2-6,5,0,-,-,-,-,-,-,-,-,-,M,R,L,G,L,R,P,V,K,Q,V
sp|Q96FN4|CPNE2_HUMAN,9-15,7,0,-,-,M,A,H,I,P,S,G,G,P,M,G,P,Q,Y,C,V,C,K
sp|Q96FV0|LRC46_HUMAN,295-300,6,0,H,Q,S,S,F,W,G,R,K,G,P,K,A,S,V,A,E,A,P,S
sp|Q96N66|MBOA7_HUMAN,267-272,6,0,I,A,A,G,F,G,A,Y,P,V,G,G,G,P,T,L,Q,C,P,P
sp|Q9BXU3|TX13A_HUMAN,103-108,6,0,L,H,G,F,A,K,L,H,K,S,S,D,L,K,K,L,R,E,Q,Q
sp|Q9BXU3|TX13A_HUMAN,180-188,9,0,T,E,G,A,A,E,E,E,E,E,G,G,K,G,A,E,E,E,Q,R
sp|Q9NXG6|P4HTM_HUMAN,2-5,4,0,-,-,-,-,-,-,-,-,-,M,V,T,G,Q,R,P,E,T,A,A
sp|Q9NXG6|P4HTM_HUMAN,14-19,6,0,A,A,V,T,G,Q,R,P,E,T,S,R,P,Q,W,A,P,P,D,H
sp|Q9NXG6|P4HTM_HUMAN,32-36,5,0,P,Q,W,A,P,P,D,H,C,Q,G,L,G,D,G,E,D,A,P,V
sp|Q9Y2R0|COA3_HUMAN,92-99,8,0,E,R,F,L,D,E,L,E,D,E,L,A,R,A,S,G,S,-,-,-
sp|A2A3L6|TTC24_HUMAN,192-201,10,0,Q,A,Y,A,Q,E,R,Q,L,R,G,C,M,L,K,S,G,R,H,R
sp|A2A3L6|TTC24_HUMAN,361-364,4,0,G,Q,W,Q,A,C,E,G,L,G,R,L,G,Q,Y,D,Q,A,L,K
sp|A5YKK6|CNOT1_HUMAN,1491-1496,6,1,S,P,Q,Q,R,E,M,M,D,Q,Q,D,N,C,E,L,A,C,C,F
sp|O00445|SYT5_HUMAN,344-352,9,0,L,G,K,N,E,A,I,G,R,V,G,L,R,H,W,A,D,M,L,A
sp|O43193|MTLR_HUMAN,225-229,5,0,P,P,S,P,P,S,G,P,E,T,L,F,S,R,E,C,R,P,S,P
sp|O75635|SPB7_HUMAN,2-9,8,0,-,-,-,-,-,-,-,-,-,M,E,F,C,F,N,L,F,R,E,M
sp|O75970|MPDZ_HUMAN,1573-1577,5,0,E,N,P,D,S,Q,A,V,P,S,S,G,E,K,K,N,S,S,Q,S
sp|O94983|CMTA2_HUMAN,653-658,6,0,E,R,L,E,Q,M,E,K,R,M,G,Q,V,P,C,Q,G,P,D,A
sp|O95721|SNP29_HUMAN,53-58,6,1,Q,Y,L,R,Q,E,V,L,R,R,S,T,S,R,S,L,A,L,M,Y
sp|P08048|ZFY_HUMAN,329-337,9,0,Y,M,E,V,I,V,G,E,E,D,V,H,E,Q,Q,I,D,E,D,E
sp|P08048|ZFY_HUMAN,355-359,5,0,E,D,E,M,K,T,F,V,P,I,Y,G,N,N,S,D,G,I,E,N
sp|P10644|KAP0_HUMAN,126-131,6,1,K,V,I,P,K,D,Y,K,T,M,I,E,K,N,V,L,F,S,H,L
sp|P54296|MYOM2_HUMAN,1335-1339,5,1,E,A,F,A,E,F,Q,Q,F,K,E,K,N,R,G,R,L,I,G,G
sp|P54296|MYOM2_HUMAN,1458-1463,6,0,P,Q,Q,A,K,P,K,L,I,P,G,Q,-,-,-,-,-,-,-,-
sp|Q12789|TF3C1_HUMAN,1920-1925,6,0,P,S,P,P,P,A,L,E,D,T,Q,E,D,Q,E,G,V,G,E,F
sp|Q12962|TAF10_HUMAN,12-20,9,0,S,C,S,G,S,G,A,D,P,E,P,G,P,A,P,P,V,S,A,P
sp|Q12962|TAF10_HUMAN,54-58,5,0,S,P,A,G,T,A,G,G,P,G,G,G,T,G,P,L,A,A,R,A
sp|Q5U5Z8|CBPC2_HUMAN,449-454,6,0,I,T,N,P,S,Q,T,P,Q,E,V,V,L,S,A,R,V,H,P,G
sp|Q5U5Z8|CBPC2_HUMAN,888-892,5,0,S,R,Y,P,A,T,K,R,G,C,Y,P,S,L,H,I,Y,T,Y,P
sp|Q8N0X7|SPART_HUMAN,150-157,8,0,E,V,N,G,N,T,S,T,P,S,S,L,S,L,P,S,Q,S,C,P
sp|Q8WXR4|MYO3B_HUMAN,414-419,6,0,K,R,A,S,N,P,P,H,I,F,Y,Q,C,M,V,T,L,S,K,D
sp|Q96IV0|NGLY1_HUMAN,2-5,4,0,-,-,-,-,-,-,-,-,-,M,L,G,S,S,S,G,S,A,S,P
sp|Q9BWH6|RPAP1_HUMAN,23-29,7,0,D,L,L,H,F,Q,S,Q,F,L,V,Q,L,V,K,K,G,N,R,G
sp|Q9BWH6|RPAP1_HUMAN,916-921,6,0,Q,I,H,K,G,L,C,G,Q,L,P,G,L,Q,N,Y,F,L,Q,C
sp|Q9BWH6|RPAP1_HUMAN,962-967,6,0,Y,H,L,Q,Y,L,A,L,A,L,L,Q,P,L,P,A,T,H,A,A
sp|Q9NRM7|LATS2_HUMAN,476-481,6,0,V,P,A,P,A,P,A,P,A,P,E,G,L,D,A,K,E,E,H,A
sp|Q9Y3B8|ORN_HUMAN,31-35,5,1,F,G,A,R,G,V,R,E,G,G,G,E,S,M,A,Q,R,M,V,W
sp|Q9Y6P5|SESN1_HUMAN,4-10,7,0,-,-,-,-,-,-,-,M,R,L,Y,T,A,P,L,A,V,S,G,L
sp|A6NEL2|SWAHB_HUMAN,94-99,6,0,E,G,L,Q,R,P,R,E,P,P,G,G,A,A,P,C,S,P,R,G
sp|A6NEL2|SWAHB_HUMAN,134-144,11,0,R,R,E,K,E,P,E,E,E,P,C,N,G,L,P,G,S,D,S,R
sp|A6NEL2|SWAHB_HUMAN,175-183,9,0,G,S,P,G,Q,R,P,P,V,P,R,A,S,C,A,A,A,K,T,Q
sp|A6NEL2|SWAHB_HUMAN,185-190,6,0,A,A,A,A,A,G,A,Q,A,R,K,T,Q,G,R,C,C,W,E,C
sp|A7XYQ1|SOBP_HUMAN,716-719,4,0,P,G,P,G,A,P,A,G,P,E,C,N,V,I,V,N,G,T,R,G
sp|A7XYQ1|SOBP_HUMAN,730-735,6,0,C,N,V,I,V,N,G,T,R,G,K,S,A,E,P,P,P,E,Q,P
sp|O14976|GAK_HUMAN,513-518,6,0,V,C,V,V,H,C,M,D,G,R,V,C,S,F,L,C,F,C,R,L
sp|O14976|GAK_HUMAN,1044-1049,6,0,L,G,G,W,A,A,W,T,E,T,P,T,P,A,T,E,G,P,L,F
sp|O76003|GLRX3_HUMAN,2-12,11,0,-,-,-,-,-,-,-,-,-,M,V,E,E,V,G,S,A,G,Q,F
sp|O94953|KDM4B_HUMAN,675-678,4,0,A,S,F,Q,A,E,R,K,F,N,R,T,E,P,Y,C,A,I,C,T
sp|O95342|ABCBB_HUMAN,1190-1195,6,0,T,K,E,I,P,M,E,R,V,I,Q,L,H,D,F,V,M,S,L,P
sp|P25100|ADA1D_HUMAN,213-218,6,1,K,Y,P,A,I,M,T,E,R,K,L,L,W,V,V,A,L,V,V,S
sp|P25100|ADA1D_HUMAN,529-534,6,0,H,K,I,R,A,G,G,A,Q,R,Q,R,S,E,V,E,A,V,S,L
sp|P41134|ID1_HUMAN,9-13,5,0,-,-,M,K,V,A,S,G,S,T,G,P,S,C,A,L,K,A,G,K
sp|P48431|SOX2_HUMAN,27-30,4,0,T,S,G,G,G,G,G,N,S,T,G,G,N,Q,K,N,S,P,D,R
sp|Q3KR16|PKHG6_HUMAN,364-367,4,0,V,R,Q,G,E,E,Q,E,S,L,Q,R,I,G,P,Y,E,V,L,E
sp|Q5JZY3|EPHAA_HUMAN,435-438,4,0,V,A,A,L,N,G,V,S,G,P,G,T,T,Y,A,Q,V,T,V,S
sp|Q5VUE5|CA053_HUMAN,84-89,6,0,A,A,E,R,Q,I,A,E,L,H,G,Q,L,N,Y,V,D,P,A,T
sp|Q86YF9|DZIP1_HUMAN,32-41,10,0,L,A,S,G,P,E,G,P,D,V,S,M,A,C,A,P,P,S,A,A
sp|Q8N1I8|CAAS1_HUMAN,65-70,6,0,P,Q,L,E,D,A,I,G,K,L,V,R,V,F,P,L,A,V,D,D
sp|Q8NHG8|ZNRF2_HUMAN,41-46,6,0,A,N,G,T,A,G,G,G,G,G,G,R,F,P,A,Q,V,P,S,A
sp|Q8NHG8|ZNRF2_HUMAN,65-77,13,0,S,A,H,Q,P,S,A,S,G,G,P,R,S,R,S,L,G,G,A,V
sp|Q8TEZ7|PAQR8_HUMAN,331-339,9,0,H,M,A,C,L,S,F,F,F,L,L,L,R,H,K,V,K,A,R,L
sp|Q8WUB8|PHF10_HUMAN,2-5,4,0,-,-,-,-,-,-,-,-,-,M,G,P,G,A,A,L,S,P,R,P
sp|Q8WUB8|PHF10_HUMAN,203-208,6,0,A,S,K,V,P,E,Y,I,K,K,E,F,N,S,N,L,N,R,E,R
sp|Q92879|CELF1_HUMAN,265-274,10,0,G,L,N,A,M,Q,L,Q,N,L,Q,N,T,P,S,G,T,N,A,L
sp|Q92879|CELF1_HUMAN,370-373,4,0,T,Q,A,Y,S,G,I,Q,Q,Y,L,P,T,L,Y,N,Q,N,L,L
sp|Q96A19|C102A_HUMAN,83-88,6,0,E,E,L,R,L,R,E,L,E,E,Q,M,E,K,T,M,R,R,W,S
sp|Q96D71|REPS1_HUMAN,682-687,6,0,K,T,D,S,K,T,E,E,K,T,N,V,S,K,G,T,T,P,L,A
sp|Q96H78|S2544_HUMAN,232-236,5,0,I,V,F,Q,A,V,S,G,P,L,S,I,L,T,N,P,M,D,V,I
sp|Q9BZC7|ABCA2_HUMAN,272-276,5,0,G,Y,R,D,A,V,C,S,G,Q,R,R,F,S,G,L,S,A,E,L
sp|Q9BZC7|ABCA2_HUMAN,386-393,8,0,M,G,P,N,A,T,A,E,E,G,T,P,D,T,L,Q,G,Q,C,S
sp|Q9UI10|EI2BD_HUMAN,2-7,6,0,-,-,-,-,-,-,-,-,-,M,V,R,E,D,S,G,S,G,M,K
sp|Q9UKP6|UR2R_HUMAN,373-378,6,0,S,P,Q,P,T,D,S,L,V,L,R,P,A,P,E,G,P,R,A,P
sp|Q9Y623|MYH4_HUMAN,1191-1195,5,0,D,L,E,E,S,T,L,Q,H,E,L,R,K,K,H,A,D,S,V,A
sp|A0A0C4DH29|HV103_HUMAN,12-17,6,0,D,W,T,W,R,I,L,F,L,V,H,S,Q,V,Q,L,V,Q,S,G
tr|A0A2R8YE69|A0A2R8YE69_HUMAN,120-125,6,0,S,S,L,E,D,A,S,F,E,K,R,S,L,E,A,T,C,E,K,L
sp|A6NDG6|PGP_HUMAN,2-6,5,0,-,-,-,-,-,-,-,-,-,M,G,G,D,D,A,R,C,V,R,L
sp|O15354|GPR37_HUMAN,102-107,6,0,P,G,R,D,P,A,A,G,R,G,G,P,P,G,P,P,T,R,P,P
sp|O43837|IDH3B_HUMAN,30-35,6,0,P,G,A,W,R,G,L,S,T,S,S,R,S,Q,A,E,D,V,R,V
sp|O60437|PEPL_HUMAN,87-92,6,0,D,S,E,K,L,L,Y,V,L,E,K,H,M,K,H,P,Q,G,D,M
sp|O60437|PEPL_HUMAN,840-844,5,0,S,P,A,T,K,V,K,E,E,E,K,F,T,E,V,Y,A,I,N,R
sp|O60437|PEPL_HUMAN,1141-1146,6,0,S,D,L,T,R,Q,Y,E,D,E,S,Q,R,E,K,T,E,L,L,R
sp|P10071|GLI3_HUMAN,931-936,6,0,L,T,P,A,Q,Q,Y,R,L,K,T,G,G,P,P,P,T,P,L,P
sp|Q06265|EXOS9_HUMAN,148-153,6,1,L,L,N,H,D,G,N,I,I,D,I,V,A,L,C,H,F,R,R,P
sp|Q13148|TADBP_HUMAN,321-329,9,1,M,N,F,G,A,F,S,I,N,P,L,Q,S,S,W,G,M,M,G,M
sp|Q17RB8|LONF1_HUMAN,70-74,5,0,L,G,G,H,L,K,G,A,L,E,L,R,R,G,A,P,A,R,P,E
sp|Q17RB8|LONF1_HUMAN,183-188,6,0,E,G,T,A,P,R,P,P,P,L,S,D,F,R,T,S,V,V,L,N
sp|Q17RB8|LONF1_HUMAN,230-237,8,0,E,L,L,H,Q,G,R,Y,R,E,L,R,A,E,P,S,D,L,I,V
sp|Q2M296|MTHSD_HUMAN,353-358,6,0,R,R,A,F,L,H,Y,P,D,S,V,S,C,L,Q,G,L,R,L,G
sp|Q6ZRI0|OTOG_HUMAN,879-886,8,0,K,D,G,V,M,S,C,D,S,R,G,Q,V,F,V,N,C,S,D,L
sp|Q7Z333|SETX_HUMAN,2591-2596,6,0,H,Q,D,L,S,H,I,Q,Q,P,L,S,S,H,K,P,P,V,R,G
sp|Q8IZU1|FAM9A_HUMAN,194-214,21,0,E,K,Q,K,D,D,E,A,E,E,E,V,I,V,V,E,D,E,E,E
sp|Q8TE49|OTU7A_HUMAN,676-691,16,0,S,A,E,Q,E,Q,R,R,R,D,K,R,P,P,R,R,P,E,T,E
sp|Q8TE49|OTU7A_HUMAN,730-739,10,0,K,L,K,E,R,P,S,P,G,P,G,G,T,A,S,P,G,G,G,A
sp|Q8TE49|OTU7A_HUMAN,812-816,5,0,R,S,L,S,S,Q,S,Y,S,P,L,R,T,V,N,T,V,E,S,L
sp|Q92547|TOPB1_HUMAN,1454-1458,5,1,L,K,P,D,D,S,G,V,N,I,Q,N,V,Y,C,L,R,T,E,Y
sp|Q96QU1|PCD15_HUMAN,1417-1422,6,0,A,E,C,T,K,T,A,R,I,Q,K,P,A,V,P,A,P,A,P,V
sp|Q9BR39|JPH2_HUMAN,206-214,9,0,P,R,G,G,F,A,L,S,L,L,P,K,G,G,G,L,F,Q,R,G
sp|Q9BR39|JPH2_HUMAN,373-380,8,0,R,Q,K,V,E,H,S,V,E,G,R,Q,K,A,E,I,A,A,S,R
sp|Q9BR39|JPH2_HUMAN,396-408,13,0,I,A,A,S,R,T,S,H,A,K,N,Q,E,S,N,I,A,R,T,L
sp|Q9BR39|JPH2_HUMAN,658-664,7,0,A,G,A,K,K,K,A,R,K,E,E,V,E,V,E,E,V,P,N,T
sp|Q9BYH1|SE6L1_HUMAN,944-948,5,0,Q,D,S,F,E,H,A,L,E,V,E,T,S,L,E,G,G,N,M,A
sp|Q9NRN7|ADPPT_HUMAN,57-62,6,1,R,I,G,Q,F,V,F,A,R,D,G,R,L,M,I,R,K,L,V,A
sp|Q9P2J5|SYLC_HUMAN,147-151,5,0,K,D,K,A,K,G,K,K,S,K,G,S,S,K,Y,Q,W,G,I,M
sp|Q9Y2Z2|MTO1_HUMAN,51-56,6,0,V,I,G,G,G,H,A,G,T,E,R,C,G,S,R,T,L,L,L,T
sp|Q9Y5Y4|PD2R2_HUMAN,249-254,6,0,R,R,P,G,R,F,V,R,L,V,F,A,L,C,W,G,P,Y,H,V
sp|Q9Y6R0|NUMBL_HUMAN,244-249,6,0,A,E,R,E,A,P,D,K,K,K,P,T,V,A,P,G,P,A,Q,P
sp|A6NK59|ASB14_HUMAN,321-325,5,0,K,Q,S,G,I,S,P,V,H,C,H,P,Q,C,L,E,L,L,I,Q
sp|D6RF30|GOG8K_HUMAN,523-528,6,0,A,G,A,Q,G,G,D,E,G,E,D,G,I,A,A,Y,S,N,Y,N
sp|H3BV60|TGR3L_HUMAN,234-239,6,0,P,G,R,A,V,R,P,E,P,P,L,E,P,A,P,V,V,A,L,V
sp|H3BV60|TGR3L_HUMAN,257-261,5,0,A,L,V,L,A,A,F,V,L,G,G,L,G,L,V,C,A,H,S,A
sp|O14492|SH2B2_HUMAN,9-12,4,0,-,-,M,N,G,A,G,P,G,P,P,V,P,V,P,V,P,V,P,D
sp|O14492|SH2B2_HUMAN,31-35,5,1,P,D,W,R,Q,F,C,E,L,H,V,D,F,A,H,K,F,C,R,F
sp|O14492|SH2B2_HUMAN,162-165,4,0,W,H,R,R,A,S,P,E,P,D,P,R,T,A,E,P,R,D,K,W
sp|O14492|SH2B2_HUMAN,205-210,6,0,Q,R,E,G,A,L,R,F,M,V,G,S,G,G,S,A,Q,W,Q,K
sp|O14492|SH2B2_HUMAN,551-554,4,0,S,P,G,Q,H,Y,F,S,S,L,C,P,P,A,S,P,S,D,A,A
sp|O14492|SH2B2_HUMAN,605-611,7,0,R,S,N,S,A,E,R,L,L,E,E,E,P,P,E,A,A,P,G,R
sp|P07202|PERT_HUMAN,371-376,6,0,R,A,Y,L,P,F,V,P,P,R,P,E,P,G,I,P,G,E,T,R
sp|P07202|PERT_HUMAN,418-423,6,0,T,L,W,L,R,E,H,N,R,L,L,N,A,H,W,S,A,D,A,V
sp|P18825|ADA2C_HUMAN,5-16,12,0,-,-,-,-,-,-,M,A,S,P,G,P,N,A,S,G,A,G,E,R
sp|P18825|ADA2C_HUMAN,266-270,5,1,A,S,P,T,T,E,N,G,L,G,G,E,N,G,H,C,A,P,P,P
sp|P23246|SFPQ_HUMAN,367-372,6,1,M,R,G,R,Q,L,R,V,R,F,L,S,V,R,N,L,S,P,Y,V
sp|P35408|PE2R4_HUMAN,230-237,8,1,R,T,S,L,G,T,E,Q,H,H,S,R,G,H,P,A,A,S,P,A
sp|P36508|ZNF76_HUMAN,389-393,5,0,Q,A,L,Y,E,Q,Q,Q,L,E,E,E,S,P,P,P,K,R,P,R
sp|P49788|TIG1_HUMAN,62-66,5,0,A,G,V,P,R,R,L,L,Q,Q,L,H,F,F,N,F,R,S,G,S
sp|P50607|TUB_HUMAN,112-116,5,0,T,A,P,A,S,A,K,R,T,K,G,G,Q,G,G,A,A,R,K,E
sp|Q05932|FOLC_HUMAN,15-19,5,0,R,S,H,L,R,A,A,L,F,L,R,G,I,T,T,Q,V,A,A,R
sp|Q10471|GALT2_HUMAN,212-217,6,1,E,G,L,M,R,S,R,V,R,G,K,V,L,T,F,L,D,S,H,C
sp|Q16891|MIC60_HUMAN,240-245,6,0,Q,T,A,S,V,T,L,Q,A,I,V,Q,A,V,N,A,H,S,N,I
sp|Q5T089|MORN1_HUMAN,427-430,4,0,R,P,E,G,R,A,T,E,E,Q,H,L,G,E,Y,V,L,M,I,R
sp|Q6NUJ5|PWP2B_HUMAN,225-229,5,0,P,E,E,P,E,N,G,E,P,T,R,R,S,K,R,E,R,R,E,E
sp|Q6NUJ5|PWP2B_HUMAN,570-574,5,0,K,G,M,Y,R,K,A,I,T,E,R,H,V,A,P,E,I,R,E,L
sp|Q86SR1|GLT10_HUMAN,45-51,7,0,Q,P,D,G,T,P,G,G,S,G,G,Q,G,S,H,S,R,Q,K,K
sp|Q8IUL8|CILP2_HUMAN,1136-1141,6,0,L,G,D,I,R,R,E,M,S,E,R,A,S,G,P,L,R,T,R,R
sp|Q8IX21|SLF2_HUMAN,33-37,5,0,P,R,C,H,L,R,P,G,S,T,G,K,R,T,E,S,P,G,D,R
sp|Q8ND83|SLAI1_HUMAN,50-56,7,0,E,K,Q,N,E,Q,L,R,S,R,P,H,L,L,L,L,P,P,P,P
sp|Q8ND83|SLAI1_HUMAN,85-92,8,0,L,Q,P,L,G,P,R,S,P,P,S,G,G,L,G,P,A,F,P,G
sp|Q8ND83|SLAI1_HUMAN,153-156,4,0,E,P,G,G,A,G,T,P,P,G,P,P,S,P,P,P,T,L,L,D
sp|Q8TD17|ZN398_HUMAN,2-7,6,0,-,-,-,-,-,-,-,-,-,M,P,T,S,E,W,D,S,E,C,L
sp|Q8TD17|ZN398_HUMAN,287-292,6,0,E,V,P,V,P,F,S,S,P,P,F,S,D,V,A,F,K,S,Q,Q
sp|Q96JE7|SC16B_HUMAN,991-995,5,0,E,G,R,G,S,A,S,S,G,G,G,V,G,G,L,S,G,P,E,S
sp|Q9BZJ7|GPR62_HUMAN,135-140,6,0,S,R,P,P,P,V,L,V,L,T,G,L,L,G,A,L,S,L,L,G
sp|Q9BZJ7|GPR62_HUMAN,239-244,6,0,P,L,R,P,R,L,P,G,G,K,L,A,V,G,Q,F,A,A,C,W
sp|Q9BZJ7|GPR62_HUMAN,263-274,12,0,C,W,L,P,Y,G,C,A,C,L,V,T,W,V,A,Y,S,A,F,A
sp|Q9H2D6|TARA_HUMAN,2153-2158,6,0,E,K,E,W,L,L,A,E,E,T,I,E,A,M,K,K,A,Y,Q,E
sp|Q9H6K5|PRR36_HUMAN,8-14,7,0,-,-,-,M,D,N,K,R,D,K,R,T,P,A,A,R,A,P,G,L
sp|Q9H6K5|PRR36_HUMAN,1226-1232,7,0,G,P,S,P,G,T,S,G,G,K,G,A,S,S,R,S,P,K,Q,A
sp|Q9H6K5|PRR36_HUMAN,1268-1274,7,0,Q,H,L,L,S,R,T,L,L,L,G,G,S,G,G,G,P,G,G,A
sp|Q9UHJ6|SHPK_HUMAN,39-47,9,0,P,S,G,F,A,V,L,A,S,C,V,E,S,A,V,A,G,P,Q,G
sp|Q9UHJ6|SHPK_HUMAN,460-465,6,0,L,P,M,S,F,G,Q,D,V,D,L,V,M,L,R,R,H,L,N,Q
sp|Q9UID3|VPS51_HUMAN,2-7,6,0,-,-,-,-,-,-,-,-,-,M,G,P,S,P,G,S,G,P,G,D
sp|Q9UID3|VPS51_HUMAN,384-392,9,0,R,F,H,R,R,L,R,A,P,G,D,A,A,T,E,I,V,E,R,V
sp|Q9UPR6|ZFR2_HUMAN,331-336,6,0,C,D,L,C,A,V,S,C,T,G,H,I,R,G,S,K,H,Q,K,V
sp|A8MXV6|CD15L_HUMAN,97-103,7,0,T,H,A,P,G,P,Y,A,D,I,V,E,P,K,P,A,W,E,E,P
sp|P0DN78|OPSG3_HUMAN,288-293,6,0,C,F,C,W,G,P,Y,A,F,F,N,P,G,Y,P,F,H,P,L,M
sp|P51513|NOVA1_HUMAN,282-286,5,0,Y,A,N,T,A,E,V,L,P,T,G,L,L,G,H,A,N,L,A,G
sp|P51513|NOVA1_HUMAN,339-359,21,0,L,N,T,L,G,L,G,L,S,Q,N,L,L,A,T,Y,A,S,E,A
sp|P51513|NOVA1_HUMAN,389-394,6,0,T,A,G,T,F,A,L,G,S,L,T,N,G,Y,F,G,A,A,S,P
sp|P51513|NOVA1_HUMAN,479-484,6,0,N,R,K,V,T,I,T,G,T,P,Q,Y,L,I,T,Q,R,I,T,Y
sp|P53805|RCAN1_HUMAN,12-24,13,0,E,D,G,V,A,G,P,Q,L,G,R,P,G,V,T,L,R,P,F,A
sp|Q14153|FA53B_HUMAN,391-396,6,0,C,A,L,D,E,D,C,G,R,R,W,R,D,R,G,A,P,G,N,S
sp|Q6PKG0|LARP1_HUMAN,105-111,7,0,G,G,G,E,P,G,A,G,G,G,G,R,R,D,F,V,E,A,P,P
sp|Q6ZMY3|SPOC1_HUMAN,72-76,5,0,K,E,A,L,R,G,G,S,S,R,E,V,R,P,G,V,L,E,L,L
sp|Q8IUX7|AEBP1_HUMAN,786-792,7,0,A,R,T,P,T,Q,E,Q,L,L,R,G,E,D,E,D,E,V,S,E
sp|Q8IVB5|LIX1L_HUMAN,31-36,6,0,L,R,A,L,R,P,G,V,T,G,T,P,P,A,G,P,P,P,A,P
sp|Q8NC74|RB8NL_HUMAN,309-313,5,0,H,L,Q,S,P,H,S,S,P,L,P,S,D,P,R,L,Q,D,L,K
sp|Q8NC74|RB8NL_HUMAN,404-409,6,0,S,E,G,P,E,N,E,G,T,R,G,L,S,G,G,R,H,T,Q,P
sp|Q8NC74|RB8NL_HUMAN,468-473,6,0,P,A,G,Q,H,G,S,L,S,P,S,P,E,P,P,T,Q,S,G,P
sp|Q8NDY6|BHE23_HUMAN,20-27,8,0,D,A,Y,L,A,L,S,H,G,Y,Y,G,A,A,R,E,P,E,A,A
sp|Q8NDY6|BHE23_HUMAN,57-62,6,0,G,D,L,P,A,A,P,A,P,R,E,S,S,G,E,Q,S,G,D,E
sp|Q8TF64|GIPC3_HUMAN,4-9,6,0,-,-,-,-,-,-,-,M,E,G,R,G,T,E,T,P,R,A,S,A
sp|Q96CD0|FBXL8_HUMAN,26-29,4,1,I,F,R,H,L,S,L,R,D,R,R,V,C,R,A,W,A,A,A,A
sp|Q96CD0|FBXL8_HUMAN,34-39,6,1,D,R,A,A,A,A,R,V,C,R,T,C,S,A,V,W,H,D,T,K
sp|Q96CD0|FBXL8_HUMAN,310-314,5,0,A,A,T,L,C,A,L,E,V,R,E,L,N,A,A,L,E,E,L,A
sp|Q96CD0|FBXL8_HUMAN,324-329,6,0,A,E,L,N,A,A,L,E,E,L,L,R,E,V,H,C,F,C,V,V
sp|Q96ST8|CEP89_HUMAN,51-58,8,0,P,N,P,S,P,E,R,P,R,S,T,T,L,T,G,R,T,V,A,I
sp|Q99581|FEV_HUMAN,140-155,16,0,G,L,A,Q,A,C,Q,P,P,P,Q,D,G,A,L,Y,K,L,P,A
sp|Q99581|FEV_HUMAN,201-210,10,0,G,F,S,Y,W,P,G,P,G,P,L,Y,P,S,P,S,L,Q,P,P
sp|Q99581|FEV_HUMAN,226-230,5,0,S,L,Q,P,P,P,G,P,F,G,S,H,L,G,G,H,Y,H,-,-
sp|Q9C099|LRCC1_HUMAN,3-10,8,0,-,-,-,-,-,-,-,-,M,E,E,A,E,V,E,N,E,D,G,D
sp|Q9GZS1|RPA49_HUMAN,167-172,6,0,N,R,V,G,N,E,S,L,N,R,E,T,I,I,D,T,K,G,V,T
sp|Q9NTG7|SIR3_HUMAN,8-11,4,0,-,-,-,M,A,F,W,G,W,R,L,R,L,W,G,R,V,V,E,R
sp|Q9NXR8|ING3_HUMAN,228-232,5,0,S,G,T,G,A,G,A,I,T,M,V,Q,A,T,A,Q,M,K,E,G
sp|Q9UL12|SARDH_HUMAN,221-226,6,0,M,D,P,A,G,T,C,T,T,L,R,G,A,Q,V,I,E,N,C,P
sp|A0PJX4|SHSA3_HUMAN,67-71,5,0,C,G,S,C,A,L,R,Y,C,C,R,L,E,Q,G,G,C,T,N,D
sp|B2RXH8|HNRC2_HUMAN,63-68,6,1,A,F,V,Q,Y,D,K,E,K,N,G,E,D,G,R,M,I,A,S,Q
sp|B7Z1M9|C2D4D_HUMAN,13-18,6,0,L,L,E,K,A,G,Y,K,V,G,R,W,A,P,S,G,L,F,S,K
sp|O60635|TSN1_HUMAN,99-107,9,0,F,F,F,I,L,L,L,I,F,I,L,V,Y,T,T,M,A,E,H,F
sp|O60812|HNRC1_HUMAN,63-68,6,1,A,F,V,Q,Y,D,K,E,K,N,G,E,D,G,R,M,I,A,S,Q
sp|O75325|LRRN2_HUMAN,14-19,6,0,L,V,A,P,L,L,L,A,W,V,V,P,V,V,P,W,H,V,P,C
sp|O75325|LRRN2_HUMAN,643-648,6,0,A,I,L,A,L,A,V,L,L,L,H,L,G,T,G,Q,P,R,K,G
sp|O75533|SF3B1_HUMAN,706-716,11,1,D,E,Q,Q,K,V,R,T,I,S,T,P,Y,G,I,E,S,F,D,S
sp|O94759|TRPM2_HUMAN,548-553,6,1,K,V,L,V,E,D,P,E,R,P,P,R,L,Q,M,H,H,V,A,Q
sp|O94759|TRPM2_HUMAN,650-654,5,1,I,I,W,A,Q,S,Q,D,C,I,C,S,K,I,L,K,E,L,S,K
sp|O94759|TRPM2_HUMAN,785-790,6,1,E,K,R,L,Q,D,V,G,T,P,F,F,T,A,P,V,V,V,F,H
sp|O95158|NXPH4_HUMAN,39-45,7,0,G,R,P,Q,Y,L,G,L,R,P,P,G,Q,Q,L,P,E,P,R,S
sp|O95158|NXPH4_HUMAN,78-85,8,0,A,W,P,T,N,H,T,G,A,L,L,P,A,Q,R,T,K,R,K,P
sp|O95158|NXPH4_HUMAN,196-200,5,0,L,P,G,L,G,P,P,L,G,M,G,P,G,L,G,G,S,L,G,G
sp|P35499|SCN4A_HUMAN,485-490,6,1,F,K,K,H,Q,E,E,L,E,K,L,E,G,G,E,A,D,G,D,P
sp|P56202|CATW_HUMAN,155-159,5,0,K,D,Q,K,N,C,N,C,C,W,G,N,I,E,T,L,W,R,I,S
sp|Q03112|MECOM_HUMAN,1215-1219,5,0,H,S,S,S,N,V,W,H,S,M,E,S,S,A,I,Q,S,I,S,H
sp|Q13423|NNTM_HUMAN,241-246,6,0,L,I,V,G,G,G,V,A,G,L,K,S,M,G,A,I,V,R,G,F
sp|Q13423|NNTM_HUMAN,560-564,5,0,L,Y,P,S,T,T,S,Q,G,L,F,I,S,S,V,N,I,A,G,G
sp|Q13423|NNTM_HUMAN,730-735,6,0,A,E,Y,I,I,E,Y,P,H,F,N,L,T,K,I,V,A,Y,L,G
sp|Q5JYT7|K1755_HUMAN,428-434,7,0,R,Q,A,S,S,P,R,L,S,P,S,E,T,K,I,E,V,K,T,K
sp|Q5JYT7|K1755_HUMAN,810-814,5,0,D,F,S,P,D,V,R,S,H,L,L,Y,S,L,V,D,E,Q,L,H
sp|Q5T6V5|QNG1_HUMAN,59-64,6,0,W,K,A,L,H,E,L,N,P,R,V,N,W,V,F,V,T,D,T,L
sp|Q7Z442|PK1L2_HUMAN,121-124,4,0,V,T,Y,S,N,W,H,G,G,Q,P,D,T,C,G,H,I,G,R,G
sp|Q7Z442|PK1L2_HUMAN,2266-2271,6,0,R,E,E,G,I,S,F,S,E,T,L,G,Y,I,I,A,F,L,V,L
sp|Q8N111|CEND_HUMAN,132-137,6,0,F,N,P,L,L,V,A,G,G,V,L,I,L,G,V,A,F,L,V,R
sp|Q8N143|BCL6B_HUMAN,110-115,6,1,R,L,R,L,S,P,A,T,A,P,T,Y,L,Q,M,E,H,V,V,Q
sp|Q8WWN8|ARAP3_HUMAN,31-36,6,1,Y,A,D,T,F,R,R,H,G,L,R,G,L,G,H,E,E,L,K,Q
sp|Q8WXE0|CSKI2_HUMAN,106-111,6,0,E,P,V,R,L,L,L,R,A,S,S,L,D,G,Q,I,P,L,H,L
sp|Q8WXE0|CSKI2_HUMAN,1087-1091,5,0,S,R,W,N,G,E,T,E,P,P,L,L,K,V,P,G,A,G,T,A
sp|Q8WXE0|CSKI2_HUMAN,1156-1162,7,0,Q,R,L,E,Q,T,S,S,S,L,E,K,S,I,G,T,K,E,Q,E
sp|Q92502|STAR8_HUMAN,678-683,6,0,Y,Q,L,L,P,K,D,Q,W,L,T,L,L,L,P,D,E,N,R,E
sp|Q92552|RT27_HUMAN,409-414,6,0,Q,A,K,Q,E,Y,Q,A,Q,K,-,-,-,-,-,-,-,-,-,-
sp|Q92665|RT31_HUMAN,157-163,7,0,R,I,E,P,L,S,P,E,L,V,D,S,L,P,F,D,K,Q,T,T
sp|Q96Q91|B3A4_HUMAN,452-457,6,0,Q,G,V,L,E,S,F,L,G,T,F,C,L,M,A,G,Q,P,L,T
sp|Q96Q91|B3A4_HUMAN,718-723,6,0,F,G,A,N,P,W,W,W,S,V,L,L,L,S,I,L,I,F,M,D
sp|Q9BTV7|CABL2_HUMAN,2-9,8,0,-,-,-,-,-,-,-,-,-,M,P,G,P,A,P,G,P,A,G,P
sp|Q9H3S7|PTN23_HUMAN,150-155,6,1,M,K,V,S,C,T,H,F,Q,C,Y,L,R,E,H,F,P,Q,A,Y
sp|Q9H3S7|PTN23_HUMAN,1114-1117,4,0,A,E,P,P,P,C,L,R,R,G,D,L,L,S,S,S,P,E,S,Q
sp|Q9P246|STIM2_HUMAN,31-35,5,0,H,L,R,G,R,R,A,T,G,S,S,S,P,A,A,A,A,G,D,S
sp|Q9P246|STIM2_HUMAN,39-42,4,0,G,S,A,A,T,A,A,S,S,P,G,D,S,P,A,L,M,T,D,P
sp|Q9P2F9|ZN319_HUMAN,449-454,6,0,R,A,S,A,L,Q,K,H,Q,L,E,K,P,L,R,C,T,L,C,E
sp|Q9P2F9|ZN319_HUMAN,566-574,9,0,L,L,Q,E,H,S,A,Q,H,S,Y,Q,V,A,A,C,L,P,-,-
sp|Q9UBP4|DKK3_HUMAN,74-81,8,0,K,L,R,S,A,V,E,E,M,E,S,S,E,V,N,L,A,N,L,P
sp|Q9UBP4|DKK3_HUMAN,338-343,6,0,L,T,E,E,M,A,L,R,E,P,L,L,G,G,E,E,I,-,-,-
sp|A6QL63|ABTB3_HUMAN,180-185,6,0,L,S,W,G,L,A,A,H,C,T,L,S,L,Y,N,M,S,S,A,G
sp|A6QL63|ABTB3_HUMAN,280-284,5,0,S,G,P,G,P,S,S,G,P,G,D,K,E,R,E,A,P,G,G,G
sp|A6QL63|ABTB3_HUMAN,315-330,16,0,S,S,A,S,G,G,S,S,C,C,N,H,H,H,H,H,H,H,A,L
sp|O14525|ASTN1_HUMAN,193-198,6,0,R,R,R,V,P,Q,P,Q,K,S,N,E,I,H,Y,I,P,S,V,L
sp|O14981|BTAF1_HUMAN,448-452,5,0,G,L,Q,D,L,D,D,D,V,R,S,L,V,P,V,V,E,S,L,V
sp|O43293|DAPK3_HUMAN,332-335,4,0,F,E,R,F,S,K,V,L,E,E,E,E,G,L,R,E,L,Q,R,S
sp|O75541|ZN821_HUMAN,373-379,7,0,L,R,A,Q,F,G,Q,D,P,S,E,M,N,F,F,Q,L,P,V,S
sp|O75665|OFD1_HUMAN,854-858,5,0,S,P,A,G,D,M,S,H,V,D,V,P,L,S,Y,Q,H,P,S,V
sp|P0DMW5|SIL2B_HUMAN,2-15,14,0,-,-,-,-,-,-,-,-,-,M,L,S,G,L,A,V,R,L,S,R
sp|P12755|SKI_HUMAN,55-62,8,0,E,A,Y,K,K,E,S,A,K,E,P,V,P,A,A,T,E,P,P,P
sp|P12755|SKI_HUMAN,528-534,7,0,A,R,A,L,P,S,A,V,P,D,P,S,G,L,E,A,E,L,E,H
sp|P20648|ATP4A_HUMAN,635-640,6,0,I,M,V,T,G,D,H,P,I,T,S,V,G,I,I,S,E,G,S,E
sp|P20648|ATP4A_HUMAN,752-757,6,0,G,V,A,M,G,I,A,G,S,D,D,M,I,L,L,D,D,N,F,A
sp|P50219|MNX1_HUMAN,35-38,4,0,S,A,P,L,A,L,V,T,S,L,S,G,T,G,G,G,G,G,G,G
sp|P50219|MNX1_HUMAN,121-134,14,0,G,G,P,H,H,H,A,H,P,G,G,G,L,A,L,G,L,H,P,G
sp|P50219|MNX1_HUMAN,168-176,9,0,L,Y,G,H,P,V,Y,G,Y,S,G,Q,H,P,A,L,S,Y,S,Y
sp|P78364|PHC1_HUMAN,331-339,9,0,V,T,V,S,Q,G,S,Q,T,E,E,A,D,G,S,G,Q,Q,N,V
sp|P78364|PHC1_HUMAN,546-551,6,0,G,T,A,Q,A,Q,A,L,G,L,V,P,T,S,R,G,M,P,G,T
sp|Q16610|ECM1_HUMAN,15-20,6,0,A,R,A,A,L,V,L,T,Y,L,S,E,G,G,F,T,A,T,G,Q
sp|Q5T013|HYI_HUMAN,47-52,6,0,V,A,W,P,Y,A,E,T,P,E,R,E,A,G,L,R,L,V,L,I
sp|Q6VY07|PACS1_HUMAN,62-65,4,0,Q,A,T,S,S,S,S,S,T,S,S,S,S,S,S,S,T,S,T,S
sp|Q6ZSS7|MFSD6_HUMAN,548-553,6,0,P,M,E,V,L,Q,G,V,T,H,C,I,S,Y,L,S,A,A,V,P
sp|Q70EL1|UBP54_HUMAN,817-821,5,0,S,L,H,L,E,Q,K,G,D,C,L,C,N,E,A,I,S,K,L,R
sp|Q8IZ41|RASEF_HUMAN,111-116,6,0,D,S,E,E,D,E,G,D,E,D,T,S,C,G,P,A,S,P,G,R
sp|Q8NC51|SERB1_HUMAN,54-59,6,0,G,G,V,G,G,P,G,A,K,S,Q,T,N,S,N,A,A,G,K,Q
sp|Q92985|IRF7_HUMAN,141-146,6,0,R,E,G,P,G,T,D,Q,T,E,V,P,P,P,Q,G,G,P,P,G
sp|Q969S8|HDA10_HUMAN,151-157,7,0,A,N,G,F,C,V,F,N,N,V,K,Q,K,H,G,L,H,R,I,L
sp|Q969S8|HDA10_HUMAN,346-351,6,0,C,Q,S,A,L,E,S,I,Q,S,P,H,W,K,S,L,Q,Q,Q,D
sp|Q969S8|HDA10_HUMAN,390-394,5,0,P,L,L,P,G,G,P,V,C,K,P,S,S,L,L,D,Q,P,C,L
sp|Q969S8|HDA10_HUMAN,484-489,6,0,Q,V,N,S,G,I,A,A,T,P,T,L,D,V,A,V,R,R,G,L
sp|Q969S8|HDA10_HUMAN,590-595,6,0,G,P,G,H,G,L,Q,G,P,H,M,L,R,G,L,A,G,G,R,V
sp|Q96PN6|ADCYA_HUMAN,681-685,5,0,S,L,C,P,F,V,N,I,P,C,V,I,K,N,R,N,T,T,Y,I
sp|Q9BRK0|REEP2_HUMAN,129-138,10,0,M,R,V,G,K,R,G,L,N,L,K,G,V,L,S,E,K,L,R,S
sp|Q9BSR8|YIPF4_HUMAN,206-211,6,0,T,L,I,K,L,F,G,V,F,W,S,L,L,V,G,E,E,F,K,T
sp|Q9C0H9|SRCN1_HUMAN,411-414,4,0,G,L,L,H,E,G,R,L,S,L,G,D,P,F,A,Y,P,G,A,G
sp|Q9UBN1|CCG4_HUMAN,15-20,6,0,D,R,G,L,Q,M,L,L,T,T,F,S,L,M,A,I,A,I,G,T
sp|C9JTQ0|ANR63_HUMAN,180-186,7,0,V,Q,A,L,T,G,P,W,G,R,R,G,S,N,S,D,S,P,P,G
sp|O00499|BIN1_HUMAN,481-486,6,0,A,A,G,A,Q,E,P,G,E,T,S,S,S,L,P,A,V,V,V,E
sp|P0C0L4|CO4A_HUMAN,905-908,4,1,R,P,V,A,F,S,V,V,P,T,V,S,L,K,V,V,A,R,G,S
sp|P0C0L4|CO4A_HUMAN,1190-1197,8,1,G,E,K,A,S,A,G,L,L,G,Y,A,L,T,L,T,K,A,P,V
sp|P15812|CD1E_HUMAN,276-281,6,0,T,W,Y,L,R,A,T,L,D,V,G,L,S,C,R,V,K,H,S,S
sp|P35247|SFTPD_HUMAN,294-299,6,1,A,G,G,Q,L,A,S,P,R,S,L,Q,Q,L,V,V,A,K,N,E
sp|P48751|B3A3_HUMAN,988-993,6,0,A,R,P,F,P,P,W,M,M,V,L,L,V,L,I,L,I,F,M,E
sp|P54198|HIRA_HUMAN,789-794,6,1,T,L,H,C,T,G,S,Y,V,M,T,L,S,V,W,D,V,H,R,Q
sp|Q04721|NOTC2_HUMAN,20-25,6,0,W,A,L,L,A,L,W,L,C,C,L,Q,C,R,D,G,Y,E,P,C
sp|Q04721|NOTC2_HUMAN,1645-1651,7,0,D,S,D,H,C,F,K,N,T,D,S,H,A,I,Q,G,T,L,S,Y
sp|Q04721|NOTC2_HUMAN,1916-1922,7,1,Q,D,N,M,G,R,C,P,L,H,Q,G,V,F,Q,I,L,I,R,N
sp|Q05469|LIPS_HUMAN,735-740,6,0,S,A,G,G,N,L,C,F,T,V,Y,G,V,R,V,P,D,G,I,M
sp|Q16555|DPYL2_HUMAN,296-300,5,1,D,G,S,H,Y,W,S,K,N,W,F,V,T,S,P,P,L,S,P,D
sp|Q2M3G4|SHRM1_HUMAN,117-129,13,0,L,N,R,Q,A,T,P,L,L,Y,E,P,P,S,P,P,A,S,R,A
sp|Q2M3G4|SHRM1_HUMAN,684-689,6,0,G,E,A,Q,A,W,A,R,R,Q,V,R,Q,A,C,A,P,Q,E,L
sp|Q2M3G4|SHRM1_HUMAN,729-734,6,0,L,G,S,R,L,A,R,V,R,R,S,D,S,D,P,D,E,Q,A,S
sp|Q5T0F9|C2D1B_HUMAN,153-162,10,0,E,P,P,V,Q,T,A,V,L,T,S,Q,G,L,H,A,L,L,E,E
sp|Q5T0F9|C2D1B_HUMAN,180-184,5,0,L,E,E,R,I,H,N,Y,R,E,K,E,A,G,E,A,A,K,A,R
sp|Q5T0F9|C2D1B_HUMAN,463-469,7,0,S,T,M,G,V,E,E,D,A,V,E,K,L,A,S,A,E,D,S,A
sp|Q5TC84|OGRL1_HUMAN,71-76,6,0,P,G,A,S,P,A,P,D,E,D,E,Q,G,G,D,S,T,E,A,T
sp|Q69YQ0|CYTSA_HUMAN,556-560,5,0,R,I,I,E,S,E,Q,K,G,K,T,L,E,E,Y,K,A,T,V,A
sp|Q69YQ0|CYTSA_HUMAN,858-861,4,0,F,D,S,A,S,Q,V,P,N,P,I,P,R,T,P,L,S,P,S,P
sp|Q7Z602|GP141_HUMAN,132-137,6,0,D,K,V,E,F,Y,R,K,L,H,G,M,W,T,L,V,I,V,I,V
sp|Q8TBB6|S7A14_HUMAN,148-153,6,0,N,L,I,L,E,Y,L,I,G,T,L,S,S,M,F,D,S,L,A,N
sp|Q96JG8|MAGD4_HUMAN,101-105,5,0,L,D,P,E,T,L,A,N,E,T,N,V,A,R,A,A,A,S,N,R
sp|Q96JG8|MAGD4_HUMAN,108-112,5,0,N,E,T,A,A,R,A,A,N,V,S,N,R,A,A,R,A,A,A,A
sp|Q96JG8|MAGD4_HUMAN,116-127,12,0,N,V,A,R,A,A,A,S,N,R,F,S,Q,V,V,A,S,H,R,V
sp|Q96JG8|MAGD4_HUMAN,308-314,7,0,T,R,W,V,E,P,Q,N,V,V,K,M,A,T,S,I,P,E,P,E
sp|Q96JG8|MAGD4_HUMAN,326-331,6,0,M,A,T,S,I,P,E,P,E,G,Q,H,S,A,E,P,W,A,R,M
sp|Q96JG8|MAGD4_HUMAN,727-732,6,0,S,T,S,S,T,I,R,T,R,N,S,F,F,S,W,I,Q,H,R,-
sp|Q96PK6|RBM14_HUMAN,123-130,8,1,D,Y,A,F,V,H,M,E,K,E,Q,L,N,G,K,E,V,K,G,K
sp|Q96PK6|RBM14_HUMAN,322-325,4,0,A,S,A,L,S,S,Y,G,G,Q,S,S,L,N,S,Y,G,A,Q,G
sp|Q96PK6|RBM14_HUMAN,418-423,6,0,A,S,Y,N,A,Q,S,A,P,Y,S,Y,S,S,Q,P,A,A,Y,V
sp|Q96PK6|RBM14_HUMAN,437-443,7,0,S,Q,P,A,A,Y,V,A,Q,P,S,Q,P,A,A,Y,A,A,Q,A
sp|Q96PK6|RBM14_HUMAN,447-453,7,0,A,T,A,A,A,Y,A,S,Q,P,T,T,P,M,A,G,S,Y,G,A
sp|Q96PK6|RBM14_HUMAN,488-494,7,0,A,S,M,G,L,S,G,S,Y,G,T,G,S,Y,G,A,A,A,A,Y
sp|Q96PK6|RBM14_HUMAN,500-506,7,0,S,A,A,A,A,T,G,S,Y,G,Q,P,S,A,T,L,A,A,P,Y
sp|Q96PK6|RBM14_HUMAN,525-530,6,0,P,Y,R,T,Q,S,S,A,S,L,Q,Q,H,P,Q,A,A,A,S,Y
sp|Q96SN8|CK5P2_HUMAN,346-351,6,0,E,L,N,S,E,I,E,K,L,S,R,E,A,L,Q,K,A,Q,T,Q
sp|Q9H0F6|SHRPN_HUMAN,5-12,8,1,-,-,-,-,-,-,M,A,P,P,S,D,L,G,S,A,A,V,L,L
sp|Q9H0F6|SHRPN_HUMAN,191-196,6,1,R,A,I,A,G,G,D,E,K,G,V,L,A,Q,H,R,V,A,L,S
sp|Q9H0F6|SHRPN_HUMAN,228-235,8,1,P,I,R,L,Q,V,T,L,E,D,S,S,A,H,V,A,L,Q,V,H
sp|Q9HAB8|PPCS_HUMAN,138-141,4,1,F,A,E,A,L,R,S,Y,Q,E,G,T,F,L,A,V,E,F,T,T
sp|Q9HAB8|PPCS_HUMAN,161-165,5,1,T,L,A,D,Y,L,H,L,L,Q,L,N,P,L,G,P,S,A,M,F
sp|Q9NP56|PDE7B_HUMAN,209-212,4,0,T,P,L,D,I,M,L,G,L,L,H,D,V,D,H,P,G,V,N,Q
sp|Q9NRA0|SPHK2_HUMAN,603-607,5,0,F,S,L,G,C,P,Q,L,G,Y,F,R,L,E,P,L,T,P,R,G
sp|Q9UPN6|SCAF8_HUMAN,242-247,6,0,Q,L,Q,A,L,T,A,Q,L,T,N,T,L,T,P,L,E,Q,G,V
sp|Q9Y566|SHAN1_HUMAN,1091-1095,5,0,A,L,R,Y,F,Q,L,P,P,R,M,Y,V,P,A,R,S,G,R,G
sp|Q9Y566|SHAN1_HUMAN,1609-1613,5,0,A,T,P,L,P,P,V,P,P,P,P,P,T,L,D,S,T,A,S,S
sp|Q9Y566|SHAN1_HUMAN,1652-1660,9,0,P,G,D,P,H,P,P,G,P,P,P,Q,P,G,P,D,P,P,P,G
sp|Q9Y566|SHAN1_HUMAN,1962-1968,7,0,L,P,T,G,T,G,V,S,P,T,T,S,P,S,A,S,S,S,S,T
sp|A0A1W2PPE3|CA202_HUMAN,144-149,6,0,G,P,Q,S,S,V,P,G,R,P,R,Q,P,R,R,R,S,A,T,R
sp|O00230|CORT_HUMAN,15-20,6,0,P,G,L,L,L,L,L,L,S,G,L,P,L,E,G,G,P,T,G,R
sp|O00442|RTCA_HUMAN,211-214,4,0,V,L,P,F,K,V,A,K,D,M,V,R,C,I,R,K,E,I,R,D
sp|O60266|ADCY3_HUMAN,160-165,6,0,Q,I,F,S,Y,L,G,L,N,F,S,D,T,V,G,W,Q,V,F,F
sp|P49335|PO3F4_HUMAN,155-159,5,0,L,E,H,G,G,L,T,P,P,P,Q,S,L,H,P,V,L,R,E,P
sp|P82914|RT15_HUMAN,226-233,8,0,E,T,Q,K,L,K,K,R,R,R,Q,K,Q,A,K,R,R,N,P,D
sp|Q13796|SHRM2_HUMAN,343-346,4,0,E,K,A,Q,G,P,V,F,S,E,Q,H,F,T,A,L,A,Q,A,Q
sp|Q5JT82|KLF17_HUMAN,21-26,6,0,Q,E,A,G,E,L,S,R,W,Q,Q,D,N,E,N,S,A,P,I,L
sp|Q6ZVX9|PAQR9_HUMAN,17-26,10,0,P,R,G,A,G,T,K,G,P,P,R,N,S,H,S,A,A,S,R,D
sp|Q86X52|CHSS1_HUMAN,53-58,6,0,A,S,P,E,G,C,R,S,G,Q,G,G,A,R,G,D,A,R,G,A
sp|Q86XN8|MEX3D_HUMAN,55-58,4,0,A,P,R,P,P,P,E,P,D,D,L,R,L,A,L,D,Q,L,S,A
sp|Q86XN8|MEX3D_HUMAN,87-93,7,0,T,D,E,E,G,A,A,G,D,G,D,G,G,A,A,P,E,P,V,P
sp|Q86XN8|MEX3D_HUMAN,569-574,6,0,S,T,A,T,S,L,P,S,S,P,P,L,D,S,G,A,S,E,N,S
sp|Q8N9H8|MUT7_HUMAN,552-556,5,0,R,P,L,C,E,E,Q,V,I,Y,Y,C,L,L,E,V,H,Q,A,L
sp|Q8N9H8|MUT7_HUMAN,602-607,6,0,G,A,R,K,P,P,G,L,Q,K,P,R,Q,V,P,V,A,V,A,V
sp|Q8TF61|FBX41_HUMAN,51-61,11,0,L,S,K,T,N,S,I,C,D,G,S,G,F,P,L,A,P,E,P,A
sp|Q8TF61|FBX41_HUMAN,140-146,7,0,E,E,L,A,E,P,G,L,V,P,L,R,E,I,E,I,P,L,G,E
sp|Q96LI6|HSFY1_HUMAN,228-233,6,0,A,G,A,N,M,E,N,H,N,S,S,E,E,S,L,F,S,A,S,K
sp|Q96QR1|SG3A1_HUMAN,39-44,6,0,V,A,Q,P,V,A,A,L,E,S,G,T,L,A,N,P,L,G,T,L
sp|Q9NV39|PRR34_HUMAN,3-8,6,0,-,-,-,-,-,-,-,-,M,P,W,H,C,P,P,L,C,L,P,P
sp|Q9UPV0|CE164_HUMAN,738-743,6,0,E,I,E,A,S,E,K,S,E,Q,K,E,K,A,L,Q,Q,L,R,E
sp|Q9UQ35|SRRM2_HUMAN,2201-2206,6,0,G,T,A,R,P,P,P,S,M,S,R,M,S,Q,V,P,A,P,V,P
sp|Q9UQ35|SRRM2_HUMAN,2234-2239,6,0,P,A,A,N,L,A,S,R,I,P,M,N,L,A,S,A,R,T,P,A
sp|Q9UQ35|SRRM2_HUMAN,2263-2267,5,0,A,V,N,L,A,D,S,R,T,P,M,N,L,A,S,P,R,T,A,V
sp|Q9UQ35|SRRM2_HUMAN,2304-2308,5,0,A,V,N,L,A,G,A,R,T,P,L,S,L,T,G,S,G,T,P,P
sp|Q9UQ35|SRRM2_HUMAN,2358-2364,7,0,A,P,V,N,I,A,G,S,R,T,S,L,T,S,A,R,M,A,P,A
sp|Q9Y5V3|MAGD1_HUMAN,45-49,5,0,Q,I,S,E,A,P,P,T,N,Q,S,P,Q,S,S,Q,P,P,T,A
sp|Q9Y5V3|MAGD1_HUMAN,69-72,4,0,A,N,E,M,A,D,I,Q,V,S,R,P,K,S,A,F,K,V,Q,N
sp|Q9Y5V3|MAGD1_HUMAN,676-686,11,0,F,M,E,A,A,D,E,A,L,D,R,A,E,A,R,T,R,M,G,I
sp|B3EWF7|EP2A2_HUMAN,47-53,7,0,A,A,G,T,P,G,P,G,I,R,L,P,L,W,G,G,G,A,T,R
sp|B3EWF7|EP2A2_HUMAN,77-82,6,0,R,P,A,G,A,A,G,G,G,V,L,G,A,A,R,C,R,P,P,E
sp|O15069|NACAD_HUMAN,28-31,4,0,P,G,P,R,T,D,L,S,C,D,T,T,I,L,G,G,D,R,R,E
sp|O15069|NACAD_HUMAN,1280-1283,4,0,L,P,P,P,Q,A,G,V,Q,P,V,S,G,T,T,Q,P,L,G,T
sp|O43364|HXA2_HUMAN,112-121,10,0,K,A,A,K,K,T,A,L,L,P,T,G,P,A,C,L,S,H,K,E
sp|O60504|VINEX_HUMAN,535-540,6,0,P,Q,L,P,T,S,P,R,L,T,R,H,P,S,S,P,S,A,L,R
sp|O75420|GGYF1_HUMAN,462-466,5,0,A,M,Q,T,Q,G,L,R,H,S,L,P,L,S,H,G,A,A,R,K
sp|O75420|GGYF1_HUMAN,558-561,4,0,Q,E,R,L,K,K,Q,Q,E,L,L,Y,Q,Q,L,Q,H,Q,Q,F
sp|P17980|PRS6A_HUMAN,237-242,6,1,G,P,P,G,T,G,K,T,L,L,Q,T,K,A,T,F,L,K,L,A
sp|P29373|RABP2_HUMAN,33-37,5,1,L,G,V,N,V,M,L,R,K,I,S,K,P,A,V,E,I,K,Q,E
sp|P52907|CAZA1_HUMAN,50-55,6,1,L,N,N,D,N,L,L,R,E,G,Q,Y,N,M,D,Q,F,T,P,V
sp|P80365|DHI2_HUMAN,59-64,6,0,Q,R,L,L,P,P,P,A,A,L,G,W,I,A,L,S,R,L,A,R
sp|Q03014|HHEX_HUMAN,84-90,7,0,P,I,H,P,A,F,S,H,H,S,Y,G,P,G,G,F,G,G,P,L
sp|Q12849|GRSF1_HUMAN,55-60,6,0,G,R,R,R,L,L,L,L,L,G,S,Q,T,R,G,L,Q,T,G,P
sp|Q12849|GRSF1_HUMAN,83-92,10,0,P,G,R,L,A,G,P,P,A,V,S,Y,S,A,L,R,A,S,L,L
sp|Q12849|GRSF1_HUMAN,107-111,5,0,L,R,A,S,L,L,P,Q,S,L,V,P,T,R,S,Y,S,Q,E,S
sp|Q15424|SAFB1_HUMAN,13-18,6,0,E,T,L,S,G,L,G,D,S,G,L,S,S,A,S,S,E,T,G,T
sp|Q5VT52|RPRD2_HUMAN,1248-1254,7,0,V,D,L,S,N,P,F,T,K,E,P,P,P,P,P,G,E,H,S,G
sp|Q76G19|PDZD4_HUMAN,613-619,7,0,L,A,G,G,P,R,V,G,G,V,P,R,M,E,W,K,V,K,V,R
sp|Q86UC2|RSPH3_HUMAN,67-71,5,0,D,R,T,L,G,C,W,A,T,D,G,L,C,G,A,G,S,E,P,S
sp|Q86UC2|RSPH3_HUMAN,396-401,6,0,H,K,H,N,E,T,S,Q,K,I,Q,R,Y,L,A,D,L,L,P,S
sp|Q8IUC6|TCAM1_HUMAN,563-569,7,0,S,Q,H,L,D,G,E,R,M,Q,Y,S,A,Y,L,Q,S,Y,L,S
sp|Q96A56|T53I1_HUMAN,174-178,5,0,E,M,G,Q,H,I,H,C,Y,V,H,T,T,F,L,E,Q,P,K,S
sp|Q9H019|MFR1L_HUMAN,147-153,7,0,H,L,R,S,Q,I,A,K,I,V,S,L,T,P,D,F,L,S,P,G
sp|Q9H1E3|NUCKS_HUMAN,95-100,6,0,D,H,K,N,V,R,Q,Q,R,Q,S,K,Q,R,E,M,L,M,E,D
sp|Q9UQQ2|SH2B3_HUMAN,17-22,6,0,Q,P,S,S,P,S,S,A,P,S,P,R,G,W,S,E,F,C,E,L
sp|Q9UQQ2|SH2B3_HUMAN,34-38,5,0,R,G,W,S,E,F,C,E,L,H,R,E,L,A,R,Q,Y,W,L,F
sp|Q9UQQ2|SH2B3_HUMAN,156-162,7,0,F,R,R,R,S,A,G,E,L,P,P,G,T,P,G,E,A,A,E,T
sp|Q9Y222|DMTF1_HUMAN,535-539,5,0,L,T,A,S,P,T,V,T,L,T,S,P,E,Q,I,I,V,H,A,L
sp|O15522|NKX28_HUMAN,200-205,6,0,G,T,A,A,A,Q,E,K,C,G,C,P,L,P,G,Y,P,A,F,G
sp|O75381|PEX14_HUMAN,192-196,5,0,Q,K,I,Q,E,L,A,H,E,L,T,T,S,T,N,W,I,L,E,S
sp|O75882|ATRN_HUMAN,3-10,8,0,-,-,-,-,-,-,-,-,M,V,R,L,R,R,R,T,A,A,T,A
sp|O75882|ATRN_HUMAN,17-23,7,0,A,T,E,A,R,L,R,R,R,T,G,R,S,G,G,P,H,W,D,W
sp|O75882|ATRN_HUMAN,81-89,9,0,P,L,L,L,L,L,L,P,C,E,V,S,G,S,A,A,A,E,A,K
sp|O75882|ATRN_HUMAN,94-98,5,0,A,A,A,A,A,A,V,S,G,S,K,E,C,D,R,P,C,V,N,G
sp|O75882|ATRN_HUMAN,655-660,6,0,S,E,Q,C,D,A,H,R,S,E,G,P,G,I,R,C,V,W,N,T
sp|P14921|ETS1_HUMAN,323-327,5,1,D,L,N,K,D,K,P,V,I,P,G,Y,T,G,S,G,P,I,Q,L
sp|P23515|OMGP_HUMAN,348-351,4,0,T,S,T,E,T,I,N,S,H,E,T,L,T,I,H,L,Q,D,G,M
sp|P49841|GSK3B_HUMAN,411-416,6,0,N,T,G,D,R,G,Q,T,N,N,S,N,S,T,-,-,-,-,-,-
sp|Q0D2K3|RIPP1_HUMAN,4-10,7,0,-,-,-,-,-,-,-,M,D,S,T,P,V,P,A,L,A,L,A,L
sp|Q15628|TRADD_HUMAN,104-108,5,1,A,L,R,A,A,L,Q,R,S,L,Q,H,S,V,P,L,Q,L,E,L
sp|Q63HQ0|AP1AR_HUMAN,116-120,5,0,E,E,A,L,Y,A,A,Q,R,E,K,Q,R,K,L,L,E,Q,E,R
sp|Q6DKJ4|NXN_HUMAN,72-78,7,0,G,D,A,A,A,G,P,G,P,G,E,P,E,P,R,R,R,L,E,I
sp|Q70CQ3|UBP30_HUMAN,8-13,6,0,-,-,-,M,L,S,S,R,A,E,D,R,A,I,Q,R,F,L,R,T
sp|Q70CQ3|UBP30_HUMAN,42-47,6,0,M,K,N,W,G,V,I,G,G,I,G,I,Y,V,I,W,G,P,I,T
sp|Q7Z6M2|FBX33_HUMAN,65-69,5,1,R,R,G,R,M,A,L,C,G,Q,S,L,P,S,E,L,I,V,H,I
sp|Q86WI3|NLRC5_HUMAN,1784-1789,6,0,L,L,S,W,N,L,L,G,D,E,Q,V,L,P,Q,M,G,R,L,K
sp|Q86XN7|PRSR1_HUMAN,297-301,5,0,S,P,V,K,A,I,N,H,P,S,T,V,S,G,M,N,L,L,N,T
sp|Q86XN7|PRSR1_HUMAN,562-567,6,0,P,L,T,L,P,V,Q,S,P,L,S,T,S,V,P,V,S,C,G,S
sp|Q86XN7|PRSR1_HUMAN,895-900,6,0,Q,S,S,L,Q,E,L,Q,H,N,L,L,Q,Q,V,H,S,A,S,A
sp|Q8IZA3|H18_HUMAN,299-303,5,0,P,K,A,G,Q,G,P,N,T,K,K,G,S,G,S,K,V,V,P,A
sp|Q8NFW1|COMA1_HUMAN,161-168,8,0,D,G,R,S,Q,D,L,V,L,D,G,I,R,I,F,A,V,G,V,G
sp|Q8WY91|THAP4_HUMAN,157-162,6,0,A,A,L,Q,G,E,A,T,P,R,S,Q,E,Q,A,Q,Q,A,L,E
sp|Q8WYA0|IFT81_HUMAN,253-257,5,0,V,Q,N,Q,L,K,S,M,R,Q,K,P,E,S,L,M,K,R,L,E
sp|Q96FC9|DDX11_HUMAN,544-549,6,0,L,Q,S,L,Q,P,R,T,T,E,D,E,S,Q,A,S,T,L,R,P
sp|Q96SB3|NEB2_HUMAN,155-159,5,0,Q,E,T,R,K,L,F,E,R,S,G,G,D,K,E,A,A,A,R,R
sp|Q96SB3|NEB2_HUMAN,356-360,5,0,P,K,A,Q,A,A,P,E,K,E,P,P,E,R,G,V,G,N,G,R
sp|Q9BQ16|TICN3_HUMAN,21-29,9,0,C,A,A,A,W,C,S,Q,S,L,G,G,R,S,D,G,G,N,F,L
sp|Q9UBU6|FA8A1_HUMAN,59-64,6,0,A,P,G,R,P,T,A,P,G,L,D,K,L,E,P,P,R,E,L,R
sp|Q9UBU6|FA8A1_HUMAN,95-100,6,0,A,E,L,Q,E,Q,A,G,C,E,P,R,E,R,P,A,R,L,S,A
sp|Q9UK53|ING1_HUMAN,281-285,5,0,K,A,G,A,D,R,P,K,G,E,D,K,P,N,S,K,R,S,R,R
sp|A0A0J9YY54|TX13D_HUMAN,251-255,5,0,P,P,L,P,P,A,V,V,T,G,V,P,L,Q,M,P,P,T,E,I
sp|O00144|FZD9_HUMAN,17-22,6,0,R,G,A,L,L,L,W,Q,L,L,L,E,I,G,R,F,D,P,E,R
sp|O00144|FZD9_HUMAN,69-74,6,0,N,L,L,G,H,T,S,Q,G,E,E,F,A,P,L,V,Q,Y,G,C
sp|O00144|FZD9_HUMAN,486-489,4,0,W,R,L,R,A,T,E,Q,P,C,G,P,G,G,R,R,D,C,S,L
sp|O14531|DPYL4_HUMAN,260-265,6,1,L,Y,V,T,K,V,M,S,K,G,Q,A,K,R,R,G,V,V,V,F
sp|O14531|DPYL4_HUMAN,296-300,5,1,D,G,S,H,Y,W,S,K,N,W,F,V,T,S,P,P,V,N,P,D
sp|O15393|TMPS2_HUMAN,98-102,5,0,T,L,T,L,G,T,F,L,V,G,G,L,L,W,K,F,M,G,S,K
sp|O60307|MAST3_HUMAN,1148-1153,6,0,P,S,A,S,P,S,S,S,S,P,G,H,T,R,P,S,S,L,H,G
sp|O95714|HERC2_HUMAN,2405-2409,5,0,K,A,I,F,D,K,Q,E,L,E,V,C,Q,C,L,A,V,E,S,T
sp|O95714|HERC2_HUMAN,3754-3759,6,0,A,S,N,R,S,I,V,P,R,L,C,A,Q,L,S,A,L,A,A,S
sp|P23352|KALM_HUMAN,29-32,4,0,S,S,G,C,L,A,A,G,P,G,R,R,L,D,E,S,L,S,A,G
sp|P32314|FOXN2_HUMAN,240-243,4,0,V,R,N,L,K,E,S,D,I,D,M,M,L,L,N,T,S,I,E,Q
sp|P51795|CLCN5_HUMAN,315-319,5,0,N,E,A,K,R,R,E,V,L,S,G,V,S,V,A,F,G,A,P,I
sp|P51795|CLCN5_HUMAN,354-359,6,0,P,L,K,T,L,W,R,S,F,F,F,T,L,R,S,I,N,P,F,G
sp|Q02952|AKA12_HUMAN,893-897,5,0,E,L,S,E,S,Q,V,H,M,M,D,G,T,R,A,A,T,I,I,E
sp|Q12879|NMDE1_HUMAN,22-27,6,0,L,P,A,L,L,V,W,R,G,P,E,K,G,P,P,A,L,N,I,A
sp|Q12879|NMDE1_HUMAN,825-829,5,1,D,N,M,A,G,V,F,Y,M,L,L,S,L,I,T,F,I,W,E,H
sp|Q14209|E2F2_HUMAN,7-12,6,0,-,-,-,-,M,L,Q,G,P,R,G,Q,T,P,K,V,V,P,A,M
sp|Q14209|E2F2_HUMAN,53-58,6,0,T,Y,Y,T,P,L,Y,P,Q,T,P,G,T,C,L,D,A,T,P,H
sp|Q5TEC3|ZN697_HUMAN,214-220,7,0,F,L,Q,H,Q,R,I,H,R,L,S,L,E,P,F,G,L,A,G,E
sp|Q5TEC3|ZN697_HUMAN,338-349,12,0,L,S,S,H,L,L,S,H,R,R,L,R,P,F,A,C,G,E,C,G
sp|Q6ZRI8|RHG36_HUMAN,480-485,6,0,A,L,L,S,D,P,V,E,T,S,V,L,A,Q,S,K,P,S,D,E
sp|Q6ZT52|FA43B_HUMAN,224-229,6,0,A,R,H,V,R,Q,Q,H,L,R,S,V,P,R,A,P,L,R,R,L
sp|Q8N3L3|TXLNB_HUMAN,632-637,6,0,S,L,Q,K,M,E,A,D,V,P,E,E,H,V,A,A,M,V,P,A
sp|Q8WWQ8|STAB2_HUMAN,2474-2479,6,0,I,F,F,A,I,I,L,V,T,G,Y,S,Y,F,R,I,N,R,R,T
sp|Q8WXF1|PSPC1_HUMAN,32-40,9,0,L,E,S,A,V,G,E,S,E,P,L,A,G,E,P,A,P,P,A,P
sp|Q92886|NGN1_HUMAN,190-193,4,0,A,S,D,A,E,S,W,G,S,G,S,P,L,S,D,P,S,S,P,A
sp|Q96MD2|KICS2_HUMAN,59-64,6,0,G,S,W,L,S,L,L,A,A,L,E,K,V,Y,H,S,L,T,Y,L
sp|Q96P70|IPO9_HUMAN,2-10,9,0,-,-,-,-,-,-,-,-,-,M,S,G,L,P,G,P,V,A,Q,G
sp|Q96P70|IPO9_HUMAN,418-425,8,0,A,V,A,T,D,F,Q,N,E,S,T,R,H,L,Q,E,A,E,Q,T
sp|Q99748|NRTN_HUMAN,6-10,5,0,-,-,-,-,-,M,Q,R,W,K,S,V,L,C,S,S,V,L,S,I
sp|Q99748|NRTN_HUMAN,133-138,6,1,E,T,V,L,F,R,Y,C,A,G,R,V,Y,D,L,G,L,R,R,L
sp|Q9BZQ6|EDEM3_HUMAN,23-27,5,0,V,P,Q,R,A,R,W,R,L,V,F,C,L,V,S,A,T,S,V,W
sp|Q9NZE8|RM35_HUMAN,2-7,6,0,-,-,-,-,-,-,-,-,-,M,G,A,V,R,A,A,S,G,I,L
sp|Q9P243|ZFAT_HUMAN,606-611,6,0,D,F,L,L,K,N,D,T,S,S,P,E,K,P,P,D,M,Q,H,R
sp|Q9P243|ZFAT_HUMAN,1106-1110,5,0,E,A,E,E,D,V,Q,G,T,Q,L,Q,D,L,R,Y,T,S,E,S
sp|Q9ULK5|VANG2_HUMAN,325-331,7,0,S,T,N,N,S,T,G,Q,S,R,R,R,R,D,N,S,H,N,E,Y
sp|Q9UPP1|PHF8_HUMAN,910-917,8,0,T,R,V,A,S,I,E,T,G,L,Q,Q,E,L,Q,K,A,Q,K,K
sp|O15503|INSI1_HUMAN,27-32,6,0,A,R,R,R,G,P,P,R,A,S,K,V,G,E,M,I,N,V,S,V
sp|O94993|SOX30_HUMAN,45-49,5,0,E,P,P,P,S,S,P,T,L,S,T,L,A,S,S,C,G,E,A,V
sp|O94993|SOX30_HUMAN,91-96,6,0,L,P,Q,P,Q,A,Q,N,E,E,Q,A,R,L,L,Q,F,R,P,D
sp|O95905|ECD_HUMAN,229-234,6,0,A,V,L,K,Q,R,P,R,L,V,F,Y,L,R,D,P,I,D,L,R
sp|P07199|CENPB_HUMAN,369-374,6,0,L,G,L,T,E,A,L,H,F,V,V,E,P,S,D,I,A,A,C,F
sp|P10321|HLAC_HUMAN,159-164,6,1,A,L,N,E,D,L,R,S,W,T,Q,I,T,Q,R,K,L,E,A,A
sp|P10321|HLAC_HUMAN,173-177,5,1,A,A,Q,I,T,Q,R,K,L,E,E,Q,L,R,A,Y,L,E,G,T
sp|Q14728|MFS10_HUMAN,405-410,6,0,T,V,M,G,T,L,R,S,L,G,G,P,L,V,A,A,S,V,Y,W
sp|Q32MK0|MYLK3_HUMAN,364-368,5,0,G,S,L,G,P,T,L,T,T,E,Q,P,G,K,Q,G,P,P,G,T
sp|Q5XG87|PAPD7_HUMAN,51-57,7,0,F,C,L,N,S,P,A,L,D,T,G,R,G,S,G,G,L,G,P,A
sp|Q6DD88|ATLA3_HUMAN,8-11,4,0,-,-,-,M,L,S,P,Q,R,V,S,R,G,A,D,D,A,M,E,S
sp|Q6DD88|ATLA3_HUMAN,354-359,6,0,L,Q,A,T,A,E,A,N,N,L,K,D,I,Y,Y,N,N,M,E,E
sp|Q6IAN0|DRS7B_HUMAN,121-127,7,0,L,V,T,F,D,L,T,D,S,G,E,I,L,Q,C,F,G,Y,V,D
sp|Q86W28|NALP8_HUMAN,722-726,5,0,N,S,V,L,G,P,P,F,L,K,L,R,H,P,Q,C,K,L,Q,K
sp|Q86YP4|P66A_HUMAN,346-351,6,0,T,S,A,E,S,P,A,S,R,Q,L,R,K,Q,L,E,K,T,L,L
sp|Q8N5W9|RFLB_HUMAN,62-69,8,0,A,A,A,P,G,T,L,E,P,D,P,S,P,A,S,L,P,L,A,P
sp|Q8N7H1|CL061_HUMAN,86-93,8,0,S,A,P,I,I,A,G,G,H,P,K,Q,Q,P,R,H,S,R,E,V
sp|Q8N9Z2|CC71L_HUMAN,15-20,6,0,M,K,R,R,R,R,R,R,P,V,R,G,G,D,F,R,A,E,D,G
sp|Q8N9Z2|CC71L_HUMAN,137-142,6,0,R,A,A,A,R,R,R,R,R,G,R,R,R,K,P,R,P,P,P,P
sp|Q8NHY2|COP1_HUMAN,41-46,6,0,L,S,S,S,P,S,P,P,S,V,L,V,S,G,G,V,A,Q,A,A
sp|Q8TDD2|SP7_HUMAN,283-286,4,0,P,N,C,Q,E,L,E,R,L,G,G,L,R,K,K,P,I,H,S,C
sp|Q8WVQ1|CANT1_HUMAN,268-273,6,1,D,H,E,N,W,V,S,N,Y,N,G,I,Q,P,P,G,Y,L,I,H
sp|Q96A46|MFRN2_HUMAN,271-278,8,0,P,S,S,H,V,L,S,G,A,C,T,T,P,L,D,V,C,K,T,L
sp|Q96A99|PTX4_HUMAN,457-462,6,0,E,F,P,T,G,A,I,L,T,L,G,G,F,V,Q,G,A,N,C,T
sp|Q9BXI3|5NT1A_HUMAN,19-24,6,0,P,Q,E,P,R,E,P,G,P,G,P,V,W,E,E,A,K,I,F,Y
sp|Q9GZW5|SCND2_HUMAN,182-190,9,0,S,C,A,G,R,W,R,T,C,C,R,S,A,S,A,R,T,G,R,S
sp|Q9GZW5|SCND2_HUMAN,205-210,6,0,A,R,T,G,R,S,T,S,S,C,P,S,A,T,E,G,A,L,T,R
sp|Q9NQR7|CC177_HUMAN,44-49,6,0,A,Q,E,P,A,A,S,S,A,S,V,P,R,K,A,E,V,P,C,A
sp|Q9NQR7|CC177_HUMAN,170-182,13,0,K,R,R,L,F,T,P,L,S,P,P,S,A,G,S,S,S,S,C,S
sp|Q9NQX3|GEPH_HUMAN,237-242,6,0,T,E,D,S,S,S,S,H,I,T,K,I,P,D,S,I,I,S,R,G
sp|Q9UJY4|GGA2_HUMAN,2-11,10,0,-,-,-,-,-,-,-,-,-,M,G,T,E,S,A,Q,G,P,P,G
sp|Q9ULI4|KI26A_HUMAN,246-256,11,0,V,N,S,F,L,P,P,A,C,L,D,T,V,R,E,C,P,P,V,A
sp|Q9ULI4|KI26A_HUMAN,421-425,5,0,G,P,P,G,S,A,G,P,R,R,V,P,K,M,F,A,F,D,A,V
sp|Q9ULI4|KI26A_HUMAN,582-586,5,0,T,A,E,K,A,A,F,Y,L,D,R,S,T,S,R,A,G,C,G,E
sp|Q9ULI4|KI26A_HUMAN,640-645,6,0,L,H,L,I,D,L,G,S,C,E,G,E,A,A,G,G,P,L,C,L
sp|Q9ULI4|KI26A_HUMAN,1290-1294,5,0,A,Q,R,V,V,D,G,C,E,V,R,R,P,E,A,V,A,R,I,P
sp|Q9ULI4|KI26A_HUMAN,1869-1873,5,0,M,M,V,T,C,F,D,I,S,V,I,P,G,P,Q,E,V,D,V,-
sp|Q9UMN6|KMT2B_HUMAN,2-5,4,0,-,-,-,-,-,-,-,-,-,M,G,G,G,S,C,P,G,P,G,S
sp|Q9Y247|FA50B_HUMAN,131-136,6,0,S,F,A,L,D,D,L,D,D,Q,R,R,A,G,N,L,G,K,N,P
sp|P07101|TY3H_HUMAN,50-54,5,0,S,L,T,G,S,P,W,P,G,T,S,Y,T,P,T,P,R,S,P,R
sp|P07101|TY3H_HUMAN,82-90,9,0,L,I,E,D,A,R,K,E,R,E,V,P,S,E,P,G,D,P,L,E
sp|P23921|RIR1_HUMAN,60-65,6,1,G,V,T,T,V,E,L,D,T,L,T,L,T,T,K,H,P,D,Y,A
sp|Q03519|TAP2_HUMAN,578-585,8,1,L,Q,S,C,E,D,D,K,V,M,D,D,F,I,Q,E,M,E,H,G
sp|Q14C86|GAPD1_HUMAN,677-681,5,0,N,I,D,E,D,R,L,Q,E,I,E,N,M,L,G,S,L,L,C,L
sp|Q14C86|GAPD1_HUMAN,932-937,6,0,P,G,N,E,E,R,E,L,P,P,T,S,L,V,A,A,P,H,S,S
sp|Q3SY69|AL1L2_HUMAN,485-492,8,0,S,Y,A,S,L,A,D,V,D,K,F,E,N,G,E,W,G,R,M,N
sp|Q3SY69|AL1L2_HUMAN,606-611,6,0,Y,P,L,M,M,L,A,W,K,S,G,N,T,L,V,L,K,P,A,Q
sp|Q4G0M1|ERFE_HUMAN,21-25,5,0,R,L,L,L,V,Y,A,G,L,L,G,L,G,S,P,E,P,G,A,P
sp|Q5F1R6|DJC21_HUMAN,39-43,5,0,K,W,H,P,D,K,N,L,D,N,E,Q,F,K,L,I,Q,A,A,Y
sp|Q6NW40|RGMB_HUMAN,10-15,6,0,-,M,G,L,R,A,A,P,S,S,E,V,E,Q,R,R,S,P,G,L
sp|Q6NW40|RGMB_HUMAN,386-391,6,0,L,L,T,T,G,D,A,N,F,T,L,E,D,V,E,A,L,H,P,R
sp|Q8IWW8|HOT_HUMAN,2-7,6,0,-,-,-,-,-,-,-,-,-,M,R,V,A,Y,L,L,R,Q,L,Q
sp|Q8N119|MMP21_HUMAN,83-88,6,0,P,E,G,P,P,E,T,P,K,G,V,R,R,F,Q,R,A,N,A,L
sp|Q8N119|MMP21_HUMAN,106-111,6,0,N,A,L,P,A,S,G,E,L,D,M,N,R,P,R,C,G,V,P,D
sp|Q8N119|MMP21_HUMAN,218-223,6,0,V,T,P,L,D,F,R,E,D,L,V,D,I,K,L,G,F,G,R,G
sp|Q8TDC0|MYOZ3_HUMAN,123-130,8,0,P,G,A,S,L,G,G,P,E,G,G,C,V,P,S,P,S,A,L,A
sp|Q8TEU7|RPGF6_HUMAN,521-526,6,0,M,N,G,H,L,R,L,L,N,I,K,W,R,Q,V,V,L,Q,K,A
sp|Q8WZ82|OVCA2_HUMAN,122-126,5,0,F,D,G,L,L,G,F,S,Q,G,L,V,C,A,L,G,Q,A,G,D
sp|Q9NU39|FX4L1_HUMAN,222-226,5,0,A,H,L,P,H,P,F,P,L,P,L,H,N,P,R,P,G,P,L,L
sp|Q9NU39|FX4L1_HUMAN,366-371,6,0,Q,R,P,S,S,L,S,D,N,F,S,G,G,G,L,R,Q,R,L,R
sp|Q9NVU7|SDA1_HUMAN,540-544,5,0,L,N,S,M,P,M,E,E,R,K,I,S,T,S,R,V,L,T,Q,E
sp|Q9Y238|DLEC1_HUMAN,1679-1684,6,0,W,T,M,L,M,G,Q,Q,E,P,F,R,V,S,P,N,S,G,L,L
sp|Q9Y330|ZBT12_HUMAN,297-304,8,0,S,V,G,A,T,S,G,L,V,E,R,G,A,G,G,S,L,G,A,G
sp|A4D2H0|CTGEF_HUMAN,120-125,6,0,S,S,L,E,D,A,S,F,E,K,R,S,L,E,A,T,C,E,K,L
sp|O15270|SPTC2_HUMAN,34-42,9,0,E,V,R,N,G,Y,V,R,S,S,G,Q,I,H,H,V,T,Q,N,G
sp|O76014|KRT37_HUMAN,36-41,6,0,S,P,I,D,V,G,C,Q,P,V,S,M,C,L,L,A,N,V,A,H
sp|P0DPA2|VSIG8_HUMAN,378-384,7,0,P,E,D,V,A,L,A,P,C,T,G,P,S,P,V,Y,V,K,V,K
sp|P20231|TRYB2_HUMAN,16-21,6,0,L,L,A,L,P,V,L,A,S,R,P,G,Q,A,L,Q,R,V,G,I
sp|P29275|AA2BR_HUMAN,50-55,6,1,T,P,T,N,Y,F,L,V,S,L,V,G,L,F,A,I,P,F,A,I
sp|P55157|MTP_HUMAN,542-545,4,1,R,K,V,H,E,K,T,V,R,T,I,I,L,N,N,N,P,S,Y,M
sp|Q2I0M4|LRC26_HUMAN,329-334,6,0,C,A,S,P,A,D,P,G,S,P,-,-,-,-,-,-,-,-,-,-
sp|Q5W041|ARMC3_HUMAN,375-381,7,0,L,K,S,D,N,E,E,V,R,E,N,L,T,T,C,N,P,A,N,A
sp|Q5W041|ARMC3_HUMAN,389-397,9,0,A,L,A,N,L,T,T,C,N,P,D,G,I,D,P,L,I,N,L,L
sp|Q5W041|ARMC3_HUMAN,414-419,6,0,I,N,L,L,S,S,K,R,D,G,T,V,L,T,N,M,A,M,Q,E
sp|Q68BL7|OLM2A_HUMAN,2-5,4,0,-,-,-,-,-,-,-,-,-,M,L,P,P,R,P,L,L,L,L,P
sp|Q68BL7|OLM2A_HUMAN,207-212,6,0,R,L,G,L,Q,L,L,Q,K,D,T,P,A,T,G,T,G,S,K,A
sp|Q86VY4|TSYL5_HUMAN,64-68,5,0,Q,A,G,A,G,W,G,G,L,E,Q,L,L,R,L,G,E,E,A,A
sp|Q8IX03|KIBRA_HUMAN,643-648,6,0,V,Y,E,A,S,V,Q,R,L,G,F,D,S,D,E,S,E,A,V,G
sp|Q8IZ57|NRSN1_HUMAN,13-17,5,0,S,C,S,N,V,C,G,S,R,Q,E,G,G,Y,Q,R,Y,G,V,R
sp|Q8N4E7|FTMT_HUMAN,50-53,4,0,P,R,Q,I,A,P,R,R,P,L,S,S,R,D,P,T,G,P,A,A
sp|Q8TD31|CCHCR_HUMAN,148-153,6,0,A,G,R,A,E,A,E,G,L,R,E,V,V,R,K,N,L,E,E,G
sp|Q8TD31|CCHCR_HUMAN,728-733,6,0,S,P,R,P,P,E,C,S,A,S,V,P,T,R,E,S,I,K,G,S
sp|Q96II8|LRCH3_HUMAN,8-13,6,0,-,-,-,M,A,A,A,G,L,V,E,Y,S,G,T,V,A,S,G,G
sp|Q96SC8|DMTA2_HUMAN,13-21,9,0,L,R,S,E,L,P,S,V,P,G,T,G,P,P,V,A,S,V,A,S
sp|Q96SC8|DMTA2_HUMAN,30-40,11,0,T,A,T,G,P,P,V,A,S,V,S,L,P,V,S,V,A,G,G,L
sp|Q96SC8|DMTA2_HUMAN,140-144,5,0,Q,L,L,Y,G,T,A,E,G,L,N,G,I,I,P,P,R,P,A,Y
sp|Q96SC8|DMTA2_HUMAN,371-382,12,0,G,L,G,P,A,A,P,P,D,K,W,P,S,R,V,D,A,A,A,A
sp|Q96SC8|DMTA2_HUMAN,389-397,9,0,A,D,D,A,W,P,S,R,V,D,G,G,P,G,L,P,A,P,L,Q
sp|Q96SC8|DMTA2_HUMAN,469-475,7,0,A,P,L,G,L,S,P,L,R,L,H,S,R,G,L,A,F,M,A,P
sp|Q96SC8|DMTA2_HUMAN,514-519,6,0,A,F,S,D,L,M,R,D,R,S,V,H,K,E,P,T,Y,G,G,G
sp|Q9BZM6|ULBP1_HUMAN,2-8,7,0,-,-,-,-,-,-,-,-,-,M,F,L,L,C,L,P,L,L,H,L
sp|Q9H2S1|KCNN2_HUMAN,51-58,8,0,G,G,G,G,G,A,S,S,P,S,V,S,S,S,A,P,E,I,V,V
sp|Q9NQ86|TRI36_HUMAN,148-154,7,0,L,E,T,I,V,E,R,Y,R,Q,I,M,C,D,L,C,K,P,P,P
sp|Q9P2R7|SUCB1_HUMAN,24-29,6,0,A,T,L,R,N,H,R,P,R,T,Q,V,L,G,S,S,G,L,F,N
sp|Q9UBW8|CSN7A_HUMAN,225-230,6,0,N,L,K,K,T,I,K,V,T,T,T,S,Q,D,P,E,Q,H,L,T
sp|Q9UNE2|RPH3L_HUMAN,300-308,9,0,R,A,P,V,K,D,T,P,G,R,G,P,S,S,C,L,G,-,-,-
sp|Q9Y5L0|TNPO3_HUMAN,516-522,7,1,L,M,K,G,L,C,E,K,P,L,I,H,N,I,C,S,V,C,R,D
sp|A2A368|MAGBG_HUMAN,53-58,6,0,H,P,L,V,P,G,K,L,K,E,E,S,P,L,E,V,P,Q,S,F
sp|P07339|CATD_HUMAN,15-20,6,0,S,L,L,P,L,A,L,C,L,L,L,V,R,I,P,L,H,K,F,T
sp|P0C1H6|H2BFM_HUMAN,2-8,7,0,-,-,-,-,-,-,-,-,-,M,E,A,S,S,E,T,T,S,E,E
sp|P10109|ADX_HUMAN,2-7,6,0,-,-,-,-,-,-,-,-,-,M,R,L,L,R,A,A,S,A,V,L
sp|P15151|PVR_HUMAN,2-8,7,0,-,-,-,-,-,-,-,-,-,M,W,P,L,L,L,V,A,L,L,V
sp|P23769|GATA2_HUMAN,103-110,8,0,P,G,L,P,W,L,D,G,G,K,H,H,H,N,P,W,T,V,S,P
sp|P23769|GATA2_HUMAN,430-434,5,0,C,M,Q,E,K,S,S,P,F,S,G,H,M,A,P,V,G,H,L,P
sp|P35221|CTNA1_HUMAN,258-263,6,1,L,Q,Q,A,V,T,G,I,S,N,S,D,D,A,S,Q,H,Q,G,G
sp|P35221|CTNA1_HUMAN,467-473,7,1,L,E,A,L,C,P,Q,V,I,N,K,P,Q,S,K,L,A,Q,E,N
sp|P48556|PSMD8_HUMAN,65-68,4,0,G,G,L,L,A,A,S,R,K,M,V,N,G,A,A,G,F,S,S,S
sp|P53708|ITA8_HUMAN,23-26,4,0,Q,A,P,L,I,A,P,L,C,C,L,G,M,L,L,W,S,P,A,C
sp|P78382|S35A1_HUMAN,276-279,4,0,Y,T,D,N,I,M,K,G,F,S,I,V,L,S,T,I,A,S,V,M
sp|Q0VDF9|HSP7E_HUMAN,158-162,5,0,G,E,K,Q,K,N,A,L,G,E,G,F,N,V,L,R,L,I,H,E
sp|Q14678|KANK1_HUMAN,1203-1207,5,1,N,K,A,G,Y,T,P,I,M,L,V,E,A,E,K,D,M,R,I,V
sp|Q14896|MYPC3_HUMAN,120-125,6,0,P,A,E,A,T,G,A,P,G,E,E,L,G,E,S,A,P,S,P,K
sp|Q6UB99|ANR11_HUMAN,2280-2285,6,0,A,P,D,G,P,A,P,N,T,V,D,G,A,G,P,E,D,D,T,E
sp|Q6UB99|ANR11_HUMAN,2296-2303,8,0,D,G,A,G,P,E,D,D,T,E,E,G,P,P,G,G,I,Q,P,E
sp|Q6UB99|ANR11_HUMAN,2613-2618,6,0,T,C,L,L,M,R,Q,Q,H,E,V,Q,R,M,E,W,Q,L,K,V
sp|Q8N7R1|P1L12_HUMAN,3-7,5,0,-,-,-,-,-,-,-,-,M,G,E,S,A,D,L,G,N,F,W,K
sp|Q8NCM8|DYHC2_HUMAN,3082-3091,10,0,G,S,F,D,P,K,N,A,K,R,W,V,K,A,N,I,Q,Y,S,H
sp|Q8NCM8|DYHC2_HUMAN,3204-3209,6,0,T,E,E,L,A,T,L,P,K,R,F,I,T,Y,L,S,A,A,P,E
sp|Q96PE7|MCEE_HUMAN,7-12,6,0,-,-,-,-,M,A,R,V,L,K,V,G,L,F,S,R,L,Q,A,P
sp|Q9C009|FOXQ1_HUMAN,77-88,12,0,S,A,G,G,G,P,G,A,E,E,E,G,A,E,A,G,A,A,G,P
sp|Q9C009|FOXQ1_HUMAN,91-96,6,0,A,A,A,A,A,V,V,A,E,G,G,P,G,A,G,G,A,G,S,G
sp|Q9C009|FOXQ1_HUMAN,242-247,6,0,A,P,G,L,P,A,A,P,P,P,S,P,R,M,R,S,P,A,R,Q
sp|Q9C009|FOXQ1_HUMAN,355-359,5,0,A,P,P,L,L,L,A,P,L,P,K,P,L,R,G,P,A,A,G,G
sp|Q9C009|FOXQ1_HUMAN,380-385,6,0,A,H,L,Y,C,P,L,R,L,P,S,V,R,R,P,G,P,H,L,P
sp|Q9HAP2|MLXIP_HUMAN,52-57,6,0,P,A,S,G,A,A,T,P,A,R,P,P,P,P,R,A,G,P,G,R
sp|Q9HAP2|MLXIP_HUMAN,612-619,8,0,S,T,V,S,Q,S,N,V,V,I,P,G,V,P,E,F,H,S,S,I
sp|Q9UPZ3|HPS5_HUMAN,158-163,6,0,S,A,I,K,L,N,T,S,K,Q,F,V,M,F,P,V,Q,T,I,T
sp|E2RYF6|MUC22_HUMAN,1669-1674,6,0,Q,P,W,A,I,I,L,I,S,L,V,G,L,S,V,G,L,S,F,C
sp|O15446|RPA34_HUMAN,376-382,7,0,P,Q,Q,P,E,G,A,K,P,Q,P,K,K,K,T,K,K,E,K,Q
sp|P08397|HEM3_HUMAN,7-11,5,0,-,-,-,-,M,S,G,N,G,N,E,E,N,S,P,K,M,R,V,I
sp|P0C2W7|CT47B_HUMAN,23-30,8,0,D,Q,E,A,P,V,S,Q,E,G,G,N,Q,E,G,G,D,S,G,P
sp|P0C2W7|CT47B_HUMAN,69-74,6,0,E,G,L,G,E,E,E,G,E,Q,V,P,Q,G,G,S,A,E,E,D
sp|P0C2W7|CT47B_HUMAN,177-181,5,0,P,L,L,L,L,S,Q,R,L,G,P,E,G,E,G,L,G,L,I,Q
sp|P0CJ85|DU4L2_HUMAN,211-217,7,0,A,L,P,Q,G,A,F,V,S,Q,L,Q,P,S,Q,A,A,P,A,E
sp|P0CJ85|DU4L2_HUMAN,240-245,6,0,S,Q,P,A,P,A,R,G,D,F,P,P,D,G,A,L,S,H,P,Q
sp|P25054|APC_HUMAN,381-386,6,1,G,N,S,R,G,S,K,E,A,R,L,H,N,I,I,H,S,Q,P,D
sp|P25054|APC_HUMAN,1470-1475,6,1,A,E,K,R,E,S,G,P,K,Q,V,Q,R,V,Q,V,L,P,D,A
sp|P25054|APC_HUMAN,2118-2122,5,0,A,N,S,I,V,S,S,L,H,Q,C,L,S,R,Q,A,S,S,D,S
sp|P57789|KCNKA_HUMAN,14-19,6,0,L,Y,T,D,F,F,L,S,L,V,P,V,C,Q,P,K,S,A,T,N
sp|Q08629|TICN1_HUMAN,5-13,9,0,-,-,-,-,-,-,M,P,A,I,W,C,F,L,Q,V,E,S,R,H
sp|Q14003|KCNC3_HUMAN,208-219,12,0,A,L,D,S,F,E,A,P,D,P,H,D,G,G,L,D,D,E,A,G
sp|Q14003|KCNC3_HUMAN,668-673,6,0,R,A,D,P,R,P,N,G,D,P,H,E,D,C,P,A,I,D,Q,P
sp|Q14003|KCNC3_HUMAN,749-753,5,0,G,P,P,S,F,L,P,D,L,N,W,I,S,P,-,-,-,-,-,-
sp|Q15046|SYK_HUMAN,2-7,6,0,-,-,-,-,-,-,-,-,-,M,E,V,K,V,D,G,S,E,P,K
sp|Q15046|SYK_HUMAN,51-55,5,0,K,E,L,S,E,K,Q,L,S,Q,T,N,H,T,T,D,N,G,V,G
sp|Q15046|SYK_HUMAN,516-521,6,1,M,R,Q,R,Q,L,F,E,E,Q,G,D,D,E,A,M,F,I,D,E
sp|Q2M1P5|KIF7_HUMAN,395-402,8,0,I,H,R,G,R,R,A,P,G,P,M,R,L,G,A,E,C,A,R,Y
sp|Q3SYA9|P12L1_HUMAN,371-378,8,0,G,M,R,R,T,R,P,G,T,S,P,P,P,S,T,L,N,R,T,L
sp|Q5VZ66|JKIP3_HUMAN,15-24,10,0,G,M,S,S,R,A,K,G,D,K,N,E,D,L,R,A,K,L,T,D
sp|Q86VM9|ZCH18_HUMAN,881-886,6,0,P,E,R,Q,R,G,Q,N,S,K,D,R,K,R,Q,L,S,P,Q,S
sp|Q8IW70|T151B_HUMAN,30-37,8,0,G,G,P,G,V,S,E,E,L,T,D,E,G,P,A,R,E,E,Q,R
sp|Q8IW70|T151B_HUMAN,301-306,6,0,A,R,P,P,W,Y,A,C,S,S,L,L,T,L,S,W,P,L,R,V
sp|Q8NGR4|OR5C1_HUMAN,9-14,6,0,-,-,M,N,S,E,N,L,T,R,E,F,V,L,L,G,I,T,N,R
sp|Q8TEW8|PAR3L_HUMAN,109-114,6,0,Q,S,P,D,A,F,E,T,E,V,F,K,P,I,G,G,E,I,E,V
sp|Q96M27|PRRC1_HUMAN,428-433,6,0,G,M,S,R,R,Q,M,I,Y,S,G,M,Y,K,Q,R,L,P,P,R
sp|Q96RP8|KCNA7_HUMAN,100-104,5,0,L,E,E,V,A,F,Y,G,L,G,R,L,R,E,D,E,G,C,P,V
sp|Q96RP8|KCNA7_HUMAN,178-183,6,0,F,R,D,D,R,D,G,T,G,L,G,P,F,P,A,P,L,N,G,S
sp|Q99700|ATX2_HUMAN,4-7,4,0,-,-,-,-,-,-,-,M,R,S,P,R,S,P,A,V,A,T,E,S
sp|Q99700|ATX2_HUMAN,206-211,6,0,V,R,K,P,G,G,S,G,L,L,P,S,P,S,S,S,S,V,S,S
sp|Q9BVT8|TMUB1_HUMAN,54-58,5,0,S,G,T,P,T,P,S,Q,P,S,T,D,S,M,R,G,E,A,P,G
sp|Q9BXA9|SALL3_HUMAN,198-201,4,0,A,G,G,S,G,A,G,G,G,V,V,P,L,I,L,E,Q,L,M,A
sp|Q9BXA9|SALL3_HUMAN,245-250,6,0,R,P,P,P,R,P,S,L,S,P,P,G,P,A,P,S,Q,L,P,G
sp|Q9BXA9|SALL3_HUMAN,268-276,9,0,L,P,G,L,A,A,L,P,L,S,G,S,G,P,A,A,P,A,A,F
sp|Q9BXA9|SALL3_HUMAN,281-285,5,0,P,A,A,A,I,A,G,S,G,P,F,E,G,A,Q,P,L,S,R,P
sp|Q9BXA9|SALL3_HUMAN,312-326,15,0,P,G,G,P,A,E,P,S,A,P,P,A,P,Q,S,A,A,S,S,Q
sp|Q9BXA9|SALL3_HUMAN,381-386,6,0,V,I,F,P,N,P,L,V,S,I,L,D,P,L,S,A,L,M,K,H
sp|Q9BXA9|SALL3_HUMAN,615-620,6,0,N,A,R,A,G,D,A,P,V,G,P,T,S,V,D,G,A,P,T,S
sp|Q9GZN0|GPR88_HUMAN,194-203,10,0,G,A,A,P,P,R,V,H,Y,P,Q,T,A,L,L,L,H,C,Y,L
sp|Q9GZN0|GPR88_HUMAN,241-246,6,0,F,H,L,L,H,Q,L,P,G,C,F,P,G,A,Q,H,A,P,G,P
sp|Q9GZN0|GPR88_HUMAN,357-366,10,0,V,R,S,V,L,P,G,V,G,D,V,P,A,V,S,Q,A,Q,L,G
sp|Q9HBR0|S38AA_HUMAN,3-6,4,0,-,-,-,-,-,-,-,-,M,T,S,N,W,G,L,I,T,N,I,V
sp|Q9HBR0|S38AA_HUMAN,840-845,6,0,Q,A,K,L,R,D,G,Q,K,D,G,T,V,K,E,L,P,K,G,P
sp|Q9HBR0|S38AA_HUMAN,945-950,6,0,L,G,L,A,A,D,L,P,G,G,Q,P,Q,A,V,L,R,Q,P,E
sp|Q9NX78|TM260_HUMAN,34-38,5,0,G,G,I,R,G,G,V,A,V,F,V,F,T,F,T,L,P,P,S,V
sp|Q9UKN8|TF3C4_HUMAN,36-40,5,0,G,G,G,E,A,G,G,K,E,P,P,G,P,S,A,A,F,R,L,M
sp|A6NNL5|CO061_HUMAN,21-26,6,0,A,L,R,L,L,L,C,R,P,W,R,P,K,P,S,A,S,E,V,L
sp|E7ERA6|RN223_HUMAN,80-85,6,0,C,T,H,V,F,C,L,E,C,L,Q,P,V,G,R,P,G,G,E,A
sp|O15066|KIF3B_HUMAN,686-691,6,0,E,G,P,A,I,A,P,K,V,Q,L,Q,D,E,D,E,I,Q,V,D
sp|O15178|TBXT_HUMAN,404-407,4,0,S,S,S,G,S,P,L,Y,E,G,T,D,I,V,D,S,Q,Y,D,A
sp|O43861|ATP9B_HUMAN,13-18,6,0,D,Q,I,P,L,Y,P,V,R,S,N,R,K,R,A,A,Y,Y,S,A
sp|O95155|UBE4B_HUMAN,233-236,4,0,A,S,L,T,A,T,S,Q,P,I,R,S,P,D,R,N,L,L,L,N
sp|P08620|FGF4_HUMAN,29-34,6,0,L,L,A,P,W,A,G,R,G,G,P,N,G,T,L,E,A,E,L,E
sp|P0CG41|CTGE8_HUMAN,120-125,6,0,S,S,L,E,D,A,S,F,E,K,R,S,L,E,A,T,C,E,K,L
sp|P29372|3MG_HUMAN,37-42,6,0,R,A,G,Q,P,H,S,S,S,D,E,Q,P,H,S,S,S,D,A,A
sp|P29372|3MG_HUMAN,255-260,6,1,E,R,G,P,L,E,P,S,E,P,R,V,G,V,G,H,A,G,E,W
sp|P32189|GLPK_HUMAN,465-472,8,0,P,S,M,P,E,T,T,A,L,G,E,G,V,G,V,W,S,L,E,P
sp|Q15546|PAQRB_HUMAN,213-217,5,0,F,A,H,A,I,W,H,L,F,V,V,H,Y,Y,A,I,W,K,Y,L
sp|Q16181|SEPT7_HUMAN,5-10,6,0,-,-,-,-,-,-,M,S,V,S,E,E,R,S,V,N,S,S,T,M
sp|Q68DK2|ZFY26_HUMAN,915-918,4,0,G,R,S,T,L,Q,A,I,G,S,G,M,V,F,Y,S,I,S,D,V
sp|Q6NXR4|TTI2_HUMAN,109-114,6,0,E,E,G,G,G,D,G,H,S,E,Q,V,G,L,L,F,L,K,L,L
sp|Q7Z7J7|LHPL4_HUMAN,91-96,6,0,F,T,D,F,S,T,I,P,S,S,F,F,V,L,L,S,M,V,L,I
sp|Q8IW00|VSTM4_HUMAN,5-13,9,0,-,-,-,-,-,-,M,R,L,L,R,A,P,A,P,E,V,C,A,A
sp|Q92806|KCNJ9_HUMAN,339-343,5,0,P,T,P,S,C,S,A,R,E,L,R,L,D,A,H,L,Y,W,S,I
sp|Q96DA6|TIM14_HUMAN,13-18,6,0,S,T,V,V,A,V,G,L,T,I,G,R,Y,V,L,Q,A,M,K,H
sp|Q9C073|F117A_HUMAN,2-6,5,0,-,-,-,-,-,-,-,-,-,M,G,G,R,G,G,G,A,W,G,P
sp|Q9P267|MBD5_HUMAN,582-586,5,0,A,S,F,P,A,S,S,L,L,S,Q,L,A,N,Q,N,K,L,A,G
sp|Q9UL63|MKLN1_HUMAN,6-10,5,1,-,-,-,-,-,M,A,A,G,G,P,E,C,R,L,L,P,Y,A,L
sp|Q9Y2K6|UBP20_HUMAN,544-549,6,1,G,P,V,V,T,L,E,D,C,L,D,E,L,K,G,D,N,M,Y,S
sp|A6PVL3|KNCN_HUMAN,36-39,4,0,S,I,I,I,G,I,S,V,S,K,M,G,G,V,F,I,G,A,A,V
sp|A7E2F4|GOG8A_HUMAN,515-519,5,0,G,P,G,Q,G,G,E,E,G,E,G,D,G,V,A,A,C,G,S,Y
sp|O14490|DLGP1_HUMAN,601-606,6,0,E,S,L,D,S,M,K,A,L,T,N,A,Q,I,H,G,P,A,S,Q
sp|O14490|DLGP1_HUMAN,947-952,6,0,Q,R,Q,E,A,R,K,R,L,M,S,V,R,Q,N,S,A,T,E,S
sp|O14503|BHE40_HUMAN,357-361,5,0,S,V,P,V,L,Y,P,G,L,N,L,S,S,F,M,N,P,D,K,I
sp|O43823|AKAP8_HUMAN,69-74,6,0,E,A,A,K,A,N,D,G,G,L,M,H,M,A,S,Y,G,P,E,P
sp|O43823|AKAP8_HUMAN,668-676,9,0,A,E,A,E,S,A,Q,T,R,V,E,V,E,Q,T,D,A,E,S,K
sp|O43918|AIRE_HUMAN,138-145,8,0,L,P,T,K,R,K,A,S,E,E,L,T,P,R,G,T,A,S,P,G
sp|O60241|AGRB2_HUMAN,133-137,5,0,S,E,V,G,R,P,E,E,E,E,G,L,E,L,C,S,G,S,G,P
sp|O60241|AGRB2_HUMAN,174-179,6,0,A,E,P,S,E,A,P,R,L,L,F,R,F,V,E,V,L,L,I,N
sp|O95255|MRP6_HUMAN,1185-1190,6,0,V,E,L,L,G,N,G,L,V,F,V,L,S,K,A,H,L,S,A,G
sp|P13378|HXD8_HUMAN,15-26,12,0,F,V,N,P,L,Y,S,K,Y,K,I,N,P,T,Y,Y,D,C,H,F
sp|P13378|HXD8_HUMAN,45-50,6,0,H,F,A,P,E,V,G,G,R,H,L,Q,L,Y,G,N,S,A,A,G
sp|P13378|HXD8_HUMAN,102-108,7,0,E,Y,F,H,P,G,G,G,S,P,P,P,P,P,P,H,P,P,P,P
sp|P41226|UBA7_HUMAN,493-500,8,1,F,R,S,Q,D,V,G,R,P,K,R,G,L,N,P,D,L,Q,V,I
sp|P41226|UBA7_HUMAN,584-590,7,1,F,M,P,H,V,T,E,A,Y,R,S,E,D,A,P,Y,P,V,C,T
sp|Q00403|TF2B_HUMAN,254-257,4,1,L,V,P,G,R,S,P,I,S,V,I,Y,M,A,S,Q,A,S,A,E
sp|Q13029|PRDM2_HUMAN,1656-1659,4,0,G,G,P,V,T,R,S,L,Q,L,D,L,S,E,N,K,R,E,D,G
sp|Q13029|PRDM2_HUMAN,1705-1709,5,0,Y,I,T,R,Q,Y,R,K,V,K,Q,F,Q,G,P,F,F,K,E,-
sp|Q13686|ALKB1_HUMAN,48-52,5,0,A,D,L,E,G,V,I,D,F,S,R,G,K,G,P,G,A,Q,K,V
sp|Q14008|CKAP5_HUMAN,522-527,6,0,K,E,F,K,P,L,P,G,R,T,G,D,K,D,T,K,D,I,S,A
sp|Q14008|CKAP5_HUMAN,546-551,6,0,S,A,P,K,P,G,P,L,K,K,G,G,P,P,K,K,G,K,P,A
sp|Q14008|CKAP5_HUMAN,959-963,5,0,V,L,G,D,S,K,N,N,V,R,T,V,N,A,W,A,E,Q,T,G
sp|Q16619|CTF1_HUMAN,91-96,6,0,L,P,V,H,E,R,L,R,L,D,L,P,P,L,L,D,A,V,C,R
sp|Q16619|CTF1_HUMAN,141-146,6,0,A,L,G,A,A,V,E,A,L,L,N,R,G,P,R,A,E,P,P,A
sp|Q16619|CTF1_HUMAN,156-164,9,0,A,N,R,G,P,R,A,E,P,P,T,G,V,F,P,A,K,V,L,G
sp|Q3MIX3|ADCK5_HUMAN,207-212,6,0,L,F,Q,E,F,D,Y,Q,P,I,Q,V,H,R,A,K,L,H,D,G
sp|Q3MIX3|ADCK5_HUMAN,414-418,5,0,I,I,L,R,D,D,A,A,M,R,L,G,V,Q,D,Y,L,L,F,A
sp|Q86UL8|MAGI2_HUMAN,1245-1248,4,0,Y,D,E,P,A,P,W,S,S,P,P,G,L,P,E,V,G,V,S,L
sp|Q86UL8|MAGI2_HUMAN,1353-1363,11,0,P,A,S,E,A,R,A,P,G,L,G,G,K,E,A,P,R,A,A,A
sp|Q86UL8|MAGI2_HUMAN,1368-1373,6,0,A,D,A,A,R,A,G,G,K,E,G,S,E,L,C,R,R,E,G,P
sp|Q86UL8|MAGI2_HUMAN,1385-1390,6,0,S,E,L,C,R,R,E,G,P,G,G,P,G,G,G,G,S,G,A,L
sp|Q8IXU6|S35F2_HUMAN,16-21,6,0,P,A,G,P,G,A,P,E,P,L,E,F,S,S,L,L,R,R,I,K
sp|Q8NBR0|P5I13_HUMAN,290-295,6,0,G,C,V,C,S,S,Q,A,S,P,P,P,R,A,A,R,G,P,T,P
sp|Q8NBR0|P5I13_HUMAN,310-316,7,0,A,R,G,P,T,P,R,T,E,E,L,T,F,L,L,V,L,L,T,L
sp|Q8TAK5|GABP2_HUMAN,229-234,6,0,N,S,T,T,S,V,L,A,T,L,S,V,P,L,S,N,S,H,R,A
sp|Q8WWH5|TRUB1_HUMAN,2-7,6,0,-,-,-,-,-,-,-,-,-,M,V,V,S,S,P,S,L,K,T,D
sp|Q8WWH5|TRUB1_HUMAN,29-33,5,0,S,P,V,L,E,T,A,G,T,V,T,P,S,A,R,A,A,A,A,V
sp|Q8WWH5|TRUB1_HUMAN,37-48,12,0,T,V,A,A,M,A,A,T,P,S,R,T,G,S,E,A,R,V,S,K
sp|Q9BSK4|FEM1A_HUMAN,89-93,5,0,E,T,I,E,G,A,P,P,L,W,G,H,L,D,V,V,R,S,L,L
sp|Q9NR82|KCNQ5_HUMAN,22-27,6,0,G,A,A,G,L,W,V,K,S,G,G,G,G,R,L,G,S,G,M,K
sp|Q9NRR5|UBQL4_HUMAN,92-96,5,0,I,K,T,P,Q,K,A,Q,D,P,S,S,P,S,T,P,D,P,A,S
tr|A0A494C030|A0A494C030_HUMAN,222-225,4,0,D,V,W,V,P,R,G,R,P,P,E,V,L,V,C,W,T,G,G,S
sp|O00519|FAAH1_HUMAN,24-28,5,0,S,G,V,A,L,A,C,C,F,V,L,R,W,S,G,R,R,T,A,R
sp|P78396|CCNA1_HUMAN,388-391,4,1,P,F,L,K,Y,L,P,S,L,I,F,C,L,A,N,Y,T,V,N,K
sp|Q14157|UBP2L_HUMAN,1022-1026,5,0,A,L,G,S,G,G,P,I,N,P,Y,P,P,A,P,F,M,H,I,L
sp|Q16512|PKN1_HUMAN,293-299,7,0,P,K,G,R,L,L,R,E,E,L,F,S,T,R,L,A,G,P,F,P
sp|Q16512|PKN1_HUMAN,926-931,6,1,S,P,P,R,D,A,R,P,L,T,F,L,D,F,D,F,V,A,G,G
sp|Q32P44|EMAL3_HUMAN,35-40,6,0,V,Q,E,Q,E,M,E,L,V,K,L,R,L,L,R,L,Q,V,P,P
sp|Q499Z4|ZN672_HUMAN,420-427,8,0,L,S,Q,H,Q,R,A,H,T,R,I,Q,S,A,V,G,T,A,L,V
sp|Q6ZP65|BICL1_HUMAN,28-33,6,0,P,D,S,A,C,C,M,E,L,P,V,R,S,P,A,A,A,A,A,L
sp|Q6ZP65|BICL1_HUMAN,38-42,5,0,A,A,A,G,D,A,V,R,S,P,L,I,F,P,G,G,S,G,E,L
sp|Q7Z406|MYH14_HUMAN,1111-1116,6,0,Q,L,G,R,K,E,E,E,L,Q,E,D,E,G,G,A,R,A,Q,L
sp|Q7Z406|MYH14_HUMAN,1133-1140,8,0,R,A,Q,L,L,K,S,L,R,E,Q,E,D,L,E,S,E,R,V,A
sp|Q7Z406|MYH14_HUMAN,1291-1296,6,0,V,Q,G,R,A,G,D,G,E,R,E,K,L,Q,R,A,Q,A,E,L
sp|Q86YR5|GPSM1_HUMAN,522-530,9,0,D,Q,R,C,P,L,D,D,G,Q,P,T,L,E,D,R,I,A,Q,P
sp|Q8IVL6|P3H3_HUMAN,47-54,8,0,P,D,L,L,Y,A,D,G,L,R,P,A,V,A,L,L,R,E,A,L
sp|Q8IVL6|P3H3_HUMAN,173-177,5,0,A,Y,Y,Q,L,K,K,L,D,L,H,T,F,F,V,A,N,P,M,H
sp|Q8IVL6|P3H3_HUMAN,488-493,6,0,C,G,V,L,L,Q,L,A,K,D,R,S,G,Y,R,G,R,R,S,P
sp|Q9H0B8|CRLD2_HUMAN,90-94,5,0,M,T,W,D,D,E,L,E,K,S,S,Q,C,I,W,E,H,G,P,T
sp|Q9H227|GBA3_HUMAN,10-15,6,0,-,M,A,F,P,A,G,F,G,W,Y,Q,V,E,G,G,W,D,A,D
sp|Q9H3Y0|CRSPL_HUMAN,94-101,8,0,M,E,Y,M,V,W,D,K,R,L,T,Q,C,I,W,A,H,G,P,S
sp|Q9HCC9|LST2_HUMAN,304-309,6,0,F,P,I,R,A,D,V,Q,G,P,L,S,A,P,L,P,P,E,G,P
sp|Q9HCC9|LST2_HUMAN,700-708,9,0,S,C,S,S,D,K,M,G,P,E,P,Q,A,T,R,E,K,I,R,S
sp|Q9NS69|TOM22_HUMAN,2-10,9,0,-,-,-,-,-,-,-,-,-,M,G,E,P,Q,S,P,D,E,L,L
sp|Q9P086|MED11_HUMAN,49-54,6,1,K,T,N,E,R,L,L,D,R,Q,S,V,Q,H,V,E,A,E,L,S
sp|A0A494C0Y3|F246A_HUMAN,76-83,8,0,V,P,R,L,L,K,L,V,E,R,G,E,R,T,G,A,H,S,R,G
tr|A0A8I5QKQ9|A0A8I5QKQ9_HUMAN,20-25,6,0,P,Q,E,F,R,C,L,N,R,S,T,A,G,F,T,D,A,C,L,Q
sp|A6NCF5|KLH33_HUMAN,46-50,5,0,V,R,A,R,W,P,G,L,L,R,L,Q,Y,Q,S,S,S,C,L,D
sp|A6NCF5|KLH33_HUMAN,361-365,5,0,P,A,P,A,L,P,A,P,C,F,I,L,E,G,Q,L,Y,V,S,G
sp|O60637|TSN3_HUMAN,215-221,7,0,L,Q,E,I,M,M,H,V,I,W,I,Q,L,L,G,M,L,C,A,C
sp|O75391|SPAG7_HUMAN,175-180,6,0,D,K,Y,S,H,L,I,G,K,G,H,M,L,Q,A,N,K,T,Y,G
sp|O94901|SUN1_HUMAN,174-179,6,0,A,A,I,Q,G,N,G,D,V,G,H,N,G,F,S,C,S,N,C,S
sp|P07203|GPX1_HUMAN,3-13,11,0,-,-,-,-,-,-,-,-,M,C,Q,S,V,Y,A,F,S,A,R,P
sp|P22670|RFX1_HUMAN,739-745,7,0,I,P,E,E,M,L,R,V,K,V,Q,T,L,R,R,Y,T,S,L,N
sp|P22670|RFX1_HUMAN,758-763,6,0,L,R,R,Y,T,S,L,N,H,L,V,L,Q,N,T,A,Q,I,N,Q
sp|P28749|RBL1_HUMAN,11-20,10,0,M,F,E,D,K,P,H,A,E,G,L,Q,A,L,C,Q,E,L,N,L
sp|P56915|GSC_HUMAN,26-31,6,0,P,R,C,K,D,S,V,L,P,V,P,V,V,F,P,A,L,H,G,D
sp|Q12872|SFSWA_HUMAN,660-663,4,0,Q,A,K,Q,K,L,E,D,R,L,R,E,K,L,A,Q,A,S,K,E
sp|Q12872|SFSWA_HUMAN,880-884,5,0,S,P,S,K,Q,A,A,P,R,P,H,S,A,H,S,A,S,V,S,P
sp|Q16850|CP51A_HUMAN,2-5,4,0,-,-,-,-,-,-,-,-,-,M,G,M,L,L,L,G,L,L,Q,A
sp|Q5SZQ8|CELF3_HUMAN,146-151,6,0,G,C,A,F,V,K,F,Q,T,H,I,N,T,L,H,S,S,R,T,L
sp|Q5SZQ8|CELF3_HUMAN,216-221,6,0,A,Y,T,Q,A,L,M,Q,Q,Q,H,S,A,Y,L,S,P,M,A,T
sp|Q5SZQ8|CELF3_HUMAN,330-335,6,0,Q,A,Y,A,G,M,Q,H,Y,T,Y,S,L,V,A,P,A,F,P,Q
sp|Q5SZQ8|CELF3_HUMAN,432-437,6,0,C,F,G,F,V,S,F,D,N,P,I,Q,A,M,N,G,F,Q,I,G
sp|Q6ZRF8|RN207_HUMAN,362-368,7,0,P,L,L,L,L,G,P,R,R,V,N,T,L,A,G,G,L,G,P,K
sp|Q6ZVH7|ESPNL_HUMAN,74-79,6,0,N,Q,R,A,H,N,G,A,T,P,T,G,S,L,A,E,L,C,W,L
sp|Q6ZVH7|ESPNL_HUMAN,208-214,7,0,V,H,L,R,A,L,D,G,M,S,R,G,H,Y,S,L,V,V,W,L
sp|Q6ZVH7|ESPNL_HUMAN,725-729,5,0,G,I,S,C,E,E,V,P,S,E,G,P,D,L,A,S,L,R,K,E
sp|Q7Z410|TMPS9_HUMAN,447-452,6,0,K,A,S,M,P,L,A,P,T,M,P,S,T,A,W,P,T,S,P,E
sp|Q7Z5L9|I2BP2_HUMAN,2-10,9,0,-,-,-,-,-,-,-,-,-,M,S,R,R,Q,S,C,Y,L,C,D
sp|Q7Z5L9|I2BP2_HUMAN,75-81,7,0,C,F,P,E,G,R,S,P,P,G,K,P,P,P,L,S,A,K,D,I
sp|Q7Z5L9|I2BP2_HUMAN,120-123,4,0,A,P,Q,A,L,E,R,Y,P,L,E,R,P,P,R,L,G,S,D,F
sp|Q7Z5L9|I2BP2_HUMAN,209-215,7,0,L,P,T,A,L,G,L,G,G,R,V,S,G,T,A,A,A,S,L,G
sp|Q7Z5L9|I2BP2_HUMAN,276-280,5,0,H,R,G,P,A,D,S,L,S,T,E,L,S,A,E,G,A,G,K,S
sp|Q8TBM7|TM254_HUMAN,2-7,6,0,-,-,-,-,-,-,-,-,-,M,T,Y,F,Q,R,G,S,L,F,W
sp|Q96L46|CPNS2_HUMAN,51-54,4,0,V,G,G,I,V,N,F,I,S,E,Q,Y,T,P,E,P,P,P,T,Q
sp|Q96MY7|F161B_HUMAN,278-283,6,0,L,K,E,A,A,R,Q,R,D,L,K,I,S,K,Q,K,A,T,R,R
sp|Q99835|SMO_HUMAN,2-7,6,0,-,-,-,-,-,-,-,-,-,M,R,G,P,E,L,P,L,L,G,L
sp|Q9C056|NKX62_HUMAN,96-100,5,0,A,S,S,A,G,V,Y,F,G,P,R,G,Y,P,K,P,L,A,E,L
sp|Q9H4X1|RGCC_HUMAN,11-19,9,0,M,K,P,P,A,A,Q,G,S,P,L,D,S,A,A,A,E,D,L,S
sp|Q9NX70|MED29_HUMAN,10-15,6,0,-,M,A,A,S,Q,Q,Q,A,S,G,V,S,G,P,S,S,A,G,G
sp|Q9Y580|RBM7_HUMAN,3-8,6,1,-,-,-,-,-,-,-,-,M,G,D,R,T,L,F,V,G,N,L,E
sp|Q9Y6J0|CABIN_HUMAN,1969-1973,5,0,P,S,D,A,H,T,K,P,R,P,T,T,I,I,T,C,P,P,S,A
sp|O15439|MRP4_HUMAN,1279-1283,5,0,F,Y,K,M,V,Q,Q,L,G,K,L,T,E,T,A,K,Q,V,Y,F
sp|O43692|PI15_HUMAN,101-106,6,0,M,V,W,D,E,N,L,A,K,S,T,C,I,W,D,H,G,P,S,Y
sp|O94907|DKK1_HUMAN,15-20,6,0,G,A,A,G,A,T,R,V,F,V,L,G,G,H,P,L,L,G,V,S
sp|P02545|LMNA_HUMAN,499-504,6,1,L,K,A,G,Q,V,V,T,I,W,T,H,S,P,P,T,D,L,V,W
sp|P04000|OPSR_HUMAN,288-293,6,0,C,V,C,W,G,P,Y,T,F,F,N,P,G,Y,A,F,H,P,L,M
sp|Q14993|COJA1_HUMAN,1045-1050,6,0,A,V,F,L,S,Q,L,K,L,P,Q,A,Y,G,R,P,G,P,P,G
sp|Q16795|NDUA9_HUMAN,2-5,4,0,-,-,-,-,-,-,-,-,-,M,Q,S,R,V,V,R,V,L,S,M
sp|Q5R3K3|CAHM6_HUMAN,104-109,6,1,R,G,S,L,V,C,T,Q,I,S,P,L,T,W,V,A,V,A,L,L
sp|Q5T6C5|AT7L2_HUMAN,7-13,7,0,-,-,-,-,M,A,V,R,E,R,L,E,R,R,V,P,S,L,D,D
sp|Q5T6C5|AT7L2_HUMAN,322-326,5,0,Q,E,L,P,S,S,V,Q,V,V,P,S,S,T,F,S,V,R,A,K
sp|Q7Z7A1|CNTRL_HUMAN,1029-1033,5,0,L,Q,E,A,E,R,F,S,R,K,R,D,L,T,R,A,E,A,E,I
sp|Q86V59|PNM8A_HUMAN,186-192,7,0,A,Q,E,A,A,E,F,E,E,M,G,R,K,V,K,K,E,P,G,L
sp|Q86VF7|NRAP_HUMAN,774-779,6,0,I,S,K,D,E,P,L,F,L,Q,N,L,S,E,K,L,Y,K,S,S
sp|Q8IVW8|SPNS2_HUMAN,7-14,8,0,-,-,-,-,M,M,C,L,E,C,E,E,E,E,A,D,A,E,R,R
sp|Q8IVW8|SPNS2_HUMAN,103-106,4,0,K,P,A,S,L,G,R,G,R,G,I,L,S,L,G,N,V,L,N,Y
sp|Q8TDP1|RNH2C_HUMAN,154-159,6,1,V,R,G,A,L,T,W,P,S,L,Q,V,P,E,D,-,-,-,-,-
sp|Q92508|PIEZ1_HUMAN,1886-1891,6,0,R,K,K,E,G,P,A,R,K,G,E,D,R,E,E,E,E,G,E,E
sp|Q99549|MPP8_HUMAN,40-45,6,0,G,V,G,V,V,G,E,D,N,D,E,A,F,G,D,S,E,E,D,G
sp|Q9NZM5|NOP53_HUMAN,356-361,6,0,K,A,V,H,R,L,R,V,Q,Q,R,L,R,H,Q,E,L,F,R,L
sp|Q9Y6C2|EMIL1_HUMAN,17-22,6,0,W,S,C,Y,L,C,C,L,L,T,S,Y,P,P,R,G,F,S,L,Y
sp|Q9Y6C2|EMIL1_HUMAN,225-229,5,0,E,T,A,F,N,G,R,Q,Q,P,R,P,G,V,H,E,T,L,N,E
sp|O00429|DNM1L_HUMAN,550-555,6,0,L,A,P,A,S,Q,E,P,S,P,D,G,K,L,I,Q,D,S,R,R
sp|P0CW27|CC166_HUMAN,18-23,6,0,G,P,S,A,G,S,Q,P,G,G,E,Q,P,L,S,E,R,A,Q,Y
sp|P0CW27|CC166_HUMAN,428-434,7,0,L,P,P,Q,S,E,D,S,V,N,S,P,G,R,A,-,-,-,-,-
sp|P15976|GATA1_HUMAN,53-61,9,0,A,A,A,S,S,T,A,P,S,T,Y,Y,R,D,A,E,A,Y,R,H
sp|P17535|JUND_HUMAN,155-166,12,0,E,D,L,H,K,Q,N,Q,L,G,G,G,P,S,G,T,A,T,G,S
sp|P17535|JUND_HUMAN,183-191,9,0,A,T,G,S,A,P,P,G,E,L,P,V,Y,A,N,L,S,S,Y,A
sp|P22059|OSBP1_HUMAN,15-19,5,0,E,L,R,G,V,V,G,P,G,P,L,G,G,G,G,A,G,P,P,V
sp|P22059|OSBP1_HUMAN,52-55,4,0,G,S,G,A,A,S,G,T,V,V,G,G,P,G,P,G,A,G,G,V
sp|P22059|OSBP1_HUMAN,66-71,6,0,G,G,P,G,P,G,A,G,G,V,P,A,P,P,T,G,G,S,G,G
sp|P22059|OSBP1_HUMAN,526-531,6,0,L,C,E,Q,V,S,H,H,P,P,E,S,K,N,G,W,T,L,R,Q
sp|P41594|GRM5_HUMAN,1130-1140,11,0,A,I,E,V,T,G,G,A,Q,P,R,E,S,P,A,A,G,P,E,A
sp|P41594|GRM5_HUMAN,1150-1153,4,0,A,R,E,S,P,A,A,G,P,E,K,P,D,L,E,E,L,V,A,L
sp|Q15643|TRIPB_HUMAN,1127-1132,6,0,T,E,Y,H,K,M,M,D,I,V,L,I,K,L,Q,D,E,N,K,K
sp|Q2TAK8|PWP3A_HUMAN,320-324,5,0,R,P,P,A,V,Q,L,E,P,M,P,S,P,G,P,G,P,G,P,R
sp|Q5TBA9|FRY_HUMAN,1525-1529,5,0,P,F,Y,R,F,T,A,S,S,K,S,G,T,T,S,S,S,N,T,V
sp|Q8N0W3|FCSK_HUMAN,603-608,6,0,V,A,A,G,A,G,D,P,G,V,C,V,A,D,V,L,G,C,M,A
sp|Q8NCA9|ZN784_HUMAN,184-191,8,0,V,A,P,E,R,A,E,V,V,M,V,G,K,P,F,A,C,R,F,C
sp|Q96RQ3|MCCA_HUMAN,2-6,5,0,-,-,-,-,-,-,-,-,-,M,V,S,V,L,L,V,A,A,E,R
sp|Q96RQ3|MCCA_HUMAN,305-310,6,0,K,S,E,V,R,K,K,L,G,E,K,A,V,N,Y,V,G,A,G,T
sp|Q9BSF8|BTBDA_HUMAN,429-433,5,0,C,V,K,S,K,S,I,T,N,L,D,I,P,Q,D,Q,L,V,V,M
sp|Q9HCI5|MAGE1_HUMAN,695-700,6,0,E,K,Y,N,E,A,L,E,E,D,E,G,W,Q,A,L,P,H,F,R
sp|Q9Y228|T3JAM_HUMAN,536-540,5,0,R,W,L,P,V,L,M,V,V,I,V,F,L,A,N,K,D,N,L,M
sp|Q9Y279|VSIG4_HUMAN,319-324,6,0,K,T,S,Q,Q,E,H,V,Y,E,R,E,A,N,D,S,G,E,T,M
sp|O14939|PLD2_HUMAN,346-351,6,0,R,W,F,V,N,G,A,G,Y,F,I,L,R,A,Q,E,E,I,F,I
sp|O43251|RFOX2_HUMAN,273-279,7,0,P,L,V,P,G,F,P,Y,P,T,F,R,G,A,H,L,R,G,R,G
sp|O43251|RFOX2_HUMAN,334-348,15,0,G,Y,A,A,Y,R,Y,A,Q,P,Y,S,D,G,Y,G,R,V,Y,T
sp|O43251|RFOX2_HUMAN,364-369,6,0,G,R,V,Y,T,A,D,P,Y,H,S,Y,G,V,G,A,V,A,S,L
sp|P16499|PDE6A_HUMAN,833-838,6,0,Q,E,E,K,K,Q,K,Q,Q,S,G,N,Q,P,G,G,N,P,S,P
sp|P54762|EPHB1_HUMAN,12-17,6,0,A,L,D,Y,L,L,L,L,L,L,M,E,E,T,L,M,D,T,R,T
sp|P54762|EPHB1_HUMAN,543-548,6,0,S,E,L,R,E,Q,L,P,L,I,G,V,V,F,V,V,S,L,V,A
sp|Q6N075|MFSD5_HUMAN,188-193,6,0,N,H,V,L,A,V,V,A,G,V,S,W,I,G,L,G,P,V,A,P
sp|Q6P6C2|ALKB5_HUMAN,30-48,19,0,R,D,N,Y,K,A,G,S,R,E,E,P,Y,P,V,S,G,A,K,R
sp|Q6UX98|ZDH24_HUMAN,23-28,6,0,A,P,A,Q,L,P,L,V,L,T,V,G,L,E,L,A,Y,V,L,V
sp|Q86UD0|SAPC2_HUMAN,2-7,6,0,-,-,-,-,-,-,-,-,-,M,E,R,G,R,V,P,P,P,A,P
sp|Q86UD0|SAPC2_HUMAN,163-168,6,0,A,A,A,R,S,P,E,Q,L,C,P,C,P,A,E,P,E,R,S,Q
sp|Q86UD0|SAPC2_HUMAN,307-311,5,0,E,V,A,R,C,L,G,E,L,L,S,R,A,L,P,P,S,S,S,G
sp|Q8N5I4|DHRSX_HUMAN,6-10,5,0,-,-,-,-,-,M,S,P,L,S,L,R,V,Y,A,V,G,A,A,V
sp|Q96DH6|MSI2H_HUMAN,253-260,8,0,G,F,P,A,A,A,Y,G,P,V,R,G,S,G,S,N,P,A,R,P
sp|Q96GM1|PLPR2_HUMAN,199-204,6,0,G,A,C,A,G,S,P,S,L,V,F,P,C,K,D,A,A,L,C,A
sp|Q96HA1|P121A_HUMAN,4-10,7,0,-,-,-,-,-,-,-,M,S,P,G,E,R,R,R,P,I,A,S,V
sp|Q96HA1|P121A_HUMAN,51-56,6,0,L,V,G,L,L,L,Y,L,V,P,W,L,T,V,G,A,T,A,A,W
sp|Q96HA1|P121A_HUMAN,579-583,5,0,T,Q,P,S,F,T,F,T,L,P,S,P,P,T,S,L,L,A,P,S
sp|Q96HA1|P121A_HUMAN,717-721,5,0,G,T,Q,N,T,S,P,S,S,P,S,S,A,P,P,M,F,K,P,I
sp|Q96HA1|P121A_HUMAN,1001-1006,6,0,F,G,S,S,F,T,F,G,N,S,P,T,P,A,P,P,S,M,I,K
sp|Q99250|SCN2A_HUMAN,460-469,10,1,L,E,Q,L,K,K,Q,Q,E,E,E,S,R,D,F,S,G,A,G,G
sp|Q99471|PFD5_HUMAN,147-152,6,0,Q,K,I,Q,Q,L,T,A,L,G,K,A,-,-,-,-,-,-,-,-
sp|Q99536|VAT1_HUMAN,38-43,6,0,D,P,Q,H,P,A,A,S,E,G,S,P,P,L,L,R,C,L,V,L
sp|Q9H4Q3|PRD13_HUMAN,4-9,6,0,-,-,-,-,-,-,-,M,H,G,T,S,V,S,A,D,C,C,I,P
sp|Q9H4Q3|PRD13_HUMAN,301-307,7,0,V,R,S,A,F,K,P,A,G,L,H,G,D,P,Y,R,E,E,S,S
sp|Q9H4Q3|PRD13_HUMAN,408-414,7,0,E,A,S,A,F,K,H,V,E,R,L,P,G,A,R,Y,A,Q,L,P
sp|Q9H4Q3|PRD13_HUMAN,503-506,4,0,P,E,S,I,S,Y,F,S,G,P,L,S,P,A,E,L,G,S,L,A
sp|Q9H4Q3|PRD13_HUMAN,549-553,5,0,G,R,L,D,S,G,T,L,P,P,G,G,T,G,G,G,G,S,G,G
sp|Q9H6W3|RIOX1_HUMAN,83-87,5,0,D,D,L,G,D,A,L,P,G,G,V,P,D,A,A,R,R,E,P,Y
sp|Q9H6W3|RIOX1_HUMAN,281-286,6,1,R,R,E,T,L,N,P,P,G,R,W,S,L,Y,Q,A,G,C,S,L
sp|Q9H8Y8|GORS2_HUMAN,402-407,6,0,N,A,P,S,D,P,A,T,T,T,S,S,L,T,V,D,V,T,P,P
sp|Q9HB15|KCNKC_HUMAN,99-103,5,0,E,L,R,A,F,L,R,H,Y,E,G,V,R,A,D,A,L,R,P,R
sp|Q9NWM0|SMOX_HUMAN,35-42,8,0,P,R,V,V,V,I,G,A,G,L,L,L,E,Q,G,F,T,D,V,T
sp|Q9NYZ3|GTSE1_HUMAN,101-105,5,0,L,H,I,E,S,S,S,R,N,Q,K,P,E,D,P,R,S,Q,G,V
sp|Q9NYZ3|GTSE1_HUMAN,202-207,6,0,A,L,P,R,E,S,C,T,A,H,T,Q,R,K,P,G,T,K,L,L
sp|Q9P2E9|RRBP1_HUMAN,590-594,5,0,A,E,G,S,P,N,Q,G,K,K,N,Q,G,K,K,T,E,S,A,S
sp|Q9P2E9|RRBP1_HUMAN,735-742,8,0,E,L,N,K,E,M,A,A,E,K,K,V,K,K,Q,L,V,A,R,E
sp|Q9P2E9|RRBP1_HUMAN,857-861,5,0,Q,D,E,Q,Q,R,K,A,L,E,F,E,K,Q,V,L,Q,L,Q,A
sp|Q9P2E9|RRBP1_HUMAN,1210-1214,5,0,H,L,E,A,E,L,E,K,H,M,E,C,Q,N,Y,A,K,E,V,A
sp|Q9UGP8|SEC63_HUMAN,146-151,6,0,G,G,D,E,V,M,F,M,R,I,L,T,D,E,E,S,R,K,N,W
sp|Q9UL49|TCFL5_HUMAN,80-85,6,0,D,G,E,L,E,T,R,L,N,S,G,P,G,A,G,A,G,G,F,A
sp|Q9UL49|TCFL5_HUMAN,113-118,6,0,A,P,V,Y,P,V,L,C,P,S,P,C,L,G,H,I,D,F,Q,E
sp|Q9UL49|TCFL5_HUMAN,162-169,8,0,A,R,A,D,G,A,A,K,E,G,G,P,D,G,A,P,E,A,R,A
sp|Q9Y4C0|NRX3A_HUMAN,1576-1579,4,0,S,T,T,G,M,V,V,G,I,V,L,C,I,L,I,L,L,Y,A,M
sp|A0AVF1|IFT56_HUMAN,400-405,6,0,Y,N,D,D,I,F,N,F,N,Y,T,G,N,T,S,E,G,E,E,A
sp|O00472|ELL2_HUMAN,368-371,4,0,K,S,A,A,G,L,P,L,P,P,I,P,T,P,P,P,L,P,S,T
sp|O14745|NHRF1_HUMAN,3-9,7,0,-,-,-,-,-,-,-,-,M,S,P,L,P,R,L,C,C,L,E,K
sp|O14745|NHRF1_HUMAN,272-277,6,0,G,E,I,Q,K,E,N,S,R,E,L,E,S,P,R,P,A,L,V,R
sp|O15269|SPTC1_HUMAN,119-123,5,1,L,G,L,L,D,N,P,R,V,K,S,L,K,K,Y,G,V,G,T,C
sp|O15269|SPTC1_HUMAN,346-352,7,1,C,F,S,A,S,L,P,P,L,L,L,N,I,M,E,E,N,P,G,I
sp|O75363|BCAS1_HUMAN,277-281,5,0,G,L,E,T,A,K,D,D,S,Q,E,N,N,N,S,I,M,S,F,F
sp|O95396|MOCS3_HUMAN,138-143,6,0,H,G,E,A,L,A,G,Q,A,K,S,L,R,R,L,N,S,A,V,E
sp|P07332|FES_HUMAN,249-253,5,1,D,E,V,V,A,I,H,R,E,M,R,I,Q,P,E,A,E,Y,Q,G
sp|P08887|IL6RA_HUMAN,10-19,10,0,-,M,L,A,V,G,C,A,L,L,L,A,P,R,R,C,P,A,Q,E
sp|P21145|MAL_HUMAN,2-6,5,0,-,-,-,-,-,-,-,-,-,M,T,G,G,S,T,L,P,S,G,F
sp|P28331|NDUS1_HUMAN,487-492,6,1,G,S,S,A,L,Q,R,N,D,G,V,S,S,I,A,Q,K,I,R,M
sp|P33993|MCM7_HUMAN,486-491,6,1,T,T,L,N,A,R,C,S,I,L,Y,G,R,Y,N,P,R,R,S,L
sp|P78395|PRAME_HUMAN,39-44,6,0,L,A,G,Q,S,L,L,K,D,E,L,E,L,L,P,R,E,L,F,P
sp|Q14194|DPYL1_HUMAN,296-300,5,1,D,G,T,H,Y,W,S,K,N,W,F,V,T,S,P,P,L,S,P,D
sp|Q15542|TAF5_HUMAN,69-79,11,0,G,D,G,G,T,P,K,P,T,V,P,V,P,A,A,A,P,D,A,G
sp|Q15542|TAF5_HUMAN,83-88,6,0,A,A,P,A,G,A,A,P,V,P,G,A,P,H,D,R,Q,T,L,L
sp|Q2KHR2|RFX7_HUMAN,169-173,5,0,T,K,S,M,A,A,L,T,V,M,G,M,K,G,I,T,Q,P,S,A
sp|Q2VPJ9|LR75B_HUMAN,17-21,5,0,R,R,A,G,P,E,A,G,S,E,G,C,G,P,A,P,Y,E,R,R
sp|Q5TAA0|TTC22_HUMAN,449-453,5,0,G,K,C,L,R,I,K,G,E,D,C,F,K,R,A,V,E,L,D,D
sp|Q6P9A1|ZN530_HUMAN,2-7,6,0,-,-,-,-,-,-,-,-,-,M,P,T,Q,Q,V,F,V,A,F,E
sp|Q702N8|XIRP1_HUMAN,1005-1012,8,0,P,Q,A,I,G,K,A,V,P,L,Q,L,Q,N,T,E,K,Q,E,D
sp|Q8IZ52|CHSS2_HUMAN,528-533,6,0,E,R,D,L,A,P,G,F,L,E,L,E,P,G,D,A,A,A,A,L
sp|Q8IZ52|CHSS2_HUMAN,539-542,4,0,F,A,T,A,A,L,E,P,G,D,L,T,L,L,L,L,Y,E,P,R
sp|Q8NB46|ANR52_HUMAN,114-119,6,0,D,K,L,W,Q,T,P,L,H,V,T,K,C,A,E,A,L,A,P,L
sp|Q8NB46|ANR52_HUMAN,658-661,4,0,E,R,K,R,K,W,T,P,L,H,S,G,H,T,D,S,L,H,L,L
sp|Q8NB46|ANR52_HUMAN,864-868,5,0,R,D,A,K,G,R,T,P,L,H,D,N,V,S,G,L,R,M,L,L
sp|Q8NFC6|BD1L1_HUMAN,215-220,6,0,L,E,T,I,T,S,L,N,Q,E,S,T,E,T,S,N,A,K,T,S
sp|Q8NFC6|BD1L1_HUMAN,1917-1922,6,0,Q,I,G,T,V,V,E,H,V,E,I,M,N,A,N,E,N,N,V,D
sp|Q9H9V9|JMJD4_HUMAN,456-462,7,0,P,K,E,L,L,Q,Q,L,R,E,P,-,-,-,-,-,-,-,-,-
sp|Q9NRL2|BAZ1A_HUMAN,524-529,6,0,D,P,T,K,S,A,L,S,A,V,W,P,Q,L,H,Q,G,C,S,L
sp|Q9Y3F4|STRAP_HUMAN,74-79,6,0,G,A,T,L,N,K,D,A,T,K,D,F,T,A,K,V,W,D,A,V
sp|Q9Y4C5|CHST2_HUMAN,20-28,9,0,P,P,G,A,L,P,R,L,L,Q,L,L,P,Q,W,P,R,R,P,G
sp|Q9Y4C5|CHST2_HUMAN,94-99,6,0,Q,Q,C,N,P,D,G,P,L,G,G,G,S,W,G,R,P,G,P,P
sp|Q9Y4C5|CHST2_HUMAN,130-144,15,0,L,D,L,R,T,P,Y,R,P,P,G,V,A,A,P,P,G,N,G,T
sp|Q9Y5R2|MMP24_HUMAN,49-59,11,0,L,L,P,A,L,C,C,L,P,G,G,N,R,A,A,V,A,V,A,V
sp|Q9Y5R2|MMP24_HUMAN,63-68,6,0,A,A,A,A,A,G,A,G,N,R,V,A,R,A,D,E,A,E,A,P
sp|A1A4V9|CF119_HUMAN,53-58,6,0,R,A,S,V,R,T,Q,W,T,T,D,E,D,P,G,A,N,L,F,P
sp|A1KZ92|PXDNL_HUMAN,788-792,5,0,P,P,P,R,L,V,A,T,V,W,V,T,P,D,H,S,Y,T,R,M
sp|A1KZ92|PXDNL_HUMAN,1129-1134,6,0,S,P,E,L,T,Q,R,L,F,S,V,D,S,A,A,T,I,I,Q,R
sp|A6NFY4|NEMP2_HUMAN,26-30,5,0,P,L,A,T,L,P,V,R,G,E,L,S,V,R,R,C,K,A,L,K
sp|P26992|CNTFR_HUMAN,11-18,8,0,M,A,A,P,V,P,W,A,C,C,V,V,Y,A,Q,R,H,S,P,Q
sp|P26992|CNTFR_HUMAN,359-367,9,0,P,F,L,V,S,V,P,I,T,L,S,S,L,L,I,-,-,-,-,-
sp|P30613|KPYR_HUMAN,295-300,6,1,A,S,F,V,R,K,A,S,D,V,L,G,P,E,G,H,G,I,K,I
sp|P35670|ATP7B_HUMAN,1357-1361,5,0,G,I,V,L,Q,P,W,M,G,S,S,S,V,S,V,V,L,S,S,L
sp|P51790|CLCN3_HUMAN,316-320,5,0,N,E,A,K,K,R,E,V,L,S,G,V,S,V,A,F,G,A,P,I
sp|P51790|CLCN3_HUMAN,355-360,6,0,P,L,K,T,L,W,R,S,F,F,F,V,L,R,S,I,N,P,F,G
sp|P63302|SELW_HUMAN,78-83,6,0,D,T,E,S,K,F,L,K,L,V,L,A,Q,G,-,-,-,-,-,-
sp|P78381|S35A2_HUMAN,344-349,6,0,A,V,Y,L,Y,S,L,P,R,G,S,A,S,A,S,A,S,G,P,C
sp|Q14254|FLOT2_HUMAN,368-373,6,0,A,L,V,L,E,A,L,P,Q,I,P,L,T,K,V,D,E,I,V,V
sp|Q14863|PO6F1_HUMAN,30-35,6,0,L,P,W,V,V,N,S,A,S,V,Q,S,L,Q,V,Q,A,V,T,P
sp|Q53EL9|SEZ6_HUMAN,516-521,6,0,F,V,E,L,S,T,D,S,S,G,L,R,Y,E,A,F,Q,Q,G,H
sp|Q53EL9|SEZ6_HUMAN,912-917,6,0,G,F,Y,N,S,R,S,L,D,V,S,S,T,L,D,A,A,H,I,A
sp|Q53EL9|SEZ6_HUMAN,923-929,7,0,K,A,P,A,A,S,S,T,L,D,I,F,L,P,L,V,A,M,V,L
sp|Q68CP4|HGNAT_HUMAN,4-9,6,0,-,-,-,-,-,-,-,M,T,G,E,Q,R,R,A,G,R,S,G,Q
sp|Q68CP4|HGNAT_HUMAN,22-27,6,0,R,R,A,G,R,S,G,Q,A,R,G,M,S,G,A,G,R,A,L,A
sp|Q68CP4|HGNAT_HUMAN,126-129,4,0,P,Q,S,P,K,A,G,K,P,S,S,V,S,T,Q,H,G,S,I,L
sp|Q6SPF0|SAMD1_HUMAN,13-22,10,0,G,P,P,A,L,P,P,P,E,T,S,S,S,A,A,S,P,H,Y,Q
sp|Q6SPF0|SAMD1_HUMAN,118-126,9,0,P,P,A,P,P,R,A,P,R,G,P,P,P,T,P,A,P,P,P,P
sp|Q6SPF0|SAMD1_HUMAN,138-158,21,0,P,P,T,P,A,P,P,P,P,P,P,P,S,P,G,P,A,Q,P,G
sp|Q6SPF0|SAMD1_HUMAN,174-179,6,0,P,A,Q,P,G,P,R,A,Q,R,P,P,P,A,P,A,A,P,P,A
sp|Q6UXA7|CF015_HUMAN,120-123,4,0,W,P,P,E,D,P,W,Q,M,M,E,D,R,L,G,E,A,L,P,E
sp|Q6UXA7|CF015_HUMAN,141-145,5,0,L,P,E,E,L,S,Y,L,S,S,P,G,S,G,P,L,P,G,E,S
sp|Q6ZMW3|EMAL6_HUMAN,1730-1735,6,0,K,L,L,N,K,V,S,L,G,H,Y,S,P,D,G,E,M,V,A,I
sp|Q6ZNL6|FGD5_HUMAN,1212-1217,6,0,L,S,R,A,L,P,E,D,Y,K,F,H,H,S,V,E,I,R,E,R
sp|Q6ZNW5|GDPP1_HUMAN,353-357,5,0,T,S,Q,D,F,S,S,L,T,E,L,I,Q,D,C,R,L,P,P,S
sp|Q96IZ0|PAWR_HUMAN,62-66,5,0,K,P,P,A,G,A,L,G,T,P,N,E,L,N,N,N,L,P,G,G
sp|Q96IZ0|PAWR_HUMAN,77-82,6,0,N,E,L,N,N,N,L,P,G,G,V,P,G,P,G,G,V,N,C,A
sp|Q96IZ0|PAWR_HUMAN,114-120,7,0,G,P,R,R,S,E,D,E,P,P,P,P,P,Q,R,D,E,E,E,P
sp|Q9BQS7|HEPH_HUMAN,595-600,6,0,L,D,E,N,K,S,W,Y,S,N,M,L,D,F,R,L,L,S,E,D
sp|Q9H2K8|TAOK3_HUMAN,523-528,6,0,K,K,Q,V,A,I,I,E,K,E,D,E,K,K,F,Q,Q,Q,I,L
sp|Q9HAJ7|SP30L_HUMAN,16-22,7,0,T,E,E,D,S,R,E,G,P,P,P,G,Y,G,Q,S,C,C,L,I
sp|Q9NXT0|ZN586_HUMAN,2-9,8,0,-,-,-,-,-,-,-,-,-,M,P,A,Q,S,S,V,T,F,E,D
sp|Q9UPG8|PLAL2_HUMAN,385-389,5,0,A,E,P,Q,P,A,S,P,Q,P,L,L,D,E,A,L,L,A,K,S
sp|Q9Y5W5|WIF1_HUMAN,6-11,6,0,-,-,-,-,-,M,A,R,R,S,L,W,L,W,S,I,L,L,C,L
sp|O94979|SC31A_HUMAN,764-768,5,0,A,N,L,L,A,A,Q,G,S,I,F,L,P,D,N,T,N,Q,P,N
sp|P02538|K2C6A_HUMAN,407-412,6,1,H,V,K,K,Q,C,A,N,L,Q,E,Q,R,G,E,M,A,L,K,D
sp|P57055|DSCR6_HUMAN,5-9,5,0,-,-,-,-,-,-,M,E,P,E,R,K,A,R,G,R,G,C,H,C
sp|Q02094|RHAG_HUMAN,359-364,6,0,V,A,M,G,A,S,N,T,S,M,L,G,S,S,I,G,T,A,V,V
sp|Q02218|ODO1_HUMAN,105-110,6,0,S,P,L,P,L,S,R,G,S,L,Q,S,L,V,E,A,Q,P,N,V
sp|Q02218|ODO1_HUMAN,991-995,5,0,K,P,V,W,Y,A,G,R,D,P,T,G,N,K,K,T,H,L,T,E
sp|Q13488|VPP3_HUMAN,597-603,7,0,L,V,I,Y,K,W,L,C,V,W,P,S,I,L,I,H,F,I,N,M
sp|Q14004|CDK13_HUMAN,67-76,10,0,P,L,L,F,L,A,A,P,G,T,S,S,S,C,F,S,P,G,P,P
sp|Q14004|CDK13_HUMAN,162-171,10,0,Q,S,E,Q,G,L,L,L,G,G,G,G,T,G,G,S,G,G,S,P
sp|Q14004|CDK13_HUMAN,459-476,18,0,L,A,A,E,L,N,K,N,K,K,T,K,A,A,E,A,A,A,K,A
sp|Q14004|CDK13_HUMAN,479-489,11,0,E,A,A,K,A,A,E,A,T,K,S,N,T,S,T,P,T,K,G,N
sp|Q14004|CDK13_HUMAN,1174-1178,5,0,Q,T,I,Q,P,K,V,E,T,D,V,Q,S,A,F,A,V,L,L,T
sp|Q14142|TRI14_HUMAN,349-353,5,0,A,A,Y,A,S,L,R,R,R,G,R,L,G,C,N,R,Q,S,W,C
sp|Q14CZ0|HAPR1_HUMAN,46-50,5,0,E,Q,L,P,P,E,L,Q,E,E,Q,P,E,H,K,Q,Q,K,L,W
sp|Q587I9|SFT2C_HUMAN,58-63,6,0,G,L,R,W,T,W,A,R,S,P,G,L,T,C,L,P,S,V,T,R
sp|Q587I9|SFT2C_HUMAN,178-183,6,0,L,T,V,L,G,A,G,A,Q,V,L,V,G,L,L,P,W,G,G,G
sp|Q6PI26|SHQ1_HUMAN,399-404,6,1,W,I,Q,K,V,K,S,K,K,L,L,K,E,V,S,L,T,K,A,Q
sp|Q7Z5Q1|CPEB2_HUMAN,101-105,5,0,V,S,P,Q,L,Q,Q,Q,H,Q,F,L,Q,Q,R,N,S,Y,N,H
sp|Q8N2S1|LTBP4_HUMAN,22-28,7,0,L,L,L,V,L,L,L,P,L,F,S,P,S,P,S,P,S,Q,V,V
sp|Q8N2S1|LTBP4_HUMAN,253-265,13,0,P,W,E,E,A,D,A,E,A,V,P,Y,T,V,L,A,Q,S,A,P
sp|Q96L58|B3GT6_HUMAN,51-60,10,0,A,M,S,G,R,S,P,P,P,P,V,L,V,A,S,A,P,R,A,A
sp|Q96MG7|NSE3_HUMAN,71-76,6,0,Q,G,P,S,P,Q,G,A,R,R,V,G,P,R,S,Q,K,Q,L,E
sp|Q9H0X9|OSBL5_HUMAN,844-849,6,0,R,H,L,S,A,M,L,S,S,T,P,T,P,G,L,L,Q,S,P,R
sp|Q9H6B9|EPHX3_HUMAN,32-37,6,0,A,F,M,W,S,L,V,F,S,V,V,Y,G,C,I,A,L,T,H,V
sp|Q9NUP1|BL1S4_HUMAN,64-70,7,0,P,G,R,D,L,P,L,L,R,R,C,L,L,P,G,A,G,A,R,P
sp|Q9UI08|EVL_HUMAN,224-230,7,0,S,H,D,E,S,S,M,S,G,L,K,L,R,R,V,Q,R,P,E,D
sp|A0A0A0MT36|KVD21_HUMAN,99-104,6,0,D,F,T,L,T,I,N,S,L,E,Y,Y,C,H,Q,S,S,S,L,P
sp|A1YPR0|ZBT7C_HUMAN,484-489,6,0,M,A,R,P,R,R,G,R,K,P,S,L,L,F,G,P,G,G,P,A
sp|O15551|CLD3_HUMAN,168-171,4,0,E,M,G,A,G,L,Y,V,G,W,L,Q,L,L,G,G,A,L,L,C
sp|P30084|ECHM_HUMAN,93-98,6,1,G,A,I,V,L,T,G,G,D,K,D,I,K,E,M,Q,N,L,S,F
sp|P34059|GALNS_HUMAN,2-7,6,0,-,-,-,-,-,-,-,-,-,M,T,R,W,W,Q,L,L,L,V,L
sp|P40879|S26A3_HUMAN,177-180,4,0,S,L,L,D,D,E,R,V,R,V,S,V,T,V,L,S,G,I,I,Q
sp|P49190|PTH2R_HUMAN,288-297,10,0,G,F,I,L,I,G,W,G,F,P,R,A,T,L,A,D,A,R,C,W
sp|P49767|VEGFC_HUMAN,25-31,7,0,A,A,A,L,L,P,G,P,R,E,F,E,S,G,L,D,L,S,D,A
sp|Q01650|LAT1_HUMAN,10-16,7,0,-,M,A,G,A,G,P,K,R,R,E,E,K,E,E,A,R,E,K,M
sp|Q01650|LAT1_HUMAN,199-203,5,1,S,V,K,A,A,T,R,V,Q,D,K,L,L,A,L,A,L,I,I,L
sp|Q12816|TROP_HUMAN,82-86,5,0,K,K,A,P,I,K,T,I,T,K,P,P,V,P,A,A,N,E,I,A
sp|Q12816|TROP_HUMAN,383-388,6,0,T,N,V,S,A,L,E,T,Q,V,L,A,D,D,Y,L,A,Q,L,S
sp|Q12816|TROP_HUMAN,649-655,7,0,Y,R,E,A,V,E,M,E,V,Q,E,A,E,A,R,A,E,A,R,A
sp|Q5TG53|SEAS1_HUMAN,70-74,5,0,K,R,E,A,E,A,W,T,R,R,R,R,G,G,E,L,R,T,E,E
sp|Q6DKK2|TTC19_HUMAN,80-85,6,0,A,A,A,E,E,E,E,Q,Q,G,E,D,G,A,D,E,A,E,A,E
sp|Q6GMV3|PTRD1_HUMAN,54-58,5,0,A,G,A,L,V,A,Q,A,C,H,L,H,T,H,R,D,H,P,H,T
sp|Q6Y2X3|DJC14_HUMAN,670-676,7,0,N,G,N,F,F,A,A,P,Q,P,S,K,P,N,S,T,V,P,K,G
sp|Q6ZN18|AEBP2_HUMAN,51-56,6,0,E,E,E,E,E,E,E,E,A,E,L,L,L,N,G,G,S,G,G,G
sp|Q8N319|CF223_HUMAN,124-132,9,0,S,R,R,T,R,G,P,V,E,R,G,G,D,A,G,H,A,P,F,P
sp|Q8N9L1|ZIC4_HUMAN,88-94,7,0,F,P,P,G,P,A,A,R,S,D,L,H,G,Y,G,G,M,N,L,T
sp|Q8N9L1|ZIC4_HUMAN,323-327,5,0,C,G,H,K,S,Q,V,A,S,S,R,T,A,D,L,S,E,-,-,-
sp|Q93073|SBP2L_HUMAN,451-459,9,0,P,K,R,A,K,S,Q,K,K,K,Q,E,Y,S,E,I,S,M,E,Q
sp|Q96A65|EXOC4_HUMAN,2-6,5,0,-,-,-,-,-,-,-,-,-,M,G,G,K,Y,R,S,T,V,S,K
sp|Q96A65|EXOC4_HUMAN,351-355,5,0,L,L,E,L,L,F,D,K,F,N,H,S,V,V,L,G,Y,L,Q,D
sp|Q96HP8|T176A_HUMAN,99-103,5,1,A,I,W,T,G,A,V,A,V,L,F,I,Y,E,K,R,G,G,T,Y
sp|Q96KQ7|EHMT2_HUMAN,2-13,12,0,-,-,-,-,-,-,-,-,-,M,E,G,E,A,P,A,E,M,G,A
sp|Q96KQ7|EHMT2_HUMAN,157-163,7,0,L,A,M,R,L,L,S,M,P,G,G,S,E,P,P,P,A,T,T,S
sp|Q96N23|CFA54_HUMAN,2319-2324,6,0,L,A,A,V,A,L,Q,R,H,R,I,V,F,S,T,L,T,L,L,Q
sp|Q96N23|CFA54_HUMAN,2707-2712,6,0,F,E,M,Y,S,S,L,A,W,I,Q,V,S,E,A,V,L,A,I,N
sp|Q9NW07|ZN358_HUMAN,400-416,17,0,L,T,K,H,K,R,V,H,E,G,G,L,G,L,G,P,G,L,S,P
sp|Q9NZU7|CABP1_HUMAN,74-79,6,0,K,S,E,S,K,T,S,L,L,K,S,G,G,S,R,A,P,R,H,G
sp|Q9NZU7|CABP1_HUMAN,148-153,6,0,L,P,Q,A,H,C,R,P,R,E,S,R,P,S,P,S,S,P,L,P
sp|Q9NZU7|CABP1_HUMAN,196-201,6,0,R,A,R,G,R,G,D,S,V,P,D,P,F,L,H,R,L,R,P,M
sp|Q9Y426|C2CD2_HUMAN,554-558,5,0,Q,E,D,A,P,S,H,P,E,R,P,P,E,E,A,E,S,A,Q,A
sp|Q9Y6D9|MD1L1_HUMAN,590-593,4,0,R,G,G,T,V,P,A,D,L,E,S,L,P,S,S,K,E,V,A,E
tr|B7ZLF3|B7ZLF3_HUMAN,62-67,6,0,L,V,R,H,Q,K,A,H,A,G,F,V,C,P,E,C,G,K,A,F
sp|I3L3R5|CCER2_HUMAN,20-24,5,0,L,L,L,L,R,L,L,L,L,G,P,L,A,P,R,P,S,K,E,E
sp|P19235|EPOR_HUMAN,20-25,6,0,P,Q,V,G,S,L,C,L,L,L,P,P,P,N,L,P,D,P,K,F
sp|P19235|EPOR_HUMAN,39-44,6,1,N,L,P,D,P,K,F,E,S,K,R,G,P,E,E,L,L,C,F,T
sp|P46939|UTRN_HUMAN,3059-3064,6,0,M,V,W,L,P,V,L,H,R,V,K,H,Q,A,K,C,N,I,C,K
sp|P57775|FBXW4_HUMAN,2-5,4,0,-,-,-,-,-,-,-,-,-,M,G,E,E,E,E,E,E,E,A,A
sp|P57775|FBXW4_HUMAN,19-24,6,0,E,E,E,E,E,A,A,R,E,S,G,P,A,L,W,R,L,P,E,E
sp|P98175|RBM10_HUMAN,406-413,8,0,R,I,S,A,A,S,V,A,S,T,I,S,Q,A,S,Q,G,G,E,G
sp|Q05996|ZP2_HUMAN,716-724,9,0,H,K,T,A,G,D,V,G,S,K,G,V,V,A,T,L,G,F,I,Y
sp|Q14204|DYHC1_HUMAN,50-55,6,1,L,L,L,E,D,G,G,E,A,P,L,E,E,K,S,A,L,E,Q,M
sp|Q14204|DYHC1_HUMAN,514-519,6,1,D,M,K,V,A,E,V,L,F,D,I,E,E,V,N,L,A,Y,E,N
sp|Q3KNS1|PTHD3_HUMAN,914-918,5,0,I,S,T,I,I,G,V,C,V,L,Y,I,F,R,T,F,F,K,I,M
sp|Q5JUK3|KCNT1_HUMAN,20-26,7,0,P,S,E,G,K,A,G,P,G,G,P,E,E,P,H,G,L,S,P,L
sp|Q5JUK3|KCNT1_HUMAN,1098-1104,7,0,R,R,L,S,R,K,A,P,K,Q,E,W,I,S,Q,Q,R,L,S,L
sp|Q7Z5J4|RAI1_HUMAN,70-75,6,0,E,G,G,A,G,T,P,S,G,T,D,K,Y,H,R,G,S,K,A,L
sp|Q7Z5J4|RAI1_HUMAN,1746-1751,6,0,L,E,R,T,L,K,G,P,E,C,G,K,P,P,R,P,D,G,P,A
sp|Q8IYR2|SMYD4_HUMAN,706-711,6,0,A,V,V,G,E,I,A,D,G,L,L,G,D,W,Q,K,S,A,T,H
sp|Q8N3Y1|FBXW8_HUMAN,360-364,5,0,I,V,P,E,T,R,R,Y,P,V,G,D,L,M,Y,L,L,K,A,E
sp|Q8NDD1|CA131_HUMAN,64-70,7,0,K,R,E,N,K,K,R,D,V,M,E,P,S,P,L,P,G,S,L,I
sp|Q8TBF2|PXL2B_HUMAN,126-131,6,0,A,A,L,G,K,P,V,R,D,V,V,G,I,Q,G,N,L,S,G,D
sp|Q8TDZ2|MICA1_HUMAN,336-341,6,0,V,P,E,A,L,Q,R,F,T,R,T,H,G,K,L,G,K,L,E,F
sp|Q8TDZ2|MICA1_HUMAN,412-417,6,0,L,G,T,G,V,A,R,G,F,L,W,M,V,K,R,W,A,E,G,A
sp|Q96EX3|DC2I2_HUMAN,365-370,6,1,E,G,G,F,P,L,K,C,S,L,L,T,R,M,P,S,S,V,P,L
sp|Q96EX3|DC2I2_HUMAN,531-536,6,0,P,R,E,A,E,D,L,D,C,L,-,-,-,-,-,-,-,-,-,-
sp|Q9H009|NACA2_HUMAN,135-140,6,0,E,A,K,I,Q,D,L,S,Q,Q,E,K,F,R,V,Q,G,E,A,V
sp|Q9HCE3|ZN532_HUMAN,272-276,5,0,K,S,S,S,K,L,S,S,C,I,L,S,A,K,K,A,A,S,D,S
sp|Q9NQS7|INCE_HUMAN,127-137,11,0,N,G,S,V,L,R,R,V,T,R,L,A,A,P,S,S,P,T,P,E
sp|Q9UPY3|DICER_HUMAN,1622-1627,6,1,S,Q,Q,K,N,L,S,V,S,C,S,S,R,S,S,V,L,K,D,S
sp|Q9UPY3|DICER_HUMAN,1900-1908,9,1,F,K,G,V,G,R,S,Y,R,I,L,R,S,L,K,A,N,Q,P,Q
sp|O00754|MA2B1_HUMAN,43-49,7,0,P,P,L,C,F,F,L,L,L,L,G,G,Y,E,T,C,P,T,V,Q
sp|O00754|MA2B1_HUMAN,849-854,6,0,R,G,R,H,L,V,L,L,D,T,G,H,R,L,L,A,E,Q,E,V
sp|O94876|TMCC1_HUMAN,172-181,10,0,A,P,T,S,S,A,M,M,E,I,C,L,P,G,E,E,G,T,A,E
sp|P03971|MIS_HUMAN,385-388,4,0,L,A,R,R,V,A,A,E,L,Q,E,L,R,S,L,P,G,L,P,P
sp|P03971|MIS_HUMAN,453-458,6,0,P,R,G,P,G,R,A,Q,R,S,D,G,P,C,A,L,R,E,L,S
sp|P08195|4F2_HUMAN,127-132,6,0,E,L,E,P,E,K,Q,P,M,N,M,S,L,A,G,A,E,K,N,G
sp|P08195|4F2_HUMAN,153-159,7,0,L,V,K,I,K,V,A,E,D,E,K,F,T,G,L,S,K,E,E,L
sp|P20810|ICAL_HUMAN,397-401,5,0,K,P,T,E,K,T,E,E,S,K,P,V,S,E,A,V,C,R,T,S
sp|P20810|ICAL_HUMAN,533-538,6,0,Q,N,A,S,S,L,K,F,E,D,I,S,E,V,V,S,Q,T,P,A
sp|P33151|CADH5_HUMAN,19-28,10,0,A,T,S,G,A,C,L,G,L,L,N,P,A,Q,R,D,T,H,S,L
sp|P50454|SERPH_HUMAN,15-19,5,0,L,L,L,S,A,F,C,L,L,E,E,V,K,K,P,A,A,A,A,A
sp|P50454|SERPH_HUMAN,25-29,5,0,A,A,L,A,A,E,V,K,K,P,P,G,T,A,E,K,L,S,P,K
sp|P51570|GALK1_HUMAN,289-294,6,1,R,H,V,V,G,E,I,R,R,T,L,R,R,G,D,Y,R,A,F,G
sp|P51805|PLXA3_HUMAN,575-580,6,0,V,P,D,L,S,A,G,V,S,C,E,N,E,A,V,L,L,P,S,G
sp|P55011|S12A2_HUMAN,24-30,7,0,G,L,A,G,V,G,E,T,P,S,R,V,E,L,P,G,T,A,V,P
sp|P55011|S12A2_HUMAN,90-111,22,0,R,F,Q,V,D,L,V,S,E,N,G,A,K,Q,T,P,A,D,G,E
sp|Q02641|CACB1_HUMAN,429-435,7,0,P,P,N,P,L,L,N,R,T,M,S,P,A,P,V,S,N,L,Q,G
sp|Q15262|PTPRK_HUMAN,5-11,7,0,-,-,-,-,-,-,M,D,T,T,F,V,A,L,L,L,L,S,P,W
sp|Q2M3R5|S35G1_HUMAN,32-39,8,0,D,A,P,P,G,A,T,E,E,P,P,D,R,G,R,C,W,L,C,L
sp|Q5HYC2|K2026_HUMAN,33-36,4,0,A,E,G,E,D,D,E,E,E,V,Q,T,S,G,P,A,H,G,R,S
sp|Q5VW36|FOCAD_HUMAN,1039-1046,8,0,Y,S,G,E,N,T,A,S,A,I,L,S,L,L,V,P,V,F,I,I
sp|Q6P1N0|C2D1A_HUMAN,15-18,4,0,K,G,P,P,G,P,P,G,R,G,R,Q,L,G,L,L,V,D,L,S
sp|Q6P1N0|C2D1A_HUMAN,362-366,5,0,L,E,Q,R,M,E,R,Y,Q,V,K,S,K,G,D,Q,R,K,A,R
sp|Q6ZVK1|T179A_HUMAN,85-89,5,0,L,L,A,S,L,L,S,L,L,L,W,R,T,L,F,F,L,C,K,G
sp|Q8IUA7|ABCA9_HUMAN,183-188,6,0,F,W,E,K,G,F,V,A,F,Q,I,I,E,I,A,T,N,H,S,V
sp|Q8N490|PNKD_HUMAN,2-7,6,0,-,-,-,-,-,-,-,-,-,M,T,A,L,K,G,R,G,A,R,N
sp|Q8WZ19|BACD1_HUMAN,9-13,5,0,-,-,M,S,A,E,A,S,G,P,P,S,L,E,A,P,K,P,S,G
sp|Q96CC6|RHDF1_HUMAN,218-221,4,0,R,E,S,V,A,K,M,S,F,R,L,M,K,G,R,S,V,R,D,G
sp|Q9BSF4|TIM29_HUMAN,2-5,4,0,-,-,-,-,-,-,-,-,-,M,L,R,R,F,W,S,R,R,R,A
sp|Q9H1K6|TLRN1_HUMAN,129-134,6,1,V,V,S,L,T,E,C,S,A,H,V,A,T,P,G,A,Q,P,A,Q
sp|Q9H1K6|TLRN1_HUMAN,274-279,6,1,F,A,T,E,P,Q,F,L,G,R,E,G,K,A,V,Q,T,A,I,L
sp|Q9HAS3|S28A3_HUMAN,399-404,6,1,L,L,T,A,S,V,M,S,A,P,K,L,F,W,P,E,T,E,K,P
sp|Q9HB75|PIDD1_HUMAN,12-19,8,0,A,A,T,V,E,G,P,E,L,E,S,E,D,S,D,A,G,S,R,A
sp|Q9NQ03|SCRT2_HUMAN,289-295,7,0,L,K,S,Y,L,H,K,H,C,E,E,P,P,P,P,T,P,A,G,P
sp|Q9NR12|PDLI7_HUMAN,94-99,6,0,A,Q,P,V,Q,S,K,P,Q,K,D,P,P,R,Y,T,F,A,P,S
sp|A6NGU5|GGT3_HUMAN,41-47,7,0,K,E,P,D,N,H,V,Y,T,R,K,Q,C,L,E,I,G,R,D,T
sp|A6NGU5|GGT3_HUMAN,67-71,5,0,T,L,R,D,G,G,S,A,V,D,L,L,C,V,G,L,M,N,A,H
sp|O15047|SET1A_HUMAN,328-333,6,0,S,A,S,T,T,A,S,T,A,I,T,A,S,S,S,A,S,S,S,S
sp|O15119|TBX3_HUMAN,488-494,7,0,A,F,A,P,L,T,V,Q,T,D,Q,G,P,L,P,G,L,G,F,A
sp|O15119|TBX3_HUMAN,560-567,8,0,S,T,G,V,S,G,L,D,S,T,Q,G,L,S,G,A,S,A,A,T
sp|O15119|TBX3_HUMAN,609-619,11,0,S,L,F,P,Y,P,Y,T,Y,M,S,S,S,V,H,R,H,P,F,L
sp|O15119|TBX3_HUMAN,664-667,4,0,S,L,L,T,T,A,L,P,S,M,G,P,L,D,G,K,V,A,A,L
sp|O15119|TBX3_HUMAN,675-679,5,0,A,A,A,G,P,L,D,G,K,V,S,P,A,S,V,A,V,D,S,G
sp|O43914|TYOBP_HUMAN,74-78,5,0,L,G,R,L,V,P,R,G,R,G,T,R,K,Q,R,I,T,E,T,E
sp|P14678|RSMB_HUMAN,151-159,9,0,V,M,T,P,Q,G,R,G,T,V,S,I,A,G,A,P,T,Q,Y,P
sp|Q04725|TLE2_HUMAN,159-169,11,0,S,A,T,G,L,L,A,L,S,G,V,K,E,D,R,A,G,V,E,A
sp|Q04741|EMX1_HUMAN,28-32,5,0,A,L,P,R,A,R,L,P,R,T,T,M,F,Q,P,A,A,K,R,G
sp|Q04741|EMX1_HUMAN,70-73,4,0,G,G,G,G,A,G,S,H,L,L,S,E,E,P,L,R,P,T,A,L
sp|Q04741|EMX1_HUMAN,90-94,5,0,P,T,A,L,N,Y,P,H,P,S,F,V,S,G,F,P,A,A,A,A
sp|Q04741|EMX1_HUMAN,101-107,7,0,A,E,A,A,F,V,S,G,F,P,G,R,S,L,Y,G,G,P,E,L
sp|Q14444|CAPR1_HUMAN,28-38,11,0,P,P,P,S,G,S,S,G,S,E,S,Q,H,P,A,T,G,T,G,A
sp|Q14444|CAPR1_HUMAN,262-267,6,0,H,Q,N,G,L,C,E,E,E,E,V,E,D,Q,V,P,E,A,E,P
sp|Q1MX18|INSC_HUMAN,342-349,8,0,T,D,N,S,H,S,E,A,T,R,Q,V,T,S,P,H,L,P,V,T
sp|Q1MX18|INSC_HUMAN,392-397,6,0,E,A,S,S,G,E,V,F,L,L,N,I,T,F,F,D,T,M,A,C
sp|Q3SY52|ZIK1_HUMAN,2-8,7,0,-,-,-,-,-,-,-,-,-,M,P,T,Q,V,T,V,S,P,E,T
sp|Q70EK9|UBP51_HUMAN,40-44,5,0,A,V,E,K,A,G,K,M,E,E,T,K,A,S,S,R,R,E,A,E
sp|Q8N2C7|UNC80_HUMAN,1607-1612,6,0,E,L,L,L,S,M,D,E,H,M,M,F,L,L,C,A,V,K,V,P
sp|Q8N2C7|UNC80_HUMAN,2399-2405,7,0,E,T,V,P,A,A,R,E,E,I,T,S,L,Q,A,L,L,Y,S,V
sp|Q8TCU6|PREX1_HUMAN,24-29,6,0,A,G,D,C,A,H,P,D,P,R,P,S,S,G,P,G,P,C,A,A
sp|Q96LT9|RNPC3_HUMAN,478-482,5,0,Q,A,F,I,G,L,P,N,E,K,L,K,E,A,N,G,Y,V,L,F
sp|Q96MI6|PPM1M_HUMAN,131-137,7,0,W,A,L,F,D,G,H,G,G,P,N,T,L,H,S,C,L,R,R,Q
sp|Q99624|S38A3_HUMAN,144-148,5,0,Y,R,A,F,G,T,P,G,K,L,I,T,L,Q,N,I,G,A,M,S
sp|Q9BWW4|SSBP3_HUMAN,94-97,4,0,S,E,A,K,A,F,H,D,Y,S,P,S,P,V,L,G,N,I,P,P
sp|Q9H254|SPTN4_HUMAN,38-44,7,0,P,D,R,G,W,E,R,E,Q,P,S,L,F,E,C,S,R,I,K,A
sp|Q9H254|SPTN4_HUMAN,492-497,6,0,E,E,R,V,Q,G,V,A,E,L,E,G,Y,Y,D,I,R,R,V,A
sp|Q9H254|SPTN4_HUMAN,593-598,6,0,D,I,A,A,Q,S,E,R,V,E,L,R,F,S,Q,L,Q,G,Y,Q
sp|Q9H254|SPTN4_HUMAN,675-682,8,0,R,L,L,E,A,A,G,G,G,G,G,T,A,G,G,A,H,D,L,S
sp|Q9H254|SPTN4_HUMAN,1072-1079,8,0,G,A,E,E,L,G,A,E,W,G,C,G,E,A,V,A,A,A,G,R
sp|Q9H254|SPTN4_HUMAN,1083-1087,5,0,L,A,S,A,A,Q,A,C,G,E,G,R,L,Q,R,F,L,H,D,L
sp|Q9H254|SPTN4_HUMAN,1801-1806,6,0,V,D,E,L,I,E,C,G,H,T,E,W,K,D,G,L,N,E,A,W
sp|Q9H254|SPTN4_HUMAN,2096-2099,4,1,L,I,R,R,H,E,A,F,R,K,W,E,E,R,F,S,S,L,R,R
sp|Q9H254|SPTN4_HUMAN,2141-2145,5,0,R,K,F,F,G,D,P,T,E,L,P,L,L,R,P,G,G,Y,E,R
sp|Q9H254|SPTN4_HUMAN,2205-2210,6,0,L,P,E,I,P,G,R,V,E,P,P,E,D,A,A,E,T,P,A,T
sp|Q9H254|SPTN4_HUMAN,2219-2224,6,0,A,A,P,E,D,A,A,E,T,P,E,Q,V,R,P,R,P,E,R,Q
sp|Q9H7E9|CH033_HUMAN,8-14,7,0,-,-,-,M,A,A,L,G,H,L,P,G,P,G,T,P,C,A,S,R
sp|Q9H7E9|CH033_HUMAN,180-188,9,0,M,E,A,E,W,R,E,A,L,R,Q,V,Q,P,V,D,G,A,T,R
sp|Q9HBW1|LRRC4_HUMAN,33-41,9,0,Y,L,T,A,Q,V,W,I,L,C,G,P,Q,N,C,P,S,V,C,S
sp|Q9HBW1|LRRC4_HUMAN,577-586,10,0,E,I,I,Q,V,D,E,D,I,P,P,S,G,V,S,G,E,G,A,V
sp|A5D8V7|ODAD3_HUMAN,8-13,6,0,-,-,-,M,T,S,P,L,C,R,L,P,P,Q,D,Q,A,S,T,P
sp|A6NHY2|AKD1B_HUMAN,21-25,5,0,G,A,T,A,G,G,L,L,L,R,K,G,L,R,E,D,L,W,G,A
sp|A6NK89|RASFA_HUMAN,301-307,7,0,G,E,E,P,E,E,V,A,A,E,P,P,L,A,G,E,A,Q,A,A
sp|A6NK89|RASFA_HUMAN,314-318,5,0,A,A,A,A,P,P,L,A,G,E,L,E,E,L,A,R,R,C,D,D
sp|O00220|TR10A_HUMAN,29-32,4,0,N,P,G,S,A,A,S,G,T,E,T,P,S,K,V,W,G,S,S,A
sp|O75751|S22A3_HUMAN,56-60,5,0,P,D,H,Y,W,C,R,G,P,S,E,R,C,G,W,S,P,E,E,E
sp|P11137|MTAP2_HUMAN,1336-1341,6,0,H,D,E,E,E,F,E,V,E,E,E,P,K,D,G,S,P,E,A,P
sp|P28838|AMPL_HUMAN,123-127,5,0,N,W,H,E,G,K,E,N,I,R,G,C,R,Q,I,Q,D,L,E,L
sp|P28838|AMPL_HUMAN,148-155,8,0,S,S,V,E,V,D,P,C,G,D,V,L,G,L,Y,E,Y,D,D,L
sp|P28838|AMPL_HUMAN,461-466,6,0,N,N,I,G,K,Y,R,S,A,G,F,L,K,E,F,V,T,H,P,K
sp|P42684|ABL2_HUMAN,882-887,6,0,T,E,K,D,P,P,G,V,G,V,P,K,G,K,E,K,N,G,G,A
sp|P42772|CDN2B_HUMAN,19-23,5,1,P,S,G,G,G,S,D,E,G,L,R,G,L,V,E,K,V,R,Q,L
sp|P49918|CDN1C_HUMAN,166-171,6,0,P,A,P,A,P,A,P,A,P,V,P,V,A,V,A,V,L,A,P,A
sp|P49918|CDN1C_HUMAN,196-201,6,0,P,A,P,A,P,A,P,A,P,V,P,A,P,A,P,A,P,A,P,A
sp|P49918|CDN1C_HUMAN,251-259,9,0,Q,L,H,S,G,I,S,G,R,P,N,G,A,A,I,K,K,L,S,G
sp|P52961|NAR1_HUMAN,51-60,10,0,M,A,L,A,S,F,D,D,Q,Y,L,P,D,L,N,H,T,E,F,Q
sp|P54802|ANAG_HUMAN,3-9,7,0,-,-,-,-,-,-,-,-,M,E,V,G,V,L,L,L,A,G,A,G
sp|P54802|ANAG_HUMAN,26-34,9,0,A,G,A,G,G,A,A,G,D,E,L,V,A,R,L,L,G,P,G,P
sp|P54802|ANAG_HUMAN,84-87,4,0,R,V,R,V,R,G,S,T,G,V,G,L,H,R,Y,L,R,D,F,C
sp|P54802|ANAG_HUMAN,328-333,6,0,Q,P,P,S,S,E,P,S,Y,L,V,Y,E,A,M,T,A,V,D,T
sp|P54802|ANAG_HUMAN,625-629,5,0,R,F,L,L,G,S,W,L,E,Q,V,S,E,A,E,A,D,F,Y,E
sp|P84550|SKOR1_HUMAN,468-482,15,0,A,M,F,W,G,H,Q,P,S,G,T,V,Y,P,T,F,P,M,F,W
sp|P84550|SKOR1_HUMAN,510-528,19,0,V,P,S,Y,P,A,A,Q,S,Q,G,S,G,A,P,E,P,L,D,G
sp|Q05397|FAK1_HUMAN,1023-1028,6,1,Q,Q,E,Y,K,K,Q,M,L,T,V,D,A,K,N,L,L,D,V,I
sp|Q14526|HIC1_HUMAN,110-119,10,1,F,I,Y,T,G,R,L,A,D,G,P,G,A,E,P,S,L,G,A,V
sp|Q14526|HIC1_HUMAN,128-133,6,1,V,A,P,G,A,E,P,S,L,G,S,Y,L,Q,I,P,D,L,V,A
sp|Q14526|HIC1_HUMAN,226-231,6,0,A,E,L,Y,A,S,G,P,G,P,S,E,R,R,C,S,P,L,C,G
sp|Q14526|HIC1_HUMAN,472-480,9,0,E,E,E,A,L,Y,G,R,A,E,G,L,G,P,P,F,G,G,G,G
sp|Q14526|HIC1_HUMAN,618-626,9,0,S,H,M,K,M,H,A,V,G,G,G,L,G,G,L,P,G,V,P,G
sp|Q14526|HIC1_HUMAN,668-671,4,0,E,Q,L,S,L,K,Q,Q,D,K,E,L,L,A,Q,T,T,H,F,L
sp|Q8N283|ANR35_HUMAN,527-533,7,0,V,M,E,G,A,L,G,T,P,R,W,E,K,M,E,A,R,L,E,R
sp|Q8N283|ANR35_HUMAN,885-889,5,0,A,E,E,R,R,R,S,G,D,L,E,Q,E,R,Q,A,S,E,M,R
sp|Q8WTR8|NET5_HUMAN,37-41,5,0,Q,F,C,L,P,P,V,T,Q,L,S,C,P,Q,A,C,A,L,S,P
sp|Q8WTR8|NET5_HUMAN,146-151,6,0,S,H,L,R,V,E,F,G,G,Q,G,L,R,G,R,C,Q,C,H,G
sp|Q8WTR8|NET5_HUMAN,163-168,6,0,L,R,G,R,C,Q,C,H,G,H,R,A,R,P,P,R,C,H,C,R
sp|Q96BY6|DOC10_HUMAN,26-33,8,0,P,G,Q,A,A,E,L,R,H,S,V,S,S,R,Q,Q,Q,R,Q,E
sp|Q96RL7|VP13A_HUMAN,1189-1194,6,0,K,Q,A,L,A,E,A,T,V,Q,T,G,V,K,E,L,A,Q,R,S
sp|Q9P265|DIP2B_HUMAN,11-15,5,0,M,A,E,R,G,L,E,P,S,P,L,P,P,E,V,R,A,Q,L,A
sp|Q9P265|DIP2B_HUMAN,158-163,6,0,S,E,D,E,G,S,L,R,R,Q,L,Q,Q,S,L,Q,N,A,E,S
sp|Q9P265|DIP2B_HUMAN,1118-1121,4,0,T,L,M,R,L,L,R,S,R,E,V,D,V,K,T,W,P,T,I,I
sp|Q9P2K9|DISP3_HUMAN,240-244,5,0,G,R,Y,Q,P,S,I,P,P,H,N,Q,S,R,A,R,R,G,A,S
sp|Q9P2K9|DISP3_HUMAN,573-578,6,0,K,A,T,F,F,T,S,L,T,T,N,V,F,S,Q,I,P,A,V,H
sp|Q9Y6R1|S4A4_HUMAN,783-788,6,1,F,G,E,N,P,W,W,V,C,L,L,L,V,T,I,L,I,F,M,D
tr|A0A087WUM9|A0A087WUM9_HUMAN,80-85,6,0,A,L,P,L,E,A,P,V,G,G,L,Q,P,G,P,R,R,N,T,R
sp|O00308|WWP2_HUMAN,294-298,5,0,P,S,T,S,G,T,Q,Q,L,P,P,D,A,L,P,A,G,W,E,Q
sp|O60423|AT8B3_HUMAN,683-688,6,0,R,G,A,M,E,F,A,T,E,E,Q,E,T,L,R,T,L,C,L,A
sp|O95159|ZFPL1_HUMAN,173-178,6,0,S,T,P,G,P,E,E,V,D,S,F,Y,S,Q,A,P,R,P,P,A
sp|O95343|SIX3_HUMAN,263-266,4,0,W,F,K,N,R,R,Q,R,D,R,K,N,R,L,Q,H,Q,A,I,G
sp|O95835|LATS1_HUMAN,152-156,5,0,S,Y,Q,D,P,R,R,E,Q,M,R,P,I,N,A,S,M,K,P,G
sp|P12036|NFH_HUMAN,195-203,9,0,L,D,D,E,A,R,Q,R,E,E,R,F,A,Q,E,A,E,A,A,R
sp|P13498|CY24A_HUMAN,172-176,5,0,E,A,R,K,K,P,S,E,E,E,G,G,P,P,G,G,P,Q,V,N
sp|P31277|HXD11_HUMAN,108-124,17,0,G,G,A,G,G,Y,A,P,Y,Y,M,Q,R,E,L,L,P,P,A,G
sp|Q01101|INSM1_HUMAN,62-73,12,0,P,L,P,P,P,P,P,A,E,R,P,G,P,Q,P,P,P,Q,G,P
sp|Q01101|INSM1_HUMAN,175-180,6,0,A,E,L,K,M,G,T,A,F,S,R,G,P,G,P,G,P,P,L,P
sp|Q01101|INSM1_HUMAN,322-328,7,0,S,H,R,R,W,H,K,P,R,P,P,E,P,E,A,A,A,R,A,E
sp|Q01101|INSM1_HUMAN,333-339,7,0,P,A,A,A,R,A,P,E,P,E,R,E,A,P,G,G,G,S,D,R
sp|Q14CN4|K2C72_HUMAN,59-64,6,0,L,S,C,L,G,G,S,R,S,L,R,R,G,G,G,R,L,G,G,F
sp|Q5SV97|PERM1_HUMAN,598-603,6,0,F,C,D,T,I,E,E,N,E,E,G,Q,D,P,A,G,V,Q,W,P
sp|Q86VI3|IQGA3_HUMAN,205-210,6,0,I,L,A,N,E,L,S,V,D,E,V,L,A,I,N,E,A,V,E,R
sp|Q86VI3|IQGA3_HUMAN,362-367,6,0,V,E,L,L,E,K,E,E,V,Q,N,T,K,G,D,Q,E,Q,A,M
sp|Q86VI3|IQGA3_HUMAN,1219-1224,6,0,L,G,A,V,A,Q,L,L,Q,H,F,S,G,Q,S,Q,H,L,R,V
sp|Q9BYV9|BACH2_HUMAN,322-327,6,0,K,Q,P,S,P,A,P,T,P,T,C,L,E,R,S,R,S,V,A,S
sp|Q9H251|CAD23_HUMAN,3317-3322,6,0,G,L,G,R,S,L,E,T,L,T,F,E,R,N,A,R,T,E,S,A
sp|Q9HBU1|BARX1_HUMAN,44-53,10,0,I,L,T,E,P,P,G,P,K,G,G,E,L,L,K,F,G,V,Q,A
sp|Q9HD33|RM47_HUMAN,2-7,6,0,-,-,-,-,-,-,-,-,-,M,L,L,C,R,R,V,S,S,A,L
sp|Q9P218|COKA1_HUMAN,369-373,5,0,L,Q,G,G,S,P,R,Q,G,P,L,D,T,L,P,A,P,T,S,L
sp|Q9P218|COKA1_HUMAN,666-671,6,0,T,E,L,P,G,D,A,V,Q,L,P,S,G,V,L,V,Y,Q,I,T
sp|A0A1W2PPH5|TFLM_HUMAN,138-143,6,0,S,I,T,G,S,S,V,S,E,N,G,I,A,K,V,F,V,G,E,V
sp|A0A494C0N9|F246B_HUMAN,76-83,8,0,V,P,R,L,L,K,L,V,E,R,G,E,R,T,G,A,H,S,R,G
sp|A6NK06|IRG1_HUMAN,170-173,4,1,P,P,S,V,V,G,T,L,G,S,S,K,F,L,G,L,S,S,T,K
sp|A6NK06|IRG1_HUMAN,284-288,5,1,F,P,A,H,L,S,T,H,W,V,S,V,R,K,H,L,V,A,E,R
sp|O00322|UPK1A_HUMAN,2-9,8,0,-,-,-,-,-,-,-,-,-,M,E,K,G,S,P,V,V,V,G,L
sp|O43451|MGA_HUMAN,593-598,6,0,H,N,L,Y,G,Y,S,M,A,V,K,T,V,F,P,N,K,R,S,F
sp|P02786|TFR1_HUMAN,587-594,8,1,I,E,R,I,P,E,L,N,K,V,G,Q,F,V,I,K,L,T,H,D
sp|P41273|TNFL9_HUMAN,42-46,5,0,V,A,G,L,L,L,L,L,L,L,V,F,L,A,C,P,W,A,V,S
sp|P41273|TNFL9_HUMAN,173-180,8,1,L,A,L,H,L,Q,P,L,R,S,L,T,V,D,L,P,P,A,S,S
sp|P50406|5HT6R_HUMAN,38-43,6,0,W,V,A,A,A,L,C,V,V,I,N,S,L,L,I,A,L,I,C,T
sp|P50406|5HT6R_HUMAN,414-417,4,0,A,T,Q,D,P,P,L,P,T,R,V,N,F,F,N,I,D,P,A,E
sp|Q00610|CLH1_HUMAN,380-385,6,0,A,L,F,A,Q,G,N,Y,S,E,N,A,P,K,G,I,L,R,T,P
sp|Q14681|KCTD2_HUMAN,48-52,5,0,G,P,T,P,R,G,H,G,R,P,Q,P,L,E,P,G,P,G,P,P
sp|Q15274|NADC_HUMAN,115-125,11,1,L,N,T,L,A,R,C,S,G,I,R,G,A,G,W,T,G,H,V,A
sp|Q15274|NADC_HUMAN,187-192,6,1,A,A,G,G,V,E,K,A,V,R,D,F,T,L,K,V,E,V,E,C
sp|Q15274|NADC_HUMAN,211-216,6,1,E,C,S,S,L,Q,E,A,V,Q,D,L,V,L,L,D,N,F,K,P
sp|Q5T8R8|DOAS1_HUMAN,61-69,9,0,I,L,G,E,D,L,A,G,P,S,P,P,P,Q,P,R,E,P,G,A
sp|Q8IVU1|IGDC3_HUMAN,777-782,6,0,A,K,T,T,E,A,T,A,P,C,P,P,P,P,D,G,G,P,G,L
sp|Q8N1W2|ZN710_HUMAN,138-143,6,0,G,D,D,K,D,A,G,P,A,E,S,G,G,C,D,A,L,V,Q,S
sp|Q8TDR2|STK35_HUMAN,45-50,6,0,H,G,S,L,G,A,Q,A,S,P,E,G,S,A,T,R,R,A,R,A
sp|Q8TDR2|STK35_HUMAN,167-172,6,0,P,R,A,P,S,T,K,L,R,P,M,D,P,V,A,A,E,A,P,G
sp|Q9BSK0|MALD1_HUMAN,139-144,6,0,K,D,Y,P,L,P,C,A,Y,H,V,C,G,G,V,C,H,G,L,Y
sp|Q9HCN4|GPN1_HUMAN,2-8,7,0,-,-,-,-,-,-,-,-,-,M,E,L,Q,A,S,G,G,P,R,H
sp|Q9NQ31|AKIP1_HUMAN,6-9,4,0,-,-,-,-,-,M,D,N,C,L,L,N,G,V,D,R,R,S,L,Q
sp|Q9P1Y5|CAMP3_HUMAN,32-39,8,0,K,S,L,D,Q,Y,D,F,S,R,W,V,L,R,A,A,F,G,G,A
sp|Q9P1Y5|CAMP3_HUMAN,236-240,5,0,V,T,S,L,Q,D,L,A,S,G,T,I,H,C,Y,C,P,Q,L,L
sp|Q9P1Y5|CAMP3_HUMAN,959-966,8,0,L,V,S,A,V,P,M,A,T,P,E,E,E,V,G,P,R,K,G,D
sp|Q9Y5T4|DJC15_HUMAN,48-53,6,0,R,S,L,I,A,V,G,L,G,V,G,R,Y,A,F,R,I,W,K,P
sp|O15240|VGF_HUMAN,385-390,6,0,E,E,R,V,G,E,E,D,E,E,E,A,E,E,A,E,R,A,R,Q
sp|O43181|NDUS4_HUMAN,19-24,6,0,V,L,R,Q,T,L,W,R,R,R,L,S,V,S,R,V,P,T,R,S
sp|P14061|DHB1_HUMAN,49-54,6,1,D,L,K,T,Q,G,R,L,W,E,C,P,P,G,S,L,E,T,L,Q
sp|P16401|H15_HUMAN,28-34,7,0,S,P,A,K,K,K,A,T,K,K,K,R,K,A,T,G,P,P,V,S
sp|P16401|H15_HUMAN,126-131,6,0,S,G,E,A,K,P,K,A,K,K,K,K,P,A,G,A,T,P,K,K
sp|P16401|H15_HUMAN,177-181,5,0,V,K,K,V,A,K,S,P,K,K,K,P,K,K,A,T,K,S,P,A
sp|P16401|H15_HUMAN,218-223,6,0,P,K,A,A,K,P,K,A,A,K,K,K,K,-,-,-,-,-,-,-
sp|P31274|HXC9_HUMAN,33-38,6,0,L,L,A,S,R,F,P,A,T,G,R,P,S,G,L,V,P,D,C,S
sp|Q07866|KLC1_HUMAN,198-202,5,0,G,Q,G,I,Q,Q,Q,H,S,S,Q,Q,G,G,Y,E,I,P,A,R
sp|Q14203|DCTN1_HUMAN,845-849,5,0,T,W,V,V,A,V,L,Q,E,V,Q,L,I,A,P,L,A,E,N,E
sp|Q14203|DCTN1_HUMAN,928-933,6,0,P,S,K,P,P,P,V,E,L,R,E,I,T,D,A,E,G,L,G,L
sp|Q16774|KGUA_HUMAN,150-154,5,0,E,T,E,E,S,L,V,K,R,L,D,M,E,S,S,K,E,P,G,L
sp|Q2NKQ1|SGSM1_HUMAN,677-681,5,0,I,V,R,Q,R,E,R,E,S,H,K,C,S,S,G,A,S,L,D,S
sp|Q6IF63|O52W1_HUMAN,149-154,6,0,V,L,V,T,K,A,C,V,G,Y,L,K,A,V,A,I,V,V,P,F
sp|Q6ZVD7|STOX1_HUMAN,24-28,5,0,L,V,L,C,R,L,E,A,Q,K,E,E,P,G,G,R,A,V,F,R
sp|Q7Z736|PKHH3_HUMAN,624-629,6,0,G,S,I,A,R,E,G,G,G,G,V,L,G,G,W,K,R,L,R,G
sp|Q7Z736|PKHH3_HUMAN,643-648,6,0,G,W,K,R,L,R,G,M,G,R,Y,L,A,L,A,A,Q,C,P,G
sp|Q8N1X5|YF001_HUMAN,16-19,4,0,V,T,A,K,A,G,G,G,T,S,S,L,I,R,A,R,S,P,A,W
sp|Q8N2K0|ABD12_HUMAN,26-32,7,0,A,A,A,G,S,S,S,S,G,S,D,C,R,L,K,Q,N,L,R,L
sp|Q8N5I2|ARRD1_HUMAN,317-323,7,0,V,V,P,S,A,P,P,Q,E,E,G,G,P,H,F,L,D,P,V,F
sp|Q92743|HTRA1_HUMAN,17-22,6,0,A,L,L,P,L,L,L,L,L,L,Q,L,S,R,A,G,R,S,A,P
sp|Q96HA7|TONSL_HUMAN,471-478,8,0,V,A,E,D,E,D,E,E,E,E,E,S,E,A,L,E,A,G,E,V
sp|Q96HA7|TONSL_HUMAN,723-728,6,0,Q,A,H,V,R,V,S,P,G,Q,R,P,R,R,S,R,H,G,P,A
sp|Q96HA7|TONSL_HUMAN,790-795,6,0,R,E,A,A,T,A,S,T,S,R,I,R,G,V,G,S,A,Q,S,R
sp|Q96IK5|GMCL1_HUMAN,183-188,6,1,D,V,L,I,K,P,S,R,V,V,C,L,L,Q,L,D,G,L,I,Q
sp|Q96S52|PIGS_HUMAN,2-8,7,0,-,-,-,-,-,-,-,-,-,M,T,H,L,E,V,A,R,G,K,R
sp|Q96S52|PIGS_HUMAN,201-205,5,0,Q,A,M,S,L,T,E,D,V,L,D,H,L,P,E,D,K,W,S,A
sp|Q99569|PKP4_HUMAN,268-272,5,0,P,S,A,Y,S,S,T,T,L,P,S,P,Y,S,Q,R,P,A,S,P
sp|Q99569|PKP4_HUMAN,546-550,5,1,M,L,Q,H,Q,F,P,S,V,Q,Y,L,Q,H,L,C,F,G,D,N
sp|Q9BTY7|HGH1_HUMAN,121-129,9,0,G,R,A,L,D,P,Q,W,P,W,N,L,S,R,E,P,A,P,C,A
sp|Q9BTY7|HGH1_HUMAN,139-151,13,0,A,N,L,S,R,E,P,A,P,C,D,S,G,L,E,R,L,V,R,A
sp|Q9HCJ0|TNR6C_HUMAN,549-552,4,0,D,S,I,S,S,T,A,V,S,T,K,S,G,H,A,W,S,G,A,A
sp|Q9NQE7|TSSP_HUMAN,116-121,6,0,G,P,G,S,V,M,R,G,H,P,W,G,A,L,V,I,S,L,E,H
sp|Q9NQE7|TSSP_HUMAN,260-264,5,0,E,V,E,R,R,L,R,S,G,G,L,R,T,E,L,S,A,C,G,P
sp|Q9Y4H2|IRS2_HUMAN,148-161,14,0,A,L,T,D,L,V,S,E,G,R,S,C,S,A,S,L,P,G,A,L
sp|Q9Y4H2|IRS2_HUMAN,175-180,6,0,A,S,L,P,G,A,L,G,G,S,E,D,S,Y,G,L,V,A,P,A
sp|Q9Y4H2|IRS2_HUMAN,188-193,6,0,A,G,A,E,D,S,Y,G,L,V,Y,R,E,V,W,Q,V,N,L,K
sp|Q9Y4H2|IRS2_HUMAN,371-380,10,0,V,R,T,A,S,E,G,D,G,G,R,P,V,S,V,A,G,S,P,L
sp|Q9Y4H2|IRS2_HUMAN,694-701,8,0,S,A,P,K,Q,I,L,Q,P,R,V,P,S,A,G,P,A,G,P,A
sp|Q9Y6X0|SETBP_HUMAN,1382-1386,5,0,I,P,P,A,P,V,L,S,L,L,T,S,D,A,V,G,S,S,L,K
sp|O15254|ACOX3_HUMAN,512-517,6,0,V,S,S,V,A,D,C,L,D,S,Y,K,W,L,V,C,Y,L,L,R
sp|O15499|GSC2_HUMAN,2-9,8,0,-,-,-,-,-,-,-,-,-,M,S,R,R,G,A,G,R,P,C,P
sp|O75602|SPAG6_HUMAN,144-148,5,0,L,E,D,F,D,P,G,V,K,E,L,R,Y,I,A,R,H,N,A,E
sp|O75602|SPAG6_HUMAN,354-359,6,0,L,S,E,E,P,E,D,H,I,K,L,G,Q,I,G,R,H,T,P,E
sp|P02768|ALBU_HUMAN,195-200,6,1,Y,K,A,A,F,T,E,C,C,Q,C,L,L,P,K,L,D,E,L,R
sp|P02768|ALBU_HUMAN,601-606,6,1,C,F,A,E,E,G,K,K,L,V,L,G,L,-,-,-,-,-,-,-
sp|P13807|GYS1_HUMAN,247-252,6,0,Q,I,Y,H,R,Y,C,M,E,R,H,V,F,T,T,V,S,Q,I,T
sp|P31948|STIP1_HUMAN,435-440,6,1,P,T,F,I,K,G,Y,T,R,K,M,K,D,Y,T,K,A,M,D,V
sp|P49640|EVX1_HUMAN,263-266,4,0,P,A,F,Y,T,Y,M,M,S,H,G,G,L,P,Y,P,F,P,S,H
sp|P49640|EVX1_HUMAN,289-297,9,0,L,P,Y,Y,S,P,V,G,L,G,S,P,F,S,G,S,L,R,P,L
sp|P49640|EVX1_HUMAN,361-367,7,0,A,C,H,S,G,P,A,N,G,L,S,D,F,T,C,A,S,T,S,R
sp|P49750|YLPM1_HUMAN,385-388,4,0,E,E,D,A,R,L,K,Q,L,Q,H,W,Q,Q,H,Q,Q,H,R,V
sp|P52789|HXK2_HUMAN,387-392,6,1,I,V,S,T,R,S,A,S,L,C,V,L,Q,R,I,K,E,N,K,G
sp|Q14872|MTF1_HUMAN,505-520,16,0,I,V,P,G,L,S,V,V,A,G,P,P,Q,S,T,T,E,P,L,P
sp|Q15257|PTPA_HUMAN,192-196,5,1,T,R,I,D,Y,G,T,G,H,E,F,L,C,C,L,C,K,I,G,V
sp|Q59H18|TNI3K_HUMAN,671-678,8,1,G,E,I,P,F,A,H,L,K,P,Y,H,H,I,R,P,P,I,G,Y
sp|Q6JBY9|CPZIP_HUMAN,31-34,4,0,A,Q,L,A,G,R,F,R,E,Q,K,E,T,P,A,S,K,P,T,R
sp|Q6PCB6|AB17C_HUMAN,60-72,13,0,R,G,A,G,A,S,A,P,A,P,P,Q,Q,P,E,E,G,A,G,A
sp|Q8N3E9|PLCD3_HUMAN,19-28,10,0,C,R,R,P,P,E,E,P,P,V,P,V,A,L,P,S,P,P,T,P
sp|Q8NBJ5|GT251_HUMAN,2-7,6,0,-,-,-,-,-,-,-,-,-,M,G,R,R,R,G,Q,P,L,L,A
sp|Q92791|SC65_HUMAN,161-165,5,0,A,L,F,K,A,N,R,L,E,K,Y,T,F,L,Q,R,N,P,K,H
sp|Q92791|SC65_HUMAN,312-317,6,0,A,Y,Y,K,L,N,D,V,R,Q,S,Y,M,L,F,D,P,K,D,S
sp|Q96HC4|PDLI5_HUMAN,345-348,4,0,S,G,R,P,G,V,T,S,L,T,F,K,P,V,G,S,T,G,V,I
sp|Q99758|ABCA3_HUMAN,371-376,6,0,S,F,M,V,S,T,F,F,S,K,F,G,G,F,L,Y,F,F,T,Y
sp|Q9H1B7|I2BPL_HUMAN,85-102,18,0,P,V,G,V,K,T,V,A,L,S,Q,Q,Q,Q,Q,Q,Q,Q,Q,Q
sp|Q9H1B7|I2BPL_HUMAN,153-164,12,0,P,S,G,L,E,R,Y,G,L,S,V,E,Q,R,S,R,F,E,Y,P
sp|Q9H1B7|I2BPL_HUMAN,221-226,6,0,L,N,R,Q,S,P,N,S,S,S,S,R,R,G,T,H,G,G,L,V
sp|Q9H694|BICC1_HUMAN,701-708,8,0,A,D,K,K,A,P,G,S,E,R,Q,Q,N,S,E,R,A,H,L,A
sp|Q9P0K8|FOXJ2_HUMAN,215-220,6,0,S,Q,G,T,G,S,V,D,G,G,S,G,R,E,S,A,E,G,P,P
sp|Q9Y5E5|PCDB4_HUMAN,675-680,6,0,F,S,Q,P,Y,L,P,L,P,E,Q,A,D,S,L,T,V,Y,L,V
sp|A6NEQ2|F181B_HUMAN,151-158,8,0,A,H,G,K,A,A,P,R,R,E,S,L,Q,S,R,S,L,A,A,L
sp|A6NEQ2|F181B_HUMAN,187-191,5,0,G,G,A,E,P,A,G,G,E,V,G,L,G,G,A,G,T,G,G,A
sp|O14627|CDX4_HUMAN,45-49,5,0,G,G,S,P,M,P,A,S,N,F,F,S,H,Y,M,G,Y,P,H,M
sp|O14627|CDX4_HUMAN,141-146,6,0,Q,A,G,G,S,L,V,P,T,D,S,S,P,S,R,S,R,H,S,P
sp|O15160|RPAC1_HUMAN,70-75,6,1,S,L,E,F,D,M,V,G,I,D,F,R,R,I,L,L,A,E,V,P
sp|O43612|OREX_HUMAN,117-124,8,0,P,R,P,C,L,G,R,R,C,S,P,G,G,Q,S,G,I,-,-,-
sp|O75147|OBSL1_HUMAN,93-98,6,1,V,C,R,A,R,N,A,A,G,E,V,T,V,L,E,P,P,A,S,D
sp|O75554|WBP4_HUMAN,66-75,10,1,K,E,E,E,K,A,S,K,E,F,Y,Q,E,D,L,K,R,L,G,L
sp|O95359|TACC2_HUMAN,123-128,6,0,F,A,E,C,P,P,E,G,C,L,P,E,D,G,P,Q,T,Q,S,P
sp|O95359|TACC2_HUMAN,151-156,6,0,E,P,A,P,N,A,P,G,D,I,E,R,D,S,S,T,P,Y,Q,E
sp|O95359|TACC2_HUMAN,252-256,5,0,G,V,A,S,V,Q,V,T,P,E,Q,Q,G,T,E,S,S,A,V,L
sp|O95359|TACC2_HUMAN,1904-1908,5,0,T,D,L,I,A,Q,S,I,S,P,G,L,P,P,S,A,A,E,H,I
sp|P09497|CLCB_HUMAN,24-29,6,0,G,A,P,E,A,A,E,E,D,P,Q,Q,E,S,E,I,A,G,I,E
sp|P09497|CLCB_HUMAN,88-93,6,0,Q,E,A,N,G,P,A,D,G,Y,D,R,L,T,Q,E,P,E,S,I
sp|P17844|DDX5_HUMAN,597-601,5,0,G,M,N,Q,Q,A,Y,A,Y,P,P,M,I,G,Y,P,M,P,T,G
sp|Q00444|HXC5_HUMAN,75-81,7,0,A,N,P,R,A,H,P,D,R,P,P,G,H,A,P,G,R,D,E,A
sp|Q14721|KCNB1_HUMAN,701-706,6,0,Y,H,D,P,L,R,N,R,G,S,G,L,E,C,A,T,L,L,D,K
sp|Q5U5Q3|MEX3C_HUMAN,7-16,10,0,-,-,-,-,M,P,S,G,S,S,P,L,P,Q,P,P,P,P,P,P
sp|Q5U5Q3|MEX3C_HUMAN,72-77,6,0,P,A,E,P,G,A,P,A,L,R,Q,G,Q,A,R,R,A,A,E,L
sp|Q5U5Q3|MEX3C_HUMAN,174-184,11,0,S,V,L,L,P,A,A,R,F,D,G,V,L,Y,G,G,D,D,A,Q
sp|Q5U5Q3|MEX3C_HUMAN,212-216,5,0,S,H,A,Y,G,P,G,G,C,G,L,N,G,E,Q,A,A,L,L,R
sp|Q5VZL5|ZMYM4_HUMAN,893-898,6,0,T,P,V,I,A,N,V,V,S,L,Q,P,T,V,N,S,N,S,V,L
sp|Q63HR2|TENS2_HUMAN,142-147,6,0,D,L,T,Y,V,T,E,R,I,L,R,P,D,E,Q,R,H,R,G,H
sp|Q6IQ32|ADNP2_HUMAN,271-276,6,0,L,K,Q,T,H,I,A,P,K,P,P,A,N,G,S,A,P,S,A,P
sp|Q6IQ32|ADNP2_HUMAN,648-653,6,0,Q,M,P,I,Q,L,L,P,S,G,G,S,M,P,G,M,P,S,P,P
sp|Q6VN20|RBP10_HUMAN,2-6,5,0,-,-,-,-,-,-,-,-,-,M,D,P,G,A,G,N,P,Q,P,G
sp|Q6ZSY5|PPR3F_HUMAN,66-69,4,0,P,W,G,G,P,G,A,G,K,M,G,Q,D,G,G,G,G,G,G,A
sp|Q6ZSY5|PPR3F_HUMAN,501-505,5,0,L,Y,L,S,H,L,S,R,L,R,G,G,A,G,G,G,G,E,G,S
sp|Q86TM3|DDX53_HUMAN,103-108,6,0,V,R,I,F,G,N,R,E,M,K,I,E,T,L,I,R,K,Q,E,S
sp|Q86VZ1|P2RY8_HUMAN,140-145,6,0,S,S,K,R,W,R,R,R,R,Y,G,T,W,L,L,L,L,T,A,L
sp|Q8N3D4|EH1L1_HUMAN,498-502,5,0,H,S,G,Q,L,G,D,L,E,G,G,Q,E,R,E,G,A,E,V,R
sp|Q8N3D4|EH1L1_HUMAN,1305-1311,7,0,S,F,S,M,D,D,P,D,A,G,E,G,Q,A,P,D,P,S,P,A
sp|Q8N3F9|G137C_HUMAN,9-16,8,0,-,-,M,R,V,S,V,P,G,P,G,R,E,P,S,T,P,G,G,G
sp|Q8N3F9|G137C_HUMAN,32-40,9,0,T,P,G,G,G,S,G,G,G,G,V,P,G,S,V,Q,L,A,L,S
sp|Q8WY54|PPM1E_HUMAN,56-61,6,0,E,P,E,P,E,P,E,L,V,E,S,V,E,E,P,G,E,E,A,A
sp|Q8WY54|PPM1E_HUMAN,70-75,6,0,E,A,S,V,E,E,P,G,E,E,T,E,E,G,D,Q,E,Q,D,P
sp|Q8WY54|PPM1E_HUMAN,102-108,7,0,A,V,E,G,E,E,E,E,E,G,P,G,H,S,A,V,P,P,P,P
sp|Q8WY54|PPM1E_HUMAN,162-168,7,0,L,Y,K,Y,N,C,P,S,F,L,T,S,D,E,V,L,Q,S,D,L
sp|Q9Y5E4|PCDB5_HUMAN,675-680,6,0,F,S,Q,P,Y,L,P,L,P,E,Q,A,D,S,L,T,V,Y,L,V
sp|A6NMB9|FIGL2_HUMAN,462-467,6,0,T,L,L,R,L,R,G,A,T,L,E,G,A,R,L,L,Q,A,A,F
sp|A6NMB9|FIGL2_HUMAN,475-480,6,0,G,A,A,E,G,A,R,L,L,Q,R,C,R,P,P,S,V,L,L,I
sp|A6NMB9|FIGL2_HUMAN,504-509,6,0,E,A,L,L,P,A,R,D,D,G,L,Q,V,P,L,L,A,C,L,D
sp|A6NMB9|FIGL2_HUMAN,605-609,5,0,G,G,E,L,G,Q,L,C,Q,Q,G,L,P,G,L,Q,R,P,L,S
sp|O75881|CP7B1_HUMAN,23-27,5,0,S,L,E,R,L,G,L,P,G,L,L,L,L,L,A,L,C,L,L,V
sp|P16112|PGCA_HUMAN,2276-2280,5,0,P,E,W,K,R,E,S,E,S,T,R,S,C,A,E,E,P,C,G,A
sp|P54274|TERF1_HUMAN,70-75,6,1,E,E,E,D,A,G,L,V,A,E,G,W,M,L,D,F,L,C,L,S
sp|Q07820|MCL1_HUMAN,113-118,6,0,R,R,A,A,P,L,E,E,M,E,I,M,S,P,E,E,E,L,D,G
sp|Q10588|BST1_HUMAN,285-288,4,0,S,T,H,P,D,C,A,L,K,S,T,Q,R,K,A,P,S,L,Y,T
sp|Q16775|GLO2_HUMAN,14-19,6,0,G,R,G,L,L,G,R,R,S,L,C,A,R,R,G,L,G,P,A,L
sp|Q32MZ4|LRRF1_HUMAN,28-37,10,0,E,A,Q,K,L,A,E,A,R,L,R,E,I,R,M,K,E,L,E,R
sp|Q5H9R7|PP6R3_HUMAN,758-762,5,0,T,E,P,M,D,P,L,T,P,S,V,Q,P,E,A,A,G,S,V,A
sp|Q6PJF5|RHDF2_HUMAN,247-250,4,0,R,M,S,V,A,H,M,S,L,Q,L,L,K,G,R,S,V,L,D,A
sp|Q7RTU9|STRC_HUMAN,1439-1444,6,0,V,G,Q,L,C,R,E,P,Q,L,L,V,A,G,V,V,R,P,A,A
sp|Q8IZV5|RDH10_HUMAN,89-97,9,0,M,V,R,H,I,Y,R,D,L,E,G,N,G,E,E,E,I,L,P,H
sp|Q8N441|FGRL1_HUMAN,22-25,4,0,P,P,L,L,L,G,A,F,P,P,R,G,P,P,K,M,A,D,K,V
sp|Q8N8G2|VGLL2_HUMAN,276-281,6,0,P,C,E,L,S,G,K,G,E,P,G,P,G,G,P,F,A,S,P,S
sp|Q8N8R3|S2529_HUMAN,98-104,7,0,G,H,D,S,P,L,N,Q,F,L,I,Q,C,V,I,C,C,P,M,E
sp|Q8TB72|PUM2_HUMAN,285-289,5,0,Q,L,T,A,A,Q,Q,Q,Q,Y,Q,Q,P,H,I,A,G,V,F,S
sp|Q8TB72|PUM2_HUMAN,326-336,11,0,A,A,P,P,G,T,D,P,Y,T,G,P,A,V,V,P,P,Q,Y,Y
sp|Q8TB72|PUM2_HUMAN,362-366,5,0,V,Y,P,A,N,L,F,Q,Q,Q,N,N,T,A,S,Q,Q,A,A,S
sp|Q8TB72|PUM2_HUMAN,410-415,6,0,G,Q,Q,G,Q,Q,A,E,S,L,N,P,T,L,A,F,G,Q,G,L
sp|Q8TB72|PUM2_HUMAN,474-484,11,0,M,A,P,T,P,V,L,I,S,S,G,G,T,A,S,S,L,T,G,S
sp|Q96BY7|ATG2B_HUMAN,1953-1958,6,0,L,T,N,R,M,V,Q,T,I,Q,Y,D,M,V,S,P,G,T,L,S
sp|Q9BU89|DOHH_HUMAN,190-195,6,0,F,A,L,R,N,A,G,G,E,E,E,G,L,H,C,G,S,A,L,F
sp|Q9BU89|DOHH_HUMAN,226-230,5,0,L,Q,H,E,A,A,V,P,Q,L,R,C,T,E,N,P,M,V,R,H
sp|Q9UKY7|CDV3_HUMAN,28-35,8,0,K,K,K,K,K,E,R,S,N,R,G,S,A,G,G,S,S,G,A,A
sp|Q9UKY7|CDV3_HUMAN,44-48,5,0,A,A,G,S,A,G,G,S,S,G,G,G,G,A,G,A,G,T,R,P
sp|Q9UKY7|CDV3_HUMAN,64-69,6,0,A,G,T,R,P,G,D,G,G,T,G,P,G,A,A,T,K,A,V,T
sp|Q9UMX0|UBQL1_HUMAN,23-32,10,1,S,Q,D,S,A,A,G,A,E,G,E,P,K,I,M,K,V,T,V,K
sp|Q9UPM8|AP4E1_HUMAN,26-30,5,0,F,L,Q,N,Q,P,G,G,G,P,S,F,S,S,R,L,G,S,L,V
sp|A6NEM1|GG6L9_HUMAN,366-369,4,0,G,A,E,E,P,R,G,S,E,S,R,P,V,A,G,A,P,V,P,Q
sp|C9JL84|HHLA1_HUMAN,449-453,5,0,R,C,P,Q,P,L,F,K,V,G,P,L,T,L,A,I,Q,R,L,N
sp|O43306|ADCY6_HUMAN,185-189,5,0,R,P,Q,P,A,Y,V,A,L,L,L,F,V,G,L,M,V,V,C,N
sp|O76050|NEUL1_HUMAN,265-269,5,0,L,N,V,P,G,A,D,G,D,E,G,C,P,I,P,Q,N,S,L,N
sp|P17342|ANPRC_HUMAN,121-126,6,1,R,A,L,F,S,L,V,D,R,V,K,P,D,L,I,L,G,P,V,C
sp|P17342|ANPRC_HUMAN,139-144,6,1,D,L,I,L,G,P,V,C,E,Y,R,L,A,S,H,W,D,L,P,M
sp|P17342|ANPRC_HUMAN,157-162,6,1,A,S,H,W,D,L,P,M,L,S,G,F,Q,H,K,D,S,E,Y,S
sp|P17612|KAPCA_HUMAN,4-7,4,1,-,-,-,-,-,-,-,M,G,N,K,K,G,S,E,Q,E,S,V,K
sp|P28356|HXD9_HUMAN,57-61,5,0,G,R,P,A,G,V,A,D,G,P,E,F,A,S,C,S,F,A,P,R
sp|P28356|HXD9_HUMAN,88-91,4,0,S,W,S,A,V,P,S,Q,P,P,M,S,G,L,Y,H,P,Y,V,P
sp|P28356|HXD9_HUMAN,166-174,9,0,R,H,Y,G,I,K,P,E,T,R,S,T,T,S,S,S,S,T,S,L
sp|P28356|HXD9_HUMAN,217-220,4,0,F,S,C,N,S,F,L,Q,E,K,T,G,G,T,G,P,G,A,G,I
sp|P30559|OXYR_HUMAN,11-19,9,0,M,E,G,A,L,A,A,N,W,S,P,P,G,A,E,G,N,R,T,A
sp|P30559|OXYR_HUMAN,236-243,8,1,K,I,W,Q,N,L,R,L,K,T,P,E,G,A,A,A,G,D,G,G
sp|P35249|RFC4_HUMAN,158-162,5,1,I,L,D,E,A,D,S,M,T,S,L,R,R,T,M,E,K,E,S,K
sp|Q3B820|F161A_HUMAN,38-44,7,0,A,Q,Y,E,R,E,D,P,L,K,I,L,E,D,E,E,E,E,K,V
sp|Q5T5P2|SKT_HUMAN,831-835,5,0,V,T,D,G,L,L,K,G,T,D,Q,Y,M,A,M,E,K,A,T,A
sp|Q5VZI3|TM268_HUMAN,168-173,6,0,K,A,N,T,N,T,D,L,R,L,L,L,R,H,R,V,L,L,G,V
sp|Q66K89|E4F1_HUMAN,29-38,10,0,A,E,A,G,R,E,A,G,E,G,P,S,G,F,L,G,L,P,A,P
sp|Q66K89|E4F1_HUMAN,124-129,6,0,P,I,T,V,A,H,I,V,V,E,D,I,S,H,A,S,D,L,V,G
sp|Q66K89|E4F1_HUMAN,705-708,4,0,M,D,E,E,T,A,L,G,P,E,D,T,I,T,I,A,T,P,E,S
sp|Q68DK7|MSL1_HUMAN,10-15,6,0,-,M,T,M,R,S,A,V,F,K,G,G,N,P,E,Q,R,L,D,Y
sp|Q68DK7|MSL1_HUMAN,119-123,5,0,T,K,Q,A,G,I,G,G,E,P,G,C,S,P,R,P,K,Y,Q,A
sp|Q68DK7|MSL1_HUMAN,159-164,6,0,P,T,P,W,A,G,D,K,G,G,T,A,S,D,P,A,G,P,P,P
sp|Q70CQ2|UBP34_HUMAN,475-480,6,0,S,M,L,I,K,A,L,W,N,N,Q,L,S,K,Q,S,S,F,A,S
sp|Q8N594|MPND_HUMAN,323-328,6,0,A,F,P,C,R,S,R,L,G,D,I,E,E,E,I,Y,Q,S,L,F
sp|Q8N944|AMER3_HUMAN,25-30,6,0,Q,V,S,H,E,K,P,P,D,P,R,E,G,T,G,P,W,S,V,L
sp|Q92824|PCSK5_HUMAN,221-224,4,1,K,H,G,T,R,C,A,G,E,V,N,N,S,H,C,T,V,G,I,A
sp|Q96CK0|ZN653_HUMAN,218-225,8,0,E,E,S,P,E,G,Q,P,V,K,T,P,T,S,P,V,G,S,S,G
sp|Q99873|ANM1_HUMAN,2-7,6,0,-,-,-,-,-,-,-,-,-,M,N,C,I,M,E,N,F,V,A,T
sp|Q99873|ANM1_HUMAN,106-111,6,1,G,S,G,T,G,I,L,C,M,F,R,K,V,I,G,I,E,C,S,S
sp|Q9BR10|SPT25_HUMAN,55-60,6,0,G,P,L,S,Q,K,A,E,Q,V,W,G,P,A,L,A,M,P,Q,A
sp|Q9BRR8|GPTC1_HUMAN,132-136,5,0,D,R,I,R,E,K,A,R,Q,L,P,I,P,G,A,T,L,L,D,D
sp|Q9BRR8|GPTC1_HUMAN,479-482,4,0,A,Q,S,S,R,A,Q,L,S,P,G,H,C,S,W,N,M,A,L,G
sp|Q9BV73|CP250_HUMAN,568-573,6,0,L,L,R,Q,E,Q,T,E,V,T,E,Q,S,I,A,E,L,S,S,S
sp|Q9BV73|CP250_HUMAN,1369-1374,6,0,H,L,Q,A,A,V,V,E,A,R,G,I,L,E,E,D,L,R,T,A
sp|Q9BV73|CP250_HUMAN,1958-1963,6,0,E,S,Q,S,S,R,H,Q,E,E,E,A,L,Q,E,A,L,G,K,A
sp|Q9H8Y5|ANKZ1_HUMAN,7-12,6,0,-,-,-,-,M,S,P,A,P,D,S,I,S,L,F,D,L,S,A,D
sp|Q9H8Y5|ANKZ1_HUMAN,541-545,5,0,L,G,S,G,G,F,T,L,L,H,G,R,G,S,V,V,R,L,L,L
sp|Q9NX74|DUS2L_HUMAN,422-427,6,0,S,T,L,W,D,K,S,K,K,L,I,V,C,L,R,S,Q,G,L,P
sp|Q9UGJ0|AAKG2_HUMAN,228-234,7,0,A,S,P,T,H,Y,A,P,S,K,L,G,P,A,E,A,G,M,L,E
sp|Q9UKX2|MYH2_HUMAN,1443-1447,5,0,D,L,M,L,D,V,E,R,T,N,L,D,K,K,Q,R,N,F,D,K
sp|Q9ULK2|AT7L1_HUMAN,13-16,4,0,S,E,R,S,R,I,P,C,L,S,E,G,T,G,K,K,Q,Q,E,G
sp|A0A1W2PQ73|ERFL_HUMAN,137-140,4,0,V,L,V,N,Y,P,L,L,D,M,T,G,S,P,L,L,L,T,P,S
sp|O75027|ABCB7_HUMAN,12-17,6,0,A,L,L,A,M,H,S,W,R,W,F,E,K,R,R,H,S,A,I,L
sp|P01130|LDLR_HUMAN,17-22,6,0,K,L,R,W,T,V,A,L,L,L,V,G,D,R,C,E,R,N,E,F
sp|P01130|LDLR_HUMAN,715-720,6,0,A,R,D,M,R,S,C,L,T,E,T,Q,E,T,S,T,V,R,L,K
sp|P03372|ESR1_HUMAN,64-70,7,0,Y,P,E,G,A,A,Y,E,F,N,Q,V,Y,G,Q,T,G,L,P,Y
sp|P83436|COG7_HUMAN,565-570,6,0,E,K,G,S,S,N,H,N,L,L,L,T,R,L,N,Q,Q,A,H,Q
sp|Q02505|MUC3A_HUMAN,37-42,6,0,T,S,I,S,Q,V,P,F,P,R,V,L,S,N,S,P,H,S,R,D
sp|Q13825|AUHM_HUMAN,2-11,10,0,-,-,-,-,-,-,-,-,-,M,L,G,S,L,H,A,G,G,A,R
sp|Q14005|IL16_HUMAN,251-257,7,1,P,I,G,I,Y,V,K,T,I,F,D,G,R,L,Q,E,G,D,E,I
sp|Q14005|IL16_HUMAN,1213-1219,7,0,M,P,D,L,N,S,S,T,D,S,S,D,V,S,V,E,S,T,A,E
sp|Q14397|GCKR_HUMAN,589-594,6,1,L,F,R,C,S,I,T,E,A,Q,P,S,V,C,E,A,V,R,S,A
sp|Q5T6X4|F162B_HUMAN,153-161,9,0,L,A,K,K,A,K,W,R,E,E,K,-,-,-,-,-,-,-,-,-
sp|Q5VTT5|MYOM3_HUMAN,66-72,7,0,E,E,H,E,F,S,A,A,D,Y,L,T,A,S,S,E,L,S,W,E
sp|Q6ZMC9|SIG15_HUMAN,283-287,5,0,F,K,A,L,L,L,L,G,V,L,R,R,R,P,E,H,L,D,T,P
sp|Q7RTU0|TCF24_HUMAN,18-23,6,0,G,S,P,L,S,A,S,A,E,P,I,R,D,S,R,P,G,R,T,G
sp|Q7RTU0|TCF24_HUMAN,51-56,6,1,G,G,S,R,S,G,S,G,R,P,R,E,R,S,R,V,Q,T,L,R
sp|Q8N5H7|SH2D3_HUMAN,427-431,5,0,P,A,Y,S,T,V,T,R,V,H,P,S,A,T,A,L,P,A,S,P
sp|Q8WXQ3|CN183_HUMAN,47-51,5,0,Q,Q,S,Q,P,T,S,V,L,S,Q,R,G,K,C,C,C,C,R,E
sp|Q92766|RREB1_HUMAN,680-685,6,0,P,Y,Q,C,N,I,C,D,Y,I,L,I,R,H,L,R,T,H,S,G
sp|Q92766|RREB1_HUMAN,797-801,5,0,R,K,P,F,E,C,K,E,C,S,K,R,N,C,I,H,H,I,L,K
sp|Q92766|RREB1_HUMAN,834-841,8,0,Y,V,L,A,A,D,G,L,G,P,S,G,R,G,E,D,S,G,C,A
sp|Q92766|RREB1_HUMAN,994-999,6,0,G,P,S,G,I,L,E,S,P,M,T,P,E,P,P,A,Q,P,L,Q
sp|Q92766|RREB1_HUMAN,1275-1281,7,0,M,L,T,H,T,D,S,Q,S,D,G,E,V,L,D,L,T,S,R,D
sp|Q92889|XPF_HUMAN,825-830,6,1,E,L,K,Q,S,K,P,Q,P,D,I,T,A,D,S,E,T,L,P,E
sp|Q96DU9|PABP5_HUMAN,156-161,6,0,G,Y,A,Y,V,H,F,D,S,L,I,W,H,M,N,G,V,R,L,N
sp|Q9H2P0|ADNP_HUMAN,429-432,4,0,R,V,L,G,Q,S,S,S,K,P,T,G,P,P,P,G,N,T,S,S
sp|Q9UBK5|HCST_HUMAN,55-60,6,0,L,S,L,P,L,L,A,G,L,V,S,L,L,I,V,G,A,V,F,L
sp|Q9UHI8|ATS1_HUMAN,40-45,6,0,F,G,P,V,P,T,L,L,L,L,V,S,D,A,L,G,R,P,S,E
sp|Q9UKA9|PTBP2_HUMAN,289-295,7,0,S,G,D,G,Q,P,A,L,D,P,K,E,T,S,L,L,A,V,P,G
sp|Q9UKA9|PTBP2_HUMAN,315-324,10,0,G,A,L,S,P,L,A,I,P,N,G,R,V,G,M,P,G,V,S,A
sp|O14529|CUX2_HUMAN,838-842,5,0,D,E,A,P,V,P,P,E,D,E,E,D,E,P,P,R,T,G,E,L
sp|O95996|APCL_HUMAN,704-708,5,0,L,L,A,H,R,P,A,K,H,Q,V,S,P,G,S,C,V,P,S,L
sp|O95996|APCL_HUMAN,749-753,5,0,L,E,H,L,E,K,Q,G,P,P,T,K,K,P,L,P,P,L,R,H
sp|O95996|APCL_HUMAN,788-792,5,0,F,D,D,D,D,A,P,S,S,L,T,G,E,P,A,S,P,A,A,L
sp|O95996|APCL_HUMAN,837-845,9,0,K,E,A,E,K,D,T,S,G,E,K,L,A,L,A,V,A,R,I,D
sp|O95996|APCL_HUMAN,1554-1558,5,0,G,R,K,E,A,P,A,P,S,K,P,P,P,A,R,T,Q,P,S,L
sp|O95996|APCL_HUMAN,1703-1706,4,0,A,N,S,I,V,T,W,L,H,Q,T,R,E,A,S,S,E,S,D,S
sp|O95996|APCL_HUMAN,2117-2125,9,0,V,A,R,R,P,D,G,A,V,P,R,R,S,S,D,G,E,P,R,P
sp|P0CK96|S352B_HUMAN,264-268,5,0,S,A,P,E,L,Q,F,Y,T,S,M,L,V,P,A,R,V,F,F,T
sp|P0DMR1|HNRC4_HUMAN,63-68,6,0,A,F,V,Q,Y,D,K,E,K,N,G,E,D,G,R,M,I,A,S,Q
sp|P13051|UNG_HUMAN,43-48,6,0,V,A,G,V,P,E,E,S,G,D,K,K,A,P,A,G,Q,E,E,P
sp|P26232|CTNA2_HUMAN,207-212,6,1,L,K,D,P,H,C,R,D,E,M,L,K,K,N,A,T,M,L,Y,T
sp|P36957|ODO2_HUMAN,148-153,6,0,T,P,L,F,T,L,R,K,T,G,K,P,A,E,A,P,A,A,A,A
sp|P36957|ODO2_HUMAN,156-166,11,0,T,G,A,A,P,A,K,A,K,P,E,P,T,A,A,A,V,P,P,P
sp|P49914|MTHFS_HUMAN,2-5,4,1,-,-,-,-,-,-,-,-,-,M,V,S,S,A,K,R,S,L,R,G
sp|Q13105|ZBT17_HUMAN,206-213,8,0,E,L,K,P,D,P,T,S,G,M,L,S,E,S,S,E,Q,E,M,E
sp|Q13105|ZBT17_HUMAN,669-674,6,0,V,D,D,M,V,T,L,A,T,E,V,T,Q,L,T,V,V,P,V,G
sp|Q15633|TRBP2_HUMAN,127-131,5,0,S,L,P,E,D,I,P,V,F,T,T,P,V,P,S,V,V,L,T,R
sp|Q4G0W2|DUS28_HUMAN,31-36,6,1,R,V,A,P,S,L,F,L,G,S,E,E,Q,L,A,R,A,G,V,T
sp|Q4G0W2|DUS28_HUMAN,87-92,6,1,D,L,L,A,H,L,E,P,T,C,V,R,A,G,G,A,C,L,V,Y
sp|Q5SNV9|CA167_HUMAN,531-536,6,0,R,H,L,V,K,R,Q,R,E,P,L,G,R,W,Q,L,L,R,K,C
sp|Q5SNV9|CA167_HUMAN,1130-1135,6,0,H,E,A,Q,Q,Q,A,G,E,S,Q,C,W,T,W,C,W,A,L,W
sp|Q6P597|KLC3_HUMAN,190-196,7,0,S,E,E,E,E,R,K,G,P,E,Q,Q,G,G,Y,E,I,P,A,R
sp|Q6P597|KLC3_HUMAN,454-459,6,0,E,K,L,V,S,R,L,R,G,E,G,M,K,R,A,M,S,L,N,T
sp|Q7Z3C6|ATG9A_HUMAN,589-594,6,0,F,L,K,E,Q,V,Q,R,D,G,Q,G,G,L,L,P,E,N,A,L
sp|Q86VZ4|LRP11_HUMAN,193-198,6,0,S,Y,S,L,S,R,A,P,D,G,R,A,S,P,R,Q,E,K,D,A
sp|Q8TDV0|GP151_HUMAN,3-7,5,0,-,-,-,-,-,-,-,-,M,L,D,S,N,S,S,S,M,N,V,S
sp|Q8TE60|ATS18_HUMAN,40-47,8,0,K,A,L,Q,L,C,C,L,C,C,S,D,S,S,S,G,A,S,G,L
sp|Q92530|PSMF1_HUMAN,9-14,6,1,-,-,M,A,G,L,E,V,L,F,I,T,C,R,Q,D,A,L,V,C
sp|Q9BQS8|FYCO1_HUMAN,967-972,6,0,E,K,E,S,L,Q,E,K,L,K,G,S,L,P,G,L,Q,A,Q,L
sp|Q9BYH8|IKBZ_HUMAN,42-47,6,0,L,S,Y,F,Y,G,A,S,P,P,C,D,A,S,C,S,V,L,G,P
sp|Q9H3F6|BACD3_HUMAN,13-18,6,0,E,M,S,G,E,S,V,V,S,S,T,R,T,T,S,F,K,G,T,S
sp|Q9NVI7|ATD3A_HUMAN,58-62,5,0,S,N,F,D,P,T,G,L,E,R,R,E,L,E,H,S,R,Y,A,K
sp|Q9UQD0|SCN8A_HUMAN,446-452,7,0,L,E,Q,L,K,K,Q,Q,E,E,T,S,A,G,T,V,S,E,D,A
sp|Q9Y5F2|PCDBB_HUMAN,676-681,6,0,F,S,Q,P,Y,L,P,L,P,E,Q,A,D,S,L,T,V,Y,L,V
sp|A0A0U1RQS6|TM275_HUMAN,95-98,4,0,R,R,G,L,A,P,R,G,R,S,G,P,G,Q,G,G,G,R,A,G
sp|A0A0U1RQS6|TM275_HUMAN,152-157,6,0,S,P,G,P,S,P,L,A,L,E,V,C,A,L,R,S,E,G,V,Q
sp|A6NI87|CBY3_HUMAN,212-216,5,0,K,Q,R,N,P,E,V,I,P,T,G,Q,R,K,M,R,K,R,A,G
sp|O00212|RHOD_HUMAN,3-7,5,0,-,-,-,-,-,-,-,-,M,T,G,E,E,A,P,P,G,V,R,S
sp|O15523|DDX3Y_HUMAN,495-500,6,0,F,R,S,G,K,S,P,I,L,V,R,G,L,D,I,S,N,V,R,H
sp|P54803|GALC_HUMAN,16-24,9,0,L,S,A,S,W,Q,R,R,A,K,G,R,A,A,V,P,L,L,L,C
sp|Q01167|FOXK2_HUMAN,2-7,6,0,-,-,-,-,-,-,-,-,-,M,L,S,G,A,G,T,P,P,A,G
sp|Q10586|DBP_HUMAN,56-61,6,0,S,C,L,L,K,E,K,E,R,K,T,T,P,G,P,G,L,E,T,A
sp|Q10586|DBP_HUMAN,169-174,6,0,S,A,S,P,R,S,S,P,G,H,L,G,T,A,S,G,H,R,A,G
sp|Q12948|FOXC1_HUMAN,28-33,6,0,Y,L,G,G,E,Q,S,Y,Y,R,G,G,G,Y,T,A,M,P,A,P
sp|Q12948|FOXC1_HUMAN,334-338,5,0,A,A,A,E,L,S,S,G,L,L,S,S,R,A,G,I,A,P,P,L
sp|Q12948|FOXC1_HUMAN,486-495,10,0,N,Q,A,G,G,D,L,G,H,L,G,Y,P,G,Q,Q,Q,N,F,H
sp|Q147X3|NAA30_HUMAN,31-36,6,0,A,A,V,E,P,R,C,P,F,P,C,C,S,E,D,E,E,D,D,E
sp|Q147X3|NAA30_HUMAN,156-159,4,0,A,R,T,A,V,P,S,P,V,E,S,D,P,A,A,A,R,N,G,L
sp|Q2VWA4|SKOR2_HUMAN,261-271,11,0,P,A,C,H,P,L,S,S,V,K,G,G,G,G,L,L,G,P,H,L
sp|Q2VWA4|SKOR2_HUMAN,321-327,7,0,F,D,D,D,D,D,S,L,Q,E,S,L,S,A,A,A,A,S,L,S
sp|Q2VWA4|SKOR2_HUMAN,331-334,4,0,A,A,V,V,A,A,A,S,L,S,S,L,S,V,A,A,A,S,G,G
sp|Q2VWA4|SKOR2_HUMAN,413-417,5,0,G,L,F,P,H,P,Y,T,F,P,F,S,L,C,H,K,K,E,D,A
sp|Q2VWA4|SKOR2_HUMAN,427-433,7,0,A,F,S,L,C,H,K,K,E,D,L,G,G,A,G,A,G,G,A,G
sp|Q2VWA4|SKOR2_HUMAN,581-590,10,0,A,G,S,T,P,P,A,D,S,V,G,S,G,P,A,G,S,R,V,P
sp|Q53ET0|CRTC2_HUMAN,632-636,5,0,D,S,S,P,G,F,S,K,E,I,G,V,P,G,F,E,V,S,A,A
sp|Q5XKL5|BTBD8_HUMAN,663-669,7,0,M,S,P,R,Q,V,V,E,R,S,T,G,Q,K,N,L,L,N,G,K
sp|Q6PRD1|GP179_HUMAN,56-61,6,0,S,V,P,M,Q,V,P,L,E,G,Y,L,Y,S,G,D,A,Q,Q,L
sp|Q6PRD1|GP179_HUMAN,875-880,6,0,Q,A,K,E,R,E,E,R,K,K,S,L,V,R,R,P,S,A,R,R
sp|Q86TM6|SYVN1_HUMAN,430-437,8,0,A,A,T,T,T,A,A,G,T,S,S,G,P,G,S,G,S,A,P,E
sp|Q92522|H1X_HUMAN,130-138,9,0,K,L,E,G,G,G,E,R,R,G,P,T,A,H,K,A,K,K,A,A
sp|Q92522|H1X_HUMAN,147-152,6,0,P,A,P,T,A,H,K,A,K,K,G,S,R,R,A,D,K,K,P,A
sp|Q92619|HMHA1_HUMAN,865-870,6,1,G,L,A,K,D,S,L,K,A,E,S,R,G,R,Q,D,G,S,E,S
sp|Q92754|AP2C_HUMAN,82-86,5,0,S,A,D,P,Y,S,H,L,G,E,I,N,P,L,H,Q,P,A,P,T
sp|Q96J01|THOC3_HUMAN,2-7,6,0,-,-,-,-,-,-,-,-,-,M,M,G,P,S,A,L,G,Q,S,G
sp|Q99608|NECD_HUMAN,50-55,6,0,E,P,Q,S,P,P,L,G,P,T,P,P,P,Q,A,P,N,D,E,G
sp|Q9C0D0|PHAR1_HUMAN,547-552,6,1,R,A,D,K,P,W,T,R,L,T,I,R,K,E,L,N,E,F,K,S
sp|Q9H207|O10A5_HUMAN,143-148,6,0,Y,P,V,I,M,N,Q,R,T,R,S,W,F,P,G,F,P,V,A,T
sp|Q9H7Z7|PGES2_HUMAN,61-65,5,0,A,R,K,G,S,P,R,L,L,G,L,G,G,A,L,G,L,Y,H,T
sp|Q9UK39|NOCT_HUMAN,48-57,10,0,V,P,R,P,A,S,P,R,L,L,R,S,C,S,R,T,V,C,S,M
sp|O43934|MFS11_HUMAN,436-441,6,0,T,I,S,F,F,T,V,E,W,E,R,G,S,D,Y,R,S,I,-,-
sp|O60312|AT10A_HUMAN,41-45,5,0,L,L,P,P,P,G,A,E,D,P,K,G,E,R,R,R,R,R,G,C
sp|P01350|GAST_HUMAN,12-17,6,0,Q,R,L,C,V,Y,V,L,I,F,F,S,E,A,S,W,K,P,R,S
sp|P21589|5NTD_HUMAN,5-10,6,0,-,-,-,-,-,-,M,C,P,R,T,L,L,L,A,L,G,A,V,L
sp|P31946|1433B_HUMAN,25-30,6,1,A,E,Q,A,E,R,Y,D,D,M,V,T,E,Q,G,H,E,L,S,N
sp|P47989|XDH_HUMAN,812-817,6,1,K,E,T,R,S,T,V,V,S,T,Y,K,T,G,R,P,V,R,C,M
sp|Q14409|GLPK3_HUMAN,459-466,8,0,P,L,M,P,E,T,T,A,L,G,E,G,V,D,V,W,S,L,E,P
sp|Q27J81|INF2_HUMAN,389-393,5,0,P,K,P,S,V,E,G,Q,Q,P,C,E,P,V,D,H,A,Q,S,E
sp|Q86SP6|GP149_HUMAN,279-287,9,0,P,S,S,D,T,V,F,G,P,G,C,R,R,E,N,R,G,T,L,Y
sp|Q8IXV7|KLD8B_HUMAN,68-74,7,0,T,W,L,A,L,A,P,L,P,T,V,V,L,G,K,Q,V,L,V,V
sp|Q8N6I4|LYSET_HUMAN,51-55,5,0,G,W,I,G,V,G,L,Y,L,L,F,Y,Y,V,F,E,I,S,E,T
sp|Q8TCT7|SPP2B_HUMAN,2-10,9,0,-,-,-,-,-,-,-,-,-,M,R,L,L,A,A,F,L,L,L,A
sp|Q8TD30|ALAT2_HUMAN,27-33,7,0,P,S,S,W,G,R,S,Q,S,S,V,L,K,V,R,P,E,R,S,R
sp|Q96EB6|SIR1_HUMAN,70-74,5,0,V,P,A,A,A,R,G,C,P,G,L,W,R,E,A,E,A,E,A,A
sp|Q96EB6|SIR1_HUMAN,79-86,8,0,G,A,A,A,A,A,L,W,R,E,G,G,E,Q,E,A,Q,A,T,A
sp|Q96EB6|SIR1_HUMAN,92-98,7,0,E,A,A,A,A,G,G,E,Q,E,G,E,G,D,N,G,P,G,L,Q
sp|Q96EB6|SIR1_HUMAN,135-139,5,0,D,D,D,E,G,E,E,E,E,E,I,G,Y,R,D,N,L,L,F,G
sp|Q96NX5|KCC1G_HUMAN,307-312,6,0,K,N,F,A,K,S,K,W,R,Q,V,V,H,H,M,R,K,L,H,M
sp|Q99523|SORT_HUMAN,62-68,7,0,G,P,I,G,V,S,W,G,L,R,F,P,R,G,G,R,W,R,R,S
sp|Q9H329|E41LB_HUMAN,42-45,4,0,E,R,D,G,G,P,R,G,G,P,S,S,S,A,L,P,A,A,P,G
sp|Q9H329|E41LB_HUMAN,77-83,7,0,L,T,G,G,A,A,V,H,I,S,T,L,Y,C,R,V,F,L,L,D
sp|Q9ULJ7|ANR50_HUMAN,647-652,6,1,V,D,C,A,D,A,D,S,R,T,W,G,G,H,E,D,I,V,L,N
sp|Q9ULJ7|ANR50_HUMAN,680-685,6,1,V,N,K,A,D,N,E,G,R,T,Y,M,G,H,R,E,I,V,E,H
sp|Q9UNI6|DUS12_HUMAN,39-43,5,0,E,V,Q,P,G,L,Y,F,G,G,E,P,D,H,L,R,E,A,G,I
sp|Q9Y6N6|LAMC3_HUMAN,2-5,4,0,-,-,-,-,-,-,-,-,-,M,L,L,L,G,L,A,L,L,A,P
sp|Q9Y6N6|LAMC3_HUMAN,67-72,6,0,P,P,E,D,F,C,P,H,V,G,H,C,Q,R,C,D,A,A,D,P
sp|Q9Y6N6|LAMC3_HUMAN,1132-1137,6,0,L,E,S,S,E,E,E,I,L,H,S,L,E,I,P,Q,E,G,P,S
sp|O00562|PITM1_HUMAN,487-491,5,0,L,R,L,V,P,C,P,P,I,C,L,V,S,N,L,S,P,Y,S,H
sp|O15105|SMAD7_HUMAN,79-85,7,0,A,K,G,H,H,H,P,H,P,P,G,G,A,E,A,D,L,K,A,L
sp|P06400|RB_HUMAN,10-18,9,0,-,M,P,P,K,T,P,R,K,T,E,P,P,A,P,P,P,P,P,P
sp|P0DTL6|ZTRF1_HUMAN,34-43,10,0,V,G,V,G,V,G,A,G,P,G,L,G,E,A,A,G,P,G,L,P
sp|P0DTL6|ZTRF1_HUMAN,83-96,14,0,P,D,A,P,P,K,K,R,L,R,G,S,G,K,L,E,E,R,L,Y
sp|P14859|PO2F1_HUMAN,572-576,5,0,V,M,V,T,A,S,G,L,Q,T,L,Q,G,A,A,Q,L,P,A,N
sp|P14859|PO2F1_HUMAN,590-596,7,0,A,A,Q,L,P,A,N,A,S,L,G,L,N,P,S,L,M,A,P,S
sp|P14859|PO2F1_HUMAN,695-700,6,0,L,T,S,N,P,V,S,L,V,S,G,N,S,A,P,V,A,S,L,H
sp|P28370|SMCA1_HUMAN,6-19,14,0,-,-,-,-,-,M,E,Q,D,T,T,I,V,V,I,E,D,E,Q,P
sp|P28370|SMCA1_HUMAN,39-46,8,0,P,G,P,S,T,S,Q,E,E,G,T,A,A,T,E,K,G,E,K,K
sp|P29508|SPB3_HUMAN,341-348,8,0,K,A,F,V,E,V,T,E,E,G,V,V,G,F,G,S,S,P,T,S
sp|Q00G26|PLIN5_HUMAN,174-180,7,0,H,F,L,P,M,T,E,E,E,L,E,G,P,E,V,G,S,V,E,D
sp|Q00G26|PLIN5_HUMAN,341-345,5,0,A,D,A,R,C,F,R,D,V,P,E,G,R,G,R,V,A,H,A,H
sp|Q02962|PAX2_HUMAN,406-413,8,0,Y,Y,Y,S,A,A,P,R,G,S,Y,D,R,H,-,-,-,-,-,-
sp|Q06609|RAD51_HUMAN,276-281,6,1,T,N,Q,V,V,A,Q,V,D,G,D,P,K,K,P,I,G,G,N,I
sp|Q13761|RUNX3_HUMAN,368-373,6,0,T,R,M,L,A,S,C,T,S,S,G,N,L,M,N,P,S,L,G,G
sp|Q14165|MLEC_HUMAN,37-42,6,0,R,G,P,G,L,G,V,A,G,V,G,L,P,E,S,V,I,W,A,V
sp|Q58EX7|PKHG4_HUMAN,696-701,6,0,L,S,E,P,A,C,H,C,H,H,C,R,R,P,E,A,G,G,G,A
sp|Q5JR59|MTUS2_HUMAN,846-851,6,0,L,R,P,P,G,Y,S,R,L,P,F,G,F,V,R,S,S,S,V,S
sp|Q5SW79|CE170_HUMAN,1547-1553,7,0,G,Q,P,E,A,R,A,L,H,P,E,F,E,N,A,E,S,E,A,D
sp|Q5VZK9|CARL1_HUMAN,1001-1006,6,0,K,R,N,K,K,Q,Q,P,T,Q,N,I,V,S,Q,D,G,E,Q,N
sp|Q6P1R3|MSD2_HUMAN,91-98,8,0,S,F,S,P,G,G,G,G,G,G,C,R,G,M,S,W,T,P,A,E
sp|Q6ZNA4|RN111_HUMAN,606-610,5,0,S,S,R,A,A,I,F,G,H,Q,P,S,Q,P,L,S,S,I,D,G
sp|Q86SE5|RALYL_HUMAN,68-73,6,1,A,F,V,Q,Y,M,S,E,R,H,G,E,N,A,R,V,I,A,G,Q
sp|Q86SX6|GLRX5_HUMAN,8-11,4,0,-,-,-,M,S,G,S,L,G,R,L,L,R,W,G,R,G,A,G,G
sp|Q8IXB1|DJC10_HUMAN,768-773,6,0,F,Q,E,E,Q,I,N,T,R,D,L,I,S,E,K,L,E,T,L,R
sp|Q8IXQ9|ETKMT_HUMAN,128-133,6,0,S,V,L,D,L,G,S,G,C,G,K,M,S,G,A,S,R,I,L,A
sp|Q8TEL6|TP4AP_HUMAN,2-8,7,0,-,-,-,-,-,-,-,-,-,M,G,S,G,A,G,R,G,R,R,S
sp|Q8TEL6|TP4AP_HUMAN,19-24,6,0,G,S,G,A,G,R,G,R,R,S,W,G,G,W,G,G,R,P,R,P
sp|Q96KR1|ZFR_HUMAN,36-43,8,0,G,N,Y,F,G,F,T,H,S,G,Q,Y,S,Q,Q,P,A,S,G,V
sp|Q96KR1|ZFR_HUMAN,78-88,11,0,Q,A,P,V,A,A,H,T,V,T,V,A,R,P,A,P,V,A,V,A
sp|Q96KR1|ZFR_HUMAN,96-105,10,0,T,V,A,V,A,R,P,A,P,V,Y,G,G,Y,P,T,A,H,T,A
sp|Q96KR1|ZFR_HUMAN,166-175,10,0,D,S,K,Q,Y,Y,Q,Q,P,T,Q,P,Q,P,S,V,A,E,T,Y
sp|Q96KR1|ZFR_HUMAN,238-241,4,0,Y,P,V,S,S,T,V,Q,P,V,T,V,V,P,S,Y,T,Q,S,A
sp|Q96KR1|ZFR_HUMAN,290-302,13,0,Y,Q,Q,Q,Q,Q,Q,Q,K,Q,W,T,G,T,T,F,T,K,K,A
sp|Q96KR1|ZFR_HUMAN,394-399,6,0,C,E,L,C,D,V,S,C,T,G,H,I,R,G,A,K,H,Q,K,V
sp|Q9BZ71|PITM3_HUMAN,880-885,6,0,T,Q,C,Q,F,L,S,E,G,Y,L,E,A,S,H,R,S,R,P,K
sp|Q9NU19|TB22B_HUMAN,93-98,6,0,P,S,F,Q,T,L,N,S,K,V,Q,V,L,E,N,H,S,K,L,R
sp|Q9NZP8|C1RL_HUMAN,202-207,6,0,Q,N,H,C,Q,E,P,Y,Y,Q,L,T,C,A,T,P,G,T,W,K
sp|Q9NZR4|VSX1_HUMAN,94-98,5,0,L,L,C,G,F,G,T,Q,P,P,P,C,L,L,L,A,D,V,P,F
sp|Q9UKX7|NUP50_HUMAN,101-107,7,0,G,N,N,I,T,S,A,P,P,F,D,P,K,V,A,F,G,S,L,A
sp|Q9UP83|COG5_HUMAN,51-54,4,0,V,A,G,L,G,A,R,G,S,G,T,V,R,E,L,L,Q,D,G,C
sp|O15438|MRP3_HUMAN,983-988,6,0,A,I,C,L,L,Y,V,G,Q,S,N,V,W,L,S,A,W,T,N,D
sp|O15438|MRP3_HUMAN,1029-1035,7,0,G,I,L,Q,G,F,L,V,M,L,G,G,I,Q,A,A,R,V,L,H
sp|O15479|MAGB2_HUMAN,69-74,6,0,P,Q,E,P,Q,R,A,P,T,T,G,V,S,S,T,K,S,K,K,G
sp|O96004|HAND1_HUMAN,64-71,8,0,P,D,F,P,A,G,G,P,P,P,Y,G,P,D,A,R,P,G,Q,S
sp|P02461|CO3A1_HUMAN,1202-1206,5,0,A,P,G,P,C,C,G,G,V,G,G,I,G,G,E,K,A,G,G,F
sp|P11277|SPTB1_HUMAN,455-460,6,0,V,A,Q,D,N,F,G,Y,D,L,K,K,K,H,E,A,I,E,T,D
sp|P51810|GP143_HUMAN,73-76,4,0,S,P,P,A,S,V,R,I,L,R,C,D,L,L,G,C,L,G,M,V
sp|Q15506|SP17_HUMAN,37-41,5,1,I,L,R,E,Q,P,D,N,I,P,Y,F,E,S,L,L,E,K,R,E
sp|Q2M3C7|SPKAP_HUMAN,499-504,6,0,S,R,Q,P,Q,S,A,L,E,V,T,V,I,G,T,I,S,S,P,Q
sp|Q6EMK4|VASN_HUMAN,579-584,6,0,A,R,E,G,N,L,P,L,L,I,V,L,L,A,A,L,A,A,V,G
sp|Q6EMK4|VASN_HUMAN,588-596,9,0,I,A,P,A,L,A,A,V,L,L,Y,C,V,R,R,G,R,A,M,A
sp|Q6EMK4|VASN_HUMAN,604-609,6,0,G,A,A,Y,C,V,R,R,G,R,Q,D,K,G,Q,V,G,P,G,A
sp|Q8IWS0|PHF6_HUMAN,233-238,6,0,E,A,R,G,K,L,H,I,F,N,H,Y,K,C,M,L,F,S,S,G
sp|Q8TBC3|SHKB1_HUMAN,2-8,7,0,-,-,-,-,-,-,-,-,-,M,E,G,V,P,S,R,G,P,P,G
sp|Q9GZV8|PRD14_HUMAN,58-65,8,0,E,D,F,Q,P,F,R,Q,L,E,M,P,P,F,P,F,R,M,A,P
sp|Q9Y2B5|VP9D1_HUMAN,2-5,4,0,-,-,-,-,-,-,-,-,-,M,G,D,G,T,V,K,P,L,Q,S
sp|Q9Y2B5|VP9D1_HUMAN,306-310,5,0,Y,S,A,L,Y,P,A,V,S,R,P,G,C,C,P,P,T,P,N,P
sp|Q9Y2B5|VP9D1_HUMAN,562-568,7,0,A,T,P,Q,A,G,P,P,P,I,D,D,L,L,P,I,L,S,F,V
sp|Q9Y2X3|NOP58_HUMAN,54-59,6,0,L,K,H,F,E,K,F,Q,D,T,F,T,A,L,M,E,G,K,I,N
sp|B2RTY4|MYO9A_HUMAN,1075-1079,5,0,A,A,V,Q,K,D,A,F,V,M,L,L,Q,A,S,W,R,A,H,L
sp|P02008|HBAZ_HUMAN,120-125,6,1,L,A,A,R,F,P,A,D,F,T,W,D,K,F,L,S,V,V,S,S
sp|P05387|RLA2_HUMAN,80-84,5,1,A,V,A,V,S,A,A,P,G,S,G,S,A,P,A,A,A,E,E,K
sp|P05387|RLA2_HUMAN,87-91,5,1,P,G,S,A,A,P,A,A,G,S,E,E,K,K,D,E,K,K,E,E
sp|P31994|FCG2B_HUMAN,235-240,6,0,I,V,A,V,V,T,G,I,A,V,V,V,A,L,I,Y,C,R,K,K
sp|P35711|SOX5_HUMAN,291-294,4,0,P,V,F,P,P,D,Q,R,T,L,Q,Q,G,F,L,L,P,P,G,F
sp|P35711|SOX5_HUMAN,324-329,6,0,Y,P,V,Q,L,I,P,T,T,M,T,P,G,L,G,P,L,Q,L,Q
sp|P35711|SOX5_HUMAN,343-348,6,0,L,G,P,L,Q,L,Q,Q,L,Y,M,Q,V,S,P,G,G,K,L,P
sp|P36897|TGFR1_HUMAN,3-7,5,0,-,-,-,-,-,-,-,-,M,E,P,R,P,R,L,L,L,L,V,L
sp|P36897|TGFR1_HUMAN,18-26,9,0,P,R,P,R,L,L,L,L,V,L,L,L,P,G,A,T,A,L,Q,C
sp|P52790|HXK3_HUMAN,400-405,6,0,A,V,C,T,R,A,A,Q,L,C,V,L,S,C,L,Q,H,S,R,E
sp|P52790|HXK3_HUMAN,473-478,6,0,G,R,G,V,A,M,V,T,A,V,H,R,R,L,L,E,E,T,L,A
sp|Q13061|TRDN_HUMAN,366-371,6,0,S,E,T,K,Q,G,T,V,K,I,K,K,D,E,K,K,E,D,S,K
sp|Q15714|T22D1_HUMAN,9-15,7,0,-,-,M,H,Q,P,P,E,S,T,D,I,S,A,R,K,M,A,H,P
sp|Q16787|LAMA3_HUMAN,2-5,4,0,-,-,-,-,-,-,-,-,-,M,R,P,R,G,R,A,L,G,P,V
sp|Q16787|LAMA3_HUMAN,2045-2049,5,0,L,S,D,L,R,A,R,L,Q,E,K,Q,A,N,G,L,N,Q,E,N
sp|Q16787|LAMA3_HUMAN,2188-2197,10,0,A,Y,E,N,I,L,N,A,I,K,S,A,S,E,S,A,L,Q,T,V
sp|Q3KQV3|ZN792_HUMAN,2-5,4,0,-,-,-,-,-,-,-,-,-,M,L,R,D,P,A,Q,G,C,V,T
sp|Q5VSG8|MANEL_HUMAN,54-67,14,0,L,A,P,F,E,R,R,P,E,G,P,P,P,P,P,P,P,P,R,T
sp|Q8WUD6|CHPT1_HUMAN,2-7,6,0,-,-,-,-,-,-,-,-,-,M,G,S,A,P,R,W,L,R,A,L
sp|Q92908|GATA6_HUMAN,16-21,6,0,G,G,W,C,L,P,K,R,F,G,S,D,S,R,A,F,P,A,R,E
sp|Q92908|GATA6_HUMAN,173-183,11,0,D,G,A,P,G,G,F,V,H,S,S,S,P,V,Y,V,P,T,T,R
sp|Q92908|GATA6_HUMAN,252-257,6,0,A,G,G,G,A,A,G,P,G,G,H,V,S,A,R,F,P,Y,S,P
sp|Q96A09|TET5B_HUMAN,21-32,12,0,R,D,R,A,A,A,Q,V,G,T,G,G,G,P,D,P,E,A,L,S
sp|Q96A09|TET5B_HUMAN,383-389,7,0,A,L,Q,A,L,A,E,Q,G,P,W,R,P,P,G,T,D,G,V,V
sp|Q96RT7|GCP6_HUMAN,937-941,5,0,L,D,L,P,P,S,A,P,G,E,S,T,Q,P,S,R,P,Q,E,Y
sp|Q96RT7|GCP6_HUMAN,1404-1411,8,0,A,Q,S,S,P,G,R,G,E,E,Q,G,G,E,Q,A,Y,L,A,G
sp|Q9BXQ6|T121B_HUMAN,141-145,5,0,S,M,T,A,A,D,F,G,G,G,V,G,G,P,G,S,R,S,A,G
sp|Q9BXQ6|T121B_HUMAN,281-286,6,0,A,P,P,L,H,L,P,A,P,S,K,A,R,G,A,R,G,G,A,G
sp|Q9BXQ6|T121B_HUMAN,304-308,5,0,G,A,G,G,A,G,G,G,L,G,G,E,F,A,F,A,Y,L,A,W
sp|Q9BXQ6|T121B_HUMAN,448-454,7,0,S,P,V,L,W,L,Y,E,L,N,S,W,G,Q,A,S,G,P,G,S
sp|Q9UJU5|FOXD3_HUMAN,85-90,6,0,H,Q,Q,P,L,T,L,P,K,E,G,P,G,G,D,V,G,A,P,E
sp|Q9UJU5|FOXD3_HUMAN,262-268,7,0,M,M,Q,S,F,G,A,Y,S,L,G,P,Y,G,R,P,Y,G,L,H
sp|Q9UJU5|FOXD3_HUMAN,280-285,6,0,P,Y,G,R,P,Y,G,L,H,P,Y,S,H,P,A,A,A,A,A,A
sp|Q9UJU5|FOXD3_HUMAN,290-300,11,0,A,A,A,A,G,A,Y,S,H,P,L,Q,Y,P,Y,A,L,P,P,V
sp|Q9UJU5|FOXD3_HUMAN,350-358,9,0,G,L,Q,L,Q,L,N,S,L,G,G,A,A,G,T,T,A,S,L,I
sp|Q9UJU5|FOXD3_HUMAN,460-473,14,0,V,P,L,S,G,Q,F,L,Q,P,K,W,P,A,Q,-,-,-,-,-
sp|Q9Y4W6|AFG32_HUMAN,528-533,6,1,G,A,D,V,A,N,V,C,N,E,R,H,L,S,D,S,I,N,Q,K
sp|A6NF01|P121B_HUMAN,163-167,5,0,T,Q,P,S,F,T,F,T,L,P,S,P,P,T,S,L,L,A,P,S
sp|A6NF01|P121B_HUMAN,301-305,5,0,G,T,Q,N,T,S,P,S,S,P,S,S,A,S,P,M,F,K,P,I
sp|A6NF01|P121B_HUMAN,585-590,6,0,F,G,S,S,F,T,F,G,N,S,P,T,P,A,P,P,S,M,I,K
sp|O15534|PER1_HUMAN,1106-1111,6,0,K,Y,F,G,S,I,D,S,S,E,R,G,G,A,E,P,G,D,Q,V
sp|P0CJ88|DU4L5_HUMAN,211-217,7,0,A,L,P,Q,G,A,F,V,S,Q,L,Q,P,S,Q,A,A,P,A,E
sp|P0CJ88|DU4L5_HUMAN,240-245,6,0,S,Q,P,A,P,A,R,G,D,F,P,P,D,G,A,L,S,H,P,Q
sp|P11161|EGR2_HUMAN,300-309,10,0,E,G,P,R,L,P,G,S,S,S,Y,N,P,H,H,L,P,L,R,P
sp|P18206|VINC_HUMAN,45-50,6,1,K,A,I,P,D,L,T,A,P,V,V,S,N,L,V,R,V,G,K,E
sp|P18206|VINC_HUMAN,610-615,6,0,S,D,T,T,T,P,I,K,L,L,P,P,D,A,P,N,R,E,E,V
sp|P18206|VINC_HUMAN,644-649,6,0,E,N,H,S,G,K,L,G,A,T,V,G,T,A,N,K,S,T,V,E
sp|P18206|VINC_HUMAN,929-937,9,0,P,A,A,E,V,G,I,G,V,V,G,F,P,V,P,P,D,M,E,D
sp|P29375|KDM5A_HUMAN,1048-1052,5,0,E,A,L,P,Q,V,E,S,Q,V,W,R,E,R,T,G,R,T,F,L
sp|P29375|KDM5A_HUMAN,1568-1571,4,0,E,E,E,R,K,K,K,K,E,K,K,V,E,L,V,K,E,S,T,E
sp|P34897|GLYM_HUMAN,331-338,8,1,P,S,L,Q,G,G,P,H,N,H,L,K,Q,A,C,T,P,M,F,R
sp|P78329|CP4F2_HUMAN,113-118,6,0,H,P,D,I,I,R,S,V,I,N,P,K,D,K,F,F,Y,S,F,L
sp|Q00796|DHSO_HUMAN,2-5,4,1,-,-,-,-,-,-,-,-,-,M,K,P,N,N,L,S,L,V,V,H
sp|Q0D2K2|KLH30_HUMAN,151-156,6,0,F,G,E,Q,Q,G,L,L,G,V,F,L,R,E,N,F,E,A,V,A
sp|Q13158|FADD_HUMAN,84-91,8,0,D,L,L,R,R,V,D,D,F,E,P,G,E,E,D,L,C,A,A,F
sp|Q14258|TRI25_HUMAN,422-426,5,1,L,V,D,L,K,Q,A,G,L,E,T,S,S,H,P,N,S,T,S,L
sp|Q6VVB1|NHLC1_HUMAN,102-107,6,0,L,L,G,S,A,L,R,Q,S,P,P,S,A,P,G,A,L,T,C,H
sp|Q6ZU67|BEND4_HUMAN,93-97,5,0,Q,S,S,Y,P,P,G,P,G,R,S,S,S,S,P,S,C,T,P,A
sp|Q6ZU67|BEND4_HUMAN,142-146,5,0,F,A,A,V,V,R,Y,G,P,G,G,T,G,G,T,G,S,D,S,A
sp|Q7RTP0|NIPA1_HUMAN,4-16,13,0,-,-,-,-,-,-,-,M,G,T,G,E,G,A,R,S,P,S,P,A
sp|Q8IYB5|SMAP1_HUMAN,268-272,5,0,V,M,P,P,A,Q,G,T,P,S,T,L,S,T,V,T,S,G,D,L
sp|Q8IZ02|LRC34_HUMAN,20-25,6,0,G,E,R,S,M,G,S,S,R,E,R,S,P,A,W,A,S,T,Q,A
sp|Q8N9M5|TM102_HUMAN,385-391,7,0,K,A,R,I,P,A,P,L,L,Q,L,L,R,P,L,V,A,G,T,R
sp|Q8TE82|S3TC1_HUMAN,267-271,5,0,P,S,P,S,V,S,S,E,E,V,P,E,P,L,I,P,F,H,Q,W
sp|Q8TE82|S3TC1_HUMAN,1263-1267,5,0,P,F,D,A,A,G,Y,Y,Q,L,V,D,L,G,N,K,K,A,Q,L
sp|Q92692|NECT2_HUMAN,2-6,5,0,-,-,-,-,-,-,-,-,-,M,L,L,P,S,R,S,P,P,T,P
sp|Q92692|NECT2_HUMAN,371-376,6,0,I,I,G,G,I,I,A,A,I,I,T,G,I,L,I,C,R,Q,Q,R
sp|Q96S19|MTL26_HUMAN,4-7,4,0,-,-,-,-,-,-,-,M,L,V,E,R,N,K,D,P,I,L,H,V
sp|Q9NR34|MA1C1_HUMAN,85-90,6,0,A,R,E,Q,E,P,P,P,N,P,P,G,E,D,D,P,S,S,W,A
sp|Q9NTJ4|MA2C1_HUMAN,2-6,5,0,-,-,-,-,-,-,-,-,-,M,L,K,H,W,R,T,T,L,E,R
sp|Q9NTJ4|MA2C1_HUMAN,609-616,8,0,I,R,S,H,G,N,T,L,L,S,G,E,P,G,P,E,G,L,L,I
sp|Q9NVR0|KLH11_HUMAN,2-16,15,0,-,-,-,-,-,-,-,-,-,M,S,L,Q,V,L,E,M,E,S,M
sp|Q9NVR0|KLH11_HUMAN,29-34,6,0,Q,V,L,E,M,E,S,M,E,T,G,L,A,A,E,V,R,G,S,G
sp|Q9P2S2|NRX2A_HUMAN,21-26,6,0,P,P,P,L,L,L,L,L,L,L,D,G,L,E,F,G,G,G,P,G
sp|Q9P2S2|NRX2A_HUMAN,1644-1647,4,0,S,T,T,G,M,V,V,G,I,V,L,C,I,L,I,L,L,Y,A,M
sp|A6NGB7|TM221_HUMAN,19-25,7,0,V,L,A,A,M,T,L,L,G,I,L,G,A,Q,L,L,F,Q,L,Q
sp|A6NGB7|TM221_HUMAN,71-76,6,0,E,D,A,A,G,T,L,L,P,L,L,V,L,V,L,G,F,T,C,L
sp|A6NGB7|TM221_HUMAN,151-154,4,0,A,L,L,L,F,E,I,E,T,G,S,I,L,G,S,G,T,L,V,L
sp|A6NGB7|TM221_HUMAN,175-179,5,0,V,A,V,L,T,H,T,L,L,R,R,R,G,L,H,E,L,S,P,P
sp|A6NGB7|TM221_HUMAN,236-241,6,0,P,G,D,P,F,G,S,M,A,T,L,E,G,G,W,E,S,S,L,P
sp|A6NJZ7|RIM3C_HUMAN,827-831,5,0,V,S,L,A,L,E,M,G,G,S,P,K,L,K,I,F,M,A,Q,Y
sp|A8CG34|P121C_HUMAN,4-10,7,0,-,-,-,-,-,-,-,M,S,P,G,E,R,R,R,P,I,A,S,V
sp|A8CG34|P121C_HUMAN,51-56,6,0,L,V,G,L,L,L,Y,L,V,P,W,L,A,V,G,T,T,A,A,W
sp|A8CG34|P121C_HUMAN,556-560,5,0,T,Q,P,S,F,T,F,T,L,P,S,P,P,T,S,L,L,A,P,S
sp|A8CG34|P121C_HUMAN,694-698,5,0,G,T,Q,N,T,S,P,S,S,P,S,S,A,S,P,M,F,K,P,I
sp|A8CG34|P121C_HUMAN,978-983,6,0,F,G,S,S,F,T,F,G,N,S,T,A,P,T,P,A,P,A,S,T
sp|O15511|ARPC5_HUMAN,53-58,6,1,D,S,C,L,R,Q,G,N,M,T,L,K,N,P,P,I,N,T,K,S
sp|O75382|TRIM3_HUMAN,279-285,7,0,L,V,R,K,H,M,R,E,R,L,F,P,E,R,P,H,E,N,A,Q
sp|P50221|MEOX1_HUMAN,53-58,6,0,F,S,F,H,Q,K,P,D,F,L,Y,P,D,F,S,A,S,C,L,A
sp|Q13263|TIF1B_HUMAN,2-16,15,0,-,-,-,-,-,-,-,-,-,M,S,G,S,P,G,P,G,E,G,S
sp|Q13263|TIF1B_HUMAN,35-48,14,0,G,S,A,G,G,E,K,R,S,T,S,S,P,A,G,G,G,A,E,A
sp|Q13263|TIF1B_HUMAN,95-100,6,1,H,S,A,C,S,A,C,L,G,P,N,S,S,G,D,G,G,A,A,G
sp|Q13263|TIF1B_HUMAN,526-530,5,0,D,Y,N,L,I,V,I,E,R,G,T,G,Q,P,G,T,A,P,A,G
sp|Q15021|CND1_HUMAN,467-471,5,0,L,Q,E,M,R,A,Q,R,R,T,V,L,D,P,E,E,E,W,E,A
sp|Q15021|CND1_HUMAN,1035-1040,6,0,P,G,L,Y,S,N,P,D,L,S,L,G,K,F,C,M,I,S,A,T
sp|Q5VST9|OBSCN_HUMAN,101-106,6,0,A,F,A,A,V,G,L,Q,V,D,E,Q,A,P,H,F,L,L,R,P
sp|Q5VST9|OBSCN_HUMAN,192-198,7,1,Y,E,V,R,A,E,N,P,L,G,L,V,V,D,S,D,A,A,D,T
sp|Q5VST9|OBSCN_HUMAN,710-713,4,0,A,P,G,L,T,A,N,K,P,P,R,E,V,L,A,R,L,H,E,E
sp|Q5VST9|OBSCN_HUMAN,6089-6093,5,0,G,V,D,S,G,Q,Y,M,C,F,G,N,C,S,T,L,G,K,I,L
sp|Q6DD87|ZN787_HUMAN,253-267,15,0,I,I,V,V,G,A,P,G,E,G,G,P,R,S,R,R,A,P,A,P
sp|Q8IXL6|FA20C_HUMAN,52-57,6,0,G,E,P,G,C,S,C,A,Q,P,P,G,W,A,Q,V,R,G,R,P
sp|Q8IXL6|FA20C_HUMAN,72-77,6,0,Q,V,R,G,R,P,G,E,P,P,G,D,A,G,W,P,N,K,H,T
sp|Q8NAA4|A16L2_HUMAN,200-204,5,1,D,L,L,E,R,L,V,Q,R,K,E,R,N,L,R,N,E,R,R,E
sp|Q8NAX2|KDF1_HUMAN,323-330,8,0,P,Q,T,S,E,G,R,S,T,R,P,D,S,G,H,E,T,M,V,G
sp|Q8NDL9|CBPC5_HUMAN,561-566,6,0,T,V,E,L,F,E,Q,V,G,R,L,D,M,A,E,C,N,P,W,P
sp|Q8WV93|AFG1L_HUMAN,28-34,7,0,P,L,R,G,R,C,V,G,C,G,P,L,A,T,A,P,G,K,P,F
sp|Q969S9|RRF2M_HUMAN,454-461,8,0,G,D,T,I,V,S,S,K,S,S,E,R,E,G,E,K,K,H,R,Q
sp|Q96RP3|UCN2_HUMAN,90-95,6,0,I,G,L,L,Q,I,L,L,E,Q,R,E,Q,A,T,T,N,A,R,I
sp|Q9BQC3|DPH2_HUMAN,62-67,6,0,L,Q,F,P,D,Q,L,L,G,D,R,L,E,E,T,T,G,S,K,M
sp|Q9BXM0|PRAX_HUMAN,204-211,8,0,R,V,R,E,V,A,E,E,A,Q,P,P,P,R,K,A,K,V,E,A
sp|Q9BXM0|PRAX_HUMAN,1456-1460,5,0,G,A,P,G,P,A,R,M,E,G,V,-,-,-,-,-,-,-,-,-
sp|Q9H1B4|NXF5_HUMAN,60-65,6,0,R,N,R,A,C,F,F,V,Q,V,L,K,D,V,S,Y,K,I,Y,D
sp|Q9H467|CUED2_HUMAN,128-132,5,0,E,M,L,K,E,E,T,R,S,S,D,T,Q,D,E,A,T,G,A,E
sp|Q9NZV8|KCND2_HUMAN,2-7,6,1,-,-,-,-,-,-,-,-,-,M,W,L,P,F,A,R,A,A,A,I
sp|Q9NZV8|KCND2_HUMAN,12-16,5,1,A,A,G,V,A,A,W,L,P,F,I,G,W,M,P,V,A,S,G,P
sp|Q9ULD9|ZN608_HUMAN,73-80,8,0,K,D,C,G,G,P,A,S,S,G,D,G,L,K,F,A,S,V,Q,A
sp|Q9ULD9|ZN608_HUMAN,176-181,6,0,N,S,N,S,T,S,T,S,T,S,G,S,C,G,K,S,K,E,E,K
sp|Q9ULD9|ZN608_HUMAN,438-444,7,0,M,R,G,G,R,G,R,G,K,R,P,G,S,E,A,S,F,T,E,S
sp|Q9ULD9|ZN608_HUMAN,1497-1502,6,0,S,A,A,L,V,A,S,Q,Q,V,S,G,M,F,P,G,Q,R,R,E
tr|A0A1B0GVM2|A0A1B0GVM2_HUMAN,357-361,5,0,G,Q,N,A,E,V,S,L,S,E,G,L,R,V,Q,I,G,C,H,T
sp|O43482|MS18B_HUMAN,153-157,5,1,P,V,G,F,H,L,Y,S,T,H,L,R,G,H,F,C,L,S,S,D
sp|O95872|GPAN1_HUMAN,38-42,5,0,P,E,K,P,E,S,T,L,D,G,F,Y,E,A,L,I,G,D,E,S
sp|O95872|GPAN1_HUMAN,78-85,8,0,R,K,R,K,K,R,R,I,M,K,E,G,A,S,G,R,H,G,Q,G
sp|P02458|CO2A1_HUMAN,338-343,6,0,L,P,G,E,R,G,R,T,G,P,R,G,N,D,G,Q,P,G,P,A
sp|P04844|RPN2_HUMAN,256-260,5,0,F,E,S,L,S,E,A,F,S,V,V,L,S,H,N,R,Y,H,V,P
sp|P0DPF5|CB27A_HUMAN,149-155,7,0,Q,S,S,S,P,A,A,E,G,P,V,C,L,P,A,G,G,A,G,E
sp|P17813|EGLN_HUMAN,628-633,6,0,R,S,P,S,K,R,E,P,V,V,S,S,E,S,S,S,T,N,H,S
sp|P41181|AQP2_HUMAN,97-102,6,1,A,F,Y,V,A,A,Q,L,L,G,L,L,H,E,I,T,P,A,D,I
sp|P47883|OR3A4_HUMAN,222-227,6,0,A,P,L,V,L,I,T,V,S,Y,V,L,R,I,R,S,A,E,G,R
sp|P51686|CCR9_HUMAN,105-109,5,0,L,L,F,L,V,T,L,P,F,W,D,Q,W,K,F,Q,T,F,M,C
sp|P52815|RM12_HUMAN,107-116,10,0,L,V,P,M,G,G,V,M,S,G,V,E,E,D,I,P,I,A,K,E
sp|P56945|BCAR1_HUMAN,506-510,5,0,P,Q,E,P,L,V,Q,D,L,Q,V,Q,S,A,V,H,E,L,L,E
sp|Q03169|TNAP2_HUMAN,105-110,6,0,R,P,L,L,A,L,E,R,E,L,G,G,V,S,E,E,E,L,V,R
sp|Q03169|TNAP2_HUMAN,168-171,4,0,V,A,E,Q,E,R,E,D,R,Q,G,P,G,T,S,G,L,A,A,T
sp|Q03169|TNAP2_HUMAN,258-263,6,0,A,Y,A,E,S,Y,H,Q,H,F,V,A,Q,F,E,L,C,E,R,D
sp|Q15915|ZIC1_HUMAN,72-76,5,0,T,A,F,T,S,Q,A,P,G,Y,L,G,H,H,H,H,P,G,H,V
sp|Q15915|ZIC1_HUMAN,110-116,7,0,F,L,F,R,N,R,G,F,G,D,Q,H,S,L,F,A,A,S,A,G
sp|Q16322|KCA10_HUMAN,214-219,6,1,L,L,F,E,Y,P,E,S,S,S,V,V,S,V,L,V,V,V,I,S
sp|Q4G0I0|UQCC4_HUMAN,7-12,6,0,-,-,-,-,M,N,R,V,L,C,V,R,A,L,R,L,I,G,W,A
sp|Q8N5C8|TAB3_HUMAN,659-662,4,0,K,V,Q,A,D,I,H,D,T,Q,D,E,H,R,T,G,S,T,Q,S
sp|Q8N5T2|TBC19_HUMAN,478-486,9,0,I,L,G,Y,N,S,L,E,I,L,F,R,A,V,N,L,M,E,V,T
sp|Q8N5T2|TBC19_HUMAN,499-503,5,0,A,V,N,L,M,E,V,T,S,L,V,L,A,D,L,S,T,L,K,V
sp|Q8N8A2|ANR44_HUMAN,114-119,6,0,D,K,N,W,Q,T,P,L,H,V,V,K,C,A,E,V,I,I,P,L
sp|Q8N8A2|ANR44_HUMAN,411-414,4,0,P,D,K,F,G,R,T,C,L,H,G,G,N,V,E,C,I,K,L,L
sp|Q8N8A2|ANR44_HUMAN,845-849,5,0,R,D,D,K,G,R,T,P,L,H,D,H,V,E,C,L,Q,L,L,L
sp|Q8TE58|ATS15_HUMAN,142-147,6,0,A,E,Y,V,I,S,P,L,P,N,Q,R,N,S,Q,G,A,H,L,L
sp|Q8WWU7|ITLN2_HUMAN,26-29,4,0,F,F,S,V,A,T,S,G,C,S,S,S,L,E,M,L,S,R,E,F
sp|Q92506|DHB8_HUMAN,137-141,5,1,N,L,K,G,T,F,L,V,T,Q,L,V,S,N,G,C,R,G,S,I
sp|Q96G91|P2Y11_HUMAN,289-294,6,0,S,T,R,C,P,S,F,A,D,I,L,E,L,G,P,Y,V,G,Y,Q
sp|Q9BQ69|MACD1_HUMAN,63-68,6,0,R,R,A,R,T,S,A,G,V,G,V,G,R,T,A,G,V,R,T,W
sp|Q9NZC9|SMAL1_HUMAN,675-681,7,0,A,P,G,R,I,N,A,R,T,R,K,E,M,T,T,K,D,K,T,K
sp|Q9NZV5|SELN_HUMAN,36-45,10,0,R,R,A,R,S,L,A,L,L,G,V,R,V,C,A,R,H,A,E,A
sp|Q9NZV5|SELN_HUMAN,53-59,7,0,A,A,A,V,R,V,C,A,R,H,R,Q,E,L,A,L,K,T,L,G
sp|Q9UKJ3|GPTC8_HUMAN,1345-1352,8,0,L,L,A,K,Q,V,K,A,F,P,T,P,A,L,Q,P,I,H,I,Q
sp|Q9UKJ3|GPTC8_HUMAN,1384-1390,7,0,T,V,Q,H,A,I,L,Q,H,H,I,G,I,H,P,H,P,H,P,Q
sp|Q9UKJ3|GPTC8_HUMAN,1472-1478,7,0,L,Y,P,T,L,L,A,P,R,P,L,H,L,H,P,L,L,H,P,I
sp|Q9Y5B0|CTDP1_HUMAN,38-42,5,0,A,P,L,R,L,L,E,W,R,V,V,R,I,G,S,V,L,A,V,F
sp|Q9Y5B0|CTDP1_HUMAN,54-58,5,0,R,I,G,S,V,L,A,V,F,E,Q,S,S,G,A,S,Q,S,R,V
sp|A0A0J9YVY3|HV741_HUMAN,12-17,6,0,D,W,T,W,R,I,L,F,L,V,H,S,Q,V,Q,L,V,Q,S,G
sp|O75822|EIF3J_HUMAN,2-8,7,0,-,-,-,-,-,-,-,-,-,M,G,D,S,D,S,W,D,A,D,A
sp|P0C671|BNIP5_HUMAN,187-190,4,0,A,R,G,R,E,E,G,L,S,K,L,R,S,G,E,A,D,L,G,P
sp|P0C671|BNIP5_HUMAN,456-462,7,0,K,K,H,T,S,K,E,P,R,R,S,P,E,A,R,R,P,K,R,P
sp|P13535|MYH8_HUMAN,1440-1444,5,0,D,L,M,L,D,V,E,R,S,N,L,D,K,K,Q,R,N,F,D,K
sp|P49748|ACADV_HUMAN,3-8,6,0,-,-,-,-,-,-,-,-,M,Q,S,L,G,R,Q,L,L,R,L,G
sp|P49748|ACADV_HUMAN,345-349,5,1,H,I,L,N,N,G,R,F,G,M,G,T,M,R,G,I,I,A,K,A
sp|Q12873|CHD3_HUMAN,206-221,16,0,F,S,A,N,N,P,F,K,G,S,E,Q,V,S,A,A,V,S,S,A
sp|Q12873|CHD3_HUMAN,1933-1938,6,0,G,P,Y,A,T,P,P,G,Y,G,P,V,G,A,L,A,A,A,G,A
sp|Q12873|CHD3_HUMAN,1942-1948,7,0,G,A,A,F,S,A,A,P,V,G,N,Y,S,Q,M,P,A,G,S,F
sp|Q13506|NAB1_HUMAN,190-196,7,0,S,P,A,S,P,K,E,S,S,E,L,S,V,A,E,C,V,E,R,M
sp|Q14190|SIM2_HUMAN,413-417,5,0,Q,L,G,N,W,R,A,S,P,P,P,P,E,L,Q,P,H,S,E,S
sp|Q14190|SIM2_HUMAN,526-530,5,0,A,R,H,S,L,V,P,S,Y,E,V,R,R,F,G,E,D,T,A,P
sp|Q14190|SIM2_HUMAN,560-565,6,0,R,E,E,P,A,L,G,P,A,K,R,D,G,A,R,L,A,L,A,R
sp|Q14190|SIM2_HUMAN,572-577,6,0,R,Q,A,A,R,D,G,A,R,L,P,E,C,C,A,P,P,T,P,E
sp|Q14190|SIM2_HUMAN,615-619,5,0,V,L,A,R,R,G,P,L,G,G,S,G,L,A,C,A,P,G,G,P
sp|Q14689|DIP2A_HUMAN,194-199,6,0,S,S,H,P,G,G,R,P,T,T,T,P,G,A,A,A,T,T,A,L
sp|Q14689|DIP2A_HUMAN,203-208,6,0,T,A,P,S,A,A,A,T,P,G,L,A,G,L,E,A,H,T,H,I
sp|Q14689|DIP2A_HUMAN,1114-1117,4,0,A,V,T,R,L,L,R,S,K,E,V,D,I,R,T,W,P,T,I,L
sp|Q5TCS8|KAD9_HUMAN,443-449,7,0,A,R,E,T,L,V,E,N,T,I,I,K,V,V,K,E,K,L,L,R
sp|Q5W0V3|FHI2A_HUMAN,378-383,6,0,D,Q,L,I,K,E,A,Q,K,T,K,A,V,H,E,R,F,F,I,G
sp|Q643R3|LPCT4_HUMAN,393-398,6,0,T,K,G,L,V,D,F,R,D,V,L,D,G,G,R,S,L,E,E,L
sp|Q6N021|TET2_HUMAN,1471-1476,6,0,V,K,T,C,R,Q,R,K,L,E,E,K,L,S,S,L,E,N,S,S
sp|Q6ZSI9|CAN12_HUMAN,109-112,4,0,Q,G,S,L,G,N,C,W,F,L,S,L,T,L,Y,P,R,L,L,R
sp|Q8NEZ4|KMT2C_HUMAN,3763-3768,6,0,V,S,S,A,Q,S,P,P,H,S,K,G,D,S,G,N,E,L,L,K
sp|Q96AP0|ACD_HUMAN,38-43,6,1,A,G,Q,L,L,E,V,L,Q,D,G,P,S,H,A,P,D,T,S,D
sp|Q96S44|PRPK_HUMAN,2-6,5,0,-,-,-,-,-,-,-,-,-,M,T,T,P,A,D,G,E,E,P,A
sp|Q96S44|PRPK_HUMAN,19-25,7,1,P,A,D,G,E,E,P,A,P,E,R,E,R,S,S,R,F,L,S,G
sp|Q99999|G3ST1_HUMAN,351-356,6,0,M,R,T,I,C,I,D,G,G,H,I,Q,D,E,A,M,Q,P,W,Q
sp|Q9BYD2|RM09_HUMAN,256-261,6,0,K,R,Y,K,Y,W,L,A,Q,Q,P,T,S,P,Q,I,-,-,-,-
sp|Q9BZV2|S19A3_HUMAN,328-333,6,0,A,V,E,A,I,A,T,F,G,G,V,G,Y,V,K,V,N,W,D,L
sp|Q9GZZ7|GFRA4_HUMAN,133-137,5,0,F,C,E,R,S,R,V,C,R,C,G,P,W,R,G,W,G,R,G,L
sp|Q9H7X3|ZN696_HUMAN,21-26,6,0,K,E,S,S,T,L,M,E,S,L,F,L,A,Q,A,P,S,G,S,R
sp|Q9H7X3|ZN696_HUMAN,49-54,6,0,E,V,Q,A,A,Q,S,T,E,P,P,E,G,E,G,H,R,G,G,P
sp|Q9HC84|MUC5B_HUMAN,593-600,8,0,T,G,A,A,F,A,N,T,W,K,R,N,S,F,E,D,P,C,S,L
sp|Q9HC84|MUC5B_HUMAN,1128-1135,8,0,S,G,G,D,C,E,C,F,C,T,C,H,D,A,G,L,C,V,S,W
sp|Q9HC84|MUC5B_HUMAN,5123-5130,8,0,S,L,Y,L,D,N,H,Y,C,T,R,C,P,R,A,L,S,I,H,Y
sp|Q9NX46|ADPRS_HUMAN,2-10,9,0,-,-,-,-,-,-,-,-,-,M,G,G,G,A,G,A,A,R,S,L
sp|Q9NY64|SL2A8_HUMAN,29-34,6,0,S,A,P,R,G,R,R,V,F,L,L,G,P,L,S,F,G,F,A,L
sp|Q9NYP9|MS18A_HUMAN,73-76,4,0,D,M,E,R,A,Q,L,E,E,E,E,E,R,P,L,V,F,L,C,S
sp|Q9UJA2|CRLS1_HUMAN,80-89,10,0,S,G,A,G,K,A,A,P,R,P,P,G,G,Q,W,G,P,A,S,T
sp|Q9UJA2|CRLS1_HUMAN,254-259,6,0,V,N,T,A,V,Q,L,I,L,V,P,V,F,N,Y,A,D,S,I,Y
sp|Q9Y6X6|MYO16_HUMAN,1321-1326,6,0,S,Y,E,A,V,S,A,C,L,S,N,E,A,L,A,R,P,R,P,H
sp|Q9Y6X6|MYO16_HUMAN,1379-1384,6,0,S,R,P,G,D,A,R,P,A,G,R,V,L,T,P,G,T,P,Q,C
tr|A0A075B7D0|A0A075B7D0_HUMAN,12-17,6,0,D,W,T,W,R,I,L,F,L,V,H,S,Q,V,Q,L,V,Q,S,G
sp|A8MUX0|KR161_HUMAN,504-511,8,0,A,K,P,I,S,P,T,T,R,E,S,K,P,A,N,C,-,-,-,-
sp|O43405|COCH_HUMAN,486-492,7,0,G,Q,S,Y,D,D,V,Q,G,P,G,I,T,I,F,S,V,G,V,A
sp|O43761|SNG3_HUMAN,145-151,7,0,P,G,P,A,T,T,Q,A,G,D,F,S,F,F,S,I,L,S,W,V
sp|O95180|CAC1H_HUMAN,592-600,9,0,I,E,G,P,Q,E,R,A,R,V,S,L,R,L,A,T,G,L,G,T
sp|O96018|APBA3_HUMAN,348-352,5,1,A,Q,L,I,A,Q,A,I,G,Q,Y,S,Q,F,L,R,E,S,G,I
sp|O96018|APBA3_HUMAN,458-463,6,0,N,G,T,S,L,V,G,L,P,L,V,R,E,T,K,S,Q,T,S,V
sp|P16519|NEC2_HUMAN,385-391,7,0,N,C,T,L,R,H,S,G,T,S,G,V,F,A,L,A,L,E,A,N
sp|P16671|CD36_HUMAN,141-145,5,0,E,A,D,N,F,T,V,L,N,L,S,H,I,Y,Q,N,Q,F,V,Q
sp|P22004|BMP6_HUMAN,33-39,7,0,G,P,P,P,L,R,P,P,L,P,G,G,Q,L,L,G,D,G,G,S
sp|P52306|GDS1_HUMAN,432-437,6,1,L,L,G,T,L,R,M,L,I,D,E,Q,L,G,K,N,V,K,L,V
sp|Q3KQZ1|S2535_HUMAN,103-112,10,0,L,H,T,A,E,G,T,H,S,P,G,V,M,G,A,Y,L,G,S,P
sp|Q3ZLR7|SP201_HUMAN,492-501,10,0,P,Q,Q,A,G,S,P,L,K,P,P,S,H,S,Q,K,P,S,V,P
sp|Q5VTH9|DNAI4_HUMAN,9-14,6,0,-,-,M,T,P,G,K,H,S,G,N,G,G,A,W,G,Y,R,D,F
sp|Q86TI4|WDR86_HUMAN,157-162,6,0,A,P,W,D,L,P,S,T,P,C,G,G,L,L,V,T,G,S,T,D
sp|Q86V15|CASZ1_HUMAN,749-757,9,0,S,A,S,P,T,S,Q,Q,S,S,T,E,A,G,P,S,A,T,K,P
sp|Q86V15|CASZ1_HUMAN,848-853,6,0,T,L,V,A,S,G,A,G,D,S,S,V,P,A,P,P,A,S,I,M
sp|Q86V15|CASZ1_HUMAN,878-884,7,0,A,S,K,G,L,I,S,P,M,M,L,K,P,S,A,T,F,D,P,G
sp|Q86V15|CASZ1_HUMAN,1663-1670,8,0,D,A,A,A,P,G,P,R,E,G,G,E,S,S,Q,E,D,E,E,E
sp|Q86V15|CASZ1_HUMAN,1726-1735,10,0,R,T,D,S,E,E,S,L,P,E,R,T,P,A,L,A,A,L,A,A
sp|Q86V15|CASZ1_HUMAN,1739-1745,7,0,E,A,A,G,A,G,A,R,T,P,L,G,A,P,G,P,A,P,T,A
sp|Q86XL3|ANKL2_HUMAN,7-13,7,0,-,-,-,-,M,L,W,P,R,L,L,A,W,E,L,L,G,A,S,V
sp|Q86XL3|ANKL2_HUMAN,54-59,6,0,R,S,G,T,P,V,P,P,P,S,S,G,E,M,T,M,D,A,L,L
sp|Q96B18|DACT3_HUMAN,69-78,10,0,D,E,E,D,A,D,E,D,E,D,L,E,E,Q,L,E,A,L,P,G
sp|Q96B18|DACT3_HUMAN,337-342,6,0,S,W,E,S,E,A,A,P,E,P,P,S,P,P,D,S,P,A,E,G
sp|Q96B18|DACT3_HUMAN,466-470,5,0,R,P,R,R,G,P,A,P,T,L,G,S,C,R,R,W,R,S,T,A
sp|Q96B18|DACT3_HUMAN,581-585,5,0,G,G,L,V,W,P,Q,Q,L,V,S,G,G,G,A,G,A,G,A,P
sp|Q96BH1|RNF25_HUMAN,2-9,8,0,-,-,-,-,-,-,-,-,-,M,G,E,E,D,W,V,L,P,S,E
sp|Q96CT7|CC124_HUMAN,13-17,5,0,K,K,F,Q,G,E,N,T,K,S,R,R,A,E,A,K,A,A,A,D
sp|Q96CT7|CC124_HUMAN,20-28,9,0,T,K,S,A,A,A,R,A,R,R,K,K,Q,K,E,L,E,D,A,Y
sp|Q9BQI6|SLF1_HUMAN,59-63,5,0,E,R,L,C,K,S,E,K,F,L,G,K,W,I,L,T,K,D,Y,I
sp|Q9H3P7|GCP60_HUMAN,63-69,7,0,A,S,G,E,Q,P,E,P,G,E,E,E,A,R,R,L,E,Q,R,W
sp|Q9H7D7|WDR26_HUMAN,84-97,14,0,L,N,V,N,N,G,V,P,G,G,T,T,A,A,S,S,S,L,A,T
sp|Q9UPX6|MNAR1_HUMAN,893-900,8,0,E,F,R,R,A,K,V,C,K,I,C,T,V,I,L,V,I,V,V,P
sp|Q9Y584|TIM22_HUMAN,2-8,7,0,-,-,-,-,-,-,-,-,-,M,G,G,S,A,P,E,T,A,G,S
sp|Q9Y584|TIM22_HUMAN,183-188,6,1,K,A,G,A,I,G,C,G,G,F,I,D,Y,Y,L,R,-,-,-,-
sp|Q9Y697|NFS1_HUMAN,44-49,6,0,G,D,R,A,P,Q,S,A,V,P,P,E,V,G,P,V,L,R,P,L
sp|O60299|LZTS3_HUMAN,547-553,7,0,E,S,D,E,A,K,M,R,R,Q,S,L,V,S,V,D,G,E,A,E
sp|O94822|LTN1_HUMAN,162-166,5,0,L,M,A,Q,C,D,T,Y,T,P,K,D,A,F,E,A,A,F,P,P
sp|P15559|NQO1_HUMAN,25-29,5,1,R,T,S,F,N,Y,A,M,K,E,L,K,K,K,G,W,E,V,V,E
sp|P19532|TFE3_HUMAN,137-140,4,0,E,Q,E,R,R,E,R,R,E,Q,P,F,P,S,P,A,P,A,S,P
sp|P21675|TAF1_HUMAN,1156-1161,6,0,E,R,K,E,L,Q,R,M,L,L,S,G,N,N,H,R,D,D,D,T
sp|P49790|NU153_HUMAN,269-272,4,0,F,Y,P,G,K,T,T,Y,G,G,V,R,Q,S,K,L,R,N,T,P
sp|P56192|SYMC_HUMAN,17-22,6,1,D,G,V,P,G,C,L,P,V,L,R,G,R,A,E,V,L,I,S,T
sp|P60468|SC61B_HUMAN,21-27,7,0,V,G,S,S,G,R,S,P,S,K,G,S,T,V,R,Q,R,K,N,A
sp|P82979|SARNP_HUMAN,121-125,5,0,N,V,P,V,S,L,E,S,K,K,R,F,G,I,S,S,V,P,T,K
sp|Q01543|FLI1_HUMAN,22-27,6,0,V,S,D,D,Q,S,L,F,D,S,H,L,P,K,A,D,M,T,A,S
sp|Q3B726|RPA43_HUMAN,35-39,5,0,V,L,P,C,L,E,L,P,T,Y,L,V,N,S,R,Y,S,C,L,V
sp|Q5XXA6|ANO1_HUMAN,545-549,5,0,L,G,V,I,I,Y,R,I,S,M,M,N,S,S,P,S,V,R,S,N
sp|Q63ZY3|KANK2_HUMAN,283-287,5,0,E,R,D,L,G,M,P,D,G,E,K,V,A,V,L,E,T,Q,L,K
sp|Q63ZY3|KANK2_HUMAN,346-351,6,0,P,R,E,V,E,V,V,A,S,T,Q,R,A,Q,S,L,E,P,Y,G
sp|Q63ZY3|KANK2_HUMAN,550-555,6,0,S,V,A,E,A,P,Q,L,R,P,K,T,S,R,Q,E,C,Q,L,S
sp|Q68E01|INT3_HUMAN,9-19,11,0,-,-,M,E,L,Q,K,G,K,G,G,G,G,G,G,G,A,G,A,G
sp|Q68E01|INT3_HUMAN,697-702,6,1,I,G,Y,H,L,L,Y,Y,L,R,G,K,M,N,L,Y,E,S,F,A
sp|Q8NI36|WDR36_HUMAN,51-56,6,0,C,F,P,S,G,P,E,L,R,G,M,E,R,A,S,E,R,R,T,A
sp|Q8WWL2|SPIR2_HUMAN,10-14,5,0,-,M,A,R,A,G,S,C,G,G,G,R,P,E,P,W,E,L,S,L
sp|Q92574|TSC1_HUMAN,983-989,7,1,G,L,L,K,K,L,E,E,E,K,E,E,R,L,D,C,C,N,D,G
sp|Q96A37|RN166_HUMAN,224-229,6,0,T,F,V,D,Y,S,I,D,E,E,L,A,L,S,L,S,E,N,-,-
sp|Q96B36|AKTS1_HUMAN,53-58,6,0,P,C,A,Y,A,A,H,G,R,G,R,R,C,L,H,D,I,A,L,A
sp|Q96B36|AKTS1_HUMAN,71-75,5,0,C,L,H,D,I,A,L,A,H,R,R,P,P,A,P,P,P,A,P,Q
sp|Q96BZ8|LENG1_HUMAN,65-70,6,0,R,H,Q,N,S,L,P,E,L,E,P,G,S,G,P,V,D,L,F,R
sp|Q9BZM3|GSX2_HUMAN,96-101,6,0,G,V,T,G,A,G,G,S,G,V,L,P,L,L,K,G,Q,F,S,S
sp|Q9BZM3|GSX2_HUMAN,147-162,16,0,H,H,H,Q,P,Q,Q,P,G,S,L,G,H,P,Q,H,H,A,P,V
sp|Q9H2F9|CCD68_HUMAN,122-126,5,0,L,K,I,K,L,Q,A,S,R,E,L,R,N,V,A,Q,R,L,F,E
sp|Q9NVH2|INT7_HUMAN,157-163,7,1,L,D,S,H,D,N,V,E,V,E,N,F,S,A,Q,S,K,D,F,A
sp|Q9Y4G6|TLN2_HUMAN,677-683,7,0,F,Q,D,V,L,M,S,L,A,K,M,L,V,L,K,A,K,N,V,A
sp|Q9Y4G6|TLN2_HUMAN,876-882,7,0,L,A,D,S,T,A,R,M,V,E,N,P,E,N,E,D,Q,Q,Q,R
sp|Q9Y4G6|TLN2_HUMAN,903-911,9,0,L,R,E,A,A,E,G,L,R,V,I,K,K,K,I,V,N,R,L,E
sp|Q9Y4G6|TLN2_HUMAN,923-931,9,0,K,K,K,I,V,N,R,L,E,V,T,Q,T,I,A,A,S,Q,N,A
sp|Q9Y4G6|TLN2_HUMAN,1148-1152,5,0,R,G,V,A,A,S,T,T,D,P,M,L,D,S,A,R,D,V,M,E
sp|Q9Y4G6|TLN2_HUMAN,1338-1343,6,0,P,G,A,P,N,A,K,N,L,L,V,T,E,S,I,N,Q,L,I,T
sp|Q9Y4G6|TLN2_HUMAN,1441-1446,6,0,A,S,K,A,L,C,G,L,T,E,Y,L,V,G,I,S,D,P,N,S
sp|Q9Y4G6|TLN2_HUMAN,1904-1908,5,0,Y,G,H,L,A,F,Q,G,Q,M,E,P,E,E,I,G,F,Q,I,R
sp|Q9Y4G6|TLN2_HUMAN,2188-2193,6,0,R,M,T,K,G,I,T,M,A,T,G,N,S,C,R,Q,E,D,V,I
sp|Q9Y4G6|TLN2_HUMAN,2354-2359,6,0,E,Q,I,L,E,A,A,K,S,I,L,V,K,S,A,S,A,A,Q,R
sp|Q9Y4G6|TLN2_HUMAN,2474-2479,6,0,V,K,R,A,S,D,N,L,V,R,F,G,K,A,D,D,D,D,V,V
sp|Q9Y5E9|PCDBE_HUMAN,676-681,6,0,F,S,Q,P,Y,L,P,L,P,E,Q,A,D,S,L,T,V,Y,L,V
sp|A8MXK1|VSTM5_HUMAN,157-161,5,0,H,F,V,A,V,I,L,A,F,L,V,L,I,S,L,M,W,V,C,N
sp|B1AKI9|ISM1_HUMAN,35-40,6,0,R,G,S,G,A,A,D,G,P,D,S,Q,A,Q,L,Q,N,N,L,N
tr|G3V523|G3V523_HUMAN,77-82,6,0,G,R,G,F,P,R,R,S,P,T,S,A,L,K,I,-,-,-,-,-
sp|O43815|STRN_HUMAN,28-45,18,0,A,G,G,A,K,G,L,G,P,L,Q,Y,S,L,P,G,I,L,H,F
sp|O75131|CPNE3_HUMAN,405-411,7,0,T,N,F,S,P,I,I,N,H,V,T,Q,Q,Q,T,A,S,Q,Y,F
sp|P07196|NFL_HUMAN,202-207,6,1,L,M,E,A,R,K,G,A,D,E,E,L,E,K,R,I,D,S,L,M
sp|P11166|GTR1_HUMAN,402-407,6,0,A,E,L,F,S,Q,G,P,R,P,G,F,S,N,W,T,S,N,F,I
sp|P15692|VEGFA_HUMAN,130-135,6,1,T,G,E,A,A,V,C,A,D,S,P,Q,A,L,A,R,A,S,G,R
sp|P20719|HXA5_HUMAN,74-82,9,0,F,G,S,G,E,R,A,R,S,Y,E,P,R,Y,S,Q,P,A,T,S
sp|P20719|HXA5_HUMAN,262-267,6,0,K,D,N,K,L,K,S,M,S,M,F,R,P,-,-,-,-,-,-,-
sp|P23526|SAHH_HUMAN,88-95,8,1,S,C,N,I,F,S,T,Q,D,H,G,I,P,V,Y,A,W,K,G,E
sp|P28300|LYOX_HUMAN,79-84,6,0,R,R,D,P,G,A,A,V,P,G,Q,Q,P,R,T,P,I,L,L,I
sp|P30530|UFO_HUMAN,407-412,6,0,G,S,V,S,N,L,T,V,C,V,G,D,G,P,W,S,L,P,V,P
sp|P30530|UFO_HUMAN,457-462,6,0,S,W,P,W,W,Y,V,L,L,G,C,V,L,I,L,A,L,F,L,V
sp|P40425|PBX2_HUMAN,137-145,9,0,V,A,G,P,E,K,G,G,G,S,S,G,G,G,V,S,P,D,N,S
sp|P52739|ZN131_HUMAN,582-588,7,0,M,N,Q,E,E,R,E,S,S,Q,R,E,D,H,E,D,A,E,D,L
sp|P56975|NRG3_HUMAN,5-8,4,0,-,-,-,-,-,-,M,S,E,G,S,P,P,G,A,A,S,A,A,A
sp|P56975|NRG3_HUMAN,13-21,9,0,E,G,A,A,A,A,S,P,P,G,E,E,G,T,A,A,A,A,A,A
sp|P56975|NRG3_HUMAN,26-34,9,0,A,A,A,A,S,A,E,E,G,T,G,G,G,P,D,G,G,G,E,G
sp|P63162|RSMN_HUMAN,151-159,9,0,V,M,T,P,Q,G,R,G,T,V,S,I,A,G,A,P,T,Q,Y,P
sp|Q5SYB0|FRPD1_HUMAN,35-40,6,0,L,R,R,S,R,D,S,S,A,R,D,G,P,A,R,N,P,T,Q,T
sp|Q5T4W7|ARTN_HUMAN,115-120,6,1,A,A,R,A,G,G,P,G,S,R,R,G,C,R,L,R,S,Q,L,V
sp|Q6RFH5|WDR74_HUMAN,2-6,5,0,-,-,-,-,-,-,-,-,-,M,R,W,N,H,V,W,V,G,T,E
sp|Q6VUC0|AP2E_HUMAN,17-22,6,0,S,A,M,E,R,P,D,G,L,G,R,L,S,S,L,P,Q,A,A,Y
sp|Q6VUC0|AP2E_HUMAN,43-48,6,0,G,P,A,P,P,L,C,H,T,P,E,F,Q,P,P,Y,F,P,P,P
sp|Q6VUC0|AP2E_HUMAN,69-75,7,0,Y,P,Q,P,P,L,P,Y,G,Q,F,P,H,L,A,G,D,P,Y,G
sp|Q6VUC0|AP2E_HUMAN,98-109,12,0,A,P,L,A,Q,P,Q,P,P,Q,H,E,E,P,P,G,L,L,A,P
sp|Q6VUC0|AP2E_HUMAN,321-325,5,0,F,G,Y,V,C,E,T,E,F,P,E,Y,L,C,R,Q,H,A,D,P
sp|Q709C8|VP13C_HUMAN,1216-1226,11,0,N,F,Q,T,A,K,E,S,L,S,T,S,V,K,D,L,A,Q,R,S
sp|Q709C8|VP13C_HUMAN,1736-1741,6,0,K,E,A,L,S,T,A,T,V,Q,S,S,M,K,D,L,A,Q,K,S
sp|Q7L592|NDUF7_HUMAN,14-19,6,0,L,L,R,S,G,L,G,P,L,C,I,P,F,I,W,R,G,K,Y,F
sp|Q7Z7A3|CTU1_HUMAN,11-15,5,0,M,P,A,P,P,C,A,S,C,H,L,R,R,P,L,S,G,Q,A,L
sp|Q7Z7A3|CTU1_HUMAN,97-101,5,0,V,D,E,G,I,G,G,Y,R,D,V,R,R,Q,A,A,R,W,E,L
sp|Q7Z7A3|CTU1_HUMAN,274-279,6,0,L,D,L,V,H,S,A,E,R,L,R,P,P,R,P,G,A,C,S,R
sp|Q8N4V1|EMC5_HUMAN,16-25,10,1,W,K,G,L,V,G,I,G,L,F,Q,H,R,S,Y,M,R,L,T,E
sp|Q96C19|EFHD2_HUMAN,33-40,8,0,E,T,P,E,Q,P,G,L,N,G,P,D,E,A,A,E,A,L,G,S
sp|Q96T51|RUFY1_HUMAN,84-89,6,0,T,G,N,L,S,A,S,C,G,S,G,L,G,G,G,D,S,G,D,G
sp|Q9H1U4|MEGF9_HUMAN,24-38,15,0,S,L,G,G,L,A,L,L,C,C,G,N,V,T,G,G,G,G,A,A
sp|Q9H1Z4|WDR13_HUMAN,441-445,5,0,M,C,V,H,F,F,D,V,E,R,V,N,K,L,Q,G,H,S,A,P
sp|Q9Y6R7|FCGBP_HUMAN,163-168,6,0,A,R,N,V,K,E,F,A,V,V,S,V,S,V,T,L,K,G,S,V
sp|Q9Y6R7|FCGBP_HUMAN,1022-1027,6,0,D,D,L,A,L,R,G,G,G,Q,F,G,N,S,W,Q,E,E,T,R
sp|Q9Y6R7|FCGBP_HUMAN,1110-1119,10,0,G,Q,S,G,P,L,C,D,A,L,G,A,T,V,H,P,W,R,S,E
sp|Q9Y6R7|FCGBP_HUMAN,1928-1933,6,0,I,L,C,K,A,L,A,S,Y,V,G,V,V,I,E,D,W,R,A,Q
sp|Q9Y6R7|FCGBP_HUMAN,2315-2320,6,0,G,L,C,P,A,V,A,T,Y,V,G,A,Q,L,R,E,W,R,R,P
sp|Q9Y6R7|FCGBP_HUMAN,3129-3134,6,0,I,L,C,K,A,L,A,S,Y,V,G,V,V,I,E,D,W,R,A,Q
sp|Q9Y6R7|FCGBP_HUMAN,3516-3521,6,0,G,L,C,P,A,V,A,T,Y,V,G,A,Q,L,R,E,W,R,R,P
sp|Q9Y6R7|FCGBP_HUMAN,4330-4335,6,0,I,L,C,K,A,L,A,S,Y,V,G,V,V,I,E,D,W,R,A,Q
sp|Q9Y6R7|FCGBP_HUMAN,4603-4607,5,0,G,D,S,F,V,R,L,R,V,P,S,L,C,G,L,C,G,N,Y,N
sp|Q9Y6R7|FCGBP_HUMAN,4717-4722,6,0,G,L,C,P,A,V,A,T,Y,V,G,A,Q,L,G,E,W,R,R,P
sp|Q9Y6R7|FCGBP_HUMAN,5095-5104,10,0,G,D,K,A,F,L,C,R,S,L,G,V,A,V,K,P,W,R,T,D
sp|A2RU48|SMCO3_HUMAN,127-132,6,0,I,S,V,I,L,G,E,A,T,S,V,K,L,V,G,S,N,V,T,T
sp|A6NMD2|GOG8J_HUMAN,525-530,6,0,A,G,A,Q,G,G,D,E,G,E,D,G,I,A,A,Y,S,N,Y,N
sp|O95067|CCNB2_HUMAN,309-312,4,1,D,M,V,H,Y,H,P,S,K,V,S,C,L,S,Q,K,V,L,G,Q
sp|P09629|HXB7_HUMAN,105-110,6,0,N,L,S,G,V,C,P,G,D,S,K,E,Q,R,D,S,D,L,A,A
sp|P16066|ANPRA_HUMAN,96-101,6,0,E,N,A,L,G,V,C,S,D,T,V,D,L,K,W,E,H,N,P,A
sp|P29966|MARCS_HUMAN,45-50,6,0,E,N,G,H,V,K,V,N,G,D,E,S,G,A,K,E,E,L,Q,A
sp|P29966|MARCS_HUMAN,91-98,8,0,S,P,S,A,A,E,K,G,E,P,G,A,S,P,V,E,K,E,A,P
sp|P29966|MARCS_HUMAN,126-130,5,0,P,G,S,P,T,A,A,E,G,E,S,S,T,S,S,P,K,A,E,D
sp|P29966|MARCS_HUMAN,184-189,6,0,N,K,K,E,A,G,E,G,G,E,E,G,G,K,D,E,A,A,G,G
sp|P29966|MARCS_HUMAN,196-210,15,0,A,P,A,A,E,G,G,K,D,E,S,G,E,Q,A,A,A,P,G,E
sp|P29966|MARCS_HUMAN,272-281,10,0,S,K,V,E,E,K,K,A,E,E,P,S,A,A,G,P,G,A,P,P
sp|P29966|MARCS_HUMAN,302-309,8,0,E,Q,E,A,A,P,A,E,E,P,C,A,A,P,S,Q,E,A,Q,P
sp|Q15413|RYR3_HUMAN,3056-3061,6,0,R,Q,R,P,A,L,G,E,C,L,I,P,V,A,F,L,E,P,T,L
sp|Q18PE1|DOK7_HUMAN,302-307,6,0,A,S,T,S,Q,E,G,P,R,P,G,E,A,M,V,G,A,S,R,P
sp|Q5GH72|XKR7_HUMAN,8-12,5,0,-,-,-,M,A,A,K,S,D,G,S,P,D,P,E,G,A,A,G,G
sp|Q5GH72|XKR7_HUMAN,33-37,5,0,A,R,G,S,A,G,G,R,G,E,G,P,P,G,V,V,G,A,G,G
sp|Q6UWP2|DHR11_HUMAN,25-30,6,1,L,V,T,G,A,S,G,G,I,G,L,V,Q,Q,G,L,K,V,V,G
sp|Q76M96|CCD80_HUMAN,335-340,6,0,E,S,R,V,K,V,L,R,K,L,L,P,Q,P,P,S,T,P,R,A
sp|Q7RTU3|OLIG3_HUMAN,59-64,6,0,Q,K,M,P,G,E,S,L,S,R,G,E,S,S,K,Y,K,I,K,K
sp|Q86UP9|LHPL3_HUMAN,4-14,11,0,-,-,-,-,-,-,-,M,P,G,M,L,P,A,Q,E,A,A,K,L
sp|Q86UW8|HPLN4_HUMAN,12-17,6,0,V,C,A,R,A,A,L,G,P,G,W,G,V,L,L,L,T,A,P,A
sp|Q86UW8|HPLN4_HUMAN,289-299,11,0,K,P,L,R,P,V,P,F,S,G,V,A,K,V,G,Q,L,F,A,A
sp|Q8NBR6|MINY2_HUMAN,56-59,4,0,A,E,T,S,G,G,N,G,L,G,R,R,S,L,P,D,S,A,S,P
sp|Q8NBR6|MINY2_HUMAN,96-100,5,0,D,L,K,D,S,G,L,E,S,P,P,L,R,G,Q,Y,K,V,T,A
sp|Q8NBR6|MINY2_HUMAN,567-574,8,0,A,S,Q,Y,Y,Q,E,Q,E,Q,S,T,Q,A,Q,Q,G,Q,P,A
sp|Q96MK2|RIPR3_HUMAN,901-906,6,0,T,A,S,L,C,Q,S,D,L,E,R,E,T,T,L,S,F,G,E,K
sp|Q9BVV6|TALD3_HUMAN,165-176,12,0,P,S,G,I,D,S,A,T,T,V,P,L,I,K,V,Q,S,D,L,E
sp|Q9C029|TRIM7_HUMAN,16-21,6,1,P,R,T,G,P,G,T,G,A,E,E,L,Q,G,E,A,T,C,S,I
sp|Q9C029|TRIM7_HUMAN,120-128,9,0,A,A,A,P,G,E,H,G,S,Q,R,C,G,Q,H,G,E,P,F,K
sp|Q9H1L0|MI1HG_HUMAN,15-20,6,0,S,C,A,L,M,A,P,C,G,P,V,E,R,T,Q,Q,V,A,R,G
sp|Q9NSC2|SALL1_HUMAN,294-300,7,0,T,L,S,S,H,L,S,Q,Q,L,Q,S,L,A,S,Q,S,A,S,I
sp|Q9NT68|TEN2_HUMAN,380-384,5,0,Y,C,S,W,K,C,A,A,L,S,L,L,L,A,I,L,L,A,Y,F
sp|Q9P0K9|FRS1L_HUMAN,24-28,5,0,S,L,L,L,L,L,L,T,G,P,S,P,A,D,D,G,A,G,P,G
sp|Q9P2M7|CING_HUMAN,792-797,6,0,N,A,S,Q,E,E,E,G,S,L,L,E,A,R,L,E,E,A,Q,R
sp|Q9UI32|GLSL_HUMAN,586-592,7,0,Q,D,S,Y,T,L,S,E,T,Q,L,S,K,E,N,L,E,S,M,V
sp|Q9UJ90|KCNE5_HUMAN,111-117,7,0,H,E,W,A,P,G,G,A,L,T,G,S,Q,A,E,G,R,R,Q,L
sp|Q9UK17|KCND3_HUMAN,2-7,6,1,-,-,-,-,-,-,-,-,-,M,W,L,P,F,A,R,A,A,A,I
sp|Q9UK17|KCND3_HUMAN,12-16,5,1,A,A,G,V,A,A,W,L,P,F,I,G,W,M,P,V,A,N,C,P
sp|Q9Y283|INVS_HUMAN,360-365,6,0,I,N,M,A,D,K,Y,G,G,T,L,S,G,H,V,S,T,V,K,L
sp|Q9Y4A8|NF2L3_HUMAN,130-133,4,0,S,A,D,E,A,H,G,L,L,G,S,S,T,G,G,A,G,A,S,V
sp|O14686|KMT2D_HUMAN,945-950,6,0,L,P,P,P,L,S,P,I,I,T,L,S,P,L,G,E,L,E,Y,P
sp|O14686|KMT2D_HUMAN,2707-2713,7,0,R,N,T,L,R,Q,E,K,E,T,V,G,P,P,G,S,W,G,A,E
sp|O14686|KMT2D_HUMAN,4361-4366,6,0,L,E,P,P,P,G,R,V,S,P,D,T,L,F,S,K,G,L,G,P
sp|O14686|KMT2D_HUMAN,4790-4793,4,0,S,E,V,S,V,M,L,T,V,S,K,N,L,N,G,V,M,V,A,V
sp|O43255|SIAH2_HUMAN,30-36,7,0,P,P,Q,P,Q,H,T,P,S,P,T,I,S,A,A,G,P,G,S,S
sp|O43255|SIAH2_HUMAN,47-53,7,0,T,I,S,A,A,G,P,G,S,S,V,I,S,G,P,G,G,G,G,G
sp|O60244|MED14_HUMAN,35-45,11,0,P,S,A,P,A,P,P,P,P,G,S,P,G,Y,R,L,S,T,L,I
sp|O75154|RFIP3_HUMAN,59-64,6,0,D,P,Q,S,P,G,L,D,E,P,D,G,G,A,R,W,S,A,G,P
sp|P09038|FGF2_HUMAN,35-41,7,0,G,A,R,G,C,N,G,I,P,G,L,P,R,R,R,P,R,R,H,P
sp|P09038|FGF2_HUMAN,115-123,9,0,V,G,G,R,G,R,G,R,G,T,R,G,S,R,P,G,P,A,G,T
sp|P38484|INGR2_HUMAN,17-22,6,0,W,S,L,L,L,L,L,G,V,F,P,P,D,P,L,S,Q,L,P,A
sp|P39880|CUX1_HUMAN,1408-1416,9,0,G,P,G,P,L,P,S,P,A,S,P,E,D,A,A,T,S,A,A,A
sp|P39880|CUX1_HUMAN,1420-1427,8,0,A,T,A,A,P,A,A,P,E,D,P,G,E,G,P,A,A,P,S,S
sp|P49137|MAPK2_HUMAN,392-399,8,1,L,L,L,K,R,R,K,K,A,R,H,-,-,-,-,-,-,-,-,-
sp|Q12834|CDC20_HUMAN,459-463,5,1,L,T,M,S,P,D,G,A,T,V,D,E,T,L,R,L,W,R,C,F
sp|Q4KMP7|TB10B_HUMAN,125-130,6,0,A,A,V,A,G,V,E,T,S,R,D,S,P,K,T,E,E,A,R,P
sp|Q4KMP7|TB10B_HUMAN,198-204,7,0,A,S,G,Q,V,T,G,G,H,G,S,A,G,Q,A,P,E,D,P,S
sp|Q5TGI0|FAXC_HUMAN,73-79,7,0,W,K,K,T,L,Y,L,T,G,G,Y,L,L,H,E,L,L,V,I,R
sp|Q6ICI0|LHPL7_HUMAN,111-116,6,0,R,S,S,V,P,M,P,G,V,Q,M,I,V,G,L,L,I,F,P,I
sp|Q6P050|FXL22_HUMAN,166-170,5,0,F,A,D,L,R,S,G,V,T,G,R,R,G,L,G,S,L,R,A,E
sp|Q6QNY0|BL1S3_HUMAN,147-157,11,0,R,D,V,A,A,L,A,S,R,L,H,S,V,R,L,A,R,G,D,L
sp|Q6UXZ4|UNC5D_HUMAN,4-8,5,0,-,-,-,-,-,-,-,M,G,R,G,G,G,G,G,A,R,R,W,L
sp|Q6UXZ4|UNC5D_HUMAN,27-33,7,0,W,L,P,W,L,G,L,C,F,W,R,G,T,D,N,G,E,A,L,P
sp|Q6ZNJ1|NBEL2_HUMAN,1650-1658,9,0,S,A,T,D,E,A,G,S,P,L,E,R,C,S,W,L,V,P,L,V
sp|Q6ZNJ1|NBEL2_HUMAN,2199-2204,6,0,D,C,S,D,R,Q,F,H,S,V,R,L,E,S,P,A,D,V,K,E
sp|Q8N1N0|CLC4F_HUMAN,26-31,6,0,S,L,H,P,Q,E,V,D,S,V,P,K,I,P,R,L,V,Q,A,T
sp|Q8WUT4|LRRN4_HUMAN,53-58,6,0,A,T,D,S,P,C,E,G,L,P,L,T,L,A,N,R,N,L,E,R
sp|Q8WUT4|LRRN4_HUMAN,191-196,6,0,A,L,G,R,G,A,Q,G,G,I,G,E,D,G,A,P,L,V,T,L
sp|Q96C12|ARMC5_HUMAN,17-26,10,0,T,L,T,D,S,L,S,F,C,L,L,G,G,E,K,D,P,A,T,N
sp|Q96C12|ARMC5_HUMAN,77-83,7,0,L,R,P,L,L,A,L,L,R,R,P,S,Q,A,G,P,G,S,A,P
sp|Q96C12|ARMC5_HUMAN,765-770,6,0,D,S,G,L,Q,L,P,A,Q,R,S,P,F,F,R,A,L,L,S,G
sp|Q96HR9|REEP6_HUMAN,162-167,6,0,D,R,I,M,N,D,L,S,G,R,G,I,T,R,N,V,L,Q,V,L
sp|Q96M63|ODAD1_HUMAN,506-510,5,0,Q,A,E,A,Q,R,Q,K,D,L,K,L,D,G,T,L,S,V,D,L
sp|Q96Q06|PLIN4_HUMAN,54-60,7,0,R,A,R,P,A,A,D,P,T,G,Q,P,Q,A,Q,V,A,A,H,P
sp|Q96Q06|PLIN4_HUMAN,1106-1111,6,0,P,D,V,L,S,V,G,P,E,P,T,T,K,G,L,A,T,D,V,A
sp|Q9BSI4|TINF2_HUMAN,15-18,4,1,L,V,A,G,P,A,A,L,R,F,S,W,Q,V,V,R,G,R,C,V
sp|Q9BX70|BTBD2_HUMAN,30-37,8,0,P,G,T,G,G,S,P,G,P,S,P,G,N,A,A,A,A,A,A,A
sp|Q9BX70|BTBD2_HUMAN,41-54,14,0,N,A,A,A,T,P,A,P,G,N,P,G,P,T,P,P,A,P,P,G
sp|Q9BX70|BTBD2_HUMAN,69-74,6,0,P,P,A,P,P,G,P,G,T,D,E,R,A,E,E,A,A,G,P,G
sp|Q9C0B9|ZCHC2_HUMAN,72-79,8,0,P,P,P,R,G,L,G,P,P,V,G,M,P,G,G,G,G,G,P,S
sp|Q9NP58|ABCB6_HUMAN,698-703,6,1,R,V,T,A,G,N,D,E,V,E,G,I,H,D,A,I,M,A,F,P
sp|Q9NYM4|GPR83_HUMAN,29-34,6,0,P,H,E,G,R,A,D,E,Q,S,V,P,N,A,S,H,F,F,S,W
sp|A0A1W2PRV1|TFKL3_HUMAN,138-143,6,0,A,I,T,G,S,S,V,S,E,N,G,I,A,K,L,F,V,G,E,V
sp|A6NDA9|LRIT2_HUMAN,481-486,6,0,C,V,V,L,L,A,V,P,V,G,Q,G,P,C,S,C,S,K,W,V
sp|O15375|MOT6_HUMAN,428-433,6,0,A,L,Q,K,K,E,Q,G,K,Q,L,E,R,D,L,F,L,E,A,K
sp|O75038|PLCH2_HUMAN,1404-1408,5,0,P,A,P,S,K,G,A,L,G,P,E,N,L,V,L,L,R,L,-,-
sp|O94842|TOX4_HUMAN,426-434,9,0,A,Q,I,V,T,R,S,V,L,Q,S,M,Q,L,P,P,P,R,L,Q
sp|P0C7U0|ELFN1_HUMAN,453-459,7,0,R,R,R,Q,E,E,K,H,K,K,G,S,L,K,K,T,I,I,E,L
sp|P0C7U0|ELFN1_HUMAN,662-667,6,0,F,R,A,E,A,V,G,V,H,K,K,Y,I,E,K,G,S,P,A,A
sp|P13985|HRES1_HUMAN,134-137,4,0,R,S,P,R,Q,P,P,V,L,P,Q,P,D,S,S,S,A,Q,A,P
sp|P19099|C11B2_HUMAN,346-349,4,1,V,Q,Q,I,L,R,Q,E,S,L,S,I,S,E,H,P,Q,K,A,T
sp|P21817|RYR1_HUMAN,1784-1796,13,0,P,H,H,F,S,P,P,C,F,V,R,L,S,P,A,I,P,L,E,A
sp|P21817|RYR1_HUMAN,3195-3200,6,0,K,L,R,P,A,L,G,E,C,L,M,P,V,A,F,L,E,P,Q,L
sp|P21817|RYR1_HUMAN,4265-4272,8,0,G,E,P,E,T,D,E,D,E,G,E,G,A,E,E,G,A,A,G,L
sp|P21817|RYR1_HUMAN,4286-4295,10,0,E,E,G,A,A,G,L,E,G,T,R,V,V,A,A,A,G,R,A,L
sp|P21817|RYR1_HUMAN,4299-4304,6,0,A,A,A,G,A,T,A,R,V,V,L,R,G,L,S,Y,R,S,L,R
sp|P21817|RYR1_HUMAN,4328-4334,7,0,R,R,L,R,R,L,T,A,R,E,L,L,W,A,A,V,T,R,A,G
sp|P21817|RYR1_HUMAN,4343-4354,12,0,A,A,L,L,W,A,A,V,T,R,L,G,L,L,W,G,S,L,F,G
sp|P78559|MAP1A_HUMAN,2382-2387,6,0,P,A,P,A,K,A,E,N,E,E,W,E,R,G,A,W,P,E,G,A
sp|Q02978|M2OM_HUMAN,2-7,6,0,-,-,-,-,-,-,-,-,-,M,G,A,G,G,I,D,G,K,P,R
sp|Q07352|TISB_HUMAN,210-216,7,0,H,S,F,S,F,A,G,F,P,S,T,G,L,L,D,S,P,T,S,I
sp|Q2M3V2|SWAHA_HUMAN,2-12,11,0,-,-,-,-,-,-,-,-,-,M,G,V,S,Q,A,A,V,L,G,F
sp|Q5U5X8|F222A_HUMAN,174-179,6,0,E,A,P,A,P,P,P,G,L,P,S,V,I,P,L,P,G,R,G,L
sp|Q5U5X8|F222A_HUMAN,243-248,6,0,H,G,P,V,P,S,F,P,S,M,G,L,P,D,C,R,K,G,T,E
sp|Q6P5Z2|PKN3_HUMAN,301-305,5,0,L,L,T,A,V,P,G,R,S,P,S,S,P,S,E,G,W,L,R,T
sp|Q8TAV4|STML3_HUMAN,205-210,6,0,R,I,P,V,Q,L,Q,R,S,M,T,R,E,A,R,A,K,V,L,A
sp|Q8TE57|ATS16_HUMAN,33-36,4,0,E,Q,A,P,A,C,A,M,G,P,P,G,S,P,S,V,P,R,P,P
sp|Q96JN8|NEUL4_HUMAN,510-516,7,0,A,L,S,P,E,G,A,L,R,R,E,P,E,R,L,L,F,H,P,N
sp|Q96KG9|SCYL1_HUMAN,565-570,6,0,H,A,A,S,S,P,G,M,G,G,G,W,A,V,T,G,V,S,S,L
sp|Q96N64|PWP2A_HUMAN,2-13,12,0,-,-,-,-,-,-,-,-,-,M,S,P,G,E,G,G,A,G,E,A
sp|Q96N64|PWP2A_HUMAN,100-106,7,0,E,A,E,E,K,L,S,V,R,V,P,Q,G,G,P,E,L,P,P,S
sp|Q96N64|PWP2A_HUMAN,735-739,5,0,K,G,L,Y,R,K,A,I,T,E,K,Q,L,T,P,E,V,R,A,L
sp|Q96PD2|DCBD2_HUMAN,20-29,10,0,R,R,C,P,Q,C,P,Q,V,R,L,P,L,S,R,S,L,P,P,C
sp|Q99733|NP1L4_HUMAN,147-151,5,1,M,K,S,K,V,V,V,T,E,K,E,E,P,D,P,K,G,I,P,E
sp|Q9BXU7|UBP26_HUMAN,367-372,6,1,K,E,M,L,L,L,N,L,K,K,E,I,F,H,G,N,A,Q,N,D
sp|Q9GZU2|PEG3_HUMAN,1363-1371,9,0,L,H,L,E,E,E,E,E,D,E,Q,E,V,E,A,N,V,H,V,P
sp|Q9H4Q4|PRD12_HUMAN,344-359,16,0,S,P,A,L,P,A,P,H,A,H,H,H,L,P,A,M,V,L,-,-
sp|Q9Y644|RFNG_HUMAN,14-21,8,0,A,R,G,A,L,C,R,A,C,L,L,L,L,L,P,L,P,L,P,R
sp|O75934|SPF27_HUMAN,31-34,4,1,Q,G,Y,E,A,P,G,V,R,E,L,V,E,E,E,T,R,R,Y,R
sp|O95081|AGFG2_HUMAN,20-25,6,0,G,P,G,G,G,V,S,G,G,K,S,E,V,W,C,R,R,V,R,E
sp|O95081|AGFG2_HUMAN,240-245,6,0,G,G,D,P,F,A,A,P,Q,M,F,P,A,F,G,G,Q,T,P,S
sp|P12318|FCG2A_HUMAN,225-234,10,0,P,M,G,I,I,V,A,V,V,I,V,V,A,L,I,Y,C,R,K,K
sp|P25787|PSA2_HUMAN,25-30,6,1,P,S,G,K,L,V,Q,I,E,Y,G,G,A,P,S,V,G,I,K,A
sp|P48426|PI42A_HUMAN,370-374,5,1,I,L,T,H,Y,D,A,K,K,K,K,T,V,K,H,G,A,G,A,E
sp|P53396|ACLY_HUMAN,938-943,6,1,L,L,T,I,G,D,R,F,G,G,K,M,F,S,K,A,F,D,S,G
sp|P80723|BASP1_HUMAN,44-49,6,0,E,G,T,P,K,E,S,E,P,Q,E,A,K,E,G,K,E,K,P,D
sp|P80723|BASP1_HUMAN,75-78,4,0,K,A,E,E,K,E,G,E,K,D,K,E,E,A,P,K,A,E,P,E
sp|P80723|BASP1_HUMAN,93-98,6,0,P,K,A,E,P,E,K,T,E,G,E,P,P,K,A,P,E,Q,E,Q
sp|P80723|BASP1_HUMAN,122-130,9,0,G,P,A,A,G,G,E,A,P,K,E,S,A,A,P,A,A,G,E,E
sp|P80723|BASP1_HUMAN,133-137,5,0,A,E,A,A,A,A,P,A,E,S,G,E,E,P,S,K,E,E,G,E
sp|P80723|BASP1_HUMAN,153-159,7,0,K,E,E,G,E,P,K,K,T,E,Q,E,T,K,S,D,G,A,P,A
sp|Q13637|RAB32_HUMAN,13-18,6,0,G,G,G,A,G,D,P,G,L,G,P,E,T,R,E,H,L,F,K,V
sp|Q15172|2A5A_HUMAN,8-14,7,0,-,-,-,M,S,S,S,S,P,P,I,S,A,S,E,K,V,D,G,F
sp|Q16270|IBP7_HUMAN,98-102,5,0,V,K,S,R,K,R,R,K,G,K,G,G,P,G,V,S,G,V,C,V
sp|Q5RKV6|EXOS6_HUMAN,157-170,14,1,S,A,L,L,L,E,D,G,G,S,D,A,G,V,E,M,Y,D,L,V
sp|Q6PCB5|RSBNL_HUMAN,12-18,7,0,A,E,P,P,S,P,V,H,C,V,T,V,S,E,K,E,P,F,G,K
sp|Q6PCB5|RSBNL_HUMAN,146-155,10,0,H,A,Q,P,H,H,L,L,L,P,K,S,R,R,P,K,E,K,R,E
sp|Q6ZTW0|TPGS1_HUMAN,28-32,5,0,T,D,S,G,R,Q,S,V,S,R,E,S,E,E,D,F,L,R,Q,V
sp|Q6ZTW0|TPGS1_HUMAN,209-213,5,0,G,A,L,F,Q,L,L,E,D,S,D,R,R,V,G,Q,A,V,L,D
sp|Q6ZTW0|TPGS1_HUMAN,231-238,8,0,V,L,D,T,L,E,G,A,L,Q,R,F,L,E,A,G,S,R,L,G
sp|Q6ZU65|UBN2_HUMAN,361-364,4,0,S,T,P,S,L,N,K,P,P,C,L,G,N,D,V,P,D,L,N,L
sp|Q6ZU65|UBN2_HUMAN,734-739,6,0,V,S,G,P,P,T,S,S,S,T,S,S,S,S,A,P,A,Q,E,T
sp|Q8TBP5|F174A_HUMAN,36-40,5,0,L,S,G,P,L,A,V,L,L,Q,P,G,L,G,P,P,D,P,R,P
sp|Q8WVM8|SCFD1_HUMAN,2-13,12,0,-,-,-,-,-,-,-,-,-,M,S,I,R,E,R,Q,T,V,A,L
sp|Q8WVM8|SCFD1_HUMAN,131-139,9,0,A,I,S,R,S,K,L,E,D,I,V,T,Q,V,A,K,V,F,D,Q
sp|Q8WXA9|SREK1_HUMAN,31-36,6,0,T,L,G,V,S,L,S,S,L,G,L,D,P,N,I,A,T,L,G,E
sp|Q96JI7|SPTCS_HUMAN,8-13,6,0,-,-,-,M,A,A,E,E,G,V,G,G,S,W,G,T,A,A,M,G
sp|Q96P50|ACAP3_HUMAN,596-601,6,0,E,L,D,S,L,F,S,Y,F,D,G,P,R,S,L,S,S,D,S,G
sp|Q96P50|ACAP3_HUMAN,683-689,7,0,H,R,A,A,R,A,R,D,L,P,H,G,A,E,V,N,W,A,D,A
sp|Q96PX6|CC85A_HUMAN,4-15,12,0,-,-,-,-,-,-,-,M,S,K,E,S,C,S,P,A,P,A,G,S
sp|Q9ULJ3|ZBT21_HUMAN,451-457,7,0,S,D,I,I,R,V,T,V,G,D,S,S,S,S,V,T,R,D,L,S
sp|Q9UPA5|BSN_HUMAN,48-52,5,0,S,A,P,A,G,G,G,Q,L,P,R,S,T,A,V,P,P,V,P,G
sp|Q9UPA5|BSN_HUMAN,291-295,5,0,T,A,R,A,T,S,V,P,G,P,P,P,E,V,G,R,V,S,P,Q
sp|Q9UPA5|BSN_HUMAN,447-453,7,0,S,P,K,H,G,R,A,E,H,Q,K,P,K,T,M,P,K,E,R,A
sp|Q9UPA5|BSN_HUMAN,1240-1245,6,0,Q,D,T,T,D,R,E,Y,G,Q,E,G,T,P,A,S,L,G,A,A
sp|Q9UPA5|BSN_HUMAN,1443-1449,7,0,E,D,L,P,Q,A,P,S,G,L,R,E,K,P,L,S,A,S,D,G
sp|Q9UPA5|BSN_HUMAN,2286-2290,5,0,A,E,G,P,V,Y,L,G,K,P,P,G,A,G,G,P,S,R,P,E
sp|Q9UPA5|BSN_HUMAN,2322-2327,6,0,P,T,T,T,P,A,A,I,K,E,P,A,P,L,A,G,Q,K,P,P
sp|Q9UPA5|BSN_HUMAN,2491-2496,6,0,C,E,A,P,G,R,G,P,P,L,Q,N,G,Q,Y,W,P,P,L,T
sp|Q9UPA5|BSN_HUMAN,3037-3043,7,0,T,P,A,G,Q,F,V,D,F,P,T,P,S,G,P,T,A,F,Q,Q
sp|Q9Y278|HS3S2_HUMAN,88-95,8,0,P,T,P,S,E,P,S,A,P,S,P,R,L,S,G,S,N,H,S,G
sp|Q9Y4L1|HYOU1_HUMAN,411-419,9,1,G,K,E,E,L,G,K,N,I,N,V,Y,Q,A,A,A,L,S,K,A
sp|A0A1W2PP81|TFKL5_HUMAN,138-143,6,0,A,I,T,G,S,S,V,S,E,N,G,I,A,K,L,F,V,G,E,V
sp|A6NMB1|SIG16_HUMAN,466-470,5,0,L,L,R,V,R,S,C,R,R,K,L,G,M,E,A,A,D,A,V,T
sp|D6RIA3|CD054_HUMAN,52-56,5,0,L,S,Y,R,T,L,A,T,V,S,P,Q,P,Q,T,T,S,T,A,S
sp|D6RIA3|CD054_HUMAN,91-95,5,0,P,Q,G,L,K,N,W,E,V,V,V,P,T,A,L,G,P,V,Q,I
sp|D6RIA3|CD054_HUMAN,500-509,10,0,L,T,E,P,L,P,E,T,P,E,S,S,C,G,S,A,A,S,Q,I
sp|D6RIA3|CD054_HUMAN,572-576,5,0,H,N,S,S,S,L,K,Q,N,P,Q,D,H,A,K,K,F,I,A,V
sp|D6RIA3|CD054_HUMAN,685-690,6,0,R,V,E,Q,S,L,L,R,S,S,G,L,R,K,G,S,G,A,R,A
sp|D6RIA3|CD054_HUMAN,1354-1358,5,0,N,S,N,P,S,A,E,S,V,S,F,E,N,L,A,R,E,R,P,R
sp|D6RIA3|CD054_HUMAN,1586-1593,8,0,V,L,C,F,S,P,P,S,M,P,P,V,P,T,D,P,F,Q,Q,A
sp|O60341|KDM1A_HUMAN,7-18,12,0,-,-,-,-,M,L,S,G,K,K,T,G,T,E,A,G,P,G,T,A
sp|O60902|SHOX2_HUMAN,301-306,6,0,A,D,S,A,S,A,A,S,V,V,K,T,T,S,K,N,S,S,I,A
sp|O75145|LIPA3_HUMAN,1157-1161,5,0,A,E,M,L,P,P,N,F,R,S,L,G,S,P,G,L,P,L,R,K
sp|P05155|IC1_HUMAN,456-461,6,1,V,L,E,L,T,E,T,G,V,E,I,S,V,A,R,T,L,L,V,F
sp|P0C263|SBK2_HUMAN,297-302,6,0,R,D,R,P,Q,P,W,F,G,L,L,L,R,G,L,L,D,P,H,P
sp|P17987|TCPA_HUMAN,24-29,6,1,G,E,T,I,R,S,Q,N,V,M,N,I,V,K,S,S,L,G,P,V
sp|P42773|CDN2C_HUMAN,10-14,5,1,-,M,A,E,P,W,G,N,E,L,R,G,D,L,E,Q,L,T,S,L
sp|P47888|OR3A3_HUMAN,211-216,6,0,T,Q,L,N,E,L,L,L,F,V,V,A,P,L,V,F,I,S,V,S
sp|P48742|LHX1_HUMAN,197-201,5,0,I,K,A,K,Q,L,E,T,L,K,T,P,K,P,T,R,H,I,R,E
sp|P50336|PPOX_HUMAN,393-398,6,1,V,L,S,Q,E,L,F,Q,Q,R,T,Q,L,G,L,K,E,M,P,S
sp|Q01484|ANK2_HUMAN,587-592,6,0,D,V,A,K,L,L,L,Q,R,R,G,K,N,G,L,T,P,L,H,V
sp|Q68DE3|USF3_HUMAN,903-907,5,0,S,Q,E,S,V,T,S,E,H,F,K,S,K,D,S,T,P,N,L,Q
sp|Q68DE3|USF3_HUMAN,1134-1139,6,0,C,T,F,V,E,Q,T,D,I,V,I,F,D,Q,E,N,L,E,K,G
sp|Q711Q0|CEFIP_HUMAN,1367-1372,6,0,A,P,T,F,L,R,Q,G,P,R,R,T,Q,S,V,H,E,S,G,L
sp|Q7L3S4|ZN771_HUMAN,302-307,6,0,C,G,R,D,F,K,L,P,P,G,T,E,R,C,P,E,C,E,G,S
sp|Q7RTS7|K2C74_HUMAN,251-256,6,1,E,N,E,F,V,V,L,K,K,D,V,K,V,E,L,Q,A,K,V,D
sp|Q8IYR6|TEFF1_HUMAN,3-8,6,0,-,-,-,-,-,-,-,-,M,G,P,L,R,L,P,A,A,P,P,L
sp|Q8NGY6|OR6N2_HUMAN,142-147,6,0,Y,P,I,I,M,T,T,T,L,C,C,W,T,C,G,F,L,C,P,I
sp|Q8TF42|UBS3B_HUMAN,189-197,9,0,E,D,S,A,E,V,L,K,K,F,S,K,T,E,V,H,V,E,P,H
sp|Q96AQ8|MCUR1_HUMAN,81-84,4,0,L,L,L,L,V,P,S,P,R,L,P,R,R,Q,L,G,D,W,E,R
sp|Q96AQ8|MCUR1_HUMAN,117-122,6,0,S,S,A,W,R,C,S,P,G,V,L,P,Q,Y,H,G,P,A,P,A
sp|Q96G79|S35A4_HUMAN,174-177,4,0,P,G,N,T,L,P,S,P,P,P,S,P,M,P,L,H,I,T,P,L
sp|Q96HY7|DHTK1_HUMAN,2-9,8,0,-,-,-,-,-,-,-,-,-,M,R,R,G,L,G,R,A,L,P,L
sp|Q9BZA8|PC11Y_HUMAN,1243-1247,5,0,A,S,A,L,C,Y,S,P,P,L,I,S,H,S,S,S,L,P,Q,V
sp|Q9BZM5|ULBP2_HUMAN,2-6,5,0,-,-,-,-,-,-,-,-,-,M,T,K,I,L,L,C,L,P,L,L
sp|Q9C0K0|BC11B_HUMAN,583-588,6,0,V,P,G,V,P,G,A,G,G,G,D,E,K,A,L,V,L,G,K,V
sp|Q9UGK8|SRGEF_HUMAN,10-19,10,1,-,M,E,R,E,P,S,A,S,E,W,G,A,N,S,Y,G,Q,L,G
sp|Q9UGK8|SRGEF_HUMAN,165-170,6,0,V,V,C,I,A,A,G,L,R,H,S,G,I,V,F,Q,W,G,T,G
sp|Q9UM47|NOTC3_HUMAN,1337-1342,6,0,F,P,G,S,P,P,G,A,S,N,P,C,L,H,G,G,S,C,R,P
sp|Q9UM47|NOTC3_HUMAN,1374-1378,5,0,A,Q,G,W,T,G,P,R,C,E,P,E,V,S,E,E,P,R,C,P
sp|Q9UM47|NOTC3_HUMAN,1850-1855,6,1,E,T,A,L,H,L,A,A,R,Y,K,R,L,L,D,A,G,A,D,T
sp|Q9UM47|NOTC3_HUMAN,2128-2134,7,0,P,G,G,F,P,L,E,G,P,Y,V,S,L,A,Q,L,G,G,P,G
sp|Q9Y5L3|ENTP2_HUMAN,15-20,6,0,V,R,S,L,L,P,P,L,L,L,G,L,L,L,L,C,V,P,T,R
sp|A0A0U1RRI6|CENL3_HUMAN,23-29,7,0,R,R,R,K,R,P,G,D,P,P,V,M,G,A,S,R,A,Q,C,P
sp|A8MTJ6|FOXI3_HUMAN,21-29,9,0,V,Y,S,Q,P,G,L,P,P,P,P,P,A,A,R,A,P,Y,G,L
sp|A8MTJ6|FOXI3_HUMAN,43-50,8,0,A,R,A,P,Y,G,L,A,D,Y,N,P,Y,L,W,L,N,G,P,G
sp|A8MTJ6|FOXI3_HUMAN,67-74,8,0,N,G,P,G,V,G,G,P,P,S,Y,L,G,A,P,P,P,P,P,P
sp|A8MTJ6|FOXI3_HUMAN,113-118,6,0,G,C,S,Q,R,P,F,A,Q,P,S,P,A,A,P,A,G,P,G,E
sp|O14874|BCKD_HUMAN,58-63,6,0,K,T,V,T,S,F,Y,N,Q,S,E,K,P,S,V,R,L,T,P,T
sp|O14910|LIN7A_HUMAN,95-99,5,0,R,A,R,A,T,A,K,A,T,V,S,E,G,H,S,H,P,R,V,V
sp|O95297|MPZL1_HUMAN,2-7,6,0,-,-,-,-,-,-,-,-,-,M,G,A,V,I,A,A,P,D,S,R
sp|O95503|CBX6_HUMAN,262-266,5,0,A,S,A,P,G,P,G,L,L,L,P,Y,D,A,R,S,S,G,S,S
sp|O95503|CBX6_HUMAN,334-339,6,0,T,S,K,R,A,P,P,E,V,T,P,P,T,A,P,E,P,A,G,A
sp|P42658|DPP6_HUMAN,48-52,5,0,G,A,G,A,K,P,L,G,P,R,P,R,E,R,G,G,G,G,G,G
sp|P84157|MXRA7_HUMAN,99-105,7,0,P,G,E,P,E,G,P,G,D,P,E,E,Q,A,V,E,A,R,Q,E
sp|Q01658|NC2B_HUMAN,151-160,10,0,W,L,Q,M,Q,Q,A,A,Q,Q,S,N,Q,A,G,S,S,Q,D,E
sp|Q13835|PKP1_HUMAN,306-310,5,1,L,R,S,P,N,Q,N,V,Q,Q,L,R,N,L,V,F,R,S,T,T
sp|Q13835|PKP1_HUMAN,700-704,5,0,N,L,C,R,S,S,A,S,P,K,R,L,L,L,S,D,M,W,S,S
sp|Q16656|NRF1_HUMAN,69-74,6,0,L,N,S,T,A,A,D,E,V,T,G,P,V,G,M,A,A,A,A,A
sp|Q16656|NRF1_HUMAN,80-86,7,0,H,L,A,A,A,G,P,V,G,M,T,G,K,K,R,K,R,P,H,V
sp|Q16656|NRF1_HUMAN,386-392,7,0,S,E,A,T,Q,A,V,A,S,L,S,Q,E,M,Q,Q,G,A,T,V
sp|Q16656|NRF1_HUMAN,410-416,7,0,A,T,V,T,M,A,L,N,S,E,T,L,A,E,A,T,L,Q,G,G
sp|Q16656|NRF1_HUMAN,436-441,6,0,G,G,Q,I,V,L,S,G,E,T,L,T,G,V,Q,D,A,N,G,L
sp|Q3MII6|TBC25_HUMAN,22-28,7,0,G,S,G,A,P,P,P,G,V,G,E,E,E,E,R,E,V,V,R,V
sp|Q3MII6|TBC25_HUMAN,682-687,6,0,Q,S,E,V,W,D,S,E,E,G,S,-,-,-,-,-,-,-,-,-
sp|Q7KZF4|SND1_HUMAN,60-65,6,1,N,L,S,N,I,R,A,G,N,L,T,Q,P,D,A,K,D,T,P,D
sp|Q7KZF4|SND1_HUMAN,481-486,6,1,Q,R,S,S,H,Y,D,E,L,L,I,K,N,G,K,G,L,H,S,K
sp|Q86Y37|CACL1_HUMAN,96-106,11,0,G,V,I,M,M,L,K,S,C,D,P,T,A,S,S,T,I,N,I,N
sp|Q96NS5|ASB16_HUMAN,275-280,6,0,A,A,A,R,R,L,L,E,A,G,G,R,K,R,H,T,P,L,H,N
sp|Q96SL8|FIZ1_HUMAN,12-18,7,0,D,D,V,P,A,P,T,P,A,P,P,R,V,P,F,H,C,S,E,C
sp|Q96SL8|FIZ1_HUMAN,187-195,9,0,A,G,A,G,L,G,S,W,G,L,S,L,P,P,F,A,C,G,A,C
sp|Q96SL8|FIZ1_HUMAN,216-221,6,0,A,R,R,F,D,H,G,R,E,L,H,T,D,V,K,P,F,K,C,P
sp|Q96SL8|FIZ1_HUMAN,260-265,6,0,H,D,L,Q,G,P,G,A,P,P,G,P,G,A,G,P,E,T,A,G
sp|Q96SL8|FIZ1_HUMAN,316-323,8,0,G,G,L,L,P,E,G,G,G,E,E,P,S,E,D,T,L,Y,Q,C
sp|Q96SL8|FIZ1_HUMAN,340-346,7,0,L,Y,Q,C,D,C,G,T,F,F,S,H,L,E,A,H,S,G,P,A
sp|Q96SL8|FIZ1_HUMAN,368-372,5,0,Y,G,C,G,H,C,G,A,L,Y,L,E,E,H,R,R,V,S,H,G
sp|Q96SL8|FIZ1_HUMAN,389-393,5,0,V,S,H,G,E,G,G,G,E,E,R,E,R,E,P,A,S,G,E,P
sp|Q9C0G6|DYH6_HUMAN,2999-3004,6,0,I,S,N,I,T,G,N,V,F,I,Y,Y,G,A,F,T,A,Q,Y,R
sp|Q9H7Z3|NRDE2_HUMAN,841-846,6,0,E,V,E,L,S,P,E,V,R,R,V,H,I,L,T,K,L,T,E,S
sp|Q9NPB0|SMDC1_HUMAN,35-39,5,0,S,Q,G,A,Q,T,P,G,E,K,T,L,K,A,A,P,G,W,L,K
sp|Q9P2Y4|ZN219_HUMAN,220-225,6,0,T,A,H,G,A,P,E,R,P,L,P,P,P,Q,P,Q,P,Q,P,P
sp|Q9P2Y4|ZN219_HUMAN,464-471,8,0,P,R,P,G,E,G,P,G,H,S,R,S,T,A,T,Q,E,E,N,G
sp|Q9UBP5|HEY2_HUMAN,266-275,10,0,S,L,L,S,L,S,A,T,V,H,H,S,F,P,L,S,F,A,G,A
sp|Q9UBP5|HEY2_HUMAN,293-302,10,0,A,G,A,F,P,M,L,P,P,N,I,S,P,P,L,S,V,S,A,T
sp|A1L188|NDUF8_HUMAN,27-31,5,0,A,F,P,E,R,L,A,A,C,G,Y,G,R,C,V,Q,A,S,T,A
sp|A1L188|NDUF8_HUMAN,63-66,4,0,R,E,F,E,A,L,R,S,C,F,K,K,T,L,E,G,G,C,-,-
sp|O14654|IRS4_HUMAN,18-28,11,0,R,D,Q,A,T,R,R,L,R,G,V,V,T,T,P,L,L,S,S,G
sp|O14654|IRS4_HUMAN,124-137,14,0,N,A,R,K,F,R,H,S,V,R,I,P,P,L,I,P,P,R,R,V
sp|O14654|IRS4_HUMAN,218-226,9,0,T,L,G,A,Q,P,D,G,E,P,E,P,P,F,Y,K,D,V,W,Q
sp|O14654|IRS4_HUMAN,1094-1099,6,0,R,P,Q,S,R,S,Q,S,F,F,V,S,A,F,P,T,D,S,L,E
sp|O14654|IRS4_HUMAN,1119-1124,6,0,E,R,D,L,S,P,S,S,A,P,E,P,T,L,A,L,S,Q,V,V
sp|O14654|IRS4_HUMAN,1135-1143,9,0,E,P,T,L,A,L,S,Q,V,V,P,G,I,G,A,A,A,A,A,A
sp|O14654|IRS4_HUMAN,1148-1153,6,0,S,A,L,A,A,A,P,G,I,G,G,F,D,S,A,S,A,R,W,F
sp|O14654|IRS4_HUMAN,1167-1174,8,0,S,A,S,A,R,W,F,Q,P,V,V,R,G,A,Q,D,V,A,G,G
sp|O14654|IRS4_HUMAN,1203-1212,10,0,S,A,N,L,A,R,G,D,N,Q,P,E,P,P,P,R,S,R,R,V
sp|O43930|PRKY_HUMAN,7-12,6,0,-,-,-,-,M,E,A,P,G,P,E,S,N,S,R,E,V,T,E,D
sp|O75298|RTN2_HUMAN,529-536,8,0,K,I,R,A,K,I,P,G,T,G,V,S,G,S,K,A,K,A,E,-
sp|O75891|AL1L1_HUMAN,464-471,8,0,S,L,A,Q,V,T,D,V,D,K,F,E,N,G,R,W,G,K,I,S
sp|O75891|AL1L1_HUMAN,585-590,6,0,Y,P,L,M,M,L,S,W,K,T,G,N,T,V,V,I,K,P,A,Q
sp|O95390|GDF11_HUMAN,29-41,13,0,R,P,R,G,E,A,A,E,G,P,G,V,G,G,E,R,S,S,R,P
sp|Q2M385|MPEG1_HUMAN,12-17,6,0,N,N,F,R,A,T,I,L,F,W,K,S,G,K,P,S,G,E,M,D
sp|Q6NUI6|CHADL_HUMAN,25-30,6,0,P,L,L,V,L,L,L,L,A,P,Q,R,C,P,Q,A,C,I,C,D
sp|Q6NUI6|CHADL_HUMAN,714-717,4,0,P,P,N,A,R,G,Q,R,V,K,V,F,E,D,C,P,G,W,A,A
sp|Q6ZRS2|SRCAP_HUMAN,588-591,4,0,L,G,P,K,K,E,I,T,D,I,E,S,L,Q,P,K,G,Y,T,L
sp|Q6ZRS2|SRCAP_HUMAN,2448-2453,6,0,R,P,A,P,R,P,R,P,T,P,I,P,A,L,V,P,V,P,V,S
sp|Q6ZUT4|YL014_HUMAN,49-54,6,0,L,V,S,S,G,P,D,G,S,Q,S,Y,L,A,E,P,P,G,S,P
sp|Q8NH08|O10AC_HUMAN,224-228,5,0,P,S,V,L,I,L,A,S,Y,G,L,R,R,L,R,C,P,K,G,R
sp|Q8TEQ6|GEMI5_HUMAN,951-956,6,1,E,R,G,E,L,T,D,N,L,V,G,Y,H,V,W,L,W,A,V,E
sp|Q8TEQ6|GEMI5_HUMAN,1071-1076,6,1,K,K,G,D,A,A,S,L,R,T,I,V,G,E,D,E,L,S,A,S
sp|Q92633|LPAR1_HUMAN,89-94,6,1,R,F,H,F,P,I,Y,Y,L,M,D,F,F,A,G,L,A,Y,F,Y
sp|Q96HB5|CC120_HUMAN,126-129,4,0,E,R,E,V,S,V,Q,Q,Q,I,R,R,L,A,L,A,P,D,L,S
sp|Q9NRC6|SPTN5_HUMAN,752-758,7,0,Q,T,A,L,L,V,L,Q,Y,F,S,W,L,R,E,R,R,S,S,L
sp|Q9NRC6|SPTN5_HUMAN,810-815,6,0,E,L,R,R,L,E,E,Q,G,R,S,L,F,T,V,N,S,A,L,S
sp|Q9NRC6|SPTN5_HUMAN,1472-1477,6,0,Q,Q,L,E,S,E,S,R,T,L,L,A,S,M,A,H,G,M,A,A
sp|Q9NZD2|GLTP_HUMAN,150-155,6,1,H,G,W,I,V,Q,K,I,F,Q,P,Y,K,S,D,F,L,K,A,L
sp|Q9UGR2|Z3H7B_HUMAN,966-973,8,0,D,G,D,L,A,G,A,T,P,E,T,T,G,E,-,-,-,-,-,-
sp|Q9UNW1|MINP1_HUMAN,14-22,9,0,A,P,G,C,L,L,R,T,S,V,L,L,S,S,L,A,R,C,S,L
sp|O60481|ZIC3_HUMAN,46-55,10,0,G,L,N,P,F,G,D,S,T,H,F,K,L,S,P,A,A,A,H,D
sp|O60481|ZIC3_HUMAN,107-111,5,0,H,T,S,Q,V,P,S,Y,G,G,F,N,S,T,R,E,F,L,F,R
sp|P05129|KPCG_HUMAN,457-462,6,1,Q,Q,L,G,K,F,K,E,P,H,E,I,A,I,G,L,F,F,L,H
sp|P11586|C1TC_HUMAN,457-462,6,0,H,A,I,T,A,A,N,N,L,V,R,I,F,H,E,L,T,Q,T,D
sp|P17050|NAGAB_HUMAN,173-178,6,1,E,E,R,A,Q,G,Y,P,K,M,T,G,R,P,I,A,F,S,C,S
sp|P35520|CBS_HUMAN,155-159,5,1,P,T,S,G,N,T,G,I,G,L,V,R,G,Y,R,C,I,I,V,M
sp|P48723|HSP13_HUMAN,206-210,5,0,K,I,L,R,V,I,N,E,P,T,Y,G,L,H,K,A,D,V,F,H
sp|P51397|DAP1_HUMAN,73-78,6,0,I,A,R,G,D,K,D,F,P,P,H,Q,K,P,H,A,S,M,D,K
sp|P55061|BI1_HUMAN,41-45,5,0,Y,A,S,F,A,L,C,M,F,V,Y,V,H,M,V,T,H,F,I,Q
sp|P98160|PGBM_HUMAN,1216-1221,6,0,C,Q,L,C,P,C,Y,G,D,P,H,T,C,F,L,D,T,D,G,H
sp|Q10567|AP1B1_HUMAN,178-183,6,1,L,I,S,D,S,N,P,M,V,V,L,S,E,I,A,E,S,H,P,S
sp|Q16517|NNAT_HUMAN,2-9,8,0,-,-,-,-,-,-,-,-,-,M,E,L,L,I,I,G,W,Y,I,F
sp|Q16572|VACHT_HUMAN,10-14,5,0,-,M,E,S,A,E,P,A,G,Q,T,K,L,S,E,A,V,G,A,A
sp|Q16572|VACHT_HUMAN,268-274,7,0,L,L,L,A,V,A,K,P,F,S,N,L,P,V,G,T,P,I,H,R
sp|Q5TDP6|LGSN_HUMAN,421-426,6,0,S,A,T,A,N,P,Y,L,V,L,G,L,D,G,L,H,S,S,N,E
sp|Q6IA86|ELP2_HUMAN,133-138,6,0,D,P,A,L,C,T,L,I,V,S,V,R,L,W,S,K,K,G,P,E
sp|Q6ICG8|WBP2L_HUMAN,132-137,6,0,A,I,E,F,A,Q,L,M,V,K,R,G,F,P,L,R,T,L,N,D
sp|Q6NSW5|DE10B_HUMAN,2-7,6,0,-,-,-,-,-,-,-,-,-,M,D,T,Q,L,M,L,G,V,G,L
sp|Q7L5N1|CSN6_HUMAN,2-10,9,0,-,-,-,-,-,-,-,-,-,M,T,N,G,T,G,G,S,S,G,M
sp|Q8NDX1|PSD4_HUMAN,333-341,9,0,P,I,Y,K,P,H,S,I,C,W,P,A,A,P,P,G,H,G,E,S
sp|Q92837|FRAT1_HUMAN,78-83,6,0,G,A,P,L,R,A,P,G,P,L,D,K,A,R,S,P,A,V,P,L
sp|Q96P63|SPB12_HUMAN,359-365,7,0,F,V,E,V,D,E,N,G,T,Q,V,V,S,E,R,S,L,R,S,W
sp|Q9BZI1|IRX2_HUMAN,25-30,6,0,L,A,L,Y,S,C,P,A,Y,G,P,R,S,E,E,L,A,R,S,A
sp|Q9BZI1|IRX2_HUMAN,70-77,8,0,T,G,F,G,S,P,L,Q,Y,S,G,F,P,S,Y,M,G,A,P,Y
sp|Q9BZI1|IRX2_HUMAN,356-361,6,0,G,P,G,C,G,P,P,G,L,P,S,T,G,A,P,P,G,G,S,P
sp|Q9BZI1|IRX2_HUMAN,413-416,4,0,Q,G,Q,G,L,L,R,Y,N,S,P,G,E,A,L,H,T,A,P,K
sp|Q9H000|MKRN2_HUMAN,60-65,6,0,R,C,R,Y,D,H,T,R,P,S,V,G,T,M,A,H,S,V,P,S
sp|Q9H6T0|ESRP2_HUMAN,16-21,6,0,P,P,P,P,P,P,G,P,D,P,D,P,C,P,W,P,G,S,L,V
sp|Q9H6T0|ESRP2_HUMAN,77-81,5,0,V,G,T,L,H,K,S,L,V,R,L,S,T,Q,C,R,E,A,S,G
sp|Q9H6T0|ESRP2_HUMAN,531-535,5,0,A,F,I,Q,M,T,S,A,E,R,Q,R,C,H,K,K,V,M,K,E
sp|Q9H6T0|ESRP2_HUMAN,659-664,6,0,T,T,V,G,Y,L,T,T,P,T,P,T,S,V,L,S,Q,S,G,A
sp|Q9NQC3|RTN4_HUMAN,71-76,6,0,A,G,L,S,A,A,P,V,P,T,P,L,M,D,F,G,N,D,F,V
sp|Q9NQC3|RTN4_HUMAN,163-168,6,0,P,Q,A,E,P,V,W,T,P,P,P,P,S,T,P,A,A,P,K,R
sp|Q9UQL6|HDAC5_HUMAN,1099-1104,6,0,M,A,L,L,S,V,G,A,E,Q,R,E,H,S,P,R,P,A,E,E
sp|B7ZC32|KIF28_HUMAN,504-509,6,0,F,D,Y,D,F,F,Q,L,E,R,S,A,D,K,L,G,A,A,D,G
sp|O00512|BCL9_HUMAN,897-903,7,0,Q,T,P,S,Q,L,A,G,M,L,S,I,K,S,P,P,V,L,G,S
sp|O43281|EFS_HUMAN,452-456,5,1,Q,C,Q,S,H,Y,S,A,L,Q,L,M,S,S,T,Q,A,N,Q,P
sp|O43365|HXA3_HUMAN,331-336,6,0,P,P,P,P,P,Q,K,R,Y,T,G,G,T,P,D,Y,D,P,H,A
sp|O75417|DPOLQ_HUMAN,51-54,4,0,P,P,P,G,L,G,R,C,L,K,G,E,C,K,P,T,V,P,D,Y
sp|O75578|ITA10_HUMAN,709-714,6,0,R,F,T,A,S,L,D,E,W,T,F,D,G,S,G,Q,R,L,S,P
sp|O95365|ZBT7A_HUMAN,133-138,6,0,C,A,D,L,L,D,R,Q,I,L,D,A,G,Q,L,D,L,V,D,Q
sp|O95365|ZBT7A_HUMAN,175-181,7,0,Q,S,N,P,M,N,S,L,P,P,S,F,P,W,S,A,F,G,A,S
sp|O95365|ZBT7A_HUMAN,201-211,11,0,S,D,D,D,L,D,A,T,K,E,G,D,C,N,G,L,D,F,Y,G
sp|O95365|ZBT7A_HUMAN,330-334,5,0,L,Q,Q,M,M,S,S,V,G,R,G,D,S,D,E,E,S,R,A,D
sp|O96005|CLPT1_HUMAN,2-7,6,0,-,-,-,-,-,-,-,-,-,M,D,G,A,R,S,A,V,V,A,A
sp|O96005|CLPT1_HUMAN,607-612,6,0,E,F,G,M,S,G,E,D,P,T,E,V,P,T,A,A,G,A,L,T
sp|P27816|MAP4_HUMAN,813-817,5,0,S,T,Q,T,V,A,K,T,T,T,S,T,G,P,S,S,R,S,P,S
sp|P29317|EPHA2_HUMAN,17-24,8,0,R,A,C,F,A,L,L,W,G,C,Q,G,K,E,V,V,L,L,D,F
sp|P35658|NU214_HUMAN,318-322,5,1,S,Y,I,E,E,W,D,L,V,L,S,T,E,V,S,I,L,A,R,Q
sp|P35658|NU214_HUMAN,449-456,8,0,T,S,S,Q,A,P,Q,K,L,D,S,L,P,P,S,S,P,A,A,P
sp|P35658|NU214_HUMAN,1088-1096,9,0,G,A,P,S,P,S,H,P,I,S,L,R,R,Q,M,A,S,Q,A,P
sp|P35658|NU214_HUMAN,1595-1600,6,0,A,S,S,F,S,V,P,G,Q,T,I,S,S,A,G,P,V,A,V,E
sp|P35658|NU214_HUMAN,1630-1634,5,0,T,T,S,I,V,A,P,G,P,S,F,G,T,V,T,S,G,S,S,V
sp|P35658|NU214_HUMAN,1694-1699,6,0,S,L,F,G,Q,Q,T,G,S,T,T,P,Q,V,S,S,S,G,F,S
sp|P35658|NU214_HUMAN,2017-2021,5,1,T,G,G,K,V,F,G,E,G,T,G,G,F,G,F,G,S,S,S,N
sp|P78426|NKX61_HUMAN,136-150,15,0,S,S,S,S,S,A,S,A,S,S,S,S,P,A,G,L,L,A,G,L
sp|P78426|NKX61_HUMAN,181-186,6,0,P,P,P,G,L,Y,F,S,P,S,V,G,R,Y,P,K,P,L,A,E
sp|Q14767|LTBP2_HUMAN,62-66,5,0,R,L,R,R,P,G,G,S,Y,P,K,V,Y,S,L,F,R,E,Q,D
sp|Q17RM4|CC142_HUMAN,69-73,5,0,T,P,A,D,V,S,E,D,Y,E,W,R,R,G,P,A,G,G,G,P
sp|Q3V6T2|GRDN_HUMAN,154-158,5,0,R,I,Q,G,L,D,F,D,T,K,H,I,Q,E,V,T,H,N,Q,E
sp|Q5VWQ0|RSBN1_HUMAN,25-30,6,0,E,E,R,L,Q,C,P,A,G,S,R,C,A,D,G,G,A,V,G,P
sp|Q5XPI4|RN123_HUMAN,1237-1244,8,0,V,E,Q,M,L,A,H,L,T,S,S,L,P,T,S,E,E,D,L,C
sp|Q6RFH8|DUX4C_HUMAN,211-217,7,0,A,L,P,Q,G,A,F,V,S,Q,L,Q,P,S,Q,A,A,P,A,E
sp|Q6RFH8|DUX4C_HUMAN,240-245,6,0,S,Q,P,A,P,A,R,G,D,F,P,P,D,G,A,L,S,H,P,Q
sp|Q6ZMS7|ZN783_HUMAN,2-7,6,0,-,-,-,-,-,-,-,-,-,M,R,D,P,E,T,D,K,H,T,E
sp|Q86VU5|CMTD1_HUMAN,19-24,6,0,S,V,P,A,A,L,A,L,G,S,F,A,T,G,L,F,L,G,R,R
sp|Q8N6I1|EID2_HUMAN,46-50,5,0,P,A,Q,P,E,E,A,G,E,G,R,G,G,P,V,P,A,A,R,E
sp|Q8N6I1|EID2_HUMAN,64-90,27,0,P,V,P,A,A,R,E,G,R,M,G,R,E,S,P,A,A,A,A,A
sp|Q8N6I1|EID2_HUMAN,96-103,8,0,R,A,A,A,A,G,R,E,S,P,R,M,A,E,V,A,R,L,L,G
sp|Q8N8A6|DDX51_HUMAN,14-18,5,0,F,Y,V,A,R,Y,P,G,P,D,G,P,E,G,A,E,A,G,A,H
sp|Q8N8A6|DDX51_HUMAN,139-144,6,0,E,E,A,P,G,E,R,S,T,S,P,D,G,P,A,L,E,E,A,A
sp|Q8NE35|CPEB3_HUMAN,59-64,6,0,E,N,S,A,V,P,A,L,S,P,P,N,G,P,D,K,M,Q,M,E
sp|Q8NE35|CPEB3_HUMAN,206-209,4,0,P,S,Q,A,P,Y,A,Q,R,S,Y,G,H,Q,P,I,M,T,S,K
sp|Q8NE35|CPEB3_HUMAN,225-238,14,0,I,M,T,S,K,P,S,S,S,S,S,S,S,W,N,T,H,Q,S,V
sp|Q8TF68|ZN384_HUMAN,466-476,11,0,N,P,P,D,L,Q,Q,Q,V,Q,Q,A,Q,A,Q,A,Q,A,Q,A
sp|Q96MX3|ZNF48_HUMAN,260-264,5,0,P,V,V,P,R,R,Q,P,S,R,T,Q,G,P,K,A,Q,D,K,P
sp|Q9BVL2|NUP58_HUMAN,461-468,8,0,G,P,T,P,F,S,T,M,P,N,T,L,T,Q,Q,Q,Q,P,A,T
sp|Q9H3H1|MOD5_HUMAN,2-9,8,0,-,-,-,-,-,-,-,-,-,M,V,P,V,G,S,G,L,R,G,L
sp|Q9NQT8|KI13B_HUMAN,1806-1811,6,0,G,S,A,T,N,L,A,S,L,T,D,R,S,H,K,N,P,E,N,R
sp|Q9NWQ8|PHAG1_HUMAN,191-194,4,0,Y,E,T,V,K,E,I,K,E,V,H,L,E,K,G,H,S,G,K,A
sp|Q9UBL3|ASH2L_HUMAN,2-6,5,0,-,-,-,-,-,-,-,-,-,M,G,P,G,Q,E,A,G,A,G,P
sp|Q9UBL3|ASH2L_HUMAN,36-41,6,0,G,A,E,E,G,E,M,K,P,V,P,P,G,E,G,I,S,A,A,P
sp|O00408|PDE2A_HUMAN,155-160,6,0,V,L,V,M,P,L,A,D,K,E,V,I,L,V,H,C,G,Q,L,S
sp|O60548|FOXD2_HUMAN,90-94,5,0,G,E,P,R,A,L,A,S,R,G,G,S,P,G,P,G,A,A,A,A
sp|O60548|FOXD2_HUMAN,101-108,8,0,A,A,A,A,G,S,P,G,P,G,G,P,G,P,G,P,P,S,G,G
sp|O60548|FOXD2_HUMAN,247-250,4,0,P,H,P,E,L,L,L,R,G,G,G,D,P,G,A,F,L,P,G,F
sp|O60548|FOXD2_HUMAN,294-304,11,0,P,A,P,H,P,H,P,H,P,H,P,C,Q,L,S,V,P,P,G,R
sp|O60548|FOXD2_HUMAN,375-380,6,0,A,F,Y,A,A,S,L,S,P,P,G,L,P,T,A,L,L,R,Q,G
sp|O60548|FOXD2_HUMAN,440-443,4,0,A,G,E,G,S,P,G,P,P,F,G,P,G,G,Q,A,Q,V,L,A
sp|O75364|PITX3_HUMAN,202-205,4,0,S,S,I,A,A,S,M,V,P,S,P,G,T,V,P,G,P,G,A,L
sp|O75364|PITX3_HUMAN,240-250,11,0,V,S,S,G,A,V,S,C,P,Y,S,S,P,Y,V,Y,R,D,P,C
sp|P09848|LPH_HUMAN,1385-1389,5,0,G,R,F,P,E,G,F,I,W,S,Y,Q,I,E,G,A,W,R,A,D
sp|P21333|FLNA_HUMAN,12-16,5,0,S,S,S,H,S,R,A,G,Q,S,P,G,G,G,V,D,T,R,D,A
sp|P26378|ELAV4_HUMAN,356-361,6,1,G,F,V,T,M,T,N,Y,D,E,S,L,N,G,Y,R,L,G,D,R
sp|P29120|NEC1_HUMAN,45-50,6,0,W,A,A,E,I,P,G,G,P,E,E,E,L,G,Y,D,L,L,G,Q
sp|P55060|XPO2_HUMAN,720-724,5,0,A,F,L,E,R,G,S,N,T,I,D,K,I,P,G,L,L,G,V,F
sp|P78371|TCPB_HUMAN,507-511,5,1,F,Q,V,K,R,Q,V,L,L,S,E,V,I,L,R,V,D,N,I,I
sp|P83110|HTRA3_HUMAN,9-17,9,0,-,-,M,Q,A,R,A,L,L,L,R,E,P,P,A,A,P,C,P,A
sp|Q4ZJI4|SL9B1_HUMAN,196-200,5,0,R,L,A,V,G,P,C,L,M,E,V,F,S,H,F,I,M,K,F,P
sp|Q6VB84|FX4L3_HUMAN,223-227,5,0,A,H,L,P,H,P,F,P,L,P,L,H,N,P,R,P,G,P,L,L
sp|Q6ZNB6|NFXL1_HUMAN,55-60,6,0,V,P,S,G,T,S,P,G,G,V,G,S,R,H,S,P,A,G,S,Q
sp|Q6ZNB6|NFXL1_HUMAN,92-97,6,0,S,Q,K,K,F,E,E,I,K,K,R,K,L,V,E,E,Q,F,S,S
sp|Q6ZNB6|NFXL1_HUMAN,840-845,6,0,M,K,R,K,A,S,E,I,K,E,L,E,E,E,K,R,R,Q,Q,A
sp|Q7Z7E8|UB2Q1_HUMAN,81-86,6,0,C,E,F,L,L,A,G,A,G,G,P,G,P,H,L,P,P,R,G,S
sp|Q8IWX8|CHERP_HUMAN,133-138,6,0,L,L,A,L,R,Q,E,Q,V,T,V,E,Q,Q,M,Q,K,L,L,E
sp|Q8N957|ANKF1_HUMAN,1096-1101,6,0,S,V,R,R,L,Y,V,E,P,Y,Q,D,E,K,P,W,A,S,L,S
sp|Q8NA29|NLS1_HUMAN,399-404,6,0,L,M,E,S,N,L,I,I,T,Y,G,I,S,V,A,A,A,F,L,L
sp|Q92610|ZN592_HUMAN,671-676,6,0,M,F,V,S,A,P,V,N,S,T,P,S,S,S,P,K,H,G,L,T
sp|Q92610|ZN592_HUMAN,1189-1195,7,0,R,D,Q,E,E,E,E,E,E,E,V,E,V,A,E,P,E,E,G,S
sp|Q92623|TTC9A_HUMAN,46-51,6,0,G,G,A,P,A,R,G,Q,V,G,E,L,I,R,R,A,H,E,F,K
sp|Q96KN7|RPGR1_HUMAN,640-645,6,0,L,H,I,H,Q,A,F,L,T,S,G,D,T,Q,P,T,T,F,C,T
sp|Q96MM7|H6ST2_HUMAN,79-84,6,0,D,K,P,R,K,A,S,S,S,L,P,L,F,A,L,L,S,R,G,R
sp|Q9BZK3|NACP4_HUMAN,134-139,6,0,E,A,K,I,E,D,L,S,Q,E,E,K,F,K,V,Q,G,E,A,V
sp|Q9NYB9|ABI2_HUMAN,315-323,9,0,L,V,P,A,T,V,P,S,S,T,P,N,L,A,D,G,F,T,S,P
sp|Q9UBC1|IKBL1_HUMAN,101-106,6,0,P,A,H,Q,D,R,H,G,D,T,R,Q,G,P,D,A,Y,T,D,F
sp|Q9UBC1|IKBL1_HUMAN,312-319,8,0,W,P,C,P,G,G,G,D,P,E,R,G,P,P,L,E,E,Q,G,A
sp|O00634|NET3_HUMAN,534-539,6,0,R,Y,L,L,L,G,G,G,P,G,G,G,R,G,P,G,L,I,A,A
sp|O14830|PPE2_HUMAN,19-24,6,0,H,H,F,A,F,Q,N,A,E,R,L,I,Q,R,W,Y,R,R,Y,V
sp|O43294|TGFI1_HUMAN,72-76,5,0,T,V,C,K,P,R,S,P,K,P,P,P,F,S,S,S,S,G,V,L
sp|O95104|SCAF4_HUMAN,185-190,6,0,P,A,V,P,Q,L,P,S,S,D,Q,L,F,Q,T,T,Q,G,Q,Q
sp|O95104|SCAF4_HUMAN,289-293,5,0,K,E,D,T,T,A,V,T,T,T,V,P,P,A,P,T,A,T,V,P
sp|O95104|SCAF4_HUMAN,304-311,8,0,V,P,P,A,P,T,A,T,V,P,S,P,P,P,P,Q,A,P,F,G
sp|P09622|DLDH_HUMAN,56-61,6,1,V,I,G,S,G,P,G,G,Y,V,Q,L,G,F,K,T,V,C,I,E
sp|P41439|FOLR3_HUMAN,230-235,6,0,N,P,N,E,E,V,A,K,F,Y,G,A,P,S,R,G,I,I,D,S
sp|Q03395|ROM1_HUMAN,65-73,9,0,P,S,C,Q,F,P,V,L,P,Q,L,G,T,G,L,V,G,V,G,A
sp|Q07157|ZO1_HUMAN,3-8,6,0,-,-,-,-,-,-,-,-,M,S,K,S,T,A,M,E,E,T,A,I
sp|Q0D2I5|IFFO1_HUMAN,441-447,7,1,L,L,L,W,E,D,F,S,G,Y,Q,G,E,Q,E,D,S,L,E,K
sp|Q14114|LRP8_HUMAN,30-34,5,0,L,L,L,L,L,Q,L,Q,H,L,D,P,L,L,G,G,Q,G,P,A
sp|Q14114|LRP8_HUMAN,255-262,8,0,C,G,R,P,G,P,G,A,T,S,S,Q,F,A,C,R,S,G,E,C
sp|Q53GG5|PDLI3_HUMAN,38-41,4,1,V,I,T,R,I,T,P,G,S,K,N,L,C,P,G,D,V,I,L,A
sp|Q5VSL9|STRP1_HUMAN,35-40,6,0,P,P,A,A,A,Q,P,P,P,G,G,L,L,P,G,G,K,A,R,E
sp|Q7Z7M8|B3GN8_HUMAN,96-102,7,0,G,D,S,T,E,T,G,G,C,Q,T,E,I,P,D,F,A,S,Y,P
sp|Q7Z7M8|B3GN8_HUMAN,323-328,6,0,A,G,R,L,A,P,W,L,L,R,P,F,P,F,E,D,V,Y,T,G
sp|Q8IVB4|SL9A9_HUMAN,265-270,6,0,S,I,Y,S,P,K,E,N,P,N,F,F,Q,S,V,G,N,F,L,G
sp|Q8IY42|CD019_HUMAN,292-304,13,0,D,G,D,G,E,I,V,D,E,D,T,A,G,E,D,L,D,E,T,D
sp|Q8IYW2|CFA46_HUMAN,2062-2065,4,0,V,A,L,G,S,G,L,L,D,V,S,L,E,M,V,E,C,V,G,T
sp|Q8IYW2|CFA46_HUMAN,2565-2568,4,0,R,R,G,F,S,D,L,E,G,Q,P,K,L,R,A,P,S,H,H,A
sp|Q8IYW2|CFA46_HUMAN,2602-2607,6,0,V,V,Q,A,W,T,C,L,P,S,L,A,S,A,L,G,S,A,P,L
sp|Q8N5A5|ZGPAT_HUMAN,92-96,5,0,F,R,E,A,I,T,E,A,V,E,R,G,S,G,S,E,T,V,P,K
sp|Q8N5A5|ZGPAT_HUMAN,432-437,6,0,L,Q,G,Q,A,P,G,A,L,E,G,R,R,S,K,D,M,Y,H,A
sp|Q8WXF7|ATLA1_HUMAN,358-363,6,1,L,Q,A,T,A,E,A,N,N,L,K,D,T,Y,N,K,K,M,E,E
sp|Q8WXU2|DAAF4_HUMAN,117-121,5,0,A,Q,E,R,A,K,E,A,T,E,K,R,E,D,Q,K,Y,A,L,S
sp|Q92793|CBP_HUMAN,920-924,5,0,T,Q,T,Q,S,T,P,T,V,Q,Q,V,T,P,Q,P,Q,T,P,V
sp|Q92793|CBP_HUMAN,1954-1959,6,1,A,P,P,P,P,A,Q,P,P,P,R,Q,I,E,R,E,A,Q,Q,Q
sp|Q92793|CBP_HUMAN,2044-2049,6,1,G,L,P,R,P,V,I,S,M,Q,G,P,R,M,P,S,V,Q,P,P
sp|Q96C34|RUND1_HUMAN,2-8,7,0,-,-,-,-,-,-,-,-,-,M,E,P,V,T,V,V,A,A,V,G
sp|Q9H2K2|TNKS2_HUMAN,11-20,10,0,M,S,G,R,R,C,A,G,G,G,V,E,P,A,A,R,E,L,F,E
sp|Q9H9H5|MA6D1_HUMAN,123-128,6,0,R,G,V,Y,V,L,P,I,G,D,V,T,T,S,Y,R,Q,E,F,Q
sp|Q9NQS1|AVEN_HUMAN,31-36,6,0,G,G,D,R,H,S,E,R,P,G,R,G,G,G,G,G,G,G,G,D
sp|Q9NUB1|ACS2L_HUMAN,45-53,9,0,R,R,A,A,S,G,P,S,G,S,Q,P,G,S,Y,P,A,L,S,A
sp|Q9UPS6|SET1B_HUMAN,340-345,6,0,V,H,N,S,P,A,V,T,A,V,F,R,G,S,S,D,L,P,F,G
sp|Q9UPS6|SET1B_HUMAN,666-671,6,0,C,P,K,P,M,V,V,T,P,G,P,S,V,L,A,P,T,L,P,L
sp|Q9UPS6|SET1B_HUMAN,799-807,9,0,Q,G,A,C,P,Y,P,P,F,M,G,L,Q,F,V,N,L,P,P,Y
sp|Q9Y6N5|SQOR_HUMAN,346-351,6,1,D,C,T,N,L,P,T,S,K,T,Q,S,G,I,L,D,R,T,I,S
sp|A6NLU5|VTM2B_HUMAN,177-182,6,0,Q,S,S,G,P,R,R,H,G,P,N,N,A,G,A,A,S,R,T,T
sp|A6NLU5|VTM2B_HUMAN,218-224,7,0,P,A,A,I,D,P,A,V,P,E,H,T,P,T,T,T,V,A,A,A
sp|A6NLU5|VTM2B_HUMAN,232-240,9,0,S,A,A,H,T,P,T,T,T,V,S,P,P,S,G,Q,A,V,L,L
sp|A6NMD0|IFM10_HUMAN,85-90,6,0,A,C,V,S,K,P,P,A,L,Q,P,E,P,S,A,S,P,P,M,A
sp|A6NNE9|MARHB_HUMAN,112-115,4,0,S,G,E,G,P,R,R,L,P,E,K,G,G,P,G,E,S,E,A,G
sp|O00178|GTPB1_HUMAN,28-36,9,0,M,F,A,P,E,P,S,S,P,G,R,L,H,G,G,F,D,S,D,C
sp|O00255|MEN1_HUMAN,462-467,6,1,R,Q,K,V,R,I,V,S,R,E,E,E,P,W,G,E,E,A,R,E
sp|O43818|U3IP2_HUMAN,3-7,5,0,-,-,-,-,-,-,-,-,M,S,R,K,R,G,K,P,A,S,G,A
sp|O94812|BAIP3_HUMAN,6-10,5,0,-,-,-,-,-,M,R,P,R,G,G,P,P,G,D,L,H,L,G,T
sp|O95273|CCDB1_HUMAN,4-10,7,0,-,-,-,-,-,-,-,M,A,S,V,P,T,L,A,S,P,L,E,Q
sp|P31271|HXA13_HUMAN,38-53,16,0,A,D,E,L,N,K,N,M,E,G,G,G,G,G,F,P,H,P,A,A
sp|P31271|HXA13_HUMAN,62-66,5,0,G,A,G,G,G,G,F,P,H,P,G,G,N,F,S,V,A,A,A,A
sp|P31271|HXA13_HUMAN,73-84,12,0,A,A,A,A,G,G,N,F,S,V,N,Q,C,R,N,L,M,A,H,P
sp|P31271|HXA13_HUMAN,116-133,18,0,S,S,A,P,G,E,A,P,P,S,S,S,S,G,G,P,G,P,A,G
sp|P31271|HXA13_HUMAN,145-150,6,0,S,S,G,G,P,G,P,A,G,P,K,Q,C,S,P,C,S,A,A,A
sp|P31271|HXA13_HUMAN,198-207,10,0,P,N,A,I,K,S,C,A,Q,P,D,K,Y,M,D,T,A,G,P,A
sp|P35558|PCKGC_HUMAN,464-468,5,0,V,F,V,G,A,A,M,R,S,E,E,H,K,G,K,I,I,M,H,D
sp|Q5TCY1|TTBK1_HUMAN,772-777,6,0,E,E,E,E,E,E,E,E,E,E,L,G,E,V,L,G,P,R,S,G
sp|Q5TEA3|DAAF9_HUMAN,912-918,7,0,L,L,V,Q,L,Q,S,L,I,R,F,I,L,A,E,N,G,I,V,T
sp|Q7Z460|CLAP1_HUMAN,606-610,5,0,Q,R,S,R,S,D,I,D,V,N,K,S,K,V,S,S,S,S,G,T
sp|Q7Z460|CLAP1_HUMAN,802-807,6,0,R,V,L,S,T,S,T,D,L,E,L,K,K,P,V,R,R,R,Y,E
sp|Q7Z460|CLAP1_HUMAN,1406-1411,6,0,H,K,D,S,H,K,E,V,V,R,S,T,L,A,S,S,I,H,P,E
sp|Q8N6Y0|USBP1_HUMAN,131-135,5,0,T,L,Q,H,T,L,S,S,L,E,W,R,H,Q,P,P,S,H,S,G
sp|Q96MA1|DMRTB_HUMAN,77-86,10,0,A,A,L,C,A,Q,G,P,K,Q,P,V,P,V,P,A,A,S,L,R
sp|Q9BWE0|REPI1_HUMAN,207-211,5,0,R,V,H,V,A,E,A,L,E,E,L,G,P,R,P,R,G,R,P,A
sp|Q9NU22|MDN1_HUMAN,5511-5516,6,0,L,F,L,E,G,K,E,R,V,L,R,N,A,N,I,F,V,I,F,V
sp|Q9UBL6|CPNE7_HUMAN,496-501,6,0,T,N,V,A,P,I,I,S,K,V,E,E,S,T,G,K,A,S,Q,Y
sp|Q9UHC9|NPCL1_HUMAN,179-184,6,0,Y,D,S,C,S,R,V,R,V,P,V,G,T,M,C,G,V,Y,G,S
sp|O14514|AGRB1_HUMAN,28-36,9,0,L,L,L,L,L,L,L,G,R,R,G,P,G,P,E,P,C,A,T,L
sp|O60502|OGA_HUMAN,22-27,6,0,E,R,E,S,E,L,S,S,N,P,S,L,E,P,P,A,A,P,A,P
sp|O60502|OGA_HUMAN,48-54,7,1,G,E,D,N,P,A,G,A,G,G,G,G,A,R,R,F,L,C,G,V
sp|P00451|FA8_HUMAN,241-246,6,1,T,K,N,S,L,M,Q,D,R,D,W,P,K,M,H,T,V,N,G,Y
sp|P04839|CY24B_HUMAN,53-58,6,0,R,K,L,L,G,S,A,L,A,L,C,L,N,F,N,C,M,L,I,L
sp|P30101|PDIA3_HUMAN,17-24,8,0,A,L,F,P,G,V,A,L,L,L,S,D,V,L,E,L,T,D,D,N
sp|P50553|ASCL1_HUMAN,33-50,18,0,P,F,L,P,P,A,A,C,F,F,Q,Q,Q,Q,Q,Q,Q,Q,Q,Q
sp|Q06481|APLP2_HUMAN,7-11,5,0,-,-,-,-,M,A,A,T,G,T,T,G,R,L,L,L,L,L,L,V
sp|Q06481|APLP2_HUMAN,36-41,6,0,P,A,L,A,L,A,G,Y,I,E,G,T,G,F,A,V,A,E,P,Q
sp|Q12972|PP1R8_HUMAN,2-5,4,0,-,-,-,-,-,-,-,-,-,M,N,S,G,S,S,L,P,L,F,D
sp|Q16853|AOC3_HUMAN,107-111,5,1,F,S,V,E,L,Q,L,P,P,K,H,L,D,R,G,S,P,P,P,A
sp|Q16853|AOC3_HUMAN,745-749,5,1,E,V,N,P,L,A,C,L,P,Q,P,D,L,P,A,F,S,H,G,G
sp|Q2TAL6|VWC2_HUMAN,120-130,11,0,Q,V,R,P,R,G,D,T,P,Q,I,G,P,E,L,A,P,T,P,E
sp|Q6ZS17|RIPR1_HUMAN,462-467,6,0,L,S,H,I,S,E,A,S,V,D,S,V,E,A,V,G,P,E,S,L
sp|Q7Z5L2|R3HCL_HUMAN,714-719,6,0,K,I,R,P,L,S,Q,A,T,R,R,A,Y,A,E,F,L,Q,P,A
sp|Q8TCE6|DEN10_HUMAN,2-7,6,0,-,-,-,-,-,-,-,-,-,M,D,T,Q,L,M,L,G,V,G,L
sp|Q8TDS5|OXER1_HUMAN,208-213,6,0,H,H,V,L,S,R,A,S,V,G,G,G,L,W,V,G,I,L,L,L
sp|Q8WUG5|S22AH_HUMAN,39-48,10,0,Q,P,P,N,A,S,G,V,S,V,S,R,V,A,T,S,T,D,P,S
sp|Q969W3|F104A_HUMAN,29-35,7,0,G,Y,S,P,P,A,A,S,T,R,R,G,G,G,R,G,G,R,R,N
sp|Q96I24|FUBP3_HUMAN,530-534,5,0,W,E,D,Y,Y,K,K,Q,S,H,P,Q,A,S,S,P,P,D,Y,T
sp|Q96PM9|Z385A_HUMAN,335-342,8,0,G,G,L,L,P,S,P,L,A,V,G,S,P,L,S,L,R,P,A,P
sp|Q9UG63|ABCF2_HUMAN,68-72,5,0,K,E,L,E,D,F,E,M,K,K,V,T,G,V,L,A,S,H,P,N
sp|Q9Y3S1|WNK2_HUMAN,94-100,7,0,L,I,A,E,R,A,R,G,R,P,L,V,A,Q,P,G,A,P,G,A
sp|Q9Y3S1|WNK2_HUMAN,1013-1017,5,0,E,P,L,Q,P,H,L,P,E,Q,T,P,G,S,Q,I,L,L,G,H
sp|Q9Y5Z4|HEBP2_HUMAN,11-19,9,1,M,A,E,P,L,Q,P,D,P,G,V,E,T,P,G,W,K,A,P,E
tr|A0A6Q8PGL7|A0A6Q8PGL7_HUMAN,5-12,8,0,-,-,-,-,-,-,M,K,D,S,E,L,V,L,R,R,F,P,W,A
sp|A5PL33|KRBA1_HUMAN,104-107,4,0,S,L,D,G,E,R,A,S,P,E,R,E,P,C,P,L,R,G,L,L
sp|A5PL33|KRBA1_HUMAN,374-379,6,0,G,V,P,Q,P,S,W,G,P,E,S,S,S,P,L,E,A,L,E,A
sp|A5PL33|KRBA1_HUMAN,978-983,6,0,A,L,P,L,Q,G,A,S,P,P,D,V,P,T,S,G,V,A,P,D
sp|A8MQ27|NEU1B_HUMAN,252-258,7,0,A,L,G,R,A,P,G,P,P,P,I,P,C,G,P,R,E,R,P,R
sp|H3BQW9|F229A_HUMAN,27-34,8,0,P,A,P,P,G,P,E,R,S,P,S,S,L,G,P,V,S,T,A,G
sp|O75900|MMP23_HUMAN,113-117,5,0,N,L,L,S,P,R,E,T,R,R,F,R,M,W,S,D,V,S,P,F
sp|P01042|KNG1_HUMAN,99-103,5,0,K,T,W,Q,D,C,E,Y,K,D,T,G,E,C,T,A,T,V,G,K
sp|P20226|TBP_HUMAN,96-101,6,0,Q,Q,Q,Q,Q,Q,Q,Q,Q,Q,V,Q,Q,S,T,S,Q,Q,A,T
sp|P39059|COFA1_HUMAN,358-362,5,0,F,L,D,I,A,E,E,K,N,L,G,L,A,E,V,P,I,S,T,A
sp|P39059|COFA1_HUMAN,409-413,5,0,T,P,G,P,D,N,E,E,R,L,G,E,A,E,A,L,A,S,M,P
sp|P39059|COFA1_HUMAN,462-465,4,0,G,P,S,S,E,D,S,L,T,T,T,E,V,S,L,S,T,F,E,D
sp|P50552|VASP_HUMAN,99-104,6,0,W,G,L,N,F,G,S,K,E,D,G,M,A,S,A,L,E,A,L,E
sp|P50552|VASP_HUMAN,195-200,6,0,P,P,G,L,P,P,S,G,V,P,G,G,G,P,P,P,A,P,P,L
sp|P50552|VASP_HUMAN,227-233,7,1,G,G,G,G,A,G,A,P,G,L,K,L,R,K,V,S,K,Q,E,E
sp|Q3LXA3|TKFC_HUMAN,527-533,7,0,L,Q,V,L,T,K,A,V,K,S,T,K,N,M,E,A,G,A,G,R
sp|Q3LXA3|TKFC_HUMAN,559-564,6,0,S,A,R,L,E,Q,P,D,P,G,I,L,R,A,I,L,E,V,L,Q
sp|Q5SY16|NOL9_HUMAN,72-75,4,0,W,R,E,G,A,R,Q,V,S,R,R,R,P,N,T,A,T,P,S,P
sp|Q5SY16|NOL9_HUMAN,472-477,6,0,T,K,M,R,N,R,R,F,R,L,L,E,F,A,D,E,E,K,E,S
sp|Q5TAT6|CODA1_HUMAN,9-14,6,0,-,-,M,V,A,E,R,T,H,K,R,G,P,G,E,L,G,A,P,G
sp|Q6PJ61|FBX46_HUMAN,75-78,4,0,P,A,S,Q,P,A,P,L,L,S,G,D,E,G,R,V,L,L,D,T
sp|Q6UXC1|AEGP_HUMAN,526-529,4,0,V,S,A,Q,E,S,Q,G,S,S,G,H,F,L,S,L,Q,R,A,W
sp|Q86UP0|CAD24_HUMAN,22-27,6,0,L,G,G,W,G,C,M,G,R,L,W,A,G,S,R,E,H,P,G,P
sp|Q8IZ69|TRM2A_HUMAN,34-38,5,0,L,S,C,P,T,V,S,V,P,P,L,E,E,V,E,K,E,G,A,G
sp|Q8NCK7|MOT11_HUMAN,42-47,6,0,P,P,D,G,G,W,G,W,V,V,I,N,G,L,S,Y,G,L,L,R
sp|Q8NCK7|MOT11_HUMAN,344-348,5,0,G,E,E,S,W,G,G,P,L,L,Y,G,L,S,A,G,S,Y,A,P
sp|Q8WVB6|CTF18_HUMAN,638-642,5,0,A,S,Q,R,F,Y,R,V,L,H,G,E,H,E,K,V,V,Q,G,L
sp|Q92794|KAT6A_HUMAN,1304-1309,6,0,E,E,P,E,P,E,E,E,E,D,Q,N,D,D,H,D,A,D,D,E
sp|Q96K37|S35E1_HUMAN,2-8,7,0,-,-,-,-,-,-,-,-,-,M,G,H,G,A,G,G,P,G,A,A
sp|Q96P31|FCRL3_HUMAN,588-592,5,0,T,G,L,V,L,S,I,L,V,L,L,L,H,Y,A,R,A,R,R,K
sp|Q9BSJ8|ESYT1_HUMAN,793-798,6,0,V,N,S,L,I,Q,T,Q,K,S,L,L,S,I,Y,M,E,R,A,E
sp|Q9BZ19|ANR60_HUMAN,12-16,5,0,T,R,G,R,A,W,G,M,R,R,G,G,A,R,A,A,G,P,T,G
sp|Q9C0J9|BHE41_HUMAN,195-201,7,0,P,L,S,K,G,T,G,A,P,S,P,C,L,E,R,A,G,Q,K,L
sp|Q9C0J9|BHE41_HUMAN,297-303,7,0,G,G,S,G,G,G,P,G,G,G,L,L,G,P,D,P,A,A,A,A
sp|Q9C0J9|BHE41_HUMAN,310-314,5,0,A,A,A,A,L,L,G,P,D,P,L,L,R,P,D,A,A,L,L,S
sp|Q9C0J9|BHE41_HUMAN,341-345,5,0,G,G,G,G,A,P,F,P,Q,P,P,F,C,L,P,F,C,F,L,S
sp|Q9C0J9|BHE41_HUMAN,358-361,4,0,C,L,P,F,C,F,L,S,P,S,Y,V,Q,P,F,L,D,K,S,G
sp|Q9C0J9|BHE41_HUMAN,379-383,5,0,K,S,G,L,E,K,Y,L,Y,P,P,F,P,L,L,Y,P,G,I,P
sp|Q9C0J9|BHE41_HUMAN,394-411,18,0,P,F,P,L,L,Y,P,G,I,P,F,P,C,L,S,S,V,L,S,P
sp|Q9C0J9|BHE41_HUMAN,426-431,6,0,S,S,V,L,S,P,P,P,E,K,T,L,L,P,H,E,V,A,P,L
sp|Q9H4H8|FA83D_HUMAN,80-86,7,0,R,A,A,E,R,P,G,E,E,G,E,D,S,F,G,S,S,H,D,C
sp|Q9H6B1|Z385D_HUMAN,341-350,10,0,L,A,P,R,I,L,P,N,P,L,V,S,S,P,F,S,L,R,T,A
sp|Q9NZB2|F120A_HUMAN,79-84,6,0,G,Q,W,N,H,M,L,G,Y,L,C,F,G,G,N,I,E,L,F,V
sp|Q9NZB2|F120A_HUMAN,1107-1112,6,0,L,S,T,D,S,A,C,R,R,E,V,L,N,K,E,E,-,-,-,-
sp|Q9ULZ9|MMP17_HUMAN,38-43,6,0,L,L,A,L,G,T,R,G,G,C,P,R,A,E,D,L,S,L,G,V
sp|Q9Y3B1|PLD3B_HUMAN,187-192,6,0,S,A,R,G,T,I,R,T,P,M,E,K,-,-,-,-,-,-,-,-
sp|A0A0U1RR11|CENL1_HUMAN,23-29,7,0,R,R,R,K,R,P,G,D,P,P,V,T,G,A,S,R,A,Q,C,P
sp|A2RU30|TESP1_HUMAN,33-36,4,0,N,W,Q,T,Q,V,L,E,E,E,L,Q,D,V,P,D,P,E,P,S
sp|O95409|ZIC2_HUMAN,25-33,9,0,G,S,F,A,R,H,H,H,H,S,E,M,Q,D,R,E,L,S,L,A
sp|O95409|ZIC2_HUMAN,89-97,9,0,S,Q,G,P,G,A,Y,P,G,S,L,G,P,H,A,A,H,V,G,S
sp|O95409|ZIC2_HUMAN,226-230,5,0,P,M,N,M,N,M,G,M,N,M,H,H,H,H,H,H,H,H,H,P
sp|O95409|ZIC2_HUMAN,456-473,18,0,E,P,Q,S,S,S,N,L,S,P,V,H,R,G,G,G,S,G,S,G
sp|P08100|OPSD_HUMAN,164-169,6,1,I,M,G,V,A,F,T,W,V,M,P,P,L,A,G,W,S,R,Y,I
sp|P0DN77|OPSG2_HUMAN,288-293,6,0,C,F,C,W,G,P,Y,A,F,F,N,P,G,Y,P,F,H,P,L,M
sp|P0DSO1|F246C_HUMAN,76-81,6,0,V,P,R,L,L,K,L,V,E,R,G,R,G,R,E,D,R,R,A,Q
sp|P36871|PGM1_HUMAN,75-80,6,0,F,Y,M,K,E,A,I,Q,L,I,N,G,I,G,R,L,V,I,G,Q
sp|P49366|DHYS_HUMAN,11-16,6,1,M,E,G,S,L,E,R,E,A,P,V,L,K,H,S,S,T,L,P,P
sp|P55283|CADH4_HUMAN,724-728,5,0,D,D,N,G,D,C,T,T,I,G,G,L,G,T,G,A,I,V,A,I
sp|Q5VZF2|MBNL2_HUMAN,93-98,6,0,G,R,N,N,L,I,Q,Q,K,T,Q,Q,M,Q,F,M,F,P,G,T
sp|Q5VZF2|MBNL2_HUMAN,254-265,12,0,I,K,A,A,Q,H,Q,A,N,Q,T,V,M,A,F,P,P,G,A,L
sp|Q6PCD5|RFWD3_HUMAN,597-601,5,0,P,L,V,S,L,S,Y,M,P,R,F,P,Y,G,G,V,L,A,G,T
sp|Q7RTX1|TS1R1_HUMAN,152-157,6,0,A,V,I,G,P,D,S,T,N,R,L,L,S,P,F,L,V,P,M,I
sp|Q86Y26|NUTM1_HUMAN,793-796,4,0,S,S,V,I,P,C,G,G,T,V,L,E,K,R,N,Y,C,S,L,P
sp|Q8IVL0|NAV3_HUMAN,1643-1647,5,0,T,I,E,M,L,K,A,Q,N,S,I,Q,G,A,L,N,G,P,D,H
sp|Q8NCF0|CL18C_HUMAN,82-87,6,0,L,D,W,S,D,S,L,A,Q,L,L,C,G,I,P,T,P,S,L,A
sp|Q8NDG6|TDRD9_HUMAN,53-58,6,0,R,Q,D,V,A,P,G,A,G,P,L,A,Q,A,P,A,R,P,A,A
sp|Q8NDG6|TDRD9_HUMAN,64-69,6,0,A,Q,A,P,A,L,A,Q,A,P,F,E,R,S,L,S,Q,R,S,S
sp|Q92567|F168A_HUMAN,28-35,8,0,K,N,M,A,Y,T,G,Y,P,T,Y,N,P,S,L,Y,P,T,N,S
sp|Q99626|CDX2_HUMAN,46-53,8,0,Q,Y,P,D,Y,G,G,Y,H,V,N,L,D,S,A,Q,S,P,G,P
sp|Q99626|CDX2_HUMAN,85-93,9,0,E,D,W,N,G,Y,A,P,G,G,H,G,L,N,G,G,S,P,A,A
sp|Q99626|CDX2_HUMAN,148-153,6,0,Q,T,L,N,P,G,P,P,G,P,E,Q,L,S,P,G,G,Q,R,R
sp|Q9HCS2|CP4FC_HUMAN,113-118,6,0,H,P,D,T,I,R,S,I,T,N,P,K,D,N,L,F,I,R,F,L
sp|Q9UNP9|PPIE_HUMAN,57-63,7,1,R,G,F,A,F,V,E,F,E,L,I,D,N,M,N,E,S,E,L,F
sp|Q9Y6A5|TACC3_HUMAN,243-248,6,0,E,E,E,C,R,H,G,G,V,C,T,S,P,P,G,A,I,P,K,E
sp|A1L020|MEX3A_HUMAN,86-98,13,0,P,P,Q,P,A,P,P,P,P,P,Q,T,P,Q,P,P,T,A,P,K
sp|P11021|BIP_HUMAN,204-208,5,1,N,V,M,R,I,I,N,E,P,T,Y,G,L,D,K,R,E,G,E,K
sp|P33897|ABCD1_HUMAN,61-65,5,0,G,E,P,T,Q,E,A,S,G,V,G,M,N,R,V,F,L,Q,R,L
sp|P33897|ABCD1_HUMAN,394-398,5,0,A,F,T,I,A,R,N,L,L,T,I,E,R,I,M,S,S,Y,K,E
sp|P41440|S19A1_HUMAN,308-312,5,0,T,T,N,S,A,R,V,Y,N,G,S,T,L,L,G,A,I,T,S,F
sp|Q03518|TAP1_HUMAN,145-152,8,0,S,H,P,T,A,F,V,V,S,Y,L,W,H,K,L,G,S,L,W,V
sp|Q06432|CCG1_HUMAN,107-111,5,0,F,T,T,Q,K,E,Y,S,I,S,I,F,S,L,G,F,I,I,L,G
sp|Q06432|CCG1_HUMAN,183-188,6,0,W,I,E,Y,Y,Y,S,W,S,F,F,I,L,L,F,L,G,G,L,A
sp|Q16676|FOXD1_HUMAN,93-100,8,0,A,G,G,S,P,A,P,P,G,P,G,G,G,G,G,G,G,G,A,G
sp|Q16676|FOXD1_HUMAN,231-234,4,0,F,K,R,Q,P,L,L,P,P,N,E,S,L,L,L,R,G,A,G,A
sp|Q16676|FOXD1_HUMAN,252-256,5,0,A,G,A,A,G,G,A,G,D,P,L,F,P,P,A,P,P,P,P,P
sp|Q16676|FOXD1_HUMAN,290-303,14,0,L,Q,L,P,P,Y,A,P,P,S,F,H,P,H,S,P,P,P,P,P
sp|Q16676|FOXD1_HUMAN,318-323,6,0,S,P,P,P,P,P,P,P,H,G,R,T,A,F,G,Y,R,P,H,P
sp|Q16676|FOXD1_HUMAN,344-349,6,0,L,G,A,A,L,P,G,P,L,P,G,G,P,G,A,S,A,L,A,R
sp|Q16676|FOXD1_HUMAN,375-390,16,0,E,S,I,I,G,G,S,L,G,P,S,P,S,P,S,P,V,A,A,P
sp|Q16676|FOXD1_HUMAN,411-415,5,0,P,A,P,G,S,S,G,G,G,C,V,G,P,A,A,A,L,T,R,S
sp|Q16676|FOXD1_HUMAN,428-434,7,0,P,A,A,A,L,T,R,S,L,V,S,S,V,S,S,S,A,A,L,G
sp|Q5C9Z4|NOM1_HUMAN,151-158,8,0,P,R,K,P,R,P,S,R,V,K,K,T,R,P,S,A,A,A,T,A
sp|Q5C9Z4|NOM1_HUMAN,164-170,7,0,T,A,A,T,A,K,T,R,P,S,R,K,R,A,L,L,A,A,N,E
sp|Q5VVJ2|MYSM1_HUMAN,16-20,5,0,A,D,V,D,I,E,G,D,V,V,Q,P,G,S,G,E,N,T,A,S
sp|Q6NUT3|MFS12_HUMAN,7-11,5,0,-,-,-,-,M,G,P,G,P,P,P,S,P,R,P,L,S,L,V,A
sp|Q6NUT3|MFS12_HUMAN,367-372,6,0,W,V,A,L,A,E,G,L,G,V,V,L,L,G,A,G,C,A,T,I
sp|Q8IV38|ANKY2_HUMAN,116-121,6,0,T,D,V,V,N,S,V,G,R,T,F,V,G,Q,H,D,C,V,T,I
sp|Q8IVT5|KSR1_HUMAN,4-10,7,0,-,-,-,-,-,-,-,M,D,R,M,G,E,K,K,E,G,G,G,G
sp|Q8IVT5|KSR1_HUMAN,23-26,4,0,E,K,K,E,G,G,G,G,G,D,E,G,G,A,G,A,A,A,S,R
sp|Q8IVT5|KSR1_HUMAN,30-37,8,1,G,G,D,A,A,A,A,E,G,G,L,Q,Q,C,G,Q,L,Q,K,L
sp|Q8IVT5|KSR1_HUMAN,529-534,6,0,S,L,K,E,N,A,F,N,I,S,P,L,P,E,A,A,D,G,T,R
sp|Q8NFH8|REPS2_HUMAN,3-17,15,0,-,-,-,-,-,-,-,-,M,E,G,G,G,C,G,S,G,P,P,P
sp|Q8NFH8|REPS2_HUMAN,68-72,5,0,P,E,A,A,R,V,A,P,G,T,G,P,V,A,D,L,F,R,A,S
sp|Q8TC26|TM163_HUMAN,25-30,6,0,P,T,V,P,P,P,P,R,G,H,P,G,P,A,P,L,S,S,P,V
sp|Q8TC26|TM163_HUMAN,101-106,6,0,V,S,W,F,S,I,I,V,T,L,F,T,V,S,V,M,R,Y,S,A
sp|Q92830|KAT2A_HUMAN,47-55,9,0,A,P,I,P,T,P,T,P,A,P,G,S,T,G,T,G,G,P,G,V
sp|Q96RU8|TRIB1_HUMAN,37-45,9,0,R,G,V,P,A,K,R,L,L,D,K,C,P,R,L,S,E,C,S,S
sp|Q9P2H3|IFT80_HUMAN,621-626,6,0,V,K,E,Q,T,M,W,A,C,L,N,R,D,M,T,T,A,E,I,A
sp|Q9UBE8|NLK_HUMAN,22-25,4,0,M,M,A,A,Y,N,G,G,T,S,G,H,H,H,H,H,H,H,H,L
sp|Q9UBE8|NLK_HUMAN,71-83,13,0,V,H,P,V,Q,Q,H,T,S,S,M,L,N,P,G,Q,Q,Q,P,Y
sp|Q9UBE8|NLK_HUMAN,106-111,6,0,S,P,A,P,G,Q,A,P,G,P,Q,V,Q,A,A,A,A,A,T,V
sp|Q9UBE8|NLK_HUMAN,115-119,5,0,P,A,A,A,A,P,A,Q,V,Q,T,V,K,A,H,H,H,Q,H,S
sp|Q9UBV4|WNT16_HUMAN,96-101,6,0,R,H,E,R,W,N,C,M,I,T,P,M,G,A,S,P,L,F,G,Y
sp|Q9UM54|MYO6_HUMAN,1074-1079,6,1,E,F,L,S,R,G,P,A,V,L,G,T,K,K,Y,D,L,S,K,W
sp|A6NGN9|IGLO5_HUMAN,14-19,6,0,P,A,P,G,A,R,L,R,L,L,G,L,A,V,I,S,R,G,L,L
sp|O60518|RNBP6_HUMAN,2-7,6,0,-,-,-,-,-,-,-,-,-,M,G,V,P,A,T,V,S,E,K,Q
sp|O60518|RNBP6_HUMAN,202-207,6,0,Q,E,H,P,A,I,R,T,L,S,F,V,L,A,N,E,N,N,I,A
sp|O94804|STK10_HUMAN,60-64,5,1,V,Y,K,A,K,N,K,E,T,G,K,V,I,E,T,K,S,E,E,E
sp|P14672|GLUT4_HUMAN,129-133,5,0,A,V,L,G,G,S,L,M,G,L,S,Y,E,M,L,I,L,G,R,F
sp|P14672|GLUT4_HUMAN,418-423,6,0,A,E,L,F,S,Q,G,P,R,P,G,F,S,N,W,T,S,N,F,I
sp|P20585|MSH3_HUMAN,51-65,15,0,T,G,A,A,D,Q,V,D,P,G,P,P,A,P,A,F,P,P,Q,L
sp|P39060|COIA1_HUMAN,19-23,5,0,H,I,L,L,L,L,F,C,C,L,N,L,L,N,L,N,W,L,W,F
sp|P39060|COIA1_HUMAN,244-247,4,0,Q,D,P,D,S,Q,G,L,S,P,P,S,Q,Q,L,Q,R,P,D,V
sp|Q13753|LAMC2_HUMAN,1000-1004,5,0,T,Q,Q,A,E,R,A,L,G,S,Q,R,A,K,N,G,A,G,E,A
sp|Q1W6H9|F110C_HUMAN,171-176,6,0,D,P,A,I,P,E,T,P,A,P,P,S,S,V,P,A,A,P,P,G
sp|Q8IWC1|MA7D3_HUMAN,3-10,8,0,-,-,-,-,-,-,-,-,M,M,G,G,S,P,S,L,R,E,L,R
sp|Q8N5G2|MACOI_HUMAN,486-497,12,0,E,E,K,K,R,K,K,L,E,E,S,R,G,E,C,T,E,T,L,R
sp|Q96IR7|HPDL_HUMAN,86-91,6,0,P,S,A,T,N,L,C,F,D,V,T,R,E,L,A,A,L,G,C,S
sp|Q99967|CITE2_HUMAN,86-91,6,0,G,T,V,N,G,G,H,P,P,S,R,F,N,N,S,Q,F,M,G,P
sp|Q9BSV6|SEN34_HUMAN,99-104,6,0,Q,Q,E,E,S,F,Q,E,Q,S,R,E,T,R,R,Q,E,L,L,E
sp|Q9H2X6|HIPK2_HUMAN,624-629,6,0,N,Y,P,S,T,L,Y,Q,P,S,V,A,Q,R,S,M,P,L,Q,T
sp|Q9H2X6|HIPK2_HUMAN,1088-1094,7,0,P,S,H,G,T,V,H,P,H,L,H,L,P,T,Q,P,H,L,Y,T
sp|Q9H7M9|VISTA_HUMAN,193-197,5,0,S,S,S,Q,D,S,E,N,I,T,T,G,A,C,I,V,G,I,L,C
sp|Q9NWF9|RN216_HUMAN,595-599,5,0,Y,Y,E,R,K,A,E,E,E,V,D,E,L,V,R,C,P,S,C,S
sp|Q9UKV5|AMFR_HUMAN,630-633,4,1,D,P,V,T,L,R,R,R,M,L,E,R,R,L,Q,K,Q,Q,T,S
sp|A6NI86|GG6LA_HUMAN,456-459,4,0,G,A,E,E,P,R,G,S,E,S,R,P,V,P,G,A,P,V,P,Q
sp|A7MCY6|TBKB1_HUMAN,469-474,6,0,R,R,S,Y,S,E,L,A,E,G,S,P,P,W,L,Q,A,E,A,A
sp|A7MCY6|TBKB1_HUMAN,556-561,6,0,C,A,G,F,P,I,P,E,S,P,H,A,E,H,A,Q,S,W,P,S
sp|B7ZBB8|PP13G_HUMAN,182-188,7,0,E,D,L,E,Q,L,G,G,L,L,P,L,S,A,P,P,S,R,L,R
sp|O15370|SOX12_HUMAN,211-217,7,0,E,R,A,Q,G,P,S,G,E,G,S,P,T,P,S,E,D,E,E,P
sp|O15370|SOX12_HUMAN,234-237,4,0,D,E,E,P,E,E,E,E,E,E,E,E,G,E,E,E,T,V,A,S
sp|O15431|COPT1_HUMAN,163-168,6,1,F,M,T,Y,N,G,Y,L,C,I,G,T,G,Y,F,L,F,S,W,K
sp|O76080|ZFAN5_HUMAN,192-196,5,0,D,K,H,N,C,P,Y,D,Y,K,K,I,R,K,E,N,P,V,V,V
sp|O95672|ECEL1_HUMAN,104-109,6,0,A,C,P,E,G,C,P,E,R,K,R,F,L,A,A,N,L,D,A,S
sp|O95672|ECEL1_HUMAN,497-501,5,0,E,L,D,W,M,D,A,E,T,R,K,L,Q,Y,M,M,V,M,V,G
sp|O96014|WNT11_HUMAN,116-121,6,0,R,G,T,R,E,S,A,F,V,Y,I,S,H,A,I,A,R,A,C,T
sp|P31268|HXA7_HUMAN,196-199,4,0,K,K,E,H,K,D,E,G,P,T,P,E,G,A,V,P,S,A,A,A
sp|P31268|HXA7_HUMAN,207-216,10,0,A,A,A,P,E,G,A,V,P,S,D,E,E,D,D,D,E,E,E,E
sp|P63135|POK7_HUMAN,1242-1247,6,0,A,V,I,M,G,L,I,A,V,T,G,V,A,L,H,S,S,V,Q,S
sp|Q08257|QOR_HUMAN,283-288,6,1,S,S,T,K,E,E,F,Q,Q,Y,G,M,E,I,G,W,L,K,P,V
sp|Q5JVS0|HABP4_HUMAN,10-15,6,0,-,M,K,G,A,L,G,S,P,V,M,Q,E,S,F,G,C,V,V,A
sp|Q5JVS0|HABP4_HUMAN,61-67,7,0,Q,Q,L,Q,R,K,R,R,D,E,G,P,R,G,G,R,S,P,A,G
sp|Q5T9A4|ATD3B_HUMAN,58-62,5,0,S,N,F,D,P,T,G,L,E,R,R,E,L,E,H,S,R,Y,A,K
sp|Q6NXT1|ANR54_HUMAN,2-8,7,0,-,-,-,-,-,-,-,-,-,M,D,D,E,P,R,S,G,H,S,S
sp|Q7L266|ASGL1_HUMAN,122-128,7,1,T,P,H,C,F,L,T,D,Q,G,M,G,V,P,E,I,P,G,E,K
sp|Q8NBK3|SUMF1_HUMAN,173-177,5,1,S,E,Q,V,K,T,N,I,Q,Q,P,W,W,L,P,V,K,G,A,N
sp|Q8WXT5|FX4L4_HUMAN,223-227,5,0,A,H,L,P,H,P,F,P,L,P,L,H,N,P,H,P,G,P,L,L
sp|Q96CB8|INT12_HUMAN,294-298,5,0,S,S,V,T,S,G,L,T,G,W,K,T,S,S,A,G,P,S,T,A
sp|Q9BQG0|MBB1A_HUMAN,588-594,7,0,Q,T,L,K,E,L,E,A,H,S,F,Q,H,L,L,L,L,V,G,I
sp|Q9H7N4|SFR19_HUMAN,504-511,8,0,Y,R,Q,R,S,P,S,P,A,P,G,P,P,T,R,K,K,S,R,R
sp|Q9H7N4|SFR19_HUMAN,1051-1054,4,0,Q,P,A,T,T,T,A,T,S,T,P,S,T,A,P,S,A,G,S,T
sp|Q9HA82|CERS4_HUMAN,353-356,4,0,D,V,E,E,S,D,S,S,E,E,Q,E,P,L,Q,L,K,N,G,A
sp|Q9HAC8|UBTD1_HUMAN,70-80,11,0,A,F,E,G,R,K,E,I,W,D,N,D,H,E,L,A,Q,A,I,L
sp|Q9NS37|ZHANG_HUMAN,151-154,4,0,G,L,W,R,G,D,D,D,D,E,E,M,Q,R,F,S,D,L,L,Q
sp|Q9NS37|ZHANG_HUMAN,213-218,6,1,N,Q,A,A,T,K,S,P,R,K,R,L,N,R,L,K,K,K,E,Y
sp|Q9NVM6|DJC17_HUMAN,66-71,6,0,L,S,Q,A,L,E,V,L,T,D,Y,D,K,V,R,K,A,K,K,Q
sp|Q9P2P6|STAR9_HUMAN,906-911,6,0,H,S,S,G,H,G,Q,P,C,T,R,K,G,A,S,A,P,D,A,C
sp|E7EW31|PROB1_HUMAN,828-833,6,0,P,K,T,P,P,T,A,P,E,P,P,L,P,R,E,P,L,A,L,A
sp|O60831|PRAF2_HUMAN,100-105,6,0,A,V,R,R,C,R,R,S,H,P,V,L,A,V,G,L,L,V,L,W
sp|O75170|PP6R2_HUMAN,888-893,6,0,P,A,C,P,A,P,K,E,V,T,V,P,P,E,A,T,V,A,I,T
sp|O75400|PR40A_HUMAN,272-298,27,0,T,E,I,P,T,T,M,S,T,M,S,T,S,A,S,N,T,V,S,G
sp|O75427|LRCH4_HUMAN,2-11,10,0,-,-,-,-,-,-,-,-,-,M,G,G,E,E,A,A,A,T,T,S
sp|O75427|LRCH4_HUMAN,465-469,5,0,N,G,S,P,K,S,S,A,S,Q,G,Q,G,A,P,A,P,A,P,A
sp|P0C7T5|ATX1L_HUMAN,262-268,7,0,P,V,L,T,P,Q,E,S,Q,S,N,G,G,Q,R,P,R,E,R,N
sp|P0DW11|TFKL6_HUMAN,138-143,6,0,A,I,T,G,S,S,V,S,E,N,G,I,A,K,L,F,V,G,E,V
sp|P36542|ATPG_HUMAN,52-57,6,1,Q,K,I,T,K,S,M,K,M,V,R,A,E,R,E,L,K,P,A,R
sp|P46695|IEX1_HUMAN,45-49,5,0,I,F,T,F,D,P,L,P,E,P,G,R,P,S,A,S,R,G,H,R
sp|P48741|HSP77_HUMAN,178-184,7,0,G,L,K,V,L,P,I,I,N,E,Y,G,L,D,R,R,G,A,G,K
sp|Q0D2H9|GOG8D_HUMAN,321-325,5,0,G,P,G,Q,G,G,D,E,G,E,G,D,G,V,A,A,G,G,D,Y
sp|Q13972|RGRF1_HUMAN,122-127,6,0,E,D,A,K,D,C,D,E,W,V,S,Y,R,T,L,A,T,E,H,E
sp|Q13972|RGRF1_HUMAN,902-907,6,0,E,L,D,N,N,R,S,A,L,S,I,A,T,A,G,A,N,E,G,T
sp|Q14195|DPYL3_HUMAN,296-300,5,1,D,G,T,H,Y,W,S,K,N,W,F,V,T,S,P,P,L,S,P,D
sp|Q14244|MAP7_HUMAN,425-430,6,0,R,T,P,A,E,P,E,V,G,P,P,A,P,A,S,A,P,A,P,A
sp|Q15077|P2RY6_HUMAN,245-249,5,0,G,K,A,A,R,M,A,V,V,V,I,S,F,L,P,F,H,I,T,K
sp|Q15077|P2RY6_HUMAN,278-282,5,0,T,P,G,V,P,C,T,V,L,E,Y,K,G,T,R,P,F,A,S,A
sp|Q16342|PDCD2_HUMAN,2-6,5,0,-,-,-,-,-,-,-,-,-,M,R,P,V,E,L,G,F,A,E,S
sp|Q3KP44|ANR55_HUMAN,238-241,4,1,D,E,S,G,K,T,C,V,H,I,G,F,S,D,I,I,H,E,L,A
sp|Q3KP44|ANR55_HUMAN,272-278,7,1,D,V,D,D,R,T,P,L,H,W,E,C,V,Q,S,L,L,E,L,G
sp|Q3SYB3|FX4L6_HUMAN,223-227,5,0,A,H,L,P,H,P,F,P,L,P,L,H,N,P,H,P,G,P,L,L
sp|Q49AN0|CRY2_HUMAN,6-14,9,0,-,-,-,-,-,M,A,A,T,V,P,A,P,G,T,D,S,A,S,S
sp|Q5BIV9|SPRN_HUMAN,67-85,19,0,Y,G,A,P,G,S,S,L,R,V,G,S,G,W,R,R,A,A,G,P
sp|Q5VU43|MYOME_HUMAN,123-128,6,0,Q,E,E,S,R,L,A,K,N,E,L,V,E,A,E,K,E,C,N,L
sp|Q6V0I7|FAT4_HUMAN,273-277,5,0,A,V,V,G,S,S,V,L,Q,V,D,E,G,T,N,A,D,I,R,Y
sp|Q6ZMT4|KDM7A_HUMAN,2-20,19,0,-,-,-,-,-,-,-,-,-,M,V,S,V,A,A,P,G,R,A,S
sp|Q86SX3|TEDC1_HUMAN,11-16,6,0,M,G,R,R,R,Q,R,V,D,P,G,A,L,P,E,A,I,A,A,L
sp|Q8IWX5|SGPP2_HUMAN,69-74,6,0,G,E,A,P,A,N,G,L,R,R,Y,V,Q,K,Y,V,V,K,N,Y
sp|Q8IWX5|SGPP2_HUMAN,167-174,8,0,I,A,E,Y,G,M,P,S,T,H,F,T,L,L,I,S,T,M,D,R
sp|Q8TAU3|ZN417_HUMAN,2-5,4,0,-,-,-,-,-,-,-,-,-,M,P,R,R,P,T,Q,Q,G,T,V
sp|Q8TDU9|RL3R2_HUMAN,164-170,7,0,S,L,F,W,A,R,I,A,T,L,L,V,T,V,P,T,A,V,F,G
sp|Q96DN0|ERP27_HUMAN,20-25,6,0,F,L,L,F,L,L,T,C,E,L,E,V,E,K,S,S,D,G,P,G
sp|Q96PU8|QKI_HUMAN,219-225,7,0,I,K,S,P,A,L,A,F,S,L,P,R,I,I,T,G,P,A,P,V
sp|Q9H902|REEP1_HUMAN,129-137,9,0,V,H,F,G,K,R,G,L,N,V,S,K,G,Q,G,A,L,S,E,R
sp|Q9NU02|ANKE1_HUMAN,221-226,6,0,V,N,A,F,D,N,D,R,H,H,K,G,G,F,F,D,I,L,K,L
sp|Q9Y4F4|TGRM1_HUMAN,2-7,6,0,-,-,-,-,-,-,-,-,-,M,L,L,L,L,P,P,F,P,V,L
tr|A0A1B0GW55|A0A1B0GW55_HUMAN,211-217,7,0,A,L,P,Q,G,A,F,V,S,Q,L,Q,P,S,Q,A,A,P,A,E
tr|A0A1B0GW55|A0A1B0GW55_HUMAN,240-245,6,0,S,Q,P,A,P,A,R,G,D,F,P,P,D,G,A,L,S,H,P,Q
sp|A0A1B0GWB2|PRT1B_HUMAN,76-81,6,0,A,G,G,S,E,P,A,P,E,D,G,E,A,G,P,V,S,K,A,A
sp|A0A1B0GWB2|PRT1B_HUMAN,90-95,6,0,A,A,G,E,A,G,P,V,S,K,P,H,I,G,F,V,G,E,P,P
sp|A2RUC4|TYW5_HUMAN,271-276,6,1,T,D,T,Y,G,N,K,D,P,T,Q,I,L,D,R,A,L,K,T,L
sp|F8WBI6|GOG8N_HUMAN,525-530,6,0,A,G,A,Q,G,G,D,E,G,E,D,G,I,A,A,Y,S,N,Y,N
sp|O15232|MATN3_HUMAN,207-212,6,0,G,R,P,Q,D,Q,V,N,E,V,S,G,I,E,L,Y,A,V,G,V
sp|O75949|NALF2_HUMAN,124-128,5,0,C,G,P,R,Y,S,N,L,T,K,G,S,R,P,V,C,G,G,V,P
sp|P06401|PRGR_HUMAN,333-340,8,0,L,L,E,D,E,S,Y,D,G,G,P,P,R,S,S,P,C,A,S,S
sp|P06401|PRGR_HUMAN,437-446,10,0,P,R,A,T,P,S,R,P,G,E,S,V,S,S,A,S,S,S,G,S
sp|P06401|PRGR_HUMAN,500-510,11,0,L,P,R,D,G,L,P,S,T,S,L,Y,P,A,L,G,L,N,G,L
sp|P0CG40|SP9_HUMAN,113-120,8,0,S,D,Y,G,G,L,F,S,N,S,G,V,S,P,Q,E,A,G,G,Q
sp|P0CG40|SP9_HUMAN,241-244,4,0,A,F,S,S,T,G,L,G,S,S,S,H,L,L,S,T,S,Q,H,L
sp|P0CG40|SP9_HUMAN,272-281,10,0,P,V,L,P,S,Y,S,D,S,S,M,I,S,G,A,A,A,A,A,A
sp|P0CG40|SP9_HUMAN,286-291,6,0,A,A,A,A,S,A,M,I,S,G,G,G,S,S,A,R,S,A,R,R
sp|P0CG40|SP9_HUMAN,452-472,21,0,D,L,I,L,H,D,S,G,V,S,G,G,K,E,A,A,S,G,P,N
sp|P40121|CAPG_HUMAN,244-250,7,1,N,P,E,E,D,L,T,A,D,K,L,Y,K,V,S,D,A,T,G,Q
sp|P63027|VAMP2_HUMAN,3-8,6,0,-,-,-,-,-,-,-,-,M,S,P,P,A,A,P,A,G,E,G,G
sp|P78345|RPP38_HUMAN,2-7,6,0,-,-,-,-,-,-,-,-,-,M,P,G,R,G,S,L,R,K,T,R
sp|Q00839|HNRPU_HUMAN,112-116,5,0,D,Q,M,E,L,G,E,E,N,G,D,S,G,P,M,E,E,E,E,A
sp|Q00839|HNRPU_HUMAN,179-184,6,0,Q,Q,Q,Q,P,Q,Q,Q,R,G,G,K,S,S,G,P,T,S,L,F
sp|Q07065|CKAP4_HUMAN,85-94,10,0,G,G,G,K,S,S,S,S,S,S,S,S,S,A,S,C,S,R,R,L
sp|Q07065|CKAP4_HUMAN,115-121,7,0,G,R,A,L,N,F,L,F,Y,L,F,S,G,W,C,V,H,H,V,L
sp|Q0P641|CB080_HUMAN,141-148,8,0,L,S,L,H,P,F,A,M,L,T,R,K,Q,S,V,K,S,R,K,V
sp|Q14140|SRTD2_HUMAN,188-192,5,0,E,L,C,P,T,S,T,S,T,E,T,D,S,V,K,G,T,S,S,E
sp|Q15319|PO4F3_HUMAN,57-62,6,0,G,S,F,D,E,S,L,L,A,R,V,D,I,V,S,H,G,K,N,H
sp|Q15582|BGH3_HUMAN,258-262,5,1,E,I,E,D,T,F,E,T,L,R,S,G,L,N,T,M,L,E,G,N
sp|Q16720|AT2B3_HUMAN,712-717,6,0,R,M,V,T,G,D,N,I,N,T,K,C,G,I,I,Q,P,G,E,D
sp|Q8IUH2|CREG2_HUMAN,89-94,6,0,H,K,E,D,A,H,L,R,P,R,R,P,P,P,A,P,P,G,M,F
sp|Q8IYT1|GAR4_HUMAN,278-288,11,0,E,E,P,A,T,G,G,I,K,E,T,G,T,V,A,G,A,L,S,V
sp|Q8IYT1|GAR4_HUMAN,299-304,6,0,T,G,T,V,A,G,A,L,S,V,P,G,Q,V,S,A,A,I,A,G
sp|Q8IYT1|GAR4_HUMAN,310-316,7,0,A,A,N,S,A,P,G,Q,V,S,T,I,G,A,G,G,N,K,G,N
sp|Q8IYT1|GAR4_HUMAN,343-348,6,0,A,S,M,A,P,N,S,T,K,V,G,K,S,S,E,H,V,S,S,A
sp|Q8WWX0|ASB5_HUMAN,51-56,6,0,F,Y,I,V,K,G,N,R,K,E,E,F,Y,G,V,T,Q,G,Q,G
sp|Q96JK9|MAML3_HUMAN,5-11,7,0,-,-,-,-,-,-,M,G,D,F,N,G,S,S,I,C,I,N,S,S
sp|Q96JK9|MAML3_HUMAN,142-147,6,0,Q,Q,H,P,S,K,P,Q,Q,D,E,Q,R,N,H,T,L,I,M,L
sp|Q96JK9|MAML3_HUMAN,848-852,5,0,I,G,P,S,Q,N,P,G,T,M,Q,S,E,M,G,L,A,P,Y,S
sp|Q96JP0|FEM1C_HUMAN,89-93,5,1,E,T,I,E,G,A,P,P,L,W,G,H,L,K,V,V,Q,S,L,L
sp|Q96ME1|FXL18_HUMAN,18-23,6,0,I,S,N,D,D,D,D,M,H,P,D,G,V,H,L,L,G,F,S,D
sp|Q9BV36|MELPH_HUMAN,491-496,6,0,S,E,V,S,D,I,E,S,R,I,G,L,T,V,K,P,S,G,K,P
sp|Q9BVC3|DCC1_HUMAN,35-40,6,0,A,V,H,C,L,G,F,G,P,G,G,D,F,C,L,L,E,L,E,P
sp|Q9BW72|HIG2A_HUMAN,55-59,5,0,E,N,P,V,V,P,I,G,C,L,L,T,Y,G,L,Y,S,F,H,R
sp|Q9BY67|CADM1_HUMAN,13-20,8,0,S,V,V,L,P,S,G,S,Q,C,P,P,G,L,R,L,R,L,L,L
sp|Q9HC97|GPR35_HUMAN,133-138,6,1,R,A,R,G,L,R,S,P,R,Q,V,L,W,V,L,V,I,G,S,L
sp|Q9NY43|BARH2_HUMAN,330-336,7,0,S,L,L,G,S,M,D,S,T,T,M,Y,S,S,M,Y,R,T,P,P
sp|Q9NZZ3|CHMP5_HUMAN,186-191,6,0,A,D,E,D,S,S,Y,L,D,E,I,P,E,G,V,P,T,D,T,K
sp|Q9P2N2|RHG28_HUMAN,30-35,6,0,A,Q,P,P,N,A,E,S,R,C,S,H,P,L,S,R,K,S,I,P
sp|Q9UL51|HCN2_HUMAN,766-770,5,0,R,L,V,R,R,P,P,P,G,P,S,P,G,P,P,P,P,A,S,P
sp|Q9UL51|HCN2_HUMAN,853-858,6,0,S,S,T,P,R,L,G,P,T,P,P,S,P,D,R,R,D,S,A,S
sp|Q9Y597|KCTD3_HUMAN,11-14,4,0,M,A,G,G,H,C,G,S,F,P,G,S,G,E,I,V,Q,L,N,V
sp|I6L899|GOG8R_HUMAN,524-529,6,0,A,G,A,Q,G,G,D,E,G,E,D,G,I,A,A,Y,S,N,Y,N
sp|P0C7V6|SP202_HUMAN,495-530,36,0,A,G,S,P,L,K,R,P,F,P,P,S,H,S,Q,K,P,S,V,P
sp|P31153|METK2_HUMAN,294-298,5,1,G,K,D,Y,T,K,V,D,R,S,R,W,V,A,K,S,L,V,K,G
sp|P35568|IRS1_HUMAN,124-129,6,1,H,N,R,A,K,G,H,H,D,G,G,G,G,G,G,S,C,S,G,S
sp|P35568|IRS1_HUMAN,511-515,5,0,G,T,S,P,A,L,A,G,D,E,D,L,D,N,R,F,R,K,R,T
sp|P35568|IRS1_HUMAN,1029-1034,6,0,I,A,A,E,E,V,S,L,P,R,S,S,S,S,A,A,S,A,S,P
sp|P35568|IRS1_HUMAN,1050-1055,6,0,A,S,A,S,P,T,G,P,Q,G,H,S,S,L,L,G,G,P,Q,G
sp|P35712|SOX6_HUMAN,280-285,6,0,P,I,F,P,H,D,Q,R,T,L,Q,Q,G,F,L,F,P,P,G,I
sp|P35712|SOX6_HUMAN,313-317,5,0,Y,P,V,Q,F,I,P,S,T,M,S,G,L,S,P,L,Q,L,Q,K
sp|P36578|RL4_HUMAN,127-132,6,1,T,T,Q,K,R,Y,A,I,C,S,L,P,A,L,V,M,S,K,G,H
sp|P36578|RL4_HUMAN,354-363,10,0,A,R,N,H,K,L,R,V,D,K,K,S,D,E,K,A,A,V,A,G
sp|P46597|ASMT_HUMAN,47-51,5,1,L,A,E,A,P,G,P,L,D,V,G,V,R,A,S,A,H,G,T,E
sp|P47902|CDX1_HUMAN,81-85,5,0,D,W,A,A,A,Y,G,P,G,P,S,P,A,S,L,A,F,G,P,P
sp|Q04656|ATP7A_HUMAN,1391-1395,5,0,G,L,V,L,Q,P,W,M,G,S,S,S,V,S,V,V,L,S,S,L
sp|Q13310|PABP4_HUMAN,510-519,10,0,P,T,A,V,Q,N,L,A,P,R,V,A,P,Y,K,Y,A,S,S,V
sp|Q13310|PABP4_HUMAN,638-642,5,0,A,K,K,E,A,A,Q,K,V,G,T,S,-,-,-,-,-,-,-,-
sp|Q14999|CUL7_HUMAN,1359-1363,5,0,K,E,H,K,S,E,K,E,E,E,V,V,D,V,A,E,G,E,E,E
sp|Q3L8U1|CHD9_HUMAN,2639-2650,12,0,R,R,G,R,R,P,K,S,G,I,T,S,V,S,G,N,P,L,L,A
sp|Q3L8U1|CHD9_HUMAN,2785-2788,4,0,S,T,S,S,T,A,A,L,N,T,N,P,L,A,L,N,P,L,L,L
sp|Q4ZG55|GREB1_HUMAN,489-494,6,0,Q,Q,A,P,P,Q,P,F,P,P,P,V,T,S,A,Q,L,P,W,L
sp|Q4ZG55|GREB1_HUMAN,908-913,6,0,I,R,T,F,V,L,V,Q,H,Y,V,S,G,L,P,Q,M,K,N,Y
sp|Q6P5Q4|LMOD2_HUMAN,256-261,6,0,S,L,A,N,T,H,A,D,D,S,E,M,L,K,V,N,E,H,I,T
sp|Q717R9|CYS1_HUMAN,48-53,6,0,V,P,V,A,A,A,E,V,P,G,P,G,R,D,P,S,P,V,A,P
sp|Q8IWU2|LMTK2_HUMAN,250-255,6,1,M,L,L,Q,R,M,A,C,E,V,M,H,K,L,H,F,L,H,S,D
sp|Q8IYB3|SRRM1_HUMAN,836-844,9,0,K,K,H,K,K,H,K,K,E,K,V,T,P,A,A,I,A,A,A,T
sp|Q8IYB3|SRRM1_HUMAN,848-853,6,0,A,A,A,A,A,A,A,V,T,P,T,T,T,L,A,Q,E,E,P,V
sp|Q92796|DLG3_HUMAN,448-451,4,1,V,N,L,R,N,A,T,H,E,Q,L,K,R,A,G,Q,S,V,T,I
sp|Q96C10|DHX58_HUMAN,33-38,6,1,W,L,P,T,G,A,G,K,T,R,K,R,H,L,E,T,V,D,G,A
sp|Q96C10|DHX58_HUMAN,268-272,5,1,Y,E,Q,Q,V,V,K,L,S,E,G,L,Q,E,Q,R,V,Y,A,L
sp|Q96C10|DHX58_HUMAN,534-538,5,1,D,L,Q,Q,A,A,L,T,K,R,Q,R,E,N,Q,R,Q,Q,F,P
sp|Q96JH7|VCIP1_HUMAN,28-32,5,0,P,E,A,P,Q,T,P,S,S,L,S,G,G,L,L,K,R,R,D,R
sp|Q96JH7|VCIP1_HUMAN,455-460,6,0,V,I,G,V,Q,P,E,E,V,T,V,M,D,N,R,L,H,K,C,L
sp|Q96JH7|VCIP1_HUMAN,861-866,6,0,L,K,S,K,A,E,G,G,Q,S,H,T,V,K,Q,E,D,I,A,V
sp|Q96RU2|UBP28_HUMAN,10-14,5,0,-,M,T,A,E,L,Q,Q,D,D,D,G,H,G,S,S,C,Q,M,L
sp|Q9H3S1|SEM4A_HUMAN,672-676,5,0,K,V,P,L,T,R,V,S,G,G,Q,Q,S,Y,W,P,H,F,V,T
sp|Q9NQL9|DMRT3_HUMAN,124-132,9,0,Q,P,S,Q,P,Q,P,P,R,P,L,R,W,T,A,E,P,Q,P,G
sp|Q9UJJ7|RUSD1_HUMAN,81-86,6,0,S,G,A,L,C,V,A,L,N,K,Y,R,C,F,K,E,R,R,V,T
sp|Q9UMZ2|SYNRG_HUMAN,14-19,6,0,R,P,G,A,G,S,G,G,G,G,G,S,A,G,G,G,G,F,M,F
sp|Q9UMZ2|SYNRG_HUMAN,433-437,5,0,G,I,N,L,V,G,P,V,G,G,S,S,G,F,I,P,T,Y,P,A
sp|A2A288|ZC12D_HUMAN,316-321,6,0,Q,R,P,P,R,A,P,G,G,S,P,R,E,P,F,A,H,S,L,P
sp|H3BSY2|GOG8M_HUMAN,525-530,6,0,A,G,A,Q,G,G,D,E,G,E,D,G,I,A,A,Y,S,N,Y,N
sp|O75022|LIRB3_HUMAN,584-589,6,0,V,E,E,D,R,Q,M,D,T,E,S,Q,D,V,T,Y,A,Q,L,H
sp|O75489|NDUS3_HUMAN,2-7,6,0,-,-,-,-,-,-,-,-,-,M,R,L,W,W,R,G,I,L,G,A
sp|P0DW14|TFKLJ_HUMAN,138-143,6,0,A,I,T,G,S,S,V,S,E,N,G,I,A,K,L,F,V,G,E,V
sp|Q08AF8|GOG8F_HUMAN,321-325,5,0,G,P,G,Q,G,G,D,E,G,E,G,D,G,V,A,A,G,G,D,Y
sp|Q5TGY1|TMCO4_HUMAN,216-220,5,0,V,T,G,G,L,A,A,P,L,V,T,I,I,G,S,A,G,A,A,A
sp|Q5TGY1|TMCO4_HUMAN,226-230,5,0,A,A,G,A,A,T,I,I,G,S,L,G,S,A,A,G,I,A,I,M
sp|Q5TGY1|TMCO4_HUMAN,546-550,5,0,G,C,L,P,S,E,E,P,R,Q,S,S,G,E,T,P,H,Q,V,G
sp|Q6BAA4|FCRLB_HUMAN,301-308,8,0,P,L,D,P,A,S,T,T,A,P,P,G,N,R,P,L,S,F,R,K
sp|Q6NSJ0|MYORG_HUMAN,29-34,6,0,G,C,Y,A,Y,R,Q,N,P,E,M,Y,T,F,L,P,D,N,F,S
sp|Q6NSJ0|MYORG_HUMAN,271-276,6,0,R,Y,H,D,T,P,Y,K,P,P,P,E,L,S,Y,R,V,C,V,G
sp|Q7L775|EPMIP_HUMAN,405-408,4,0,S,E,E,L,R,V,S,K,V,F,F,D,H,I,C,T,F,E,V,K
sp|Q8N1S5|S39AB_HUMAN,23-27,5,0,L,G,T,F,F,T,W,G,M,T,L,V,F,V,F,S,S,G,Q,R
sp|Q8N1S5|S39AB_HUMAN,294-301,8,0,V,V,L,A,E,P,I,L,P,Y,M,V,Y,V,V,M,D,D,I,I
sp|Q8TD08|MK15_HUMAN,459-464,6,0,R,G,A,A,P,S,L,T,S,Q,N,Q,A,L,I,R,G,D,W,N
sp|Q969F1|TF3C6_HUMAN,2-5,4,0,-,-,-,-,-,-,-,-,-,M,D,E,R,S,P,E,D,G,E,D
sp|Q96DT7|ZBT10_HUMAN,84-88,5,0,P,Q,D,L,E,A,S,A,G,P,E,E,A,K,E,L,L,L,P,Q
sp|Q9UBX1|CATF_HUMAN,17-22,6,0,L,L,S,L,L,G,L,L,P,G,Q,P,R,A,A,S,F,Q,A,W
sp|Q9UI17|M2GD_HUMAN,201-206,6,0,G,H,I,D,P,Y,S,L,T,M,R,K,C,G,A,L,L,K,Y,P
sp|Q9Y345|SC6A5_HUMAN,19-22,4,0,M,N,K,L,P,A,N,S,P,E,Q,G,H,P,D,G,P,C,A,P
sp|Q9Y345|SC6A5_HUMAN,42-45,4,0,P,R,T,S,P,E,Q,E,L,P,P,P,P,P,R,V,P,R,S,A
sp|Q9Y345|SC6A5_HUMAN,87-93,7,0,V,G,S,C,K,L,S,S,P,R,L,R,D,L,R,E,A,Q,G,A
sp|A2RTX5|SYTC2_HUMAN,2-12,11,0,-,-,-,-,-,-,-,-,-,M,S,R,L,E,R,Q,E,E,D,I
sp|O43711|TLX3_HUMAN,141-144,4,0,S,R,R,F,V,K,D,R,F,T,L,T,P,F,T,V,T,R,R,I
sp|O75376|NCOR1_HUMAN,593-603,11,0,G,R,I,T,R,S,M,T,N,E,T,E,E,P,P,P,P,L,P,P
sp|O75376|NCOR1_HUMAN,1581-1584,4,0,A,M,P,F,H,R,A,L,D,P,Y,L,F,Q,R,Q,L,S,P,T
sp|O75376|NCOR1_HUMAN,1707-1712,6,0,S,M,S,P,G,H,P,T,H,L,E,R,E,R,E,R,E,R,E,K
sp|O75376|NCOR1_HUMAN,1817-1823,7,0,Q,G,L,P,A,S,R,Y,N,T,L,V,D,A,A,A,S,A,P,Q
sp|O75376|NCOR1_HUMAN,1827-1831,5,0,A,A,D,A,L,A,A,L,V,D,P,Q,M,D,V,S,K,T,K,E
sp|P22466|GALA_HUMAN,15-20,6,0,S,A,L,L,L,A,S,L,L,L,S,A,G,L,W,S,P,A,K,E
sp|P23025|XPA_HUMAN,2-7,6,0,-,-,-,-,-,-,-,-,-,M,L,P,E,A,A,A,L,E,Q,P
sp|P23025|XPA_HUMAN,50-55,6,0,Q,A,R,L,A,A,R,P,Y,S,T,G,G,M,A,N,V,K,A,A
sp|P29400|CO4A5_HUMAN,24-28,5,0,L,L,A,L,S,L,W,G,Q,P,C,Y,G,C,S,P,G,S,K,C
sp|P30154|2AAB_HUMAN,312-315,4,1,L,L,K,D,C,E,A,E,V,R,H,K,V,K,E,L,G,E,N,L
sp|P68400|CSK21_HUMAN,385-389,5,0,A,A,N,P,L,G,M,P,V,P,Q,Q,-,-,-,-,-,-,-,-
sp|P98169|ZXDB_HUMAN,162-166,5,0,T,P,A,P,I,S,A,P,G,P,G,T,V,T,I,H,N,Q,D,L
sp|Q13485|SMAD4_HUMAN,451-466,16,1,R,Q,C,H,R,Q,M,Q,Q,Q,G,N,I,P,G,P,G,S,V,G
sp|Q5SNT2|TM201_HUMAN,24-28,5,0,A,G,L,A,G,G,L,G,V,T,G,V,L,L,Y,R,I,A,R,R
sp|Q6DWJ6|GP139_HUMAN,68-72,5,0,R,Q,K,S,S,Y,N,Y,L,L,D,I,L,V,L,F,F,I,V,F
sp|Q6NUM9|RETST_HUMAN,81-87,7,0,V,V,I,G,S,G,F,G,G,L,K,A,G,K,R,V,L,V,L,E
sp|Q7L0J3|SV2A_HUMAN,307-313,7,0,C,M,F,W,M,I,G,G,V,Y,I,I,P,H,Y,G,W,S,F,Q
sp|Q7L0J3|SV2A_HUMAN,719-724,6,0,G,I,T,K,A,A,P,I,L,F,L,G,S,S,L,A,L,K,L,P
sp|Q7RTX0|TS1R3_HUMAN,228-232,5,0,Y,G,R,Q,G,L,S,I,F,S,R,G,I,C,I,A,H,E,G,L
sp|Q7Z6J2|GRASP_HUMAN,43-46,4,0,A,A,P,V,P,T,P,G,P,P,T,P,G,P,P,A,D,E,L,Y
sp|Q86V87|FHI2B_HUMAN,71-76,6,0,D,I,L,V,Y,E,E,Q,Q,Q,G,P,C,L,E,Y,L,L,Q,H
sp|Q86V87|FHI2B_HUMAN,275-280,6,0,Q,E,N,L,L,L,L,V,S,M,T,Y,L,V,Q,S,S,A,C,C
sp|Q86VV8|RTTN_HUMAN,2163-2168,6,0,S,E,N,Q,N,A,Q,R,I,G,L,I,Y,N,Y,Q,K,A,K,T
sp|Q8IWY9|CDAN1_HUMAN,33-38,6,0,A,R,S,T,Q,G,S,E,D,N,L,S,S,L,R,A,L,R,K,E
sp|Q8IZ08|GP135_HUMAN,36-40,5,0,A,A,G,P,P,G,G,T,S,S,V,L,S,F,S,T,V,A,T,A
sp|Q8IZ08|GP135_HUMAN,101-107,7,0,P,E,A,A,P,L,L,S,H,G,L,V,L,L,L,I,F,L,L,S
sp|Q8IZ08|GP135_HUMAN,172-177,6,0,L,D,L,F,T,P,P,G,G,S,G,P,W,R,G,F,C,A,A,S
sp|Q8IZ08|GP135_HUMAN,354-359,6,0,W,G,P,Y,C,F,L,V,L,L,Q,T,M,Q,A,P,S,L,L,S
sp|Q8N159|NAGS_HUMAN,12-16,5,0,A,T,A,L,M,A,V,V,L,R,P,R,L,R,G,R,G,G,T,G
sp|Q8N159|NAGS_HUMAN,211-214,4,0,K,V,L,V,D,A,L,R,H,N,V,P,F,F,G,G,G,S,V,L
sp|Q8N6W0|CELF5_HUMAN,452-457,6,1,C,F,G,F,V,S,F,D,N,P,I,Q,A,M,N,G,F,Q,I,G
sp|Q8N7X1|RMXL3_HUMAN,60-66,7,0,G,F,A,F,V,T,F,E,S,P,R,D,M,N,G,K,Y,L,D,G
sp|Q8NE86|MCU_HUMAN,2-5,4,0,-,-,-,-,-,-,-,-,-,M,G,R,S,L,L,L,L,L,S,S
sp|Q8TB92|HMGC2_HUMAN,161-166,6,0,L,T,P,N,L,Q,G,F,H,H,T,E,I,S,V,F,G,A,A,S
sp|Q92630|DYRK2_HUMAN,8-13,6,0,-,-,-,M,L,T,R,K,P,S,Y,P,T,G,R,G,G,D,S,A
sp|Q92630|DYRK2_HUMAN,57-64,8,0,P,S,P,I,A,L,P,P,L,R,H,T,I,G,G,S,K,H,T,M
sp|Q96RP9|EFGM_HUMAN,6-11,6,0,-,-,-,-,-,M,R,L,L,G,L,G,R,G,R,A,P,A,S,L
sp|Q9BWW9|APOL5_HUMAN,178-181,4,0,M,L,S,A,T,G,T,G,L,G,I,T,N,I,V,T,N,V,L,E
sp|Q9BZE2|PUS3_HUMAN,151-155,5,0,D,S,E,D,F,N,V,K,E,E,E,E,I,R,Y,T,H,I,L,N
sp|Q9HC29|NOD2_HUMAN,105-110,6,1,K,G,T,W,A,C,Q,K,L,I,Q,A,D,S,Q,S,P,K,L,H
sp|Q9NZ45|CISD1_HUMAN,20-25,6,0,R,V,E,W,I,A,A,V,T,I,I,G,Y,L,A,Y,K,R,F,Y
sp|O75019|LIRA1_HUMAN,360-365,6,0,G,P,F,H,T,F,L,L,T,K,P,L,R,L,R,S,I,H,E,Y
sp|P10588|NR2F6_HUMAN,150-155,6,1,A,A,S,S,G,S,P,P,G,S,S,G,G,D,L,F,P,G,Q,P
sp|P10588|NR2F6_HUMAN,247-251,5,1,L,S,W,S,E,L,F,V,L,N,L,P,L,H,T,A,P,L,L,A
sp|P10588|NR2F6_HUMAN,267-272,6,1,A,P,L,L,A,A,A,G,L,H,E,R,A,V,A,F,M,D,Q,V
sp|P17600|SYN1_HUMAN,60-65,6,0,T,A,E,R,S,S,G,V,A,P,P,S,P,G,S,S,G,G,G,G
sp|P17600|SYN1_HUMAN,89-93,5,0,S,L,S,N,A,V,K,Q,T,T,T,F,S,E,Q,V,G,G,G,S
sp|P17600|SYN1_HUMAN,648-652,5,0,Q,K,P,S,Q,D,V,P,P,P,G,G,P,P,H,P,Q,L,N,K
sp|P28562|DUS1_HUMAN,103-108,6,0,L,D,G,A,K,R,D,G,T,L,L,C,R,E,A,R,A,A,Q,V
sp|P40426|PBX3_HUMAN,130-138,9,0,V,S,G,P,E,K,G,G,G,S,S,G,G,S,S,D,N,S,I,E
sp|P40426|PBX3_HUMAN,315-322,8,0,N,L,Y,A,A,K,T,A,V,T,V,Q,N,N,Q,T,N,S,P,T
sp|Q2TAZ0|ATG2A_HUMAN,912-917,6,0,F,S,V,G,A,S,G,G,P,Q,P,S,L,H,L,Q,S,T,F,S
sp|Q6P2E9|EDC4_HUMAN,770-775,6,0,A,P,E,G,L,E,P,D,S,M,L,H,L,L,S,P,R,P,R,P
sp|Q6P2E9|EDC4_HUMAN,1097-1103,7,0,K,L,L,K,S,K,N,L,T,D,D,T,L,Q,G,P,M,Q,A,A
sp|Q6UWH4|GAK1B_HUMAN,134-139,6,0,T,V,K,P,K,R,R,K,K,H,P,G,Q,E,A,L,V,G,P,S
sp|Q6UWY0|ARSK_HUMAN,10-15,6,0,-,M,L,L,L,W,V,S,V,V,V,L,A,P,G,A,G,E,Q,R
sp|Q6ZTA4|TRI67_HUMAN,59-65,7,0,L,L,L,S,R,G,S,G,L,Q,S,L,E,H,D,A,A,A,G,P
sp|Q6ZTA4|TRI67_HUMAN,71-76,6,0,A,A,A,A,A,S,L,E,H,D,C,G,G,A,G,G,S,A,A,G
sp|Q6ZTA4|TRI67_HUMAN,139-146,8,0,P,M,V,P,A,P,P,G,S,S,C,S,S,L,S,S,S,S,S,S
sp|Q6ZTA4|TRI67_HUMAN,201-206,6,0,Q,G,R,G,A,V,P,G,T,S,I,C,Q,L,C,D,R,T,P,P
sp|Q8IUR5|TMTC1_HUMAN,25-34,10,0,T,P,S,R,R,R,G,C,G,L,G,A,S,C,L,C,Y,G,R,S
sp|Q8NHH1|TTL11_HUMAN,2-5,4,0,-,-,-,-,-,-,-,-,-,M,S,V,T,G,R,V,T,W,A,A
sp|Q8NHH1|TTL11_HUMAN,74-83,10,0,G,S,L,V,A,D,W,G,G,G,L,A,P,A,L,S,T,M,R,R
sp|Q8NHH1|TTL11_HUMAN,106-120,15,0,S,E,S,E,L,A,A,R,W,E,E,A,T,A,E,T,V,A,E,Q
sp|Q8WVE6|TM171_HUMAN,4-7,4,0,-,-,-,-,-,-,-,M,S,P,E,P,D,G,D,Q,Q,D,R,H
sp|Q96BM1|ANKR9_HUMAN,213-218,6,0,L,G,R,D,A,G,A,T,P,S,S,A,P,G,E,P,R,Q,R,R
sp|Q96PV7|F193B_HUMAN,296-300,5,0,F,P,A,Q,A,S,E,C,P,V,P,H,T,P,G,P,C,Q,S,S
sp|Q96S37|S22AC_HUMAN,189-195,7,0,S,Y,L,Q,M,A,V,M,G,T,F,P,V,Y,C,L,F,R,F,L
sp|Q9BSL1|UBAC1_HUMAN,252-265,14,0,P,G,Q,A,P,P,E,A,E,G,T,D,E,E,A,R,D,E,L,T
sp|Q9H1E5|TMX4_HUMAN,15-25,11,0,R,C,G,P,Q,L,T,A,L,L,G,P,E,E,A,A,L,P,P,E
sp|Q9H1I8|ASCC2_HUMAN,455-458,4,0,E,N,S,E,E,E,E,C,M,G,V,G,P,A,M,C,G,V,E,L
sp|Q9H209|O10A4_HUMAN,143-148,6,0,Y,P,V,I,M,G,H,I,S,C,S,W,F,S,G,F,S,V,A,T
sp|Q9NQ88|TIGAR_HUMAN,39-42,4,0,E,P,L,S,E,T,G,F,K,Q,G,I,F,L,N,N,V,K,F,T
sp|Q9NQ88|TIGAR_HUMAN,105-110,6,0,V,E,G,K,A,L,S,E,L,R,R,E,E,C,P,V,F,T,P,P
sp|Q9UBI1|COMD3_HUMAN,64-67,4,0,I,D,P,V,V,L,K,H,C,H,T,Y,I,L,E,A,G,K,H,R
sp|Q9Y446|PKP3_HUMAN,627-631,5,0,R,C,E,L,N,R,H,T,T,E,L,Q,N,I,T,A,G,D,R,R
sp|A6NJG2|SWAHD_HUMAN,46-50,5,0,T,G,S,L,G,R,Y,W,G,K,S,R,E,H,P,F,P,G,T,L
sp|M0QZC1|RN225_HUMAN,200-205,6,0,S,L,A,S,P,A,W,V,F,N,V,L,V,A,A,G,L,V,V,S
sp|O43865|SAHH2_HUMAN,187-193,7,1,C,N,I,Y,S,T,Q,N,E,V,G,V,A,V,F,A,W,K,G,E
sp|O75197|LRP5_HUMAN,27-31,5,1,L,L,L,L,A,L,C,G,C,P,S,P,L,L,L,F,A,N,R,R
sp|O75340|PDCD6_HUMAN,17-21,5,1,R,P,G,P,G,A,G,P,G,P,L,P,D,Q,S,F,L,W,N,V
sp|O95793|STAU1_HUMAN,152-156,5,0,G,K,T,R,Q,A,A,K,H,D,L,R,I,L,Q,N,E,P,L,P
sp|P19440|GGT1_HUMAN,41-47,7,1,K,E,P,D,N,H,V,Y,T,R,K,Q,C,S,K,I,G,R,D,A
sp|P19440|GGT1_HUMAN,67-71,5,1,A,L,R,D,G,G,S,A,V,D,L,L,C,V,G,L,M,N,A,H
sp|P20264|PO3F3_HUMAN,104-118,15,0,A,H,Q,W,V,T,A,L,P,H,S,S,P,W,S,G,S,A,V,G
sp|P20264|PO3F3_HUMAN,189-204,16,0,P,H,Q,G,H,P,G,G,W,G,H,L,P,S,M,A,G,G,Q,Q
sp|P48634|PRC2A_HUMAN,509-514,6,0,A,P,D,K,R,L,K,A,E,P,P,S,T,P,A,P,P,P,A,V
sp|P48634|PRC2A_HUMAN,1805-1809,5,0,V,S,R,D,W,E,L,L,P,S,E,P,Q,S,K,N,L,D,S,G
sp|P50479|PDLI4_HUMAN,38-42,5,1,T,I,S,R,V,H,A,G,S,K,L,C,P,G,D,L,I,Q,A,I
sp|P53350|PLK1_HUMAN,30-37,8,1,A,G,V,P,G,V,A,A,P,G,K,E,I,P,E,V,L,V,D,P
sp|P86791|CCZ1_HUMAN,2-8,7,0,-,-,-,-,-,-,-,-,-,M,G,S,G,P,W,A,A,Q,E,K
sp|Q12870|TCF15_HUMAN,150-155,6,0,C,F,R,A,A,G,S,A,K,G,D,G,G,R,Q,P,R,S,I,C
sp|Q14524|SCN5A_HUMAN,993-997,5,0,G,L,L,R,Q,R,P,Q,K,P,Q,G,Q,L,P,S,C,I,A,T
sp|Q15751|HERC1_HUMAN,3161-3165,5,0,S,S,G,R,I,T,L,G,E,Q,N,P,H,D,R,V,V,A,L,R
sp|Q15751|HERC1_HUMAN,3228-3233,6,0,I,R,T,L,V,R,L,M,C,L,G,L,S,T,S,P,S,A,M,A
sp|Q15751|HERC1_HUMAN,3367-3372,6,0,E,V,E,K,K,G,P,L,E,L,C,C,L,S,S,R,L,S,S,Q
sp|Q15751|HERC1_HUMAN,3820-3825,6,0,S,K,D,V,L,V,V,N,C,T,N,H,V,L,A,T,C,R,T,A
sp|Q16650|TBR1_HUMAN,569-576,8,0,G,S,V,L,P,C,W,P,N,S,G,A,N,P,Y,L,G,E,E,A
sp|Q86WI1|PKHL1_HUMAN,952-957,6,0,A,Y,G,H,I,L,K,G,L,P,D,L,Q,F,A,L,Q,S,L,E
sp|Q8IWB1|IPRI_HUMAN,153-158,6,0,G,H,F,Y,E,R,C,I,R,G,R,T,R,E,F,L,E,G,F,V
sp|Q8NFU7|TET1_HUMAN,1891-1896,6,0,C,T,M,P,S,G,R,L,S,G,D,G,P,G,I,S,Q,L,G,E
sp|Q8WUU8|TM174_HUMAN,172-175,4,0,S,P,C,G,L,I,T,S,G,G,M,S,S,P,P,Q,Y,Y,T,I
sp|Q92570|NR4A3_HUMAN,217-220,4,0,G,G,H,H,L,G,Y,D,P,T,L,S,L,P,L,G,A,A,A,A
sp|Q92570|NR4A3_HUMAN,227-231,5,0,A,A,A,A,L,S,L,P,L,G,G,S,Q,A,A,A,L,E,S,H
sp|Q9Y2D5|PLAK2_HUMAN,841-845,5,0,Q,Q,G,P,E,A,T,V,E,E,F,G,S,E,K,P,Q,S,M,F
sp|A6NC51|T150B_HUMAN,63-67,5,0,C,I,F,S,Q,V,L,N,M,G,W,I,C,I,V,R,Y,H,Q,L
sp|A6NHG4|DDTL_HUMAN,25-28,4,0,V,P,A,G,L,E,K,R,L,C,S,I,L,G,K,P,A,D,R,V
sp|A7E2Y1|MYH7B_HUMAN,911-917,7,0,L,R,A,E,L,R,G,L,R,G,K,R,Q,E,L,E,E,T,H,V
sp|A7E2Y1|MYH7B_HUMAN,1484-1490,7,0,S,E,D,V,T,L,E,L,E,R,L,D,K,K,Q,R,H,L,E,R
sp|O95229|ZWINT_HUMAN,8-12,5,0,-,-,-,M,E,A,A,E,T,E,L,E,V,L,A,E,V,A,G,I
sp|P24347|MMP11_HUMAN,10-14,5,0,-,M,A,P,A,A,W,L,R,S,L,L,P,P,M,L,L,L,L,L
sp|P55291|CAD15_HUMAN,350-355,6,0,V,S,V,Q,N,E,A,P,L,Q,E,R,G,Q,A,K,V,R,V,H
sp|P55291|CAD15_HUMAN,592-597,6,0,C,G,K,D,G,V,C,L,P,G,G,G,T,G,L,S,L,G,A,L
sp|P78358|CTG1B_HUMAN,48-53,6,0,G,A,T,G,G,R,G,P,R,G,S,G,P,G,G,G,A,P,R,G
sp|Q14055|CO9A2_HUMAN,2-6,5,0,-,-,-,-,-,-,-,-,-,M,S,P,R,S,L,L,V,L,L,Q
sp|Q14914|PTGR1_HUMAN,149-153,5,1,V,K,G,G,E,T,V,M,V,N,V,G,S,V,V,G,Q,I,A,K
sp|Q5VUJ5|AGAP7_HUMAN,43-48,6,0,E,A,G,A,E,D,R,M,A,G,V,Q,P,A,E,V,T,V,E,V
sp|Q6NY19|KANK3_HUMAN,385-395,11,0,R,L,R,E,L,E,E,A,R,E,Q,L,R,E,A,T,T,Q,T,P
sp|Q6UXZ3|CLM5_HUMAN,143-148,6,0,S,E,W,T,T,T,T,A,S,L,T,Q,K,T,S,S,P,L,T,R
sp|Q86VR8|FJX1_HUMAN,8-12,5,0,-,-,-,M,G,R,R,M,R,G,G,L,W,L,L,A,L,G,S,L
sp|Q86VR8|FJX1_HUMAN,139-143,5,0,E,E,Q,V,P,P,G,F,S,E,W,L,E,A,A,R,G,A,R,M
sp|Q8IW45|NNRD_HUMAN,109-113,5,0,V,G,A,D,L,S,H,V,F,C,P,V,I,K,A,Y,S,P,E,L
sp|Q8NB15|ZN511_HUMAN,28-32,5,0,A,E,P,L,P,V,E,R,D,P,P,F,R,F,V,A,R,P,V,R
sp|Q902F9|EN113_HUMAN,94-99,6,0,V,S,M,V,V,S,L,P,M,P,N,Y,T,Y,W,A,Y,V,P,F
sp|Q902F9|EN113_HUMAN,482-487,6,0,A,V,I,M,G,L,I,A,V,T,G,V,A,L,H,S,S,V,Q,S
sp|Q96AC6|KIFC2_HUMAN,22-26,5,0,F,Y,S,L,F,R,R,D,G,G,E,P,G,D,P,A,Q,R,A,R
sp|Q96AC6|KIFC2_HUMAN,587-592,6,0,Q,M,L,K,L,G,R,S,N,R,M,N,Q,R,S,S,R,S,H,A
sp|Q96HA9|PX11C_HUMAN,110-115,6,0,D,Q,L,Y,Y,P,C,E,H,V,R,V,L,H,V,D,S,S,R,W
sp|Q96IZ2|ADTRP_HUMAN,160-165,6,0,P,S,K,K,T,G,L,T,L,L,Y,I,S,R,I,L,W,L,Y,F
sp|Q99797|MIPEP_HUMAN,12-16,5,0,L,C,V,G,R,L,G,G,L,G,L,P,P,R,R,A,G,R,G,S
sp|Q99946|PRRT1_HUMAN,128-131,4,0,F,E,G,P,L,P,P,P,P,P,P,P,P,P,A,P,A,Q,T,A
sp|Q9BX66|SRBS1_HUMAN,194-199,6,0,G,P,L,G,C,V,P,T,I,P,S,P,L,T,F,P,T,L,D,D
sp|Q9NP08|HMX1_HUMAN,164-169,6,0,G,P,G,P,G,A,V,Q,R,E,R,G,P,A,A,G,T,E,E,A
sp|Q9NP08|HMX1_HUMAN,292-296,5,0,V,P,V,L,Y,H,E,S,P,P,G,P,P,A,T,L,P,F,P,L
sp|Q9NP08|HMX1_HUMAN,307-312,6,0,G,P,P,A,T,L,P,F,P,L,P,P,P,P,L,L,G,F,S,G
sp|Q9NP08|HMX1_HUMAN,329-335,7,0,G,F,S,G,A,L,A,Y,P,L,S,V,P,F,L,R,A,Q,M,P
sp|Q9UHB7|AFF4_HUMAN,570-575,6,0,R,T,V,G,K,K,Q,P,K,K,E,E,P,R,G,G,L,K,I,E
sp|A0A0B4J1V6|HV373_HUMAN,78-83,6,0,G,R,I,R,S,K,A,N,S,Y,S,V,K,G,R,F,T,I,S,R
tr|A0A7I2V3R4|A0A7I2V3R4_HUMAN,93-102,10,0,Q,E,C,L,S,Q,L,Q,L,R,P,E,R,P,P,R,P,P,P,W
tr|A0A7I2V3R4|A0A7I2V3R4_HUMAN,173-177,5,0,R,L,P,P,L,P,A,R,L,P,P,P,P,T,P,A,P,P,P,P
tr|A0A7I2V3R4|A0A7I2V3R4_HUMAN,333-340,8,0,G,G,S,G,G,G,G,G,P,R,R,R,S,D,T,-,-,-,-,-
sp|A7MBM2|DISP2_HUMAN,711-715,5,0,K,F,R,Y,I,W,I,C,W,F,G,G,A,Y,I,A,G,V,S,P
sp|A7MBM2|DISP2_HUMAN,1064-1073,10,0,F,S,L,R,Q,T,S,C,A,T,G,V,L,M,L,P,A,T,V,L
sp|O00192|ARVC_HUMAN,376-380,5,0,M,L,R,H,P,V,D,P,V,K,Y,L,Q,H,L,C,F,E,N,E
sp|O00192|ARVC_HUMAN,682-686,5,0,T,E,S,R,N,F,N,T,L,E,L,Q,N,L,S,A,G,N,W,M
sp|O00192|ARVC_HUMAN,852-856,5,0,D,G,W,T,K,A,R,F,Q,S,K,G,P,K,G,A,L,S,P,G
sp|P09874|PARP1_HUMAN,374-379,6,0,S,V,A,A,T,P,P,P,S,T,V,N,S,S,A,S,A,D,K,P
sp|P15538|C11B1_HUMAN,346-349,4,0,V,Q,Q,A,L,R,Q,E,S,L,S,I,S,E,H,P,Q,K,A,T
sp|P17010|ZFX_HUMAN,333-341,9,0,Y,M,E,V,I,V,G,E,E,D,V,H,E,Q,Q,M,D,D,N,E
sp|P17010|ZFX_HUMAN,359-363,5,0,D,N,E,I,K,T,F,M,P,I,Y,G,N,N,S,D,G,I,E,N
sp|P20333|TNR1B_HUMAN,18-22,5,0,A,A,L,A,V,G,L,E,L,W,L,P,A,Q,V,A,F,T,P,Y
sp|P38646|GRP75_HUMAN,4-10,7,0,-,-,-,-,-,-,-,M,I,S,R,L,V,G,A,A,A,S,R,G
sp|P38646|GRP75_HUMAN,225-229,5,0,N,V,L,R,V,I,N,E,P,T,Y,G,L,D,K,S,E,D,K,V
sp|P81877|SSBP2_HUMAN,96-99,4,0,S,E,A,K,A,F,H,D,Y,S,P,S,P,V,L,G,N,I,P,P
sp|P86790|CCZ1B_HUMAN,2-8,7,0,-,-,-,-,-,-,-,-,-,M,G,S,G,P,W,A,A,Q,E,K
sp|Q13895|BYST_HUMAN,224-229,6,1,E,Q,I,L,Y,V,T,E,P,E,M,Y,Q,A,T,R,I,F,A,S
sp|Q5JU00|DRC5_HUMAN,272-277,6,0,L,F,T,Y,R,D,C,L,S,L,C,H,T,L,K,I,F,K,L,T
sp|Q6ZRV2|FA83H_HUMAN,288-292,5,0,F,A,Q,S,E,P,L,V,P,S,R,M,D,A,Y,A,L,A,P,Y
sp|Q6ZRV2|FA83H_HUMAN,696-702,7,0,L,I,F,S,T,S,Q,A,E,G,T,E,K,V,Q,L,L,H,K,E
sp|Q7L4E1|MIGA2_HUMAN,57-62,6,0,V,L,F,A,T,A,L,G,T,V,H,Q,L,K,R,R,R,R,R,K
sp|Q8IWK6|AGRA3_HUMAN,36-41,6,0,A,L,L,G,G,G,G,G,G,G,G,C,K,H,D,G,R,P,R,G
sp|Q8IWK6|AGRA3_HUMAN,55-59,5,0,H,D,G,R,P,R,G,A,G,R,E,G,K,V,V,C,S,S,L,E
sp|Q8IWK6|AGRA3_HUMAN,697-702,6,0,N,V,T,L,R,R,I,A,H,G,R,W,D,F,D,L,L,N,G,Q
sp|Q8IWK6|AGRA3_HUMAN,1120-1123,4,0,S,Q,G,C,K,L,T,N,L,Q,Q,C,H,A,N,S,L,P,L,N
sp|Q8WZ42|TITIN_HUMAN,391-396,6,0,G,V,Q,E,Q,V,T,I,S,G,S,V,S,A,S,A,S,Y,A,A
sp|Q8WZ42|TITIN_HUMAN,405-410,6,0,A,A,S,V,S,A,S,A,S,Y,T,G,A,K,E,V,K,Q,D,A
sp|Q8WZ42|TITIN_HUMAN,13554-13559,6,0,D,M,G,T,Y,V,V,M,V,G,H,L,T,V,I,E,K,L,R,I
sp|Q8WZ42|TITIN_HUMAN,25904-25909,6,0,T,E,G,H,S,Y,E,F,R,V,G,V,G,E,P,S,E,P,S,V
sp|Q9BXF6|RFIP5_HUMAN,99-105,7,0,Q,E,A,D,A,G,P,A,P,W,C,E,L,V,L,T,T,M,H,R
sp|Q9C0B0|UNK_HUMAN,689-694,6,0,K,K,E,A,E,E,A,G,E,R,E,C,E,L,A,R,E,Q,R,D
sp|Q9NQC1|JADE2_HUMAN,684-689,6,0,P,P,L,A,P,E,T,P,D,E,D,S,D,V,Q,V,P,G,P,A
sp|Q9UJ14|GGT7_HUMAN,95-98,4,0,L,R,E,T,R,K,D,P,F,S,E,C,S,C,R,Q,D,G,L,T
sp|Q9UJ14|GGT7_HUMAN,166-171,6,0,V,L,S,K,Q,G,S,S,V,D,L,C,L,G,I,V,A,P,H,S
sp|Q9UJ14|GGT7_HUMAN,256-262,7,0,Y,G,R,L,P,W,S,Q,V,L,Q,D,G,F,N,V,T,H,D,L
sp|Q9Y2K2|SIK3_HUMAN,2-9,8,0,-,-,-,-,-,-,-,-,-,M,G,G,A,A,G,A,G,T,G,G
sp|Q9Y2K2|SIK3_HUMAN,36-40,5,0,L,L,P,P,P,A,P,G,S,P,V,S,P,A,A,G,Q,P,R,P
sp|Q9Y5X2|SNX8_HUMAN,11-22,12,0,M,T,G,R,A,M,D,P,L,P,D,E,E,A,D,P,P,A,S,D
sp|A6NH11|GLTD2_HUMAN,258-263,6,0,L,E,L,A,C,P,G,A,T,E,L,V,R,A,A,G,T,L,E,D
sp|B2RBV5|MR1L2_HUMAN,96-100,5,0,A,R,L,C,A,E,A,E,R,K,R,M,G,R,R,I,V,E,L,H
sp|P31995|FCG2C_HUMAN,235-240,6,0,I,V,A,V,V,T,G,I,A,V,V,V,A,L,I,Y,C,R,K,K
sp|P46095|GPR6_HUMAN,17-28,12,0,S,L,N,D,S,Q,V,V,V,V,G,G,P,D,T,G,E,W,G,P
sp|P46095|GPR6_HUMAN,40-46,7,0,G,P,D,T,G,E,W,G,P,P,G,G,G,A,N,G,S,L,E,L
sp|P49447|CY561_HUMAN,5-8,4,0,-,-,-,-,-,-,M,E,G,G,T,P,T,A,L,P,Y,Y,V,A
sp|Q05925|HME1_HUMAN,15-22,8,0,Q,P,E,P,K,S,Q,R,D,S,T,P,G,G,L,S,L,S,L,S
sp|Q05925|HME1_HUMAN,129-132,4,0,K,E,Q,P,P,P,Q,L,L,V,R,G,G,A,G,G,G,G,R,V
sp|Q05925|HME1_HUMAN,186-192,7,0,N,C,G,P,P,D,G,S,Q,P,S,K,A,G,N,P,A,A,A,A
sp|Q05925|HME1_HUMAN,199-218,20,0,G,A,G,A,S,K,A,G,N,P,K,P,S,D,T,G,G,G,G,S
sp|Q14156|EFR3A_HUMAN,321-326,6,0,R,A,G,I,I,Q,V,L,L,E,K,G,S,I,G,P,T,V,L,E
sp|Q15596|NCOA2_HUMAN,89-92,4,0,Q,I,R,Q,I,K,E,Q,E,K,N,I,D,E,V,Q,K,S,D,V
sp|Q16401|PSMD5_HUMAN,2-7,6,0,-,-,-,-,-,-,-,-,-,M,L,L,R,E,V,A,R,L,E,A
sp|Q4ADV7|RIC1_HUMAN,35-40,6,0,V,Q,S,D,P,Q,R,A,F,F,R,L,S,I,W,Y,S,R,P,S
sp|Q504Y2|PKDCC_HUMAN,6-10,5,0,-,-,-,-,-,M,R,R,R,R,G,F,C,A,S,F,L,L,G,S
sp|Q5T4H9|CSC10_HUMAN,34-39,6,0,P,T,P,S,G,D,R,G,P,G,R,G,G,A,G,E,T,T,G,Q
sp|Q5T4H9|CSC10_HUMAN,58-63,6,0,G,Q,Q,R,P,L,Q,V,P,G,R,T,R,L,L,R,W,H,H,R
sp|Q7Z5R6|AB1IP_HUMAN,448-452,5,0,S,R,W,T,N,L,G,T,V,N,Q,P,S,T,G,P,K,T,G,T
sp|Q8WTX7|CAST1_HUMAN,87-92,6,1,L,V,L,N,V,S,S,H,S,G,G,V,T,K,I,A,R,S,V,I
sp|Q8WZ74|CTTB2_HUMAN,19-27,9,0,E,P,D,L,S,R,A,P,E,D,K,K,E,F,D,V,D,T,L,S
sp|Q8WZ74|CTTB2_HUMAN,127-132,6,0,H,C,K,K,M,Q,E,R,M,S,E,S,R,Q,K,K,L,E,M,E
sp|Q8WZ74|CTTB2_HUMAN,783-786,4,0,A,D,K,N,G,F,T,P,L,C,Q,G,H,F,E,C,V,E,L,L
sp|Q8WZ74|CTTB2_HUMAN,916-921,6,0,I,N,H,A,N,R,E,G,W,T,S,K,G,F,K,N,C,L,E,I
sp|Q9H0D2|ZN541_HUMAN,325-329,5,0,S,S,S,C,T,P,A,G,P,H,L,D,T,E,L,P,E,E,P,C
sp|Q9H4G0|E41L1_HUMAN,24-27,4,0,A,Q,E,E,A,P,Q,Q,P,E,V,T,T,P,V,T,P,A,G,H
sp|Q9P2K1|C2D2A_HUMAN,1491-1494,4,0,E,E,L,I,Y,Q,R,S,D,K,E,L,Q,D,R,I,E,K,I,L
sp|Q9Y4D7|PLXD1_HUMAN,13-18,6,0,P,R,A,A,G,G,A,P,L,S,S,P,P,P,F,Q,T,P,P,R
sp|Q9Y4D7|PLXD1_HUMAN,41-46,6,0,V,P,L,L,L,L,L,L,L,G,L,E,I,Q,R,R,F,P,S,P
sp|Q9Y4D7|PLXD1_HUMAN,380-387,8,0,A,V,F,E,R,P,Q,G,S,P,L,C,A,F,R,F,A,D,V,R
sp|Q9Y4D7|PLXD1_HUMAN,398-403,6,0,L,C,A,F,R,F,A,D,V,R,R,T,A,C,F,V,E,P,A,P
sp|Q9Y5N1|HRH3_HUMAN,17-26,10,0,D,G,P,L,N,A,S,G,A,L,R,G,F,S,A,A,W,T,A,V
sp|A1X283|SPD2B_HUMAN,839-842,4,0,T,G,K,I,G,E,N,R,E,K,S,V,P,N,A,D,G,L,K,D
sp|O15457|MSH4_HUMAN,277-281,5,0,M,E,V,Q,S,K,Y,Y,C,L,L,L,K,Y,V,E,F,I,Q,N
sp|O60496|DOK2_HUMAN,96-100,5,0,L,E,T,K,E,R,L,Y,L,L,E,R,G,D,W,V,Q,A,I,C
sp|O95948|ONEC2_HUMAN,94-101,8,0,P,P,T,A,H,Q,E,L,G,T,S,R,S,A,M,V,T,S,M,A
sp|P0C854|CECR9_HUMAN,9-17,9,0,-,-,M,Q,S,H,L,A,P,L,G,G,S,C,Q,A,A,Q,P,E
sp|P16260|GDC_HUMAN,2-13,12,0,-,-,-,-,-,-,-,-,-,M,D,P,P,P,A,M,P,Q,A,A
sp|P30038|AL4A1_HUMAN,108-112,5,1,D,K,S,L,L,N,K,A,I,E,R,K,E,W,D,L,K,P,I,A
sp|P30291|WEE1_HUMAN,604-608,5,0,L,Q,K,E,L,K,K,A,Q,M,E,E,R,A,L,F,T,D,R,M
sp|P34995|PE2R1_HUMAN,157-167,11,0,A,R,V,S,V,A,R,A,R,L,V,A,L,L,P,L,A,R,V,G
sp|P46937|YAP1_HUMAN,39-44,6,0,P,P,S,G,P,G,Q,P,A,P,P,Q,A,P,P,A,G,H,Q,I
sp|P51531|SMCA2_HUMAN,290-295,6,0,V,P,A,P,G,G,R,P,S,P,Q,P,P,A,A,A,V,P,G,P
sp|P61086|UBE2K_HUMAN,115-120,6,1,T,L,R,T,V,L,L,S,L,Q,E,P,D,D,P,Q,D,A,V,V
sp|Q14687|GSE1_HUMAN,244-248,5,0,S,S,L,P,P,L,G,L,D,P,Y,Y,H,P,S,Y,L,A,P,H
sp|Q15599|NHRF2_HUMAN,45-52,8,1,F,I,R,R,V,E,P,G,S,P,G,D,R,L,V,E,V,N,G,V
sp|Q5BJF6|ODFP2_HUMAN,219-222,4,0,S,K,L,V,E,A,E,M,D,G,K,Q,V,M,A,L,K,D,T,I
sp|Q5T681|CJ062_HUMAN,125-129,5,0,K,A,P,S,T,D,E,A,T,W,C,T,K,E,I,D,T,Q,G,R
sp|Q6UXX5|ITIH6_HUMAN,365-370,6,0,E,A,D,G,W,T,D,V,N,S,S,V,L,N,H,S,N,Q,E,P
sp|Q6UXX5|ITIH6_HUMAN,1192-1195,4,0,L,K,R,P,Q,L,E,L,Y,V,R,L,T,L,R,L,G,P,Y,L
sp|Q7Z4P5|GDF7_HUMAN,5-8,4,0,-,-,-,-,-,-,M,D,L,S,L,C,L,W,L,L,S,A,C,R
sp|Q7Z4P5|GDF7_HUMAN,54-66,13,0,G,G,G,G,G,G,G,R,T,L,V,P,R,A,R,A,A,R,R,A
sp|Q7Z4P5|GDF7_HUMAN,72-77,6,0,V,P,A,A,A,V,P,R,A,R,G,S,G,F,R,N,G,S,V,V
sp|Q7Z4P5|GDF7_HUMAN,103-112,10,0,M,S,L,Y,R,S,L,A,G,R,S,G,H,G,R,A,D,T,I,T
sp|Q86XI2|CNDG2_HUMAN,816-821,6,0,P,G,G,K,P,R,G,F,S,E,F,G,L,H,C,R,L,S,I,H
sp|Q8N398|VW5B2_HUMAN,1210-1216,7,0,A,Q,H,L,P,D,G,L,D,L,R,G,L,F,L,L,L,R,H,W
sp|Q8N428|GLT16_HUMAN,199-204,6,0,E,G,L,I,R,S,R,V,R,G,T,V,L,T,F,L,D,S,H,C
sp|Q8TBY8|PMFBP_HUMAN,482-487,6,0,L,E,E,A,K,Q,Q,E,R,L,Q,C,K,E,E,A,A,L,A,G
sp|Q96FX8|PERP_HUMAN,76-79,4,0,Q,S,L,M,E,Y,A,W,G,R,M,L,F,C,G,F,I,I,L,V
sp|Q9BQR3|PRS27_HUMAN,20-25,6,0,L,L,L,L,C,F,G,S,Q,R,C,G,R,P,R,M,L,N,R,M
sp|Q9HCL0|PCD18_HUMAN,1054-1058,5,0,A,K,T,V,G,Y,P,Q,G,V,S,T,H,F,Q,N,P,T,T,N
sp|Q9NUD5|ZCHC3_HUMAN,126-134,9,0,G,A,A,E,A,G,R,R,K,K,T,P,A,R,P,G,E,A,E,D
sp|Q9NUD5|ZCHC3_HUMAN,155-158,4,0,A,A,E,R,P,L,Q,D,E,P,G,P,G,K,G,R,F,L,V,R
sp|Q9NWL6|ASND1_HUMAN,390-394,5,0,I,P,S,E,E,F,S,K,D,V,D,S,P,N,K,H,V,S,V,P
sp|Q9NZ71|RTEL1_HUMAN,92-96,5,0,P,D,R,A,L,S,S,W,G,N,G,D,P,I,A,C,Y,T,D,I
sp|Q9NZ71|RTEL1_HUMAN,929-933,5,0,L,Q,D,Y,K,G,S,D,D,F,C,L,G,P,L,F,A,E,D,P
sp|Q9ULM3|YETS2_HUMAN,1102-1107,6,0,A,A,P,T,P,V,V,P,S,S,K,V,K,T,E,P,E,T,P,G
sp|Q9Y4P3|TBL2_HUMAN,23-28,6,0,S,V,L,L,G,L,L,A,L,M,R,G,W,L,R,A,G,E,E,R
sp|Q9Y4P3|TBL2_HUMAN,329-333,5,0,Y,L,L,K,T,G,R,F,E,E,P,C,R,L,A,L,S,P,N,A
sp|O00461|GOLI4_HUMAN,223-227,5,0,L,V,V,T,L,E,D,H,K,S,Q,T,Q,V,A,E,Y,K,Q,L
sp|O75807|PR15A_HUMAN,610-615,6,0,Q,E,E,L,S,P,C,L,T,P,W,A,R,L,R,N,P,P,L,A
sp|O75807|PR15A_HUMAN,661-666,6,0,Q,A,V,A,T,P,S,R,S,S,L,D,L,S,G,R,R,G,-,-
sp|P0C646|O52Z1_HUMAN,60-64,5,0,S,M,L,A,S,A,D,F,L,L,P,K,V,L,A,I,L,W,F,H
sp|P10515|ODP2_HUMAN,398-403,6,0,D,I,D,S,F,V,P,S,K,V,V,V,P,P,T,G,P,G,M,A
sp|P11831|SRF_HUMAN,6-11,6,0,-,-,-,-,-,M,L,P,T,Q,L,G,R,G,S,A,L,G,G,S
sp|P11831|SRF_HUMAN,60-65,6,0,G,L,G,P,G,R,L,E,R,E,T,T,P,A,P,T,A,G,A,L
sp|P11831|SRF_HUMAN,116-120,5,0,E,I,G,M,V,V,G,G,P,E,T,G,G,Y,G,P,V,S,G,A
sp|P29401|TKT_HUMAN,515-519,5,1,V,I,G,A,G,V,T,L,H,E,E,L,L,K,K,E,K,I,N,I
sp|P52655|TF2AA_HUMAN,136-141,6,0,I,Q,H,M,N,A,S,N,M,S,T,L,A,L,P,A,G,V,T,P
sp|P55263|ADK_HUMAN,153-158,6,1,C,I,T,G,D,N,R,S,L,I,N,C,Y,K,K,E,K,H,L,D
sp|Q02086|SP2_HUMAN,9-13,5,0,-,-,M,S,D,P,Q,T,S,M,V,S,P,S,D,Y,L,Q,P,A
sp|Q02086|SP2_HUMAN,374-378,5,0,Q,T,V,L,V,Q,D,S,P,P,T,S,N,T,T,C,S,S,P,A
sp|Q02086|SP2_HUMAN,426-435,10,0,A,P,A,G,S,I,I,S,L,N,M,Q,T,I,N,I,N,G,V,Q
sp|Q03164|KMT2A_HUMAN,59-67,9,1,G,G,P,G,A,P,P,S,P,P,G,S,S,G,A,G,V,P,G,G
sp|Q03164|KMT2A_HUMAN,78-84,7,1,G,S,S,G,A,G,V,P,G,G,S,S,S,S,A,S,S,S,S,S
sp|Q03164|KMT2A_HUMAN,3310-3314,5,0,P,L,L,P,Q,S,V,G,G,T,G,T,S,T,I,S,Q,D,T,S
sp|Q03164|KMT2A_HUMAN,3418-3423,6,0,Q,L,G,T,S,Q,T,P,S,T,S,S,I,C,V,L,P,S,T,Q
sp|Q68CZ2|TENS3_HUMAN,1297-1302,6,1,E,E,I,A,E,S,S,P,Q,T,E,L,L,K,Q,G,A,A,C,N
sp|Q6RSH7|VHLL_HUMAN,37-41,5,0,Q,E,E,L,G,A,E,E,E,M,W,P,V,L,R,S,V,N,S,R
sp|Q8TAC2|JOS2_HUMAN,157-164,8,1,E,A,L,G,D,E,D,G,V,R,Q,G,L,C,E,V,L,L,V,V
sp|Q8TAT2|FGFP3_HUMAN,67-72,6,0,H,A,C,S,W,Q,L,L,L,P,G,S,E,L,A,L,R,C,Q,S
sp|Q8TAT2|FGFP3_HUMAN,100-104,5,0,C,A,Y,R,G,H,P,E,R,C,R,R,A,H,F,W,K,Q,V,L
sp|Q8TDL5|BPIB1_HUMAN,291-295,5,0,S,L,I,V,S,Q,D,V,V,K,V,L,S,P,E,E,F,M,V,L
sp|Q96GW9|SYMM_HUMAN,102-106,5,0,T,D,E,H,G,L,K,I,Q,Q,G,L,A,P,T,E,L,C,D,R
sp|Q96QF7|GCNA_HUMAN,357-360,4,0,I,A,S,D,E,E,E,L,V,E,V,S,Q,H,D,S,S,D,D,A
sp|Q9BZF9|UACA_HUMAN,21-29,9,0,Q,D,V,P,G,P,A,S,S,G,D,W,N,K,Y,D,D,R,L,M
sp|Q9NS67|GPR27_HUMAN,78-88,11,0,A,L,A,C,L,P,A,V,M,L,P,P,G,A,L,G,C,K,L,L
sp|Q9NS67|GPR27_HUMAN,146-155,10,0,G,W,P,C,A,A,M,L,V,C,F,P,P,V,L,D,G,G,G,D
sp|Q9Y2X9|ZN281_HUMAN,84-88,5,0,P,Q,C,V,L,S,S,S,T,S,E,P,P,P,P,P,A,P,D,M
sp|Q9Y2X9|ZN281_HUMAN,105-110,6,0,A,P,D,M,T,F,K,K,E,P,F,P,S,Q,R,T,S,W,G,F
sp|Q9Y4J8|DTNA_HUMAN,380-385,6,0,D,S,E,V,E,Q,N,K,L,L,F,L,K,G,K,G,I,Q,Y,S
sp|Q9Y4J8|DTNA_HUMAN,441-446,6,0,D,E,E,H,R,L,I,A,R,Y,E,S,S,S,S,Q,P,P,Q,Q
sp|A4D0V7|CPED1_HUMAN,43-48,6,0,L,T,L,R,G,S,R,K,L,T,V,P,H,T,S,T,E,T,Q,A
sp|A6NCC3|GOG8O_HUMAN,525-530,6,0,A,G,A,Q,G,G,D,E,G,E,D,G,I,A,A,Y,S,N,Y,N
sp|B1AK53|ESPN_HUMAN,59-67,9,0,L,H,C,L,R,F,L,V,E,E,R,N,G,A,T,P,A,H,D,A
sp|P17544|ATF7_HUMAN,445-450,6,0,A,P,S,N,G,L,S,V,R,S,T,S,V,L,T,Q,M,A,S,Q
sp|P49675|STAR_HUMAN,171-175,5,0,G,K,D,T,F,I,T,H,E,L,G,N,L,V,G,P,R,D,F,V
sp|Q03001|DYST_HUMAN,4449-4454,6,0,C,N,L,I,S,A,V,T,T,P,V,K,S,G,G,A,V,L,N,G
sp|Q03001|DYST_HUMAN,7427-7431,5,0,P,N,R,S,T,S,V,S,S,Q,S,P,Q,V,P,A,T,T,T,P
sp|Q06278|AOXA_HUMAN,1022-1028,7,1,L,K,F,P,V,G,L,G,S,R,L,V,H,I,Y,L,D,G,S,V
sp|Q08378|GOGA3_HUMAN,367-370,4,0,Q,F,P,S,I,K,D,V,L,Q,E,H,Q,D,Q,G,Q,E,V,N
sp|Q08378|GOGA3_HUMAN,780-785,6,0,L,L,Q,N,E,K,I,I,L,E,K,S,G,K,E,E,L,D,R,G
sp|Q08378|GOGA3_HUMAN,1015-1020,6,0,I,L,S,R,R,L,Q,E,A,L,D,A,E,L,G,Q,L,R,A,Q
sp|Q14511|CASL_HUMAN,469-474,6,0,L,K,E,Y,L,H,F,V,K,G,C,L,P,E,L,I,L,H,N,K
sp|Q4V328|GRAP1_HUMAN,307-312,6,0,D,Q,R,Q,G,E,R,L,E,H,L,Q,D,Q,V,S,I,Q,S,A
sp|Q5XKR4|OTP_HUMAN,187-194,8,0,P,T,P,G,L,P,Q,F,P,S,M,G,D,S,L,C,S,F,H,A
sp|Q5XKR4|OTP_HUMAN,210-213,4,0,C,S,F,H,A,N,D,T,R,W,M,P,G,V,S,Q,L,P,L,P
sp|Q8IY67|RAVR1_HUMAN,308-317,10,1,A,P,G,P,P,G,R,S,M,L,L,N,R,G,K,G,L,L,P,E
sp|Q8IY67|RAVR1_HUMAN,569-574,6,0,A,L,P,S,V,S,R,P,H,W,L,P,T,C,C,P,R,P,S,P
sp|Q8N423|LIRB2_HUMAN,359-364,6,1,R,Q,F,H,T,F,L,L,T,K,P,L,R,L,R,S,I,H,E,Y
sp|Q8N423|LIRB2_HUMAN,550-555,6,0,P,E,D,G,V,E,M,D,T,R,P,Q,D,V,T,Y,A,Q,L,H
sp|Q8TB45|DPTOR_HUMAN,361-364,4,0,H,I,Q,A,V,D,P,S,G,P,G,M,K,V,C,Q,F,V,V,S
sp|Q99935|PROL1_HUMAN,194-199,6,0,S,T,P,E,P,A,T,S,I,S,S,T,E,N,T,T,Q,I,L,A
sp|Q9NZQ8|TRPM5_HUMAN,546-551,6,0,Y,F,W,A,M,G,Q,E,G,V,C,K,I,L,K,E,M,S,H,L
sp|Q9NZQ8|TRPM5_HUMAN,565-570,6,0,L,K,E,M,S,H,L,E,T,E,T,R,E,A,K,Y,E,R,L,A
sp|Q9UHD9|UBQL2_HUMAN,24-28,5,1,S,R,G,P,A,A,A,Q,G,S,E,P,K,I,I,K,V,T,V,K
sp|Q9Y6C5|PTC2_HUMAN,930-937,8,0,T,A,D,F,V,E,A,I,E,G,G,Q,A,G,V,H,A,Y,P,S
sp|P23083|HV102_HUMAN,12-17,6,0,D,W,T,W,R,I,L,F,L,V,H,S,Q,V,Q,L,V,Q,S,G
sp|P83369|LSM11_HUMAN,77-82,6,0,V,R,G,G,G,R,G,R,G,R,G,S,G,V,P,A,A,P,G,P
sp|P98177|FOXO4_HUMAN,9-14,6,0,-,-,M,D,P,G,N,E,N,S,I,I,D,L,D,P,D,F,E,P
sp|Q13733|AT1A4_HUMAN,663-668,6,0,R,L,K,I,P,I,S,K,V,D,I,V,V,H,G,A,E,L,K,D
sp|Q14697|GANAB_HUMAN,2-9,8,0,-,-,-,-,-,-,-,-,-,M,R,R,R,R,S,W,A,S,L,V
sp|Q32NB8|PGPS1_HUMAN,2-9,8,0,-,-,-,-,-,-,-,-,-,M,G,P,V,F,W,R,R,L,L,G
sp|Q32NB8|PGPS1_HUMAN,337-340,4,0,H,S,N,S,L,L,T,Q,E,D,G,D,R,R,P,A,P,D,T,W
sp|Q5VUA4|ZN318_HUMAN,424-429,6,0,S,G,H,P,S,L,P,L,S,G,S,E,I,E,N,K,G,T,M,V
sp|Q5VUA4|ZN318_HUMAN,1462-1471,10,0,P,P,P,P,P,V,I,P,H,P,I,L,A,P,V,K,S,N,P,V
sp|Q69YW2|STUM_HUMAN,8-20,13,0,-,-,-,M,E,P,S,H,K,D,D,P,R,G,A,S,S,S,S,G
sp|Q6ZRQ5|MMS22_HUMAN,711-716,6,0,S,S,L,S,A,K,E,R,H,L,L,W,R,H,F,F,S,F,L,K
sp|Q6ZRQ5|MMS22_HUMAN,740-744,5,0,M,S,Q,V,V,P,F,S,Q,L,D,F,T,L,L,A,M,D,M,P
sp|Q6ZTU2|E400N_HUMAN,232-237,6,0,T,I,H,H,L,G,P,Q,S,P,G,L,Q,P,L,A,S,P,S,H
sp|Q86UY8|NT5D3_HUMAN,4-10,7,0,-,-,-,-,-,-,-,M,T,M,R,G,A,G,A,R,A,A,T,A
sp|Q86UY8|NT5D3_HUMAN,13-22,10,0,M,A,A,A,A,V,V,A,R,G,L,R,G,G,C,G,T,A,A,R
sp|Q8IX07|FOG1_HUMAN,274-277,4,0,C,A,S,R,Q,G,T,G,S,P,T,D,E,K,P,K,E,T,Y,P
sp|Q8IX07|FOG1_HUMAN,903-908,6,0,R,T,P,A,D,R,G,P,S,P,S,P,Q,P,G,S,R,G,P,R
sp|Q8IX07|FOG1_HUMAN,937-942,6,0,E,P,P,P,G,P,P,P,S,P,V,P,P,P,P,A,P,P,S,Y
sp|Q8IYK2|TEKL1_HUMAN,24-29,6,0,T,R,V,G,A,P,A,W,R,E,R,T,A,H,I,L,T,D,R,C
sp|Q8IZF4|AGRG5_HUMAN,316-320,5,0,M,S,P,V,P,G,S,A,C,T,L,H,Y,A,L,L,S,C,L,T
sp|Q969V3|NCLN_HUMAN,39-43,5,0,V,L,L,L,V,A,P,P,L,P,H,E,F,T,V,Y,R,M,Q,Q
sp|Q96KS9|F167A_HUMAN,17-21,5,0,H,V,E,E,V,G,A,E,E,G,P,P,D,D,H,L,R,S,L,K
sp|Q96PE2|ARHGH_HUMAN,109-115,7,0,A,G,T,R,D,G,G,V,L,P,E,G,P,A,R,G,A,W,P,S
sp|Q96RY5|CRML_HUMAN,131-136,6,0,G,S,S,S,G,N,V,S,G,V,G,G,S,R,S,S,S,R,N,L
sp|Q96SI9|STRBP_HUMAN,562-570,9,1,F,R,G,A,G,P,N,K,K,V,L,E,K,L,F,S,G,P,N,A
sp|Q99571|P2RX4_HUMAN,6-10,5,0,-,-,-,-,-,M,A,G,C,C,F,L,F,E,Y,D,T,P,R,I
sp|Q9H2D1|S2532_HUMAN,127-132,6,0,R,L,E,A,T,E,Y,L,V,S,M,T,L,C,I,T,N,P,L,W
sp|Q9NPC1|LT4R2_HUMAN,248-253,6,1,A,P,Y,H,A,V,N,L,L,Q,P,P,E,G,A,L,A,K,L,G
sp|Q9UKN1|MUC12_HUMAN,138-143,6,0,F,S,L,G,L,P,L,S,E,Q,R,E,K,E,R,Q,E,T,V,I
sp|Q9UKY3|CES1P_HUMAN,12-18,7,0,W,L,P,A,L,V,L,A,T,L,G,H,L,S,S,P,P,L,V,D
sp|Q9Y5H4|PCDG1_HUMAN,696-699,4,0,D,S,D,L,T,L,Y,L,V,V,V,S,C,V,F,L,A,F,V,I
sp|A0PJK1|SC5AA_HUMAN,226-231,6,0,D,Q,I,G,G,Y,G,Q,L,E,I,P,S,R,T,I,A,N,T,T
sp|A6NFI3|ZN316_HUMAN,525-528,4,0,D,G,P,R,R,E,P,G,E,T,G,P,E,D,T,D,P,G,P,E
sp|A6NFI3|ZN316_HUMAN,549-553,5,0,G,S,E,V,G,E,A,D,G,E,E,E,R,E,E,A,A,V,A,A
sp|A6NFI3|ZN316_HUMAN,559-563,5,0,A,E,A,A,A,E,E,R,E,E,P,T,P,S,G,K,V,D,P,A
sp|A6NFI3|ZN316_HUMAN,680-685,6,0,P,A,I,G,G,L,L,A,E,P,E,E,E,S,P,W,I,C,S,D
sp|O75122|CLAP2_HUMAN,376-382,7,0,Q,R,S,R,S,D,I,D,V,N,H,H,A,A,G,Q,S,V,R,S
sp|O75164|KDM4A_HUMAN,482-485,4,0,L,E,E,E,D,E,E,E,E,Q,L,D,L,S,V,N,P,A,S,V
sp|O95221|OR5F1_HUMAN,145-151,7,0,I,M,S,R,T,V,Y,L,K,M,G,L,L,N,F,M,V,N,T,S
sp|P06753|TPM3_HUMAN,79-84,6,1,Q,E,K,L,E,L,A,E,K,K,E,V,A,S,L,N,R,R,I,Q
sp|P11086|PNMT_HUMAN,21-26,6,1,G,A,A,P,D,S,A,P,G,Q,Y,Q,R,F,E,P,R,A,Y,L
sp|P47974|TISD_HUMAN,323-332,10,0,S,T,P,S,G,A,P,T,C,C,L,L,Y,G,T,G,G,A,E,D
sp|P47974|TISD_HUMAN,384-390,7,0,T,P,L,A,I,Q,T,H,N,F,Y,Y,R,S,Q,Q,Q,Q,Q,Q
sp|P47974|TISD_HUMAN,419-423,5,0,P,P,A,P,P,S,A,T,L,P,P,P,S,P,P,F,S,F,Q,L
sp|P55327|TPD52_HUMAN,205-210,6,0,G,G,D,F,G,E,V,L,N,S,T,T,T,E,P,L,P,E,K,T
sp|Q08209|PP2BA_HUMAN,387-391,5,1,L,G,S,E,E,D,G,F,D,G,R,K,E,V,I,R,N,K,I,R
sp|Q16348|S15A2_HUMAN,390-396,7,0,M,A,V,G,M,I,L,A,C,L,V,E,I,K,I,N,E,M,A,P
sp|Q32P28|P3H1_HUMAN,14-22,9,0,R,A,L,K,L,L,T,T,L,L,E,V,E,S,E,A,G,W,G,M
sp|Q32P28|P3H1_HUMAN,98-103,6,0,D,P,D,W,S,P,S,P,A,Q,L,R,D,L,S,F,F,G,G,L
sp|Q32P28|P3H1_HUMAN,162-166,5,0,A,Y,F,K,I,N,K,L,E,K,H,T,F,F,V,G,N,P,E,H
sp|Q3KQV9|UAP1L_HUMAN,53-58,6,0,P,E,A,L,R,E,H,C,R,R,R,P,H,G,P,P,P,D,L,A
sp|Q58EX2|SDK2_HUMAN,1701-1706,6,0,T,G,Y,T,A,Y,M,V,S,V,G,D,G,P,R,S,T,P,T,Q
sp|Q5T619|ZN648_HUMAN,217-225,9,0,H,T,P,A,Q,A,S,A,T,P,K,A,R,N,S,R,K,V,Q,N
sp|Q68BL8|OLM2B_HUMAN,233-238,6,0,P,D,I,R,S,A,L,Q,R,D,H,P,E,Y,E,E,R,F,L,Q
sp|Q86VE0|MYPOP_HUMAN,2-9,8,0,-,-,-,-,-,-,-,-,-,M,E,E,T,T,R,L,R,K,P,R
sp|Q8IY47|KBTB2_HUMAN,462-466,5,0,M,A,M,R,Q,T,S,R,S,F,F,G,D,K,I,F,Y,I,G,G
sp|Q8NCN4|RN169_HUMAN,10-18,9,0,-,M,A,A,A,G,P,S,T,R,L,S,R,R,G,R,R,G,R,C
sp|Q8NCN4|RN169_HUMAN,95-99,5,0,H,S,L,C,R,G,C,A,Q,R,G,P,G,C,P,R,C,R,A,R
sp|Q8NCN4|RN169_HUMAN,149-152,4,0,E,R,C,R,P,R,R,D,G,G,G,P,R,P,E,Q,E,P,R,A
sp|Q96JS3|PGBD1_HUMAN,224-229,6,0,Q,T,L,V,K,T,E,E,E,T,E,K,W,S,H,L,S,L,T,R
sp|Q96NX9|DACH2_HUMAN,217-223,7,0,P,G,L,I,T,P,T,G,I,T,M,K,L,Q,K,M,K,L,M,A
sp|Q96NX9|DACH2_HUMAN,283-288,6,0,F,A,A,P,G,P,Q,H,G,I,G,Q,P,G,I,G,G,A,P,T
sp|Q96NX9|DACH2_HUMAN,347-353,7,0,M,N,Q,M,N,H,L,N,T,I,Q,I,H,S,P,L,S,R,A,G
sp|Q9H0G5|NSRP1_HUMAN,165-170,6,0,R,A,E,E,E,E,R,E,K,R,C,L,D,V,T,K,Q,K,D,L
sp|Q9H8M5|CNNM2_HUMAN,18-21,4,0,E,P,K,V,K,M,A,G,G,Q,L,P,T,W,K,M,A,A,R,R
sp|Q9NUQ3|TXLNG_HUMAN,463-468,6,0,E,V,L,K,E,Q,V,S,I,K,N,R,D,L,A,T,P,V,M,Q
sp|Q9P258|RCC2_HUMAN,6-10,5,0,-,-,-,-,-,M,P,R,K,K,W,E,E,P,S,S,G,N,G,T
sp|Q9UMS0|NFU1_HUMAN,11-16,6,0,M,A,A,T,A,R,R,G,W,G,G,L,R,R,R,F,C,H,M,L
sp|Q9Y5J1|UTP18_HUMAN,56-66,11,0,S,Q,R,K,P,P,A,R,P,S,E,E,E,R,R,L,R,Q,R,N
sp|Q9Y6Q6|TNR11_HUMAN,559-563,5,0,V,Y,V,S,Q,T,S,Q,E,G,E,P,M,G,R,P,V,Q,E,E
sp|A1L390|PKHG3_HUMAN,82-87,6,0,K,G,P,L,S,P,F,N,S,R,H,H,K,L,S,Y,L,G,R,V
sp|P00505|AATM_HUMAN,22-29,8,0,G,I,A,A,A,F,H,P,G,L,S,S,W,W,T,H,V,E,M,G
sp|P00505|AATM_HUMAN,324-329,6,1,P,M,Y,S,N,P,P,L,N,G,I,L,N,T,P,D,L,R,K,Q
sp|P43403|ZAP70_HUMAN,262-267,6,0,E,A,C,P,N,S,S,A,S,N,P,T,L,P,A,H,P,S,T,L
sp|P43403|ZAP70_HUMAN,614-619,6,0,V,E,G,P,P,G,S,T,Q,K,-,-,-,-,-,-,-,-,-,-
sp|P54886|P5CS_HUMAN,158-164,7,0,L,K,E,M,A,I,P,V,L,E,G,Q,S,G,L,M,A,L,Y,E
sp|P54886|P5CS_HUMAN,491-496,6,1,E,S,R,P,D,C,L,P,Q,V,S,G,N,G,L,L,L,K,G,G
sp|P61278|SMS_HUMAN,40-43,4,0,R,L,R,Q,F,L,Q,K,S,L,G,K,Q,E,L,A,K,Y,F,L
sp|Q01094|E2F1_HUMAN,52-56,5,0,A,S,A,P,P,A,P,T,G,P,G,P,C,D,P,D,L,L,L,F
sp|Q09013|DMPK_HUMAN,455-464,10,1,Q,D,E,T,A,E,V,A,V,P,E,V,T,L,R,E,L,Q,E,A
sp|Q1XH10|SKDA1_HUMAN,122-125,4,0,L,A,T,K,A,P,P,P,E,R,S,P,R,P,G,F,W,K,D,K
sp|Q1XH10|SKDA1_HUMAN,160-167,8,0,P,I,S,A,Q,S,Q,R,P,G,H,L,P,Q,I,F,S,K,Y,P
sp|Q1XH10|SKDA1_HUMAN,224-244,21,0,F,R,S,L,L,C,S,K,H,P,Y,Y,Q,V,S,A,A,G,P,Q
sp|Q1XH10|SKDA1_HUMAN,257-261,5,0,Q,V,S,A,A,G,P,Q,P,K,G,G,P,G,S,L,S,Y,R,C
sp|Q1XH10|SKDA1_HUMAN,301-320,20,0,R,L,L,L,L,P,R,S,Y,K,T,C,L,E,R,F,H,L,V,N
sp|Q1XH10|SKDA1_HUMAN,488-493,6,0,Q,A,Q,A,N,F,L,Y,H,L,T,K,P,A,A,F,E,D,A,G
sp|Q1XH10|SKDA1_HUMAN,659-667,9,0,P,S,S,Q,T,D,P,E,V,N,E,N,P,C,T,D,T,G,D,K
sp|Q2VPB7|AP5B1_HUMAN,70-75,6,0,Y,P,A,Q,L,W,P,D,A,S,T,S,L,L,D,T,L,V,L,L
sp|Q2VPB7|AP5B1_HUMAN,562-565,4,0,A,Q,S,A,T,L,N,F,L,Q,H,C,T,N,W,D,L,Q,Q,G
sp|Q2VPB7|AP5B1_HUMAN,636-641,6,0,K,L,G,V,A,L,G,P,S,L,S,S,L,V,A,E,N,Q,G,F
sp|Q86WJ1|CHD1L_HUMAN,451-455,5,0,S,D,F,N,P,Q,N,D,L,Q,H,R,I,G,Q,N,K,S,V,K
sp|Q8IYB0|YK038_HUMAN,65-70,6,0,P,V,C,S,K,T,I,A,L,P,S,G,S,D,T,A,G,M,R,G
sp|Q8IYF1|ELOA2_HUMAN,721-725,5,0,N,P,C,L,S,S,S,N,E,H,K,T,R,K,Q,A,A,K,K,V
sp|Q8WV44|TRI41_HUMAN,346-350,5,0,R,E,M,H,E,A,Q,L,G,R,S,R,L,A,E,Q,A,A,Q,L
sp|Q8WWT9|S13A3_HUMAN,2-8,7,0,-,-,-,-,-,-,-,-,-,M,K,K,V,W,S,A,R,R,L,L
sp|Q92626|PXDN_HUMAN,216-220,5,0,L,L,K,T,Y,A,E,S,G,N,I,C,E,Y,P,R,R,I,Q,G
sp|Q92626|PXDN_HUMAN,1064-1069,6,0,D,P,G,I,N,A,G,I,F,N,F,R,F,G,H,T,L,V,N,P
sp|Q96EN9|REX1B_HUMAN,110-114,5,0,Y,R,S,T,V,H,G,V,T,Q,S,R,E,V,L,A,V,E,A,E
sp|Q96PE1|AGRA2_HUMAN,1098-1103,6,0,S,P,A,A,P,H,A,P,P,R,E,D,G,S,P,V,F,G,E,G
sp|Q96PE1|AGRA2_HUMAN,1149-1153,5,0,L,Q,L,A,Q,S,Q,V,C,E,G,G,E,G,E,P,E,P,A,G
sp|Q96T53|MBOA4_HUMAN,50-55,6,0,R,Y,L,F,L,L,T,G,G,G,M,G,S,Y,A,V,L,V,F,T
sp|Q9H8V8|YD018_HUMAN,71-79,9,0,R,W,R,P,Q,G,T,G,T,G,L,R,L,G,P,R,L,R,A,A
sp|Q9N2J8|ENH3_HUMAN,302-306,5,0,A,H,Q,S,P,L,Q,P,L,T,G,S,L,G,V,W,V,Q,D,T
sp|Q9NZM4|BICRA_HUMAN,146-154,9,0,P,A,D,G,G,A,G,P,T,G,G,P,Q,A,L,F,P,G,S,T
sp|Q9NZM4|BICRA_HUMAN,310-315,6,0,T,L,N,G,N,S,V,F,G,G,P,T,G,T,P,S,G,Q,P,L
sp|Q9NZM4|BICRA_HUMAN,499-502,4,0,L,P,A,N,V,G,G,Q,I,L,P,H,T,G,G,Q,L,I,A,N
sp|Q9NZM4|BICRA_HUMAN,606-611,6,0,L,N,T,P,D,G,L,V,Q,P,T,G,E,A,A,P,V,L,T,V
sp|Q9NZM4|BICRA_HUMAN,1452-1456,5,0,R,M,L,K,G,P,P,P,E,P,Q,G,T,G,D,P,D,W,E,A
sp|Q9UF11|PKHB1_HUMAN,227-232,6,0,A,P,L,A,M,G,M,L,A,G,L,G,S,L,M,W,S,P,C,W
sp|Q9UPU7|TBD2B_HUMAN,18-24,7,0,A,E,E,G,G,G,G,G,E,G,E,P,G,A,G,P,A,R,E,P
sp|Q9Y2G4|ANKR6_HUMAN,546-551,6,0,S,T,G,V,D,Q,L,V,V,T,S,D,S,S,P,P,V,V,R,P
sp|Q9Y467|SALL2_HUMAN,816-821,6,0,S,G,A,E,E,E,V,G,T,V,G,K,E,M,D,S,N,E,K,T
sp|A0A2Z4LIS9|FXO3B_HUMAN,43-49,7,0,A,A,L,R,L,T,A,R,S,Q,P,G,S,R,S,L,R,G,V,H
sp|A0A2Z4LIS9|FXO3B_HUMAN,78-84,7,0,P,A,R,E,E,S,A,R,T,P,K,M,A,E,A,P,A,S,P,A
sp|A8MYA2|CX049_HUMAN,303-308,6,0,K,V,E,V,R,P,S,C,S,G,L,P,Q,G,L,S,R,R,K,M
sp|E9PAV3|NACAM_HUMAN,114-119,6,0,P,N,L,I,G,P,P,I,S,P,S,P,M,I,A,P,T,L,K,G
sp|E9PAV3|NACAM_HUMAN,1914-1920,7,0,Q,D,S,T,Q,A,T,T,Q,Q,E,I,D,E,E,P,V,S,K,A
sp|E9PAV3|NACAM_HUMAN,1998-2003,6,0,E,A,K,I,E,D,L,S,Q,Q,E,K,F,K,V,Q,G,E,A,V
sp|O00418|EF2K_HUMAN,696-700,5,0,P,Q,R,S,G,D,L,Y,T,Q,M,E,A,M,K,G,R,L,A,N
sp|O60741|HCN1_HUMAN,30-35,6,0,V,F,P,A,K,A,S,A,T,G,E,K,R,L,G,T,P,P,G,G
sp|O94972|TRI37_HUMAN,578-584,7,0,E,L,E,E,G,E,L,M,E,D,G,S,S,H,G,Y,V,G,S,S
sp|O94972|TRI37_HUMAN,719-723,5,0,M,Q,T,S,L,F,S,A,D,Q,C,G,T,E,N,S,G,R,L,Q
sp|P06241|FYN_HUMAN,371-376,6,1,A,L,K,L,P,N,L,V,D,M,G,M,A,Y,I,E,R,M,N,Y
sp|P23677|IP3KA_HUMAN,43-51,9,0,E,L,R,L,L,F,E,A,R,C,G,E,P,R,A,R,G,A,K,R
sp|P48668|K2C6C_HUMAN,407-412,6,1,H,V,K,K,Q,C,A,S,L,Q,E,Q,R,G,E,M,A,L,K,D
sp|Q04671|P_HUMAN,362-368,7,0,R,T,L,A,A,M,L,G,S,L,V,I,G,D,R,P,S,L,T,H
sp|Q07343|PDE4B_HUMAN,438-444,7,1,D,A,V,F,T,D,L,E,I,L,I,H,D,V,D,H,P,G,V,S
sp|Q16836|HCDH_HUMAN,43-48,6,1,I,G,G,G,L,M,G,A,G,I,T,G,H,T,V,V,L,V,D,Q
sp|Q17RC7|EX3L4_HUMAN,208-212,5,0,R,E,T,L,D,S,D,G,V,D,E,L,A,R,V,V,S,A,E,E
sp|Q17RC7|EX3L4_HUMAN,300-304,5,0,L,Q,K,V,R,Q,E,V,Q,P,G,F,P,A,W,E,V,Y,L,R
sp|Q17RC7|EX3L4_HUMAN,690-699,10,0,L,L,Q,H,T,Q,D,L,L,R,P,R,G,R,V,L,F,E,E,I
sp|Q53SZ7|PRR30_HUMAN,342-347,6,0,G,H,Q,L,P,A,S,Q,P,P,D,P,V,P,G,T,P,S,Q,T
sp|Q5M8T2|S35D3_HUMAN,143-148,6,0,L,A,A,V,L,I,T,T,C,G,G,D,L,T,G,D,P,I,G,Y
sp|Q674X7|KAZRN_HUMAN,52-59,8,0,G,G,G,G,P,G,P,G,P,G,G,D,S,A,A,T,N,M,E,N
sp|Q6P0Q8|MAST2_HUMAN,1412-1417,6,0,L,K,R,V,Q,S,A,E,K,L,S,E,K,K,L,A,T,S,R,K
sp|Q6ZW61|BBS12_HUMAN,444-451,8,1,I,G,S,V,N,G,S,V,M,Q,V,Q,V,A,Y,I,T,Q,V,N
sp|Q75MW2|ZN767_HUMAN,4-7,4,0,-,-,-,-,-,-,-,M,E,E,P,I,S,P,W,T,M,A,A,T
sp|Q7LFL8|CXXC5_HUMAN,39-47,9,0,G,P,K,A,G,A,A,D,K,S,S,V,A,D,D,T,P,P,P,E
sp|Q7LFL8|CXXC5_HUMAN,105-112,8,0,S,M,M,G,G,E,S,A,D,K,S,L,L,A,N,G,H,D,L,A
sp|Q7LFL8|CXXC5_HUMAN,122-126,5,0,A,S,L,L,A,N,G,H,D,L,V,D,K,S,N,P,T,S,K,H
sp|Q7RTS5|OTOP3_HUMAN,5-10,6,0,-,-,-,-,-,-,M,G,R,G,Q,S,R,W,G,R,A,S,R,A
sp|Q86V81|THOC4_HUMAN,42-46,5,0,A,G,S,Q,G,G,R,G,G,G,R,V,N,R,G,G,G,P,I,R
sp|Q8N5C1|CAHM5_HUMAN,260-265,6,1,R,P,D,P,F,P,M,P,T,F,S,E,L,H,S,F,H,Q,S,Q
sp|Q8NES3|LFNG_HUMAN,49-54,6,0,R,R,A,L,R,S,L,A,G,P,P,G,L,G,A,A,A,A,A,P
sp|Q8NES3|LFNG_HUMAN,59-66,8,0,A,G,A,A,P,A,P,G,L,G,L,V,R,D,V,H,S,L,S,E
sp|Q96QZ7|MAGI1_HUMAN,48-53,6,0,H,G,E,F,P,Y,V,G,A,V,G,L,P,G,G,G,E,G,P,R
sp|Q96QZ7|MAGI1_HUMAN,1338-1344,7,0,R,A,P,E,G,R,R,D,A,Q,N,G,P,K,R,R,S,P,E,K
sp|Q9BQC6|RT63_HUMAN,73-78,6,1,A,A,V,R,R,R,E,A,F,E,T,S,K,F,P,P,H,R,F,I
sp|Q9HCB6|SPON1_HUMAN,24-28,5,0,P,A,L,L,A,L,A,L,P,L,F,S,D,E,T,L,D,K,V,P
sp|Q9NYR8|RDH8_HUMAN,50-55,6,0,R,D,L,G,K,K,E,T,L,E,L,G,Q,T,L,T,V,A,Q,L
sp|Q9Y5G7|PCDG6_HUMAN,26-29,4,0,L,L,T,L,L,G,T,L,W,G,Q,I,R,Y,S,I,P,E,E,L
sp|O15492|RGS16_HUMAN,181-189,9,0,F,L,K,S,P,A,Y,R,D,L,T,L,S,S,C,S,L,D,E,P
sp|O43347|MSI1H_HUMAN,274-281,8,0,A,I,P,L,T,A,Y,G,P,M,V,V,R,G,T,G,S,H,P,W
sp|O75077|ADA23_HUMAN,64-72,9,0,P,P,L,A,A,S,S,R,P,R,P,H,W,N,E,T,A,E,K,N
sp|O95201|RHIT_HUMAN,540-547,8,0,P,K,A,L,A,M,L,M,L,G,T,P,P,P,A,P,T,-,-,-
sp|O95239|KIF4A_HUMAN,482-487,6,0,L,I,T,Q,L,S,D,E,T,V,I,D,T,A,V,E,Q,E,A,Q
sp|O95239|KIF4A_HUMAN,707-710,4,0,S,N,V,L,R,R,K,T,E,E,N,K,R,L,K,D,A,L,Q,K
sp|P0DMW4|SIL2A_HUMAN,2-15,14,0,-,-,-,-,-,-,-,-,-,M,L,S,G,L,A,V,R,L,S,R
sp|P14314|GLU2B_HUMAN,203-207,5,0,Q,H,Q,K,L,W,E,E,Q,L,Q,Q,E,Q,E,L,A,A,D,A
sp|P18089|ADA2B_HUMAN,11-18,8,1,M,D,H,Q,D,P,Y,S,V,Q,I,T,F,L,I,L,F,T,I,F
sp|P31483|TIA1_HUMAN,59-65,7,0,C,F,V,E,F,H,E,H,R,H,M,N,G,R,K,I,M,G,K,E
sp|P50570|DYN2_HUMAN,250-254,5,1,K,D,I,E,G,K,K,D,I,R,E,R,K,F,F,L,S,H,P,A
sp|P54826|GAS1_HUMAN,84-94,11,0,P,V,L,A,Q,H,G,G,G,D,S,A,A,S,F,S,S,R,W,R
sp|P78509|RELN_HUMAN,23-27,5,0,L,A,L,L,L,G,A,T,L,R,G,Y,Y,P,R,F,S,P,F,F
sp|Q15005|SPCS2_HUMAN,2-5,4,0,-,-,-,-,-,-,-,-,-,M,V,Q,G,G,R,S,G,G,S,G
sp|Q5VV17|OTUD1_HUMAN,20-29,10,0,H,Y,P,A,G,A,P,G,P,T,T,P,F,K,V,S,L,Q,P,P
sp|Q5VV17|OTUD1_HUMAN,41-45,5,0,P,F,K,V,S,L,Q,P,P,G,P,E,P,E,T,G,E,C,Q,P
sp|Q5VV17|OTUD1_HUMAN,56-59,4,0,P,E,P,E,T,G,E,C,Q,P,E,H,R,E,A,A,A,V,P,A
sp|Q5VV17|OTUD1_HUMAN,64-70,7,0,Q,P,A,A,A,A,E,H,R,E,K,M,P,A,F,S,S,C,F,E
sp|Q5VV17|OTUD1_HUMAN,85-93,9,0,F,S,S,C,F,E,V,V,S,G,G,P,P,G,A,S,C,K,P,P
sp|Q5VV17|OTUD1_HUMAN,135-141,7,0,L,L,H,G,P,D,P,V,P,G,P,R,G,R,C,L,L,L,A,P
sp|Q5VV17|OTUD1_HUMAN,150-155,6,0,A,A,P,R,G,R,C,L,L,L,P,V,P,P,R,R,G,S,S,A
sp|Q5VV17|OTUD1_HUMAN,201-205,5,0,R,N,F,R,L,S,E,H,R,Q,K,H,R,G,P,A,A,T,P,G
sp|Q6AI08|HEAT6_HUMAN,855-860,6,0,P,C,L,R,Q,D,V,I,F,V,I,L,M,S,L,E,D,K,S,L
sp|Q6PCT2|FXL19_HUMAN,671-676,6,0,S,C,R,Q,L,S,P,E,A,C,G,P,P,G,P,F,R,C,P,E
sp|Q6UXP9|YO001_HUMAN,69-74,6,0,R,A,E,G,T,F,F,S,L,L,Q,H,F,P,N,L,P,T,A,P
sp|Q6ZMB0|B3GN6_HUMAN,294-299,6,0,G,F,L,L,S,G,P,T,A,R,R,H,T,P,L,F,P,I,D,D
sp|Q6ZT62|BGIN_HUMAN,27-34,8,0,P,P,A,R,P,Q,D,D,E,E,G,P,D,G,Q,L,G,T,V,E
sp|Q6ZT62|BGIN_HUMAN,532-537,6,0,A,P,A,P,A,P,A,P,A,P,T,K,E,R,T,E,S,E,V,P
sp|Q8NCG7|DGLB_HUMAN,285-288,4,0,L,E,N,C,H,H,Y,M,Q,F,Y,G,W,P,L,Y,I,Y,R,N
sp|Q8NCG7|DGLB_HUMAN,448-453,6,0,V,I,V,G,H,S,L,G,G,G,T,M,L,R,A,A,Y,P,Q,V
sp|Q8NGX5|O10K1_HUMAN,146-150,5,0,M,G,H,G,V,C,M,G,L,M,C,G,F,T,V,S,L,V,T,T
sp|Q93038|TNR25_HUMAN,9-14,6,0,-,-,M,E,Q,R,P,R,G,C,L,L,L,V,L,L,G,A,R,A
sp|Q99466|NOTC4_HUMAN,1413-1417,5,0,W,D,P,G,L,L,L,R,F,L,V,G,A,L,E,P,L,L,P,G
sp|Q99466|NOTC4_HUMAN,1673-1679,7,0,P,D,R,A,G,R,T,P,L,H,R,E,V,C,Q,L,L,L,R,S
sp|Q9BQG1|SYT3_HUMAN,170-177,8,0,S,Y,L,D,M,D,S,Y,P,E,G,V,K,P,S,Q,T,S,P,E
sp|Q9H693|CP095_HUMAN,22-28,7,0,R,C,H,H,H,H,E,A,T,G,G,G,P,G,A,G,C,V,G,L
sp|Q9NRR1|CYTL1_HUMAN,15-20,6,0,G,P,L,P,V,L,L,L,L,L,R,P,T,P,P,T,C,Y,S,R
sp|Q9UNY4|TTF2_HUMAN,329-336,8,0,T,H,S,V,P,A,P,G,G,P,P,G,L,S,L,G,E,G,R,E
sp|Q9Y5V0|ZN706_HUMAN,31-36,6,0,Q,K,K,K,Q,G,H,D,Q,K,L,I,Y,T,C,T,V,C,R,T
sp|O15090|ZN536_HUMAN,267-272,6,0,S,P,K,P,A,S,V,Q,E,D,G,F,R,C,T,F,C,K,G,K
sp|O15090|ZN536_HUMAN,508-513,6,0,L,K,S,S,C,I,E,R,L,Q,E,M,D,P,V,N,S,Y,Q,A
sp|O60248|SOX15_HUMAN,18-23,6,0,Q,D,Q,A,W,S,L,E,P,P,S,S,S,S,G,P,Q,E,R,E
sp|O60755|GALR3_HUMAN,218-225,8,0,L,R,F,L,W,A,A,V,G,P,R,R,R,A,T,G,R,A,G,R
sp|O94788|AL1A2_HUMAN,246-251,6,1,I,N,I,L,P,G,Y,G,P,T,S,H,I,G,I,D,K,I,A,F
sp|O95352|ATG7_HUMAN,414-418,5,1,E,D,C,L,G,G,G,K,P,K,D,R,L,Q,K,I,F,P,G,V
sp|P06126|CD1A_HUMAN,269-274,6,1,T,W,Y,L,R,A,T,L,E,V,D,L,S,C,R,V,K,H,S,S
sp|P20700|LMNB1_HUMAN,147-152,6,1,E,Y,E,A,A,L,N,S,K,D,L,G,D,K,K,S,L,E,G,D
sp|P20700|LMNB1_HUMAN,175-180,6,1,D,L,K,D,Q,I,A,Q,L,E,K,K,Q,L,A,D,E,T,L,L
sp|P22307|SCP2_HUMAN,231-237,7,0,I,L,Q,C,C,P,T,S,D,G,S,E,A,F,V,Q,K,Y,G,L
sp|P22314|UBA1_HUMAN,532-535,4,1,W,D,V,T,K,L,K,S,D,T,V,R,Q,M,N,P,H,I,R,V
sp|P51674|GPM6A_HUMAN,219-224,6,0,M,T,F,H,L,F,I,V,A,L,V,I,A,M,V,H,Y,L,M,V
sp|Q08554|DSC1_HUMAN,2-7,6,0,-,-,-,-,-,-,-,-,-,M,P,G,S,I,F,C,K,Q,L,L
sp|Q12906|ILF3_HUMAN,576-584,9,1,F,Q,G,A,G,S,N,K,K,V,L,E,K,L,F,P,D,T,P,L
sp|Q14160|SCRIB_HUMAN,460-465,6,0,F,L,E,A,P,I,G,D,E,D,E,K,R,G,L,Q,R,R,A,T
sp|Q14160|SCRIB_HUMAN,1407-1412,6,0,Q,Q,K,R,A,Q,M,L,R,E,E,A,R,L,A,L,D,G,E,T
sp|Q14714|SSPN_HUMAN,18-22,5,0,R,G,Q,Q,R,Q,G,G,P,P,G,P,D,D,M,E,P,K,K,G
sp|Q14714|SSPN_HUMAN,139-144,6,0,S,A,L,G,L,T,V,C,V,L,H,H,Y,S,Q,L,T,Q,F,T
sp|Q5JPB2|ZN831_HUMAN,885-893,9,0,Q,V,G,E,P,L,E,S,S,G,L,K,R,V,G,P,R,D,K,A
sp|Q5JPB2|ZN831_HUMAN,909-914,6,0,P,R,D,K,A,T,P,L,H,P,E,H,P,S,L,A,T,P,P,Q
sp|Q5T4B2|GT253_HUMAN,3-7,5,0,-,-,-,-,-,-,-,-,M,R,P,L,L,Q,L,L,L,L,L,G
sp|Q5VZ46|K1614_HUMAN,6-12,7,0,-,-,-,-,-,M,E,G,T,E,G,G,S,P,Q,G,P,K,T,G
sp|Q6PJG9|LRFN4_HUMAN,11-16,6,0,M,A,P,P,L,L,L,L,L,L,C,P,L,P,C,V,C,Q,N,L
sp|Q8TCG5|CPT1C_HUMAN,106-111,6,0,G,Q,H,H,G,L,R,G,V,L,S,C,L,W,G,A,L,I,F,T
sp|Q8TCG5|CPT1C_HUMAN,380-385,6,0,S,P,A,C,P,H,E,E,H,L,P,R,G,T,W,A,Q,V,R,T
sp|Q8WWM7|ATX2L_HUMAN,770-774,5,0,Q,P,A,S,A,P,P,M,M,Q,G,P,P,L,V,A,A,T,P,Y
sp|Q9BSK2|S2533_HUMAN,238-241,4,0,K,N,S,T,S,F,F,G,L,M,L,S,K,G,C,A,S,C,I,A
sp|Q9BTC8|MTA3_HUMAN,225-228,4,0,S,V,R,Q,P,S,L,H,M,S,S,R,D,I,T,L,F,H,A,M
sp|Q9NPG3|UBN1_HUMAN,41-44,4,0,A,G,E,Q,H,Q,D,C,E,P,V,R,I,T,L,T,L,F,E,P
sp|Q9NPG3|UBN1_HUMAN,369-375,7,0,A,P,L,E,K,R,V,K,E,L,E,G,E,S,R,Q,K,F,F,T
sp|Q9UBQ7|GRHPR_HUMAN,22-27,6,1,T,R,R,I,P,A,E,G,R,V,D,C,E,V,E,Q,W,D,S,D
sp|Q9UHX1|PUF60_HUMAN,21-29,9,0,N,G,Q,Q,G,G,G,S,E,P,G,D,K,W,K,P,P,Q,G,T
sp|Q9UHX1|PUF60_HUMAN,321-331,11,0,T,P,A,T,P,G,G,L,P,P,K,I,T,A,Q,E,A,V,A,G
sp|Q9UHX1|PUF60_HUMAN,338-343,6,0,A,A,T,A,K,I,T,A,Q,E,V,L,G,T,L,G,T,P,G,L
sp|Q9UJ55|MAGL2_HUMAN,857-864,8,0,A,S,Q,A,V,P,T,F,L,M,T,A,T,T,Q,E,A,S,K,T
sp|Q9ULD0|OGDHL_HUMAN,876-880,5,0,S,F,Q,R,V,I,P,E,D,G,P,E,Q,V,Q,R,L,I,F,C
sp|Q9ULD0|OGDHL_HUMAN,977-981,5,0,R,P,I,W,Y,V,G,R,D,P,T,G,N,R,N,T,H,L,V,S
sp|Q9ULG1|INO80_HUMAN,478-484,7,0,S,F,D,E,D,A,K,E,S,R,N,K,S,G,T,G,F,G,E,S
sp|Q9ULG1|INO80_HUMAN,1454-1477,24,0,A,G,K,G,R,S,R,K,S,T,Y,G,Y,N,V,S,K,G,I,S
sp|A5PLN7|F149A_HUMAN,34-37,4,0,A,G,P,S,S,R,P,S,G,G,G,S,G,G,S,R,A,G,T,P
sp|A5PLN7|F149A_HUMAN,83-88,6,0,L,L,S,S,P,Y,S,R,G,S,G,A,V,G,T,L,L,S,W,P
sp|A6NIR3|AGAP5_HUMAN,43-48,6,0,E,A,G,A,G,D,R,M,A,G,V,Q,P,A,E,V,T,V,E,V
sp|A7KAX9|RHG32_HUMAN,1289-1294,6,0,S,W,D,V,A,E,Q,P,T,T,T,L,Q,R,T,H,R,T,N,R
sp|A7KAX9|RHG32_HUMAN,1367-1370,4,0,P,A,S,A,F,I,S,D,S,G,Q,C,P,M,A,T,A,V,Q,P
sp|O43264|ZW10_HUMAN,772-776,5,0,R,A,L,F,Q,N,T,E,R,R,K,I,K,-,-,-,-,-,-,-
sp|O75116|ROCK2_HUMAN,1013-1018,6,0,L,S,R,L,K,D,E,E,I,S,Q,F,E,K,Q,L,L,T,E,R
sp|P27694|RFA1_HUMAN,133-138,6,0,G,Q,P,Q,V,A,P,P,A,P,S,S,R,P,Q,P,Q,N,G,S
sp|Q08043|ACTN3_HUMAN,650-655,6,1,Q,V,N,E,R,L,R,R,Q,F,I,G,P,W,I,Q,A,K,V,E
sp|Q5VTM2|AGAP9_HUMAN,185-190,6,0,E,A,G,A,E,D,R,M,A,G,V,Q,P,A,E,V,T,V,E,V
sp|Q6P9B9|INT5_HUMAN,622-626,5,1,P,L,L,L,H,P,E,E,E,V,S,L,L,A,I,C,P,F,P,S
sp|Q6P9B9|INT5_HUMAN,808-813,6,1,C,W,G,A,P,I,L,S,P,E,V,T,L,V,E,S,V,C,P,D
sp|Q6P9B9|INT5_HUMAN,865-870,6,1,P,L,L,F,E,L,L,K,L,V,L,C,Y,C,S,V,L,L,R,G
sp|Q6UB98|ANR12_HUMAN,2012-2017,6,0,T,C,L,L,M,R,Q,Q,H,E,V,Q,R,L,E,W,Q,L,K,L
sp|Q8N2Y8|RUSC2_HUMAN,467-470,4,0,E,Q,E,A,V,S,S,S,T,Q,V,G,P,T,V,L,E,G,Q,V
sp|Q8N2Y8|RUSC2_HUMAN,735-739,5,0,C,S,R,T,Q,Q,P,A,P,L,Q,V,S,V,P,A,P,S,G,E
sp|Q8NGD3|OR4K5_HUMAN,231-236,6,0,I,L,V,T,V,W,L,K,S,S,F,S,T,L,A,S,H,I,A,V
sp|Q8NGK4|O52K1_HUMAN,149-154,6,0,T,G,S,L,I,T,K,I,G,M,V,T,L,M,T,P,L,P,F,L
sp|Q96MS0|ROBO3_HUMAN,846-851,6,0,V,P,G,L,L,Y,R,T,L,V,G,V,G,V,P,S,A,P,V,L
sp|Q99611|SPS2_HUMAN,13-17,5,0,E,A,S,A,T,G,A,C,G,E,E,G,S,S,G,P,A,G,L,T
sp|Q9H672|ASB7_HUMAN,20-24,5,0,P,E,L,Q,E,E,L,Q,I,Q,G,D,V,H,T,V,R,K,M,L
sp|Q9H7T3|CJ095_HUMAN,237-241,5,0,W,S,G,A,C,G,A,G,P,T,Q,P,G,K,P,R,S,A,A,A
sp|Q9NR77|PXMP2_HUMAN,137-142,6,0,L,I,M,N,F,L,E,G,K,D,K,M,R,G,G,F,W,P,A,L
sp|Q9UHG3|PCYOX_HUMAN,473-478,6,0,A,A,S,A,M,E,M,S,A,I,L,L,A,Y,H,R,W,N,G,H
sp|A6NHT5|HMX3_HUMAN,57-76,20,0,K,P,Q,P,P,P,R,T,L,F,L,E,G,A,A,G,F,A,L,S
sp|A6NHT5|HMX3_HUMAN,191-196,6,0,D,S,E,E,S,K,K,E,G,E,G,A,S,V,G,A,A,A,A,T
sp|A6NHT5|HMX3_HUMAN,202-205,4,0,A,P,G,A,A,G,A,S,V,G,T,P,G,A,E,D,W,K,K,G
sp|A6NHT5|HMX3_HUMAN,315-326,12,0,R,V,P,I,L,Y,H,E,N,S,P,V,P,V,S,Q,P,L,L,T
sp|O00155|GPR25_HUMAN,96-100,5,0,L,G,F,V,L,T,L,P,L,W,L,G,G,R,W,P,F,G,D,G
sp|O94761|RECQ4_HUMAN,67-72,6,0,G,G,L,R,S,S,E,S,L,P,P,E,P,R,C,W,G,P,H,L
sp|O95613|PCNT_HUMAN,1911-1915,5,0,I,R,R,A,L,E,Q,Q,P,L,P,P,E,L,Q,W,L,R,A,Q
sp|O95613|PCNT_HUMAN,2284-2288,5,0,P,G,L,L,C,S,P,G,V,S,L,Q,W,A,E,S,P,P,A,D
sp|O95613|PCNT_HUMAN,3270-3273,4,0,T,R,D,P,A,R,G,R,R,L,S,P,H,S,G,G,R,A,T,P
sp|P08590|MYL3_HUMAN,15-24,10,0,K,P,E,P,K,K,D,D,A,K,P,P,P,E,P,E,R,P,K,E
sp|P0DPF6|CB27B_HUMAN,155-161,7,0,Q,S,S,S,P,A,A,E,G,P,V,C,L,P,A,G,G,A,G,E
sp|P50914|RL14_HUMAN,150-159,10,0,P,K,K,A,P,G,T,K,G,T,K,V,P,A,K,K,I,T,A,A
sp|Q06418|TYRO3_HUMAN,443-447,5,0,V,L,G,V,L,T,A,L,V,T,L,I,L,L,R,K,R,R,K,E
sp|Q12796|PNRC1_HUMAN,144-148,5,0,P,S,G,A,Q,E,V,P,G,P,P,S,P,A,A,A,A,G,T,E
sp|Q12796|PNRC1_HUMAN,152-155,4,0,G,P,A,A,A,L,A,P,S,P,G,T,E,G,A,S,P,D,L,A
sp|Q12947|FOXF2_HUMAN,33-41,9,0,L,Q,A,A,L,M,S,P,P,P,P,E,T,T,S,S,S,S,S,S
sp|Q13425|SNTB2_HUMAN,4-12,9,0,-,-,-,-,-,-,-,M,R,V,G,P,A,M,A,V,W,T,R,A
sp|Q13425|SNTB2_HUMAN,54-57,4,0,S,G,E,S,L,S,L,T,G,D,E,L,E,P,A,L,G,P,A,A
sp|Q13425|SNTB2_HUMAN,66-69,4,0,A,A,E,L,E,P,A,L,G,P,F,N,G,L,P,N,G,G,G,A
sp|Q14671|PUM1_HUMAN,408-412,5,0,Q,L,T,A,A,Q,Q,Q,Q,Y,H,Q,P,H,I,G,L,A,P,A
sp|Q14671|PUM1_HUMAN,443-449,7,0,A,A,P,P,G,T,D,P,Y,T,T,L,G,P,A,V,V,P,H,Q
sp|Q14671|PUM1_HUMAN,478-484,7,0,V,Y,P,A,S,L,F,Q,Q,Q,T,N,S,A,N,Q,Q,T,T,P
sp|Q14671|PUM1_HUMAN,529-532,4,0,Q,Q,G,Q,Q,T,D,P,L,V,V,N,S,A,L,A,F,G,Q,G
sp|Q14671|PUM1_HUMAN,593-605,13,0,A,P,A,P,V,I,I,S,S,S,N,G,A,A,G,G,L,A,G,T
sp|Q2M2H8|MGAL_HUMAN,979-983,5,0,D,L,S,L,P,M,A,P,E,S,S,D,S,L,S,A,K,I,S,F
sp|Q6IC83|CV042_HUMAN,37-42,6,0,C,H,E,C,E,I,P,E,T,V,S,T,T,A,K,P,A,K,L,D
sp|Q92736|RYR2_HUMAN,3160-3165,6,1,R,Q,R,S,A,L,G,E,C,L,F,P,V,A,F,L,E,T,H,L
sp|Q96K58|ZN668_HUMAN,37-42,6,0,C,T,K,T,F,P,N,A,P,R,T,H,G,P,A,D,C,S,E,E
sp|Q96K58|ZN668_HUMAN,444-450,7,0,L,P,V,G,V,A,G,E,S,S,G,L,G,D,P,P,A,G,L,L
sp|Q96QP1|ALPK1_HUMAN,105-109,5,0,L,R,A,S,I,L,A,R,D,C,I,V,F,L,V,D,R,F,L,Y
sp|Q96QP1|ALPK1_HUMAN,285-290,6,0,L,L,S,A,A,E,A,C,K,L,Y,T,P,L,F,V,L,T,A,V
sp|Q9BUT1|DHRS6_HUMAN,21-27,7,1,L,T,A,A,A,Q,G,I,G,Q,R,E,G,A,K,V,I,A,T,D
sp|Q9P1A6|DLGP2_HUMAN,1024-1029,6,0,Q,R,Q,E,A,R,R,R,L,M,S,F,R,Q,N,S,A,S,E,R
sp|Q9UKN7|MYO15_HUMAN,1087-1092,6,0,P,W,H,R,W,G,T,L,P,Q,P,I,R,A,P,E,P,L,P,K
sp|Q9UKN7|MYO15_HUMAN,2968-2981,14,0,Q,L,P,T,E,P,G,R,G,R,Q,E,V,G,R,R,R,E,G,P
sp|Q9Y5Q8|TF3C5_HUMAN,2-6,5,0,-,-,-,-,-,-,-,-,-,M,D,L,G,L,G,A,A,V,P,V
sp|X6R8R1|ST15B_HUMAN,73-79,7,0,R,W,V,P,A,P,A,V,H,C,G,H,Q,Q,H,H,G,P,P,L
sp|O60269|GRIN2_HUMAN,111-116,6,0,M,G,G,S,D,L,C,R,L,R,M,Q,R,S,H,S,D,L,V,R
sp|O60269|GRIN2_HUMAN,339-344,6,0,P,L,S,A,Q,D,A,G,V,Q,C,K,A,V,A,T,S,P,S,L
sp|O75446|SAP30_HUMAN,15-32,18,0,T,P,D,E,M,S,R,G,G,D,G,N,G,T,G,A,G,T,G,A
sp|P10242|MYB_HUMAN,276-279,4,0,H,V,N,I,V,N,V,P,Q,P,I,Q,R,H,Y,N,D,E,D,P
sp|P35453|HXD13_HUMAN,32-36,5,0,A,P,A,S,S,S,S,S,S,V,S,G,Q,C,R,G,F,L,S,A
sp|P35453|HXD13_HUMAN,57-71,15,0,P,V,F,A,G,T,H,S,G,R,S,G,F,A,Y,P,G,T,S,E
sp|P35453|HXD13_HUMAN,113-118,6,0,P,A,K,E,C,P,A,P,T,P,P,P,S,A,P,A,L,G,Y,G
sp|P35749|MYH11_HUMAN,1613-1618,6,0,T,E,L,E,D,E,R,K,Q,R,K,K,K,L,E,G,D,L,K,D
sp|P35749|MYH11_HUMAN,1697-1702,6,0,A,D,L,M,Q,L,Q,E,D,L,R,K,Q,A,D,L,E,K,E,E
sp|P54289|CA2D1_HUMAN,934-938,5,0,V,A,D,I,L,Q,I,G,W,W,W,S,I,L,Q,Q,F,L,L,S
sp|Q01668|CAC1D_HUMAN,55-60,6,0,S,S,K,Q,T,V,L,S,W,Q,R,Q,A,K,A,A,Q,T,M,S
sp|Q01668|CAC1D_HUMAN,901-905,5,0,L,I,L,V,F,I,M,L,S,S,E,D,P,I,R,S,H,S,F,R
sp|Q641Q3|METRL_HUMAN,4-8,5,0,-,-,-,-,-,-,-,M,R,G,W,G,R,A,G,Q,P,W,P,R
sp|Q6F5E8|CARL2_HUMAN,449-453,5,0,R,N,V,F,S,R,T,K,S,R,L,Q,L,F,L,S,R,A,R,T
sp|Q6NT89|TRNP1_HUMAN,57-65,9,0,T,P,G,Q,S,P,P,L,P,D,E,D,Q,E,L,Q,R,W,R,Q
sp|Q6NT89|TRNP1_HUMAN,92-96,5,0,G,L,A,G,P,G,G,G,S,G,G,G,R,A,L,E,L,A,E,A
sp|Q86VI4|LAP4B_HUMAN,20-25,6,0,P,S,P,P,R,P,L,P,V,P,F,G,A,K,G,T,D,P,A,E
sp|Q8WTX9|ZDHC1_HUMAN,416-420,5,0,R,I,R,R,R,G,L,G,P,P,R,R,R,I,P,R,T,P,A,L
sp|Q92925|SMRD2_HUMAN,20-27,8,0,P,L,P,P,L,S,P,G,G,G,P,P,P,P,A,G,P,G,M,L
sp|Q99501|GA2L1_HUMAN,72-82,11,0,L,C,Q,H,A,N,A,V,T,E,R,G,V,A,F,Q,A,H,S,V
sp|Q99504|EYA3_HUMAN,186-190,5,0,S,T,S,S,T,I,A,N,I,P,S,I,S,N,Q,D,Y,P,T,Y
sp|Q99504|EYA3_HUMAN,246-251,6,0,T,Y,Q,S,E,K,P,S,V,M,Q,R,L,S,S,G,D,P,S,T
sp|Q99958|FOXC2_HUMAN,306-312,7,0,L,V,V,P,P,L,A,L,P,Y,Y,G,Q,P,C,A,Q,G,L,E
sp|Q99958|FOXC2_HUMAN,416-422,7,0,P,Q,P,Q,P,T,P,Q,P,G,S,W,Y,L,N,H,S,G,D,L
sp|Q9H3T2|SEM6C_HUMAN,608-615,8,0,S,R,S,V,P,I,P,L,L,L,L,G,A,S,V,S,G,L,L,V
sp|Q9HCE9|ANO8_HUMAN,998-1004,7,0,F,L,S,S,G,A,T,S,S,L,T,T,R,P,P,P,A,Q,S,P
sp|Q9HCE9|ANO8_HUMAN,1167-1171,5,0,C,G,G,E,G,A,A,P,R,Q,E,C,P,P,C,A,M,A,G,P
sp|Q9NR28|DBLOH_HUMAN,167-171,5,1,W,M,T,A,V,G,L,S,E,M,Y,Q,T,G,A,D,Q,A,S,I
sp|Q9NVI1|FANCI_HUMAN,1234-1239,6,1,N,Y,T,G,E,K,K,E,K,P,M,A,R,V,L,R,E,T,K,P
sp|Q9UHG2|PCS1N_HUMAN,148-152,5,0,R,A,L,L,R,A,R,L,D,P,Q,L,V,P,A,P,V,P,A,A
sp|A0A1B0GUX0|SMIP1_HUMAN,43-47,5,0,Y,G,S,M,V,K,A,K,Q,K,R,L,P,L,K,L,P,T,L,H
sp|O00468|AGRIN_HUMAN,1264-1271,8,0,P,A,F,I,T,G,A,T,S,G,R,A,T,T,A,S,R,L,P,S
sp|O00468|AGRIN_HUMAN,1779-1783,5,0,V,G,G,A,P,D,F,S,K,L,V,S,S,G,F,D,G,A,I,Q
sp|O60779|S19A2_HUMAN,11-16,6,0,M,D,V,P,G,P,V,S,R,R,T,V,L,L,R,T,A,R,V,R
sp|O75718|CRTAP_HUMAN,8-13,6,0,-,-,-,M,E,P,G,R,R,G,L,L,C,V,A,C,A,L,R,A
sp|O75718|CRTAP_HUMAN,164-168,5,0,A,Y,F,K,A,N,N,L,P,K,H,T,F,L,L,K,H,P,D,D
sp|P22830|HEMH_HUMAN,6-15,10,0,-,-,-,-,-,M,R,S,L,G,G,V,L,L,R,D,P,L,A,S
sp|P22830|HEMH_HUMAN,40-44,5,0,V,C,Q,P,W,R,W,K,S,G,V,T,T,E,T,A,Q,H,A,Q
sp|P55265|DSRAD_HUMAN,784-788,5,0,A,H,S,K,K,Q,G,K,Q,E,L,R,V,L,I,G,E,N,E,K
sp|P55268|LAMB2_HUMAN,1445-1449,5,0,P,R,C,G,G,L,S,C,N,G,D,L,A,L,G,R,A,R,H,T
sp|P55268|LAMB2_HUMAN,1726-1731,6,0,L,A,E,R,K,A,Q,G,V,L,E,Q,L,R,D,E,A,R,D,L
sp|Q14669|TRIPC_HUMAN,581-586,6,0,E,F,F,S,I,N,A,Q,R,N,N,C,C,Q,S,I,T,P,D,E
sp|Q14669|TRIPC_HUMAN,967-973,7,0,T,T,S,V,S,S,G,T,A,T,D,L,G,S,P,S,L,Q,H,S
sp|Q14774|HLX_HUMAN,65-74,10,0,G,D,L,G,A,A,P,E,G,L,H,L,G,S,V,H,P,H,A,S
sp|Q63HN8|RN213_HUMAN,2965-2969,5,0,D,Y,Y,S,L,I,K,M,V,F,S,N,R,K,P,S,P,Q,D,I
sp|Q63HN8|RN213_HUMAN,3860-3865,6,0,E,L,A,G,C,E,M,T,L,D,C,T,E,M,L,T,R,N,T,L
sp|Q63HN8|RN213_HUMAN,4447-4452,6,0,S,N,L,D,G,T,V,T,E,M,V,L,L,C,G,Q,N,E,L,L
sp|Q66K79|CBPZ_HUMAN,299-304,6,0,P,S,M,N,P,D,G,Y,E,V,G,Y,N,G,W,T,S,G,R,Q
sp|Q8IY92|SLX4_HUMAN,1745-1750,6,0,E,G,E,G,E,V,S,A,S,Q,D,T,D,E,A,L,R,C,Y,I
sp|Q8IZU8|DSEL_HUMAN,1105-1110,6,0,A,V,S,L,L,S,H,L,W,L,L,R,I,N,T,D,L,L,P,T
sp|Q8N114|SHSA5_HUMAN,214-219,6,0,M,G,P,P,A,Y,H,E,T,L,P,Y,P,A,S,Q,P,P,Y,N
sp|Q8N144|CXD3_HUMAN,107-114,8,0,M,H,R,A,G,K,E,A,G,G,P,G,L,P,E,A,Q,C,A,P
sp|Q8N2M8|CLASR_HUMAN,55-60,6,0,G,R,A,C,K,V,H,L,D,S,E,S,P,V,N,M,M,P,W,Q
sp|Q8N2M8|CLASR_HUMAN,339-348,10,0,I,T,S,F,G,G,S,D,E,E,S,G,V,T,T,G,K,P,P,A
sp|Q8NHW5|RLA0L_HUMAN,109-115,7,0,R,D,M,L,L,A,N,K,V,P,I,A,P,C,E,V,T,V,P,A
sp|Q8NHW5|RLA0L_HUMAN,274-283,10,0,N,V,K,A,F,L,A,D,P,S,D,T,T,A,A,P,A,A,A,A
sp|Q8NHW5|RLA0L_HUMAN,287-296,10,0,A,A,A,P,V,A,A,D,T,T,K,V,E,A,K,E,E,S,E,E
sp|Q96JQ0|PCD16_HUMAN,3221-3228,8,0,P,G,A,K,S,V,P,P,K,P,I,F,P,P,A,S,H,R,S,P
sp|Q96RG2|PASK_HUMAN,588-593,6,0,V,S,G,P,S,G,S,D,L,W,K,P,Q,A,K,G,Q,L,A,G
sp|Q96RQ9|OXLA_HUMAN,403-408,6,0,L,L,L,A,S,Y,T,W,S,D,G,L,S,R,E,E,A,L,R,L
sp|Q99707|METH_HUMAN,200-205,6,0,I,L,L,I,E,T,I,F,D,T,L,F,A,L,Q,N,L,F,E,E
sp|Q9HDC5|JPH1_HUMAN,179-183,5,0,E,Q,S,N,G,S,V,L,H,D,D,S,P,A,G,T,R,G,G,F
sp|Q9HDC5|JPH1_HUMAN,363-370,8,0,R,E,K,V,D,R,A,I,E,G,R,T,K,V,E,I,A,N,S,R
sp|Q9HDC5|JPH1_HUMAN,386-398,13,0,I,A,N,S,R,T,A,H,A,R,R,Q,E,C,D,I,A,R,A,V
sp|Q9NS56|TOPRS_HUMAN,53-58,6,0,R,P,S,F,L,G,C,R,E,L,R,P,A,P,A,S,S,E,I,M
sp|Q9P1Z2|CACO1_HUMAN,367-372,6,0,Q,K,A,T,L,L,G,E,E,L,R,D,R,T,I,A,E,L,H,R
sp|Q9Y5J5|PHLA3_HUMAN,3-7,5,0,-,-,-,-,-,-,-,-,M,T,T,V,L,K,E,G,V,L,E,K
sp|O14979|HNRDL_HUMAN,99-104,6,0,H,F,K,S,S,S,I,Q,R,S,T,R,T,A,R,Q,H,P,P,A
sp|O75448|MED24_HUMAN,453-457,5,1,L,S,G,K,S,L,D,L,L,L,T,G,K,L,K,S,F,A,R,K
sp|O75448|MED24_HUMAN,982-988,7,0,D,L,S,L,P,L,G,R,Q,V,L,-,-,-,-,-,-,-,-,-
sp|O75976|CBPD_HUMAN,46-51,6,0,K,A,E,A,T,T,T,T,T,S,E,G,Q,F,D,R,Y,Y,H,E
sp|O75976|CBPD_HUMAN,71-74,4,0,E,E,E,L,E,S,A,L,R,E,G,L,P,G,L,A,R,L,F,S
sp|O95484|CLD9_HUMAN,169-172,4,0,E,L,G,A,S,L,Y,L,G,W,L,L,M,L,G,G,G,L,L,C
sp|O96008|TOM40_HUMAN,60-65,6,0,T,S,R,S,S,E,R,T,P,G,S,G,A,A,E,D,G,A,C,G
sp|P49418|AMPH_HUMAN,471-476,6,0,P,V,E,E,A,V,I,I,P,G,V,G,T,L,V,S,A,A,E,G
sp|P54727|RD23B_HUMAN,138-143,6,0,P,A,S,A,T,A,S,S,E,P,K,Q,E,K,P,A,E,K,P,A
sp|P54727|RD23B_HUMAN,254-260,7,0,A,A,S,T,G,A,P,Q,S,S,T,T,T,A,T,T,T,T,T,S
sp|Q12959|DLG1_HUMAN,528-531,4,1,V,D,L,R,A,A,S,H,E,Q,L,K,N,A,G,Q,A,V,T,I
sp|Q504T8|MIDN_HUMAN,25-29,5,0,A,P,G,G,A,C,E,L,G,P,P,M,S,L,A,I,H,S,T,T
sp|Q504T8|MIDN_HUMAN,170-178,9,0,H,A,P,L,Q,H,R,H,V,L,R,G,D,P,S,I,A,S,P,V
sp|Q569K4|Z385B_HUMAN,422-426,5,0,L,A,P,A,F,L,S,S,P,L,V,S,S,A,L,S,L,P,P,R
sp|Q5MNZ9|WIPI1_HUMAN,3-8,6,0,-,-,-,-,-,-,-,-,M,E,P,P,G,G,V,E,S,A,L,S
sp|Q6ZUJ4|CC062_HUMAN,76-81,6,0,R,R,H,P,L,A,A,C,S,S,V,P,C,A,P,E,N,E,N,P
sp|Q7Z494|NPHP3_HUMAN,49-55,7,0,R,L,L,R,N,S,F,R,R,G,G,P,G,S,L,P,R,G,V,G
sp|Q8IYG6|LRC56_HUMAN,521-526,6,0,R,A,Q,G,C,P,G,P,K,P,R,P,P,R,A,A,E,L,S,H
sp|Q8N697|S15A4_HUMAN,17-31,15,0,G,A,G,E,R,A,P,L,L,G,G,R,R,A,A,C,G,A,V,L
sp|Q96B70|LENG9_HUMAN,21-26,6,0,S,S,A,R,R,A,C,Q,F,P,R,E,P,E,L,P,Q,E,A,P
sp|Q96B70|LENG9_HUMAN,377-382,6,0,L,L,R,L,A,G,A,G,E,E,L,R,R,A,L,L,A,P,G,L
sp|Q96M86|DNHD1_HUMAN,942-946,5,0,A,I,M,P,K,L,Q,Q,L,M,E,L,E,G,L,L,A,K,A,L
sp|Q96M86|DNHD1_HUMAN,3323-3328,6,0,D,A,A,L,R,A,V,S,R,P,W,L,W,A,V,L,H,Y,G,L
sp|Q96M86|DNHD1_HUMAN,4522-4527,6,0,G,A,P,P,C,P,S,R,R,C,L,W,T,G,R,L,P,L,P,W
sp|Q9BSJ5|CQ080_HUMAN,448-451,4,0,H,T,P,Q,S,P,F,T,N,H,G,R,K,T,L,R,S,C,M,G
sp|Q9GZZ8|LACRT_HUMAN,10-15,6,0,-,M,K,F,T,T,L,L,F,L,L,V,Y,A,E,D,A,S,S,D
sp|Q9H6H4|REEP4_HUMAN,129-137,9,0,L,S,F,G,K,R,G,L,N,I,T,K,S,Q,G,A,L,A,G,R
sp|Q9NSC5|HOME3_HUMAN,206-211,6,0,N,N,K,L,A,G,A,L,R,E,Q,W,R,Q,Q,L,E,A,Q,R
sp|Q9P298|HIG1B_HUMAN,67-72,6,0,M,S,I,H,L,I,H,T,R,V,V,G,A,I,M,L,G,A,V,Y
sp|Q9ULB1|NRX1A_HUMAN,1409-1412,4,0,S,T,T,G,M,V,V,G,I,V,L,C,I,L,I,L,L,Y,A,M
sp|A5D8T8|CL18A_HUMAN,82-87,6,0,L,D,W,S,D,S,L,A,Q,L,L,C,G,T,P,T,P,S,L,A
sp|O60284|ST18_HUMAN,573-577,5,0,Y,G,Q,C,S,E,D,T,H,I,I,L,N,L,S,T,R,C,R,E
sp|P31323|KAP3_HUMAN,93-98,6,0,S,D,S,E,D,G,E,E,E,E,G,A,F,N,A,P,V,I,N,R
sp|P31323|KAP3_HUMAN,362-367,6,1,E,L,A,L,V,T,N,K,P,R,I,G,T,V,K,C,L,A,M,D
sp|P39905|GDNF_HUMAN,95-98,4,0,V,L,P,R,R,E,R,N,R,Q,N,P,E,N,S,R,G,K,G,R
sp|P47972|NPTX2_HUMAN,10-17,8,0,-,M,L,A,L,L,A,A,S,V,Q,D,S,P,A,P,G,S,R,F
sp|P78411|IRX5_HUMAN,69-78,10,0,P,G,Y,N,S,H,L,Q,Y,G,F,S,S,Y,V,G,S,P,Y,D
sp|P78411|IRX5_HUMAN,276-284,9,0,G,P,P,R,T,G,G,P,S,P,E,D,P,A,P,H,Y,P,A,G
sp|Q13936|CAC1C_HUMAN,32-39,8,0,S,P,R,P,A,H,A,N,M,N,P,E,H,I,P,T,P,G,A,A
sp|Q13936|CAC1C_HUMAN,54-59,6,1,P,T,P,G,A,A,L,S,W,Q,R,Q,A,K,L,M,G,S,A,G
sp|Q15828|CYTM_HUMAN,51-57,7,1,L,S,P,D,D,P,Q,V,Q,K,S,Y,N,M,G,S,N,S,I,Y
sp|Q16873|LTC4S_HUMAN,133-138,6,1,A,L,G,L,L,A,H,F,L,P,L,L,G,R,L,R,T,L,L,P
sp|Q5VZ03|NXNL2_HUMAN,34-39,6,0,L,Q,N,K,V,V,A,L,Y,F,P,S,R,D,F,T,P,L,L,C
sp|Q8IVV7|GID4_HUMAN,65-68,4,0,S,L,P,A,T,L,L,G,S,R,V,P,L,P,L,P,P,A,L,A
sp|Q8IVV7|GID4_HUMAN,94-102,9,0,M,P,V,R,T,E,C,P,P,P,S,L,I,P,P,P,P,I,N,T
sp|Q8IWZ3|ANKH1_HUMAN,186-189,4,0,T,S,S,V,S,C,A,L,D,E,L,T,R,M,K,A,E,N,S,H
sp|Q8NBN3|TM87A_HUMAN,2-5,4,0,-,-,-,-,-,-,-,-,-,M,W,L,Q,V,L,P,V,I,L,L
sp|Q8NBN3|TM87A_HUMAN,32-37,6,0,S,P,L,S,F,F,S,A,G,P,D,R,S,K,W,H,I,P,I,P
sp|Q8WTT2|NOC3L_HUMAN,219-224,6,0,K,K,L,Q,E,K,K,M,H,I,I,L,S,D,P,E,N,N,I,K
sp|Q9UKY4|POMT2_HUMAN,25-29,5,0,R,P,R,R,G,R,C,G,P,Q,G,R,D,V,A,A,E,A,V,A
sp|Q9UKY4|POMT2_HUMAN,34-39,6,0,Q,A,A,R,A,A,G,R,D,V,R,S,P,K,R,P,A,W,G,S
sp|A9Z1Z3|FR1L4_HUMAN,242-246,5,0,L,G,Q,E,G,E,T,S,V,S,P,E,W,N,E,Q,L,S,F,V
sp|B8ZZ34|SHSA8_HUMAN,264-273,10,0,P,D,Y,A,K,Y,A,T,F,K,P,R,D,F,C,Q,R,F,P,A
sp|O15209|ZBT22_HUMAN,224-229,6,0,S,T,D,F,S,S,S,S,Q,E,V,G,S,G,E,R,R,G,G,G
sp|O75487|GPC4_HUMAN,18-23,6,0,A,L,L,C,T,L,A,V,L,S,E,L,K,S,K,S,C,S,E,V
sp|O75592|MYCB2_HUMAN,8-13,6,0,-,-,-,M,M,M,C,A,A,T,S,S,G,L,G,G,D,G,F,Y
sp|P08582|TRFM_HUMAN,712-716,5,0,E,G,M,S,S,Q,Q,C,S,G,P,G,A,P,L,L,P,L,L,L
sp|Q02779|M3K10_HUMAN,80-85,6,1,V,F,P,S,N,Y,V,A,P,G,G,L,Q,L,P,Q,E,I,P,F
sp|Q02779|M3K10_HUMAN,692-697,6,0,L,G,A,V,G,L,G,A,D,V,D,G,E,E,Q,R,R,W,L,D
sp|Q02779|M3K10_HUMAN,769-773,5,0,R,S,L,L,R,S,D,S,D,E,P,S,P,P,P,S,P,P,A,P
sp|Q14147|DHX34_HUMAN,698-703,6,0,K,E,L,L,E,D,H,G,L,L,Q,V,G,D,S,Y,S,R,L,Q
sp|Q14147|DHX34_HUMAN,784-789,6,0,K,L,R,H,D,L,A,Q,L,Q,Q,D,L,S,R,E,Q,L,A,L
sp|Q14353|GAMT_HUMAN,22-30,9,0,P,G,E,N,C,S,P,A,W,G,D,T,H,L,R,I,L,G,K,P
sp|Q14353|GAMT_HUMAN,52-57,6,0,M,E,R,W,E,T,P,Y,M,H,S,S,K,G,G,R,V,L,E,V
sp|Q2MJR0|SPRE3_HUMAN,108-112,5,0,E,A,D,E,F,Q,K,S,L,L,L,G,R,G,S,L,T,P,S,S
sp|Q2MJR0|SPRE3_HUMAN,161-164,4,0,S,H,S,R,Q,E,T,P,P,S,P,I,I,T,M,E,S,A,S,G
sp|Q2MJR0|SPRE3_HUMAN,364-372,9,0,C,A,C,E,P,G,H,P,R,P,L,S,L,A,V,P,C,L,C,C
sp|Q5PRF9|SMAG2_HUMAN,399-404,6,0,T,P,I,K,A,Y,S,V,L,Q,T,T,T,P,T,A,K,D,G,A
sp|Q6ZWB6|KCTD8_HUMAN,28-33,6,0,E,M,V,S,S,S,S,S,P,G,P,G,P,C,A,P,S,P,F,P
sp|Q6ZWB6|KCTD8_HUMAN,182-185,4,0,G,S,S,D,A,L,L,L,R,G,V,P,S,G,P,G,A,H,G,G
sp|Q86TG7|PEG10_HUMAN,64-69,6,0,D,E,D,D,D,I,E,L,R,G,P,P,P,P,I,E,E,E,C,P
sp|Q86TG7|PEG10_HUMAN,242-247,6,0,G,Q,C,I,H,I,E,R,R,L,R,K,P,R,S,P,P,R,A,L
sp|Q86YJ6|THNS2_HUMAN,417-422,6,0,Q,Q,P,S,T,P,R,C,C,L,K,F,P,E,A,V,L,A,A,G
sp|Q8N201|INT1_HUMAN,61-64,4,0,S,G,L,P,S,E,R,K,R,D,L,S,S,A,S,A,L,T,G,L
sp|Q8N201|INT1_HUMAN,93-98,6,0,T,P,P,L,S,A,L,G,R,L,E,K,R,A,I,S,P,S,I,K
sp|Q8N201|INT1_HUMAN,683-688,6,0,M,E,L,A,D,H,L,V,K,R,D,D,V,E,V,L,K,V,G,R
sp|Q8N201|INT1_HUMAN,1566-1571,6,1,L,E,E,L,L,T,A,F,F,S,S,P,F,P,A,C,K,P,V,V
sp|Q8TE59|ATS19_HUMAN,72-77,6,0,W,V,R,G,V,G,G,G,G,S,G,S,S,R,E,V,R,S,V,A
sp|Q96I51|RCC1L_HUMAN,38-43,6,0,A,A,G,R,S,R,S,R,R,E,E,V,P,V,V,Q,Y,V,G,E
sp|Q96J87|CELF6_HUMAN,255-261,7,0,A,Y,T,T,A,I,L,Q,H,Q,Q,G,P,G,L,G,P,V,A,A
sp|Q96J87|CELF6_HUMAN,270-274,5,0,A,A,Q,G,P,G,L,G,P,V,Q,M,Q,H,V,A,A,F,S,L
sp|Q96J87|CELF6_HUMAN,292-295,4,0,F,S,L,V,A,A,P,L,L,P,N,S,P,P,G,S,G,P,G,T
sp|Q96QS3|ARX_HUMAN,100-119,20,0,G,P,G,G,G,R,L,L,Q,G,G,P,R,G,E,A,P,P,P,P
sp|Q96QS3|ARX_HUMAN,142-155,14,0,T,A,R,P,G,E,R,P,D,G,W,D,T,L,K,I,S,Q,A,P
sp|Q96QS3|ARX_HUMAN,273-283,11,0,P,R,R,C,P,V,A,A,T,G,T,E,G,G,E,L,S,P,K,E
sp|Q96QS3|ARX_HUMAN,429-440,12,0,F,P,P,H,H,P,A,L,D,S,F,P,S,L,P,P,P,P,G,S
sp|Q96QS3|ARX_HUMAN,494-499,6,0,L,F,S,T,M,A,P,L,T,S,L,L,R,Q,P,T,P,A,V,E
sp|Q96QS3|ARX_HUMAN,521-525,5,0,A,V,A,S,G,A,L,A,D,P,D,R,R,A,S,S,I,A,A,L
sp|Q99490|AGAP2_HUMAN,36-41,6,0,S,V,P,P,P,P,P,S,P,S,P,G,A,R,G,S,E,P,R,D
sp|Q99490|AGAP2_HUMAN,236-243,8,0,S,S,A,G,T,G,A,S,V,S,G,G,G,G,S,T,A,S,T,S
sp|Q99490|AGAP2_HUMAN,625-631,7,0,S,P,N,V,G,H,R,E,L,R,G,L,S,T,P,G,S,L,H,R
sp|Q9GZZ0|HXD1_HUMAN,95-104,10,0,C,T,L,E,G,A,Y,E,P,G,D,Y,G,F,L,G,S,G,P,A
sp|Q9H6S0|YTDC2_HUMAN,252-257,6,0,R,I,F,C,T,Q,P,R,R,L,E,R,V,A,A,E,R,R,E,R
sp|Q9H6S0|YTDC2_HUMAN,1024-1029,6,0,Y,K,K,I,P,P,A,N,G,Q,L,P,T,D,W,L,I,Y,D,E
sp|Q9H7S9|ZN703_HUMAN,114-117,4,0,P,P,P,S,S,K,L,N,S,V,N,G,L,G,A,E,K,D,P,G
sp|Q9H7S9|ZN703_HUMAN,133-139,7,0,E,K,D,P,G,R,S,A,P,G,L,K,Q,L,G,D,S,P,A,E
sp|Q9H7S9|ZN703_HUMAN,432-436,5,0,P,L,Q,P,A,A,L,S,S,S,L,P,G,H,P,L,Y,T,Y,G
sp|Q9H7S9|ZN703_HUMAN,506-514,9,0,A,Y,P,G,A,S,G,L,G,S,S,C,H,L,H,L,P,P,P,A
sp|Q9H841|NPAL2_HUMAN,2-7,6,0,-,-,-,-,-,-,-,-,-,M,G,P,G,D,S,A,S,A,A,L
sp|Q9NQ94|A1CF_HUMAN,191-195,5,0,F,A,F,V,E,Y,E,S,H,R,R,R,K,L,L,P,G,R,I,Q
sp|Q9NQ94|A1CF_HUMAN,534-542,9,0,I,P,T,D,G,G,D,G,T,M,F,P,G,Y,A,V,P,N,A,T
sp|A6NEC2|PSAL_HUMAN,4-7,4,0,-,-,-,-,-,-,-,M,W,L,P,S,L,A,R,R,L,L,F,L
sp|H3BV12|GOG8Q_HUMAN,525-530,6,0,A,G,A,Q,G,G,D,E,G,E,D,G,I,A,A,Y,S,N,Y,N
sp|O00358|FOXE1_HUMAN,164-179,16,0,L,S,T,Y,P,A,Y,M,H,D,I,F,P,G,A,V,P,A,A,R
sp|O00358|FOXE1_HUMAN,276-282,7,0,C,T,G,A,R,P,A,N,P,S,G,P,D,G,A,Y,P,Q,G,A
sp|O00358|FOXE1_HUMAN,295-300,6,0,D,G,A,Y,P,Q,G,A,G,S,G,R,L,A,G,P,A,S,P,P
sp|O00358|FOXE1_HUMAN,356-361,6,0,L,G,G,A,S,A,G,A,Y,H,Y,P,G,G,I,D,R,F,V,S
sp|P02771|FETA_HUMAN,455-459,5,0,S,E,L,M,A,I,T,R,K,M,T,C,C,Q,L,S,E,D,K,L
sp|P17066|HSP76_HUMAN,180-184,5,1,N,V,L,R,I,I,N,E,P,T,Y,G,L,D,R,R,G,A,G,E
sp|P17066|HSP76_HUMAN,375-380,6,1,I,N,P,D,E,A,V,A,Y,G,V,L,M,G,D,K,C,E,K,V
sp|P48380|RFX3_HUMAN,506-511,6,0,L,R,R,Y,T,S,L,N,H,L,V,L,Q,N,T,S,Q,I,N,Q
sp|Q05193|DYN1_HUMAN,250-254,5,1,K,D,I,D,G,K,K,D,I,T,E,R,K,F,F,L,S,H,P,S
sp|Q14BN4|SLMAP_HUMAN,590-595,6,0,A,R,D,E,I,L,L,L,H,Q,S,E,R,D,T,D,I,A,S,L
sp|Q2M3T9|HYAL4_HUMAN,329-334,6,0,Q,D,L,V,S,T,I,G,E,S,G,I,V,I,W,G,D,M,N,L
sp|Q5JWF2|GNAS1_HUMAN,33-41,9,0,G,E,Q,P,E,Q,P,P,L,E,G,P,S,P,A,E,E,M,E,T
sp|Q5JWF2|GNAS1_HUMAN,256-260,5,0,I,A,Q,V,D,G,S,S,Q,F,S,S,A,V,R,L,T,P,A,A
sp|Q5JWF2|GNAS1_HUMAN,364-368,5,0,V,E,E,E,A,A,E,M,E,G,E,G,G,K,V,P,S,P,G,Y
sp|Q5JWF2|GNAS1_HUMAN,382-388,7,0,K,V,P,S,P,G,Y,G,S,P,D,T,A,A,R,A,A,P,A,A
sp|Q5JWF2|GNAS1_HUMAN,391-400,10,0,P,A,A,G,A,A,S,A,D,T,D,P,D,S,G,A,T,P,E,D
sp|Q5JWF2|GNAS1_HUMAN,433-439,7,0,G,A,F,A,A,D,P,D,S,G,D,P,D,S,G,A,A,P,D,A
sp|Q5JWF2|GNAS1_HUMAN,473-480,8,0,A,D,P,D,A,G,A,A,P,E,E,T,R,A,A,H,V,A,P,A
sp|Q5JWF2|GNAS1_HUMAN,499-504,6,0,P,A,A,P,D,A,G,A,P,T,T,R,A,A,Q,V,R,R,A,A
sp|Q5JWF2|GNAS1_HUMAN,513-519,7,0,S,A,T,R,A,A,Q,V,R,R,S,G,A,R,R,K,I,H,L,R
sp|Q6PFW1|VIP1_HUMAN,586-590,5,0,A,S,D,E,G,R,V,Q,M,T,K,G,L,L,A,L,E,G,E,L
sp|Q6PFW1|VIP1_HUMAN,1124-1129,6,0,R,V,C,Q,R,H,T,D,A,Q,L,F,D,S,M,H,S,S,Q,A
sp|Q6PIY5|ARMD1_HUMAN,300-305,6,0,T,P,S,L,P,M,F,L,Q,Q,I,G,V,L,A,R,N,D,M,S
sp|Q7L5D6|GET4_HUMAN,2-8,7,0,-,-,-,-,-,-,-,-,-,M,E,Q,E,S,A,R,N,G,G,R
sp|Q8IZ21|PHAR4_HUMAN,209-214,6,0,I,I,S,T,S,I,T,T,A,P,T,S,L,A,K,T,V,N,L,S
sp|Q8NEM2|SHCBP_HUMAN,13-17,5,0,D,G,S,L,T,G,G,G,L,E,P,E,R,M,G,W,A,V,E,Q
sp|Q99729|ROAA_HUMAN,35-39,5,0,E,A,S,R,G,R,G,W,T,G,G,G,A,T,A,A,P,P,S,G
sp|Q9H7M6|ZSWM4_HUMAN,21-26,6,0,G,C,P,A,G,P,E,E,R,D,R,G,R,G,R,P,E,A,L,L
sp|Q9H936|GHC1_HUMAN,235-242,8,0,F,Y,V,S,F,L,A,G,C,V,V,N,P,C,D,V,V,K,T,R
sp|Q9HCC0|MCCB_HUMAN,427-432,6,0,G,I,A,K,D,G,A,K,M,V,Q,V,P,K,I,T,L,I,I,G
sp|Q9NQX5|NPDC1_HUMAN,194-198,5,0,A,L,V,L,I,L,A,F,C,V,L,S,V,A,S,L,C,W,C,R
sp|A0A0B4J2D5|GAL3B_HUMAN,13-17,5,0,A,V,R,A,L,V,A,S,R,L,F,T,S,L,S,P,G,G,R,T
sp|O00303|EIF3F_HUMAN,20-24,5,0,A,P,P,A,T,P,T,P,V,P,S,V,P,A,P,T,P,A,P,A
sp|O00303|EIF3F_HUMAN,32-36,5,0,A,P,A,S,V,P,A,P,T,P,P,V,P,A,A,A,P,A,S,S
sp|O00303|EIF3F_HUMAN,40-44,5,0,T,P,A,P,A,A,A,P,V,P,S,S,S,D,P,A,A,A,A,A
sp|O00303|EIF3F_HUMAN,50-58,9,0,A,A,A,P,A,S,S,S,D,P,P,G,Q,T,P,A,S,A,Q,A
sp|P15172|MYOD1_HUMAN,174-180,7,0,L,R,D,Q,D,A,A,P,P,G,P,G,P,L,P,P,G,R,G,G
sp|Q00722|PLCB2_HUMAN,868-873,6,0,A,L,A,P,T,S,N,G,S,P,R,E,E,A,M,K,E,A,A,E
sp|Q02548|PAX5_HUMAN,374-387,14,0,G,L,L,G,S,P,Y,Y,Y,S,Y,D,R,H,-,-,-,-,-,-
sp|Q641Q2|WAC2A_HUMAN,1095-1101,7,0,A,A,S,G,E,D,S,T,E,E,P,W,E,G,G,P,V,P,G,V
sp|Q6UW49|SPESP_HUMAN,266-271,6,0,A,S,K,D,H,L,K,R,S,L,E,H,K,L,K,T,M,Y,K,S
sp|Q86X59|CQ082_HUMAN,67-72,6,0,R,P,S,A,P,C,S,Q,D,R,P,A,L,L,G,G,S,P,S,S
sp|Q8N884|CGAS_HUMAN,39-44,6,0,G,A,P,M,D,P,T,E,S,P,L,P,K,A,G,K,F,G,P,A
sp|Q8NFU1|BEST2_HUMAN,340-345,6,0,A,V,L,E,K,D,L,Y,W,D,P,Y,T,A,A,T,V,F,Q,L
sp|Q8WUJ1|NEUFC_HUMAN,14-23,10,0,C,G,G,R,G,L,L,L,G,L,R,L,M,G,W,W,G,P,R,A
sp|Q8WWC4|MAIP1_HUMAN,58-65,8,0,G,L,G,A,A,L,F,P,R,S,L,P,A,Q,G,S,R,W,P,V
sp|Q96AY4|TTC28_HUMAN,143-150,8,0,G,V,A,L,Q,Y,L,G,R,H,S,G,L,A,Q,D,P,K,S,L
sp|Q96AY4|TTC28_HUMAN,754-759,6,0,A,H,Q,V,K,D,R,R,L,E,L,G,T,A,Y,R,M,I,Q,K
sp|Q96CN5|LRC45_HUMAN,100-105,6,0,F,L,D,L,K,G,N,N,L,R,L,G,K,L,L,Q,Q,N,K,S
sp|Q96H72|S39AD_HUMAN,187-191,5,0,T,S,Q,A,P,N,K,D,P,T,L,N,G,G,H,C,L,A,Q,P
sp|Q96HG1|SIM10_HUMAN,18-21,4,0,H,Y,V,G,G,S,I,R,S,M,L,S,G,L,A,V,R,L,S,R
sp|Q96M61|MAGBI_HUMAN,316-322,7,0,A,L,R,D,E,E,Q,R,T,Q,H,T,A,A,M,A,N,A,R,S
sp|Q96M61|MAGBI_HUMAN,325-330,6,0,Q,A,R,A,A,A,R,A,H,T,R,S,R,T,T,S,S,S,F,S
sp|Q99871|HAUS7_HUMAN,244-249,6,0,T,E,Y,F,A,Q,H,E,Q,G,D,I,S,T,L,D,Q,K,L,R
sp|Q9BTU6|P4K2A_HUMAN,39-42,4,0,P,Q,V,P,G,G,A,V,R,V,G,S,G,P,S,P,P,G,S,P
sp|Q9BTU6|P4K2A_HUMAN,65-70,6,0,D,R,E,R,Q,P,L,L,D,R,Q,G,Q,T,Q,T,V,A,A,Q
sp|Q9BTU6|P4K2A_HUMAN,78-97,20,1,A,A,A,Q,G,Q,T,Q,T,V,H,R,E,R,N,E,F,P,E,D
sp|Q9H4L7|SMRCD_HUMAN,190-194,5,1,L,I,E,S,T,S,T,M,D,G,L,L,M,F,G,D,A,G,G,G
sp|Q9H972|CN093_HUMAN,189-194,6,0,R,D,M,R,L,P,G,C,T,L,P,L,L,N,P,L,V,D,D,Y
sp|Q9H972|CN093_HUMAN,257-260,4,0,P,P,P,R,P,E,D,M,L,N,L,D,S,A,L,E,E,S,G,P
sp|Q9HAB3|S52A2_HUMAN,206-210,5,0,F,F,W,A,L,T,A,L,L,V,F,Q,G,L,L,L,L,L,P,P
sp|Q9NS18|GLRX2_HUMAN,27-38,12,0,R,S,G,S,A,G,W,L,D,R,S,G,M,E,S,N,T,S,S,S
sp|Q9NYC9|DYH9_HUMAN,8-12,5,0,-,-,-,M,R,L,A,E,E,R,E,N,A,D,G,E,P,G,A,D
sp|Q9NYC9|DYH9_HUMAN,301-306,6,0,A,F,K,A,M,Y,R,D,V,V,Q,D,I,H,V,H,L,I,P,L
sp|Q9NYC9|DYH9_HUMAN,3159-3163,5,0,D,L,A,K,A,E,P,A,L,T,L,N,T,L,N,K,T,N,L,T
sp|Q9NYC9|DYH9_HUMAN,3678-3682,5,0,I,N,E,A,R,E,H,Y,R,P,S,L,L,Y,F,I,M,N,D,L
sp|Q9Y4C2|TCAF1_HUMAN,564-568,5,0,R,Q,I,I,E,V,S,L,P,E,D,L,K,I,Q,I,G,C,H,T
sp|O15212|PFD6_HUMAN,118-125,8,0,L,A,Q,L,Q,Q,E,F,Q,R,P,G,K,A,-,-,-,-,-,-
sp|O95947|TBX6_HUMAN,333-338,6,0,D,P,E,Q,A,P,A,P,G,E,P,L,C,G,G,P,S,A,E,A
sp|P04001|OPSG_HUMAN,288-293,6,0,C,F,C,W,G,P,Y,A,F,F,N,P,G,Y,P,F,H,P,L,M
sp|P41002|CCNF_HUMAN,450-456,7,0,L,H,T,S,L,S,A,Y,A,P,L,L,L,A,R,L,T,H,G,Q
sp|P41970|ELK3_HUMAN,207-212,6,0,P,V,V,S,L,P,S,T,S,E,F,L,A,S,S,V,S,A,K,I
sp|P61328|FGF12_HUMAN,2-6,5,0,-,-,-,-,-,-,-,-,-,M,S,S,L,I,R,Q,K,R,Q,A
sp|Q02747|GUC2A_HUMAN,14-19,6,0,F,L,L,S,A,L,C,L,L,G,G,G,V,T,V,Q,D,G,N,F
sp|Q12770|SCAP_HUMAN,1084-1089,6,0,V,P,C,A,H,Q,K,P,I,T,G,R,L,V,T,G,S,Q,D,H
sp|Q29980|MICB_HUMAN,17-23,7,0,L,L,F,L,A,V,A,F,P,F,E,P,H,S,L,R,Y,N,L,M
sp|Q5UCC4|EMC10_HUMAN,2-8,7,0,-,-,-,-,-,-,-,-,-,M,T,R,L,L,L,L,L,L,M,A
sp|Q6ZW76|ANKS3_HUMAN,176-179,4,0,P,I,C,G,F,T,P,L,M,E,G,H,E,I,I,V,Q,Y,F,L
sp|Q8IU99|CAHM1_HUMAN,270-276,7,0,L,G,H,T,H,G,T,L,A,T,P,T,T,P,D,G,A,E,E,E
sp|Q8IUH8|SPP2C_HUMAN,233-239,7,0,G,S,G,G,H,H,Q,L,Q,E,Q,K,E,D,N,E,D,I,P,V
sp|Q8IYX4|DND1_HUMAN,111-116,6,0,A,Y,A,R,Y,S,S,R,R,G,T,L,H,N,H,P,L,R,P,S
sp|Q8IYX4|DND1_HUMAN,191-195,5,1,I,A,L,L,K,F,S,S,H,R,K,K,A,L,V,E,G,Q,S,H
sp|Q8N3X6|LCORL_HUMAN,9-22,14,0,-,-,M,D,K,G,R,E,R,M,Q,C,R,S,P,R,C,A,A,E
sp|Q96IK1|BOD1_HUMAN,21-26,6,0,G,A,V,G,G,G,G,T,S,Q,T,G,A,T,G,A,S,G,G,G
sp|Q96LB8|PGRP4_HUMAN,320-326,7,1,M,G,T,F,T,G,I,P,P,N,Q,D,L,I,Q,C,A,M,V,K
sp|Q9BYB0|SHAN3_HUMAN,719-722,4,0,R,K,G,E,K,L,D,E,M,L,E,P,T,L,R,P,D,I,A,D
sp|Q9BYB0|SHAN3_HUMAN,1109-1114,6,0,G,K,P,L,D,P,S,S,P,L,R,E,R,A,L,A,S,Q,A,P
sp|Q9H0J4|QRIC2_HUMAN,1409-1414,6,0,Q,L,R,E,R,P,P,L,Y,Q,M,R,R,Q,L,L,A,H,F,H
sp|A0A0U1RR37|CA232_HUMAN,99-105,7,0,H,P,L,A,A,R,P,P,S,Q,R,G,P,G,F,W,D,A,F,A
sp|A0A0U1RR37|CA232_HUMAN,123-126,4,0,A,F,A,S,R,W,Q,Q,Q,Q,S,M,L,R,G,T,E,P,T,P
sp|A0A0U1RR37|CA232_HUMAN,146-151,6,0,P,E,P,D,P,E,P,A,D,E,E,R,P,E,S,Q,E,A,E,P
sp|O95319|CELF2_HUMAN,284-293,10,0,G,M,N,A,L,Q,L,Q,N,L,Q,T,S,A,T,S,T,N,A,N
sp|O95319|CELF2_HUMAN,394-397,4,0,T,Q,A,Y,S,G,I,Q,Q,Y,L,P,T,L,Y,S,Q,S,L,L
sp|P02549|SPTA1_HUMAN,1914-1919,6,1,E,A,L,N,E,K,T,P,S,L,W,K,L,Q,L,E,D,D,Y,A
sp|P05154|IPSP_HUMAN,55-60,6,1,R,R,D,F,T,F,D,L,Y,R,P,S,Q,S,I,F,F,S,P,V
sp|P05154|IPSP_HUMAN,362-365,4,1,V,V,E,V,D,E,S,G,T,R,T,G,T,I,F,T,F,R,S,A
sp|P10746|HEM4_HUMAN,229-234,6,0,I,K,F,A,A,I,G,P,T,T,Q,G,L,P,V,S,C,T,A,E
sp|P24539|AT5F1_HUMAN,9-14,6,0,-,-,M,L,S,R,V,V,L,S,P,S,L,K,N,A,A,F,L,G
sp|P26006|ITA3_HUMAN,891-896,6,0,G,G,Q,G,P,P,P,V,T,L,K,S,E,T,V,L,T,C,A,T
sp|P51797|CLCN6_HUMAN,244-256,13,0,S,D,R,D,K,R,D,F,V,S,P,I,G,G,T,L,F,S,L,E
sp|P56746|CLD15_HUMAN,117-122,6,0,G,L,E,L,S,R,K,A,K,L,L,H,I,L,A,G,I,C,G,M
sp|P61565|ENK21_HUMAN,93-98,6,0,V,S,M,V,V,S,L,P,M,P,N,Y,T,N,W,A,Y,V,P,F
sp|P61565|ENK21_HUMAN,481-486,6,0,A,V,I,M,G,L,I,A,V,T,G,V,A,L,H,S,F,V,Q,S
sp|Q00266|METK1_HUMAN,294-298,5,1,G,K,D,Y,T,K,V,D,R,S,R,W,V,A,K,S,L,V,K,A
sp|Q04446|GLGB_HUMAN,16-21,6,0,T,P,A,A,R,P,E,D,Y,E,L,A,D,V,P,E,L,A,R,L
sp|Q0P6H9|TMM62_HUMAN,11-20,10,0,M,A,A,V,L,A,L,R,V,V,M,L,L,E,H,Y,G,L,A,G
sp|Q5T5M9|CCNJ_HUMAN,195-200,6,0,D,Y,F,L,E,V,S,L,Q,V,S,S,R,I,I,L,R,L,S,P
sp|Q5VY80|ULBP6_HUMAN,2-8,7,0,-,-,-,-,-,-,-,-,-,M,L,L,L,C,L,P,L,L,F,L
sp|Q76LX8|ATS13_HUMAN,1053-1057,5,0,D,Q,G,Q,D,V,E,V,D,E,L,V,R,P,E,A,S,V,P,C
sp|Q7Z2K8|GRIN1_HUMAN,880-885,6,0,S,V,A,T,G,P,M,T,P,Q,F,P,E,V,R,V,R,P,G,S
sp|Q7Z2K8|GRIN1_HUMAN,896-902,7,0,F,P,E,V,R,V,R,P,G,S,P,P,E,P,A,E,P,V,R,D
sp|Q7Z570|Z804A_HUMAN,1107-1119,13,0,T,I,H,H,T,V,L,Q,Q,H,G,T,F,K,V,L,Q,P,H,Q
sp|Q7Z591|AKNA_HUMAN,603-607,5,0,D,Q,V,K,G,F,Q,R,L,K,L,E,E,E,Y,L,K,A,C,R
sp|Q7Z591|AKNA_HUMAN,1047-1053,7,0,L,P,N,K,T,I,S,P,P,P,P,L,P,C,G,P,T,E,T,I
sp|Q86UR5|RIMS1_HUMAN,413-419,7,0,A,L,P,E,G,K,A,G,K,R,S,P,P,D,S,P,R,A,Y,S
sp|Q8N752|KC1AL_HUMAN,305-310,6,0,T,F,D,W,T,M,L,K,Q,K,S,S,S,G,Q,G,Q,Q,A,Q
sp|Q9BZ76|CNTP3_HUMAN,658-663,6,0,S,G,H,P,R,S,A,V,S,F,G,Q,L,R,S,A,V,N,L,A
sp|Q9BZ76|CNTP3_HUMAN,1204-1208,5,0,R,G,H,V,A,P,M,A,R,C,S,G,S,P,A,R,E,L,A,P
sp|Q9BZB8|CPEB1_HUMAN,238-242,5,0,G,V,G,S,R,M,D,Q,E,Q,V,T,P,S,P,T,S,A,S,K
sp|Q9BZB8|CPEB1_HUMAN,443-448,6,0,F,V,G,A,L,H,G,M,L,N,I,L,N,D,L,F,G,G,V,V
sp|Q9NXR5|ANR10_HUMAN,3-8,6,0,-,-,-,-,-,-,-,-,M,S,G,V,E,A,G,F,S,S,E,E
sp|Q9NYV4|CDK12_HUMAN,407-413,7,0,A,E,L,S,R,K,K,K,E,R,K,M,D,G,K,E,S,K,G,S
sp|A0PJY2|FEZF1_HUMAN,102-108,7,0,G,S,E,P,R,K,A,S,L,E,V,P,S,A,P,A,F,S,C,S
sp|O15067|PUR4_HUMAN,779-784,6,0,M,W,A,A,K,L,P,G,E,G,C,E,A,M,V,A,V,M,A,A
sp|O43157|PLXB1_HUMAN,278-282,5,1,C,E,G,G,R,Y,G,L,I,Q,T,S,R,E,V,A,H,G,E,V
sp|O43157|PLXB1_HUMAN,311-315,5,1,A,P,P,T,V,G,R,P,P,S,S,G,A,S,A,L,C,A,F,P
sp|O43314|VIP2_HUMAN,574-578,5,0,A,S,D,E,G,R,V,Q,M,T,K,G,L,L,A,L,E,G,E,L
sp|P00746|CFAD_HUMAN,15-20,6,0,E,R,L,A,V,L,V,L,L,G,P,P,R,G,R,I,L,G,G,R
sp|P22732|GTR5_HUMAN,228-233,6,0,R,Y,L,L,I,Q,K,K,D,E,L,Q,T,L,R,G,W,D,S,V
sp|Q02446|SP4_HUMAN,12-19,8,0,S,D,Q,K,K,E,E,E,E,E,T,E,G,G,K,T,S,E,P,E
sp|Q13421|MSLN_HUMAN,222-226,5,0,P,G,P,L,D,Q,D,Q,Q,E,L,Q,G,G,G,P,P,Y,G,P
sp|Q15011|HERP1_HUMAN,187-191,5,0,Y,A,R,Q,Y,Y,M,Q,Y,L,S,G,A,F,V,P,P,P,S,A
sp|Q15329|E2F5_HUMAN,2-7,6,0,-,-,-,-,-,-,-,-,-,M,S,S,G,Q,Q,A,P,A,G,Q
sp|Q15853|USF2_HUMAN,11-20,10,0,M,D,M,L,D,P,G,L,D,P,S,H,D,K,G,P,E,A,E,E
sp|Q16585|SGCB_HUMAN,2-9,8,0,-,-,-,-,-,-,-,-,-,M,E,Q,Q,S,S,N,G,P,V,K
sp|Q16643|DREB_HUMAN,279-284,6,0,M,K,K,S,E,S,E,V,E,E,Q,R,P,D,N,P,R,E,F,F
sp|Q16643|DREB_HUMAN,391-396,6,0,S,P,I,L,D,S,E,E,T,R,W,A,G,P,M,E,E,P,P,Q
sp|Q2KJY2|KI26B_HUMAN,908-913,6,0,K,T,R,G,D,S,R,P,A,E,G,K,S,E,R,D,C,L,K,C
sp|Q2KJY2|KI26B_HUMAN,1010-1014,5,0,K,M,Q,R,S,H,S,P,V,P,H,S,P,S,P,A,S,P,R,S
sp|Q69YI7|NAIF1_HUMAN,42-47,6,0,V,N,H,F,N,A,G,V,P,L,W,H,G,I,L,R,R,V,N,A
sp|Q69YI7|NAIF1_HUMAN,159-164,6,0,E,I,H,P,V,A,L,G,P,S,T,V,T,L,T,Q,I,P,T,E
sp|Q8IWX7|UN45B_HUMAN,694-699,6,0,L,E,G,T,D,V,G,K,V,K,K,I,A,A,V,S,N,P,D,I
sp|Q8IWX7|UN45B_HUMAN,823-829,7,0,C,G,E,D,D,D,K,V,Q,N,M,L,T,A,A,H,K,K,L,C
sp|Q8N0X4|CLYBL_HUMAN,9-17,9,0,-,-,M,A,L,R,L,L,R,R,L,L,R,L,K,A,S,L,A,A
sp|Q8N163|CCAR2_HUMAN,447-451,5,0,E,E,W,E,A,L,C,Q,Q,K,P,P,T,Q,E,A,Q,G,E,T
sp|Q8N5Z0|AADAT_HUMAN,9-13,5,1,-,-,M,N,Y,A,R,F,I,T,R,N,P,S,P,I,R,T,M,T
sp|Q8N5Z0|AADAT_HUMAN,332-337,6,1,V,I,D,F,Y,S,N,Q,K,D,D,K,W,L,T,G,L,A,E,W
sp|Q8NBA8|DTWD2_HUMAN,36-45,10,0,P,N,D,K,E,R,R,E,G,G,E,A,D,D,D,S,A,D,G,L
sp|Q96EY9|ADAT3_HUMAN,183-189,7,0,M,Q,S,H,M,E,R,A,V,W,R,G,L,R,A,V,G,A,V,V
sp|Q96EY9|ADAT3_HUMAN,252-259,8,0,D,F,R,P,F,P,A,C,S,F,V,R,A,G,A,V,R,K,L,D
sp|Q9H0W8|SMG9_HUMAN,157-161,5,0,Y,Q,I,Q,N,R,G,M,G,T,M,D,P,V,V,G,Q,A,K,L
sp|Q9H9B1|EHMT1_HUMAN,2-8,7,0,-,-,-,-,-,-,-,-,-,M,V,P,A,R,G,E,P,Q,Q,D
sp|Q9H9B1|EHMT1_HUMAN,364-369,6,0,E,E,L,E,E,D,D,G,H,G,F,P,T,E,D,S,R,T,S,K
sp|Q9H9B1|EHMT1_HUMAN,779-783,5,1,E,H,Q,N,K,R,S,P,L,H,G,H,V,D,I,C,H,M,L,V
sp|Q9H9B1|EHMT1_HUMAN,1292-1295,4,0,Q,E,D,G,L,P,D,T,S,S,D,P,L,-,-,-,-,-,-,-
sp|Q9NSE4|SYIM_HUMAN,12-18,7,0,R,W,G,L,R,P,R,G,P,G,R,S,L,W,G,T,P,R,L,P
sp|Q9UJQ4|SALL4_HUMAN,31-40,10,0,Q,Q,P,Q,Q,Q,T,P,E,F,G,E,L,G,A,P,V,N,H,P
sp|Q9UPP2|IQEC3_HUMAN,78-90,13,0,L,V,P,P,S,S,A,P,L,P,Q,E,P,L,Q,D,Q,G,Q,R
sp|Q9UPP2|IQEC3_HUMAN,161-165,5,0,K,E,K,E,R,P,P,S,C,C,L,L,Q,H,K,S,P,S,A,L
sp|Q9UPP2|IQEC3_HUMAN,225-231,7,0,A,G,G,G,M,E,D,S,V,V,G,R,P,S,A,H,A,P,K,A
sp|Q9UPP2|IQEC3_HUMAN,439-444,6,0,R,E,S,G,A,Y,Q,L,H,Q,G,P,P,G,L,E,A,E,G,R
sp|Q9UPP2|IQEC3_HUMAN,555-563,9,0,R,E,D,A,S,A,E,D,S,C,D,G,A,T,A,P,K,T,E,E
tr|A0A8V8TPP0|A0A8V8TPP0_HUMAN,32-36,5,0,T,G,A,A,R,R,K,G,V,P,S,G,S,P,V,M,W,P,P,P
sp|A6NFN9|ANKUB_HUMAN,246-250,5,0,H,A,D,V,S,K,C,P,I,H,G,Q,L,L,I,L,K,A,F,V
sp|P0C6S8|LIGO3_HUMAN,260-265,6,0,S,L,S,V,T,H,T,N,I,T,L,R,H,Q,A,H,L,T,C,L
sp|P0C6S8|LIGO3_HUMAN,576-579,4,0,E,Y,S,F,R,K,V,D,G,P,G,Q,G,G,A,R,K,F,N,M
sp|P11172|UMPS_HUMAN,2-7,6,1,-,-,-,-,-,-,-,-,-,M,L,G,P,L,V,T,G,L,Y,D
sp|P16219|ACADS_HUMAN,2-7,6,0,-,-,-,-,-,-,-,-,-,M,R,A,S,G,P,A,R,R,A,L
sp|P16219|ACADS_HUMAN,351-356,6,1,F,I,K,E,A,A,M,A,K,L,T,A,I,S,H,Q,A,I,Q,I
sp|P48735|IDHP_HUMAN,20-25,6,0,S,L,C,R,A,S,G,S,R,P,L,T,A,P,T,S,Q,E,Q,P
sp|Q13467|FZD5_HUMAN,24-30,7,1,L,L,L,L,A,Q,L,V,G,R,P,V,C,Q,E,I,T,V,P,M
sp|Q6PIV7|S2534_HUMAN,58-63,6,0,R,P,Y,H,G,F,I,A,S,V,D,G,L,W,G,L,Q,K,G,L
sp|Q8TF30|WHAMM_HUMAN,327-332,6,0,M,E,Q,D,A,K,R,F,G,Q,I,P,R,L,E,K,L,Q,L,M
sp|Q96IQ9|ZN414_HUMAN,31-36,6,0,S,E,T,D,K,E,V,L,S,P,P,S,S,S,M,S,E,E,P,G
sp|Q9BPW8|NIPS1_HUMAN,27-32,6,0,G,G,P,G,P,R,A,G,D,V,R,F,Y,S,K,D,N,E,G,S
sp|Q9H707|ZN552_HUMAN,2-5,4,0,-,-,-,-,-,-,-,-,-,M,L,R,F,P,V,Q,G,T,V,T
sp|Q9NW15|ANO10_HUMAN,518-522,5,1,V,S,L,F,S,C,V,Y,P,L,V,L,N,N,F,T,E,V,N,S
sp|Q9UN67|PCDBA_HUMAN,676-681,6,0,F,S,Q,P,Y,L,P,L,P,E,Q,A,E,A,D,L,L,T,V,Y
sp|Q9Y2R4|DDX52_HUMAN,271-275,5,0,T,G,F,R,I,H,M,I,H,K,K,K,F,G,P,K,S,S,K,K
sp|O43246|CTR4_HUMAN,131-136,6,0,N,V,L,L,E,Y,I,I,G,G,W,S,G,Y,L,D,S,M,F,S
sp|O43246|CTR4_HUMAN,277-282,6,0,S,V,P,L,A,I,A,I,S,L,Y,I,L,V,S,T,V,L,T,L
sp|O75556|SG2A1_HUMAN,54-58,5,0,E,L,L,Q,E,F,I,D,S,D,M,G,K,F,K,Q,C,F,L,N
sp|P22492|H1T_HUMAN,7-12,6,0,-,-,-,-,M,S,E,T,V,P,G,V,A,A,M,E,K,L,P,T
sp|P22492|H1T_HUMAN,69-73,5,0,V,G,M,S,L,V,A,L,K,K,G,Y,D,V,E,K,N,N,S,R
sp|P27105|STOM_HUMAN,206-213,8,0,D,V,K,L,P,V,Q,L,Q,R,S,R,E,A,R,A,K,V,I,A
sp|Q01814|AT2B2_HUMAN,314-324,11,0,V,K,K,G,D,G,L,Q,L,P,D,S,A,N,A,S,L,V,N,G
sp|Q15465|SHH_HUMAN,341-346,6,0,A,V,H,S,V,T,L,S,E,E,P,L,T,A,Q,G,T,I,L,I
sp|Q15465|SHH_HUMAN,388-393,6,0,A,P,F,R,L,A,H,A,L,L,R,T,D,R,G,G,D,S,G,G
sp|Q5TCX8|M3K21_HUMAN,161-165,5,1,K,A,A,R,Q,D,P,E,Q,D,E,S,V,R,R,E,A,R,L,F
sp|Q5TCX8|M3K21_HUMAN,211-218,8,1,E,F,A,R,G,G,A,L,N,R,P,D,P,R,A,P,G,P,R,R
sp|Q5TCX8|M3K21_HUMAN,692-698,7,0,N,P,A,E,A,E,S,W,E,E,T,V,S,I,E,M,T,P,T,N
sp|Q86X29|LSR_HUMAN,310-315,6,0,D,K,C,C,C,P,E,A,L,Y,T,S,G,V,P,S,I,Y,A,P
sp|Q8NB78|KDM1B_HUMAN,393-398,6,1,K,S,V,I,I,I,G,A,G,P,R,Q,L,H,N,F,G,I,K,V
sp|Q8NBV8|SYT8_HUMAN,39-44,6,0,G,T,P,W,P,R,W,A,L,I,G,V,L,L,V,S,C,L,L,C
sp|Q8NGX6|O10R2_HUMAN,165-169,5,0,L,M,S,W,Q,V,C,G,K,L,I,G,G,F,L,A,S,L,T,V
sp|Q8TAU0|NKX23_HUMAN,271-286,16,0,S,F,P,A,Y,G,Y,G,N,S,Y,S,S,S,Y,G,C,A,Y,P
sp|Q8TAU0|NKX23_HUMAN,348-354,7,0,G,S,A,Q,P,L,H,Q,G,T,Q,G,T,L,Q,G,I,R,A,W
sp|Q8TDN4|CABL1_HUMAN,2-12,11,0,-,-,-,-,-,-,-,-,-,M,C,S,S,G,S,A,G,T,D,A
sp|Q8TDN4|CABL1_HUMAN,40-45,6,0,Q,P,P,P,Q,P,Q,P,Q,P,Q,P,P,P,E,P,P,R,K,P
sp|Q8TDN4|CABL1_HUMAN,129-134,6,0,C,I,A,L,A,A,P,G,T,P,G,S,G,P,C,L,P,Q,P,S
sp|Q96FA7|ZB10P_HUMAN,6-11,6,0,-,-,-,-,-,M,V,V,R,E,S,L,S,Q,V,L,P,Q,L,R
sp|Q9BXK5|B2L13_HUMAN,466-470,5,0,E,G,K,S,I,L,L,F,G,G,I,L,A,V,A,I,G,V,A,L
sp|Q9BY12|SCAPE_HUMAN,729-734,6,0,E,R,A,R,D,R,E,E,R,L,Q,Q,E,A,M,E,E,L,Q,K
sp|Q9H0K4|RSH6A_HUMAN,33-38,6,0,A,S,Q,R,R,H,S,R,D,Q,D,P,E,E,R,Q,Q,I,P,P
sp|Q9H0X6|RN208_HUMAN,131-137,7,0,Y,V,I,R,P,G,P,S,A,S,G,E,P,L,E,C,P,T,C,G
sp|Q9HAH7|FBRS_HUMAN,146-151,6,0,H,P,A,S,L,F,T,A,T,G,N,P,F,T,A,A,P,G,A,H
sp|Q9HAH7|FBRS_HUMAN,311-329,19,0,V,R,V,K,E,E,R,K,E,E,T,G,P,Q,G,L,H,L,L,F
sp|Q9HAH7|FBRS_HUMAN,389-393,5,0,E,A,G,E,E,L,T,G,P,G,R,L,Y,G,L,E,P,A,H,P
sp|Q9NWQ9|CN119_HUMAN,132-137,6,0,E,P,D,F,V,A,K,F,Y,Q,G,K,D,-,-,-,-,-,-,-
sp|Q9P0X4|CAC1I_HUMAN,12-17,6,0,A,E,S,A,S,P,P,S,S,S,E,P,G,V,T,T,E,Q,P,G
sp|Q9P0X4|CAC1I_HUMAN,1080-1085,6,0,L,V,P,A,V,G,A,H,P,R,G,P,A,P,G,H,E,D,C,N
sp|Q9P0X4|CAC1I_HUMAN,2167-2171,5,0,S,S,L,A,A,P,G,R,P,H,H,G,L,A,R,S,P,S,W,A
sp|Q9Y2P5|S27A5_HUMAN,67-72,6,0,G,P,W,V,P,H,G,L,S,L,L,T,L,L,P,A,R,L,P,P
sp|Q9Y2P5|S27A5_HUMAN,266-271,6,0,S,P,T,P,G,V,G,A,L,G,P,S,H,P,V,P,A,D,L,R
sp|O60763|USO1_HUMAN,440-445,6,1,F,S,T,D,S,L,S,N,W,C,H,A,L,Q,E,N,A,T,Q,K
sp|O94985|CSTN1_HUMAN,8-13,6,0,-,-,-,M,L,R,R,P,A,P,R,L,L,L,A,G,L,L,C,G
sp|O94985|CSTN1_HUMAN,330-335,6,0,S,E,K,S,L,H,R,L,C,G,E,L,L,P,S,P,S,G,S,L
sp|P24158|PRTN3_HUMAN,22-26,5,0,S,V,L,L,A,L,L,L,S,G,E,I,V,G,G,H,E,A,Q,P
sp|P35443|TSP4_HUMAN,21-26,6,0,L,L,H,L,V,L,Q,R,W,L,T,P,Q,V,F,D,L,L,P,S
sp|P48378|RFX2_HUMAN,521-526,6,0,L,R,R,Y,T,S,L,N,H,L,V,L,Q,N,T,S,Q,I,N,Q
sp|P49279|NRAM1_HUMAN,500-506,7,0,S,L,P,H,P,A,Y,F,G,L,Y,L,G,L,S,T,Y,L,V,W
sp|P57103|NAC3_HUMAN,806-811,6,0,A,F,G,T,S,V,P,D,T,F,L,Q,D,V,Y,A,D,A,S,I
sp|Q06547|GABP1_HUMAN,228-233,6,0,N,S,S,T,S,V,L,A,T,L,S,A,P,L,S,N,S,S,E,T
sp|Q13049|TRI32_HUMAN,2-6,5,0,-,-,-,-,-,-,-,-,-,M,S,H,L,N,L,D,A,L,R,E
sp|Q13049|TRI32_HUMAN,311-316,6,0,V,N,V,E,D,S,W,A,M,E,S,T,S,V,T,F,R,E,M,D
sp|Q4VCS5|AMOT_HUMAN,695-704,10,0,Y,L,E,E,N,V,M,R,H,F,Q,R,D,T,T,V,I,S,H,S
sp|Q4VCS5|AMOT_HUMAN,885-898,14,0,T,A,A,V,A,P,I,S,V,P,T,A,A,T,I,T,T,T,M,V
sp|Q4VCS5|AMOT_HUMAN,909-926,18,0,T,A,A,T,I,T,T,T,M,V,P,S,P,A,T,A,A,A,T,A
sp|Q4VCS5|AMOT_HUMAN,930-938,9,0,A,P,A,A,A,A,A,P,S,P,V,S,P,A,A,A,G,Q,I,P
sp|Q4VCS5|AMOT_HUMAN,949-968,20,0,V,S,P,A,A,A,G,Q,I,P,V,Q,V,A,P,A,A,P,A,P
sp|Q4VCS5|AMOT_HUMAN,972-977,6,0,S,A,A,A,A,A,A,V,Q,V,P,V,P,A,P,A,L,V,P,V
sp|Q4VCS5|AMOT_HUMAN,989-997,9,0,V,P,A,P,A,L,V,P,V,P,P,A,Q,T,Q,A,P,T,S,A
sp|Q5TZA2|CROCC_HUMAN,1127-1132,6,1,L,R,D,L,R,A,Q,R,E,E,Q,E,V,R,R,L,Q,E,Q,A
sp|Q5TZA2|CROCC_HUMAN,1393-1399,7,0,H,A,R,G,L,E,L,K,L,E,E,L,G,L,R,L,S,A,A,E
sp|Q71SY5|MED25_HUMAN,280-285,6,0,P,Q,Y,Q,V,P,G,N,L,S,Q,N,A,V,E,A,A,K,N,Q
sp|Q86X51|EZHIP_HUMAN,69-76,8,0,A,L,S,S,S,T,A,G,S,S,I,F,I,T,D,E,A,S,G,L
sp|Q8IYS1|P20D2_HUMAN,134-137,4,0,C,G,H,N,L,I,A,E,V,G,L,G,V,R,G,A,L,E,G,L
sp|Q8IYS1|P20D2_HUMAN,296-300,5,0,L,T,K,K,A,E,D,C,F,R,S,G,C,T,V,E,I,K,G,G
sp|Q8N2U9|S66A2_HUMAN,21-24,4,0,V,P,L,H,Q,L,V,S,W,G,M,V,F,G,G,V,V,P,Y,V
sp|Q8NHW3|MAFA_HUMAN,158-165,8,0,H,G,A,H,H,G,A,H,H,P,F,R,G,P,G,F,A,G,G,G
sp|Q96DR8|MUCL1_HUMAN,48-53,6,0,D,D,E,A,P,D,A,E,T,T,T,T,A,A,P,T,T,A,T,T
sp|Q9BR09|NEUL2_HUMAN,130-134,5,0,N,R,V,P,R,E,G,R,P,E,P,S,R,P,P,T,L,L,V,E
sp|Q9BXB5|OSB10_HUMAN,225-230,6,0,V,V,T,I,T,H,H,K,S,P,K,S,Q,Y,S,G,Q,L,H,E
sp|Q9NUP9|LIN7C_HUMAN,80-84,5,0,R,A,N,A,T,A,K,A,T,V,S,E,G,H,S,H,P,R,V,V
sp|Q9NVF7|FBX28_HUMAN,2-5,4,0,-,-,-,-,-,-,-,-,-,M,E,E,R,M,A,E,E,G,G,G
sp|Q9UI12|VATH_HUMAN,20-24,5,1,V,D,A,A,V,P,T,N,I,I,E,V,R,A,N,K,V,N,W,Q
sp|Q9Y3Q0|NALD2_HUMAN,15-19,5,0,R,G,R,L,Y,L,W,M,C,L,S,F,L,M,G,F,M,V,G,W
sp|Q9Y4D2|DGLA_HUMAN,747-750,4,0,S,E,G,R,L,L,S,P,V,V,R,Q,D,P,V,E,L,L,L,L
sp|Q9Y5W3|KLF2_HUMAN,225-231,7,0,A,P,P,A,F,G,L,F,D,D,L,G,L,A,P,P,A,A,R,G
sp|O14734|ACOT8_HUMAN,63-68,6,0,R,L,F,G,G,Q,I,V,G,Q,K,S,V,S,E,D,V,H,V,H
sp|O15062|ZBTB5_HUMAN,74-79,6,1,M,I,Q,L,D,S,E,V,V,T,L,I,D,M,M,Y,T,S,T,L
sp|O15382|BCAT2_HUMAN,2-5,4,0,-,-,-,-,-,-,-,-,-,M,L,G,Q,I,W,A,R,K,L,L
sp|O94952|FBX21_HUMAN,2-5,4,0,-,-,-,-,-,-,-,-,-,M,V,D,S,A,M,E,V,V,P,A
sp|P16422|EPCAM_HUMAN,14-23,10,0,P,Q,V,L,A,F,G,L,L,L,Q,E,E,C,V,C,E,N,Y,K
sp|P20933|ASPG_HUMAN,251-256,6,1,P,G,A,G,A,Y,A,D,D,T,T,G,N,G,D,I,L,M,R,F
sp|P20936|RASA1_HUMAN,96-108,13,0,L,T,G,G,G,T,A,A,G,V,G,P,S,G,D,M,A,L,T,K
sp|P35609|ACTN2_HUMAN,643-648,6,1,H,A,N,E,R,L,R,R,Q,F,I,G,P,W,I,Q,N,K,M,E
sp|P62263|RS14_HUMAN,73-78,6,1,K,A,D,R,D,E,S,S,P,Y,Q,D,V,A,Q,R,C,K,E,L
sp|Q05086|UBE3A_HUMAN,67-72,6,1,C,P,T,F,L,R,M,D,N,N,L,E,L,Y,K,I,N,A,K,L
sp|Q05086|UBE3A_HUMAN,196-202,7,0,E,D,K,D,E,D,E,K,E,K,M,E,E,D,S,E,A,S,S,S
sp|Q0P6D2|DIK1C_HUMAN,2-7,6,0,-,-,-,-,-,-,-,-,-,M,R,G,P,A,G,W,C,R,R,R
sp|Q12952|FOXL1_HUMAN,31-40,10,0,Y,G,P,E,R,P,G,L,P,L,S,G,R,A,E,T,P,Q,K,P
sp|Q12952|FOXL1_HUMAN,221-229,9,0,T,A,S,P,N,E,D,A,G,D,V,G,Q,A,A,R,T,G,D,G
sp|Q14592|ZN460_HUMAN,2-7,6,0,-,-,-,-,-,-,-,-,-,M,P,A,Q,E,S,V,T,F,E,D
sp|Q15270|NKX11_HUMAN,29-37,9,0,P,Q,P,G,S,G,P,A,P,P,M,D,G,R,A,E,L,P,A,F
sp|Q15270|NKX11_HUMAN,70-75,6,0,T,V,P,A,A,P,E,G,A,G,P,L,R,P,T,S,F,S,V,L
sp|Q15270|NKX11_HUMAN,107-112,6,0,R,R,R,C,V,L,L,G,P,V,P,C,A,S,A,P,C,A,P,A
sp|Q15270|NKX11_HUMAN,120-125,6,0,A,C,A,P,C,A,S,A,P,C,S,G,R,P,P,R,A,E,E,L
sp|Q5T4F7|SFRP5_HUMAN,3-6,4,0,-,-,-,-,-,-,-,-,M,R,G,G,G,V,R,T,A,A,L,A
sp|Q6PIF6|MYO7B_HUMAN,1375-1380,6,0,P,P,D,R,W,A,S,L,V,T,P,Y,T,Q,K,Q,V,T,P,L
sp|Q75WM6|H1FNT_HUMAN,208-213,6,0,E,P,P,C,A,R,A,K,E,E,D,E,G,R,G,Q,A,V,K,E
sp|Q8NFJ9|BBS1_HUMAN,84-90,7,1,P,L,V,M,T,E,S,P,L,P,T,F,L,M,E,Q,H,E,P,R
sp|Q8TCJ2|STT3B_HUMAN,44-49,6,0,H,G,P,G,A,Q,C,A,H,K,P,P,K,P,A,P,A,G,L,S
sp|Q8WV48|CC107_HUMAN,74-78,5,0,G,S,L,P,L,G,A,L,Y,T,F,V,L,Y,K,C,L,Q,G,K
sp|Q96F86|EDC3_HUMAN,427-432,6,1,V,F,L,R,D,Q,P,W,Y,K,N,Q,N,R,A,P,V,L,S,I
sp|Q96HP0|DOCK6_HUMAN,1623-1628,6,0,H,A,E,A,A,Q,C,M,V,H,E,Y,L,A,L,L,E,D,H,R
sp|Q9C0A1|ZFHX2_HUMAN,1435-1440,6,0,S,S,P,P,D,P,L,P,N,E,K,A,L,L,E,N,F,G,F,E
sp|Q9C0A1|ZFHX2_HUMAN,2537-2548,12,0,Q,G,G,P,P,I,S,I,T,N,K,E,E,A,R,L,P,H,T,D
sp|Q9NR56|MBNL1_HUMAN,128-132,5,0,F,S,V,A,P,S,L,A,T,N,F,N,P,Y,L,G,P,V,S,P
sp|Q9NR56|MBNL1_HUMAN,167-173,7,0,V,T,G,N,P,G,V,P,V,P,Q,K,L,M,R,T,D,R,L,E
sp|Q9NR56|MBNL1_HUMAN,257-268,12,0,I,K,A,A,Q,Y,Q,V,N,Q,M,T,Q,S,A,V,K,S,L,K
sp|Q9NR56|MBNL1_HUMAN,363-368,6,0,A,T,T,S,A,T,S,V,P,F,N,Q,I,P,I,I,S,A,E,H
sp|Q9NWB1|RFOX1_HUMAN,14-17,4,0,E,R,E,Q,L,R,G,N,Q,E,P,D,T,M,A,Q,P,Y,A,S
sp|Q9NWB1|RFOX1_HUMAN,260-266,7,0,T,S,A,M,P,G,F,P,Y,P,Y,R,G,A,H,L,R,G,R,G
sp|Q9NWB1|RFOX1_HUMAN,324-328,5,0,A,A,Y,R,Y,A,Q,P,T,P,Y,S,D,S,Y,G,R,V,Y,A
sp|Q9NXC5|MIOS_HUMAN,524-528,5,0,S,L,V,Q,E,G,E,W,E,R,L,F,N,L,D,I,R,R,A,I
sp|Q9Y235|ABEC2_HUMAN,95-99,5,1,A,S,R,G,Y,L,E,D,E,H,E,E,A,F,F,N,T,I,L,P
sp|Q9Y5Q3|MAFB_HUMAN,196-201,6,0,S,H,P,G,P,G,P,H,A,T,G,G,N,G,S,V,E,D,R,F
sp|A4FU28|CTGE9_HUMAN,120-125,6,0,S,S,L,E,D,A,S,F,E,K,R,S,L,E,A,T,C,E,K,L
sp|A5PKW4|PSD1_HUMAN,975-980,6,0,A,G,S,E,E,L,D,A,V,E,G,S,T,E,D,G,L,P,P,S
sp|O43488|ARK72_HUMAN,53-62,10,1,G,T,M,E,M,G,R,R,M,D,F,L,E,R,G,H,T,E,L,D
sp|O94880|PHF14_HUMAN,145-150,6,0,K,E,K,A,T,V,S,E,N,V,T,T,P,A,T,S,P,P,A,V
sp|P02675|FIBB_HUMAN,76-80,5,1,I,S,G,G,G,Y,R,A,R,P,T,Q,K,K,V,E,R,K,A,P
sp|P42771|CDN2A_HUMAN,17-21,5,1,S,S,M,E,P,S,A,D,W,L,R,G,R,V,E,E,V,R,A,L
sp|P50452|SPB8_HUMAN,328-333,6,0,F,V,E,V,N,E,E,G,T,E,V,V,R,N,S,R,C,S,R,M
sp|Q14126|DSG2_HUMAN,758-766,9,0,A,R,A,T,G,A,S,R,D,M,L,N,E,E,F,L,R,N,Y,F
sp|Q2KHR3|QSER1_HUMAN,12-16,5,0,N,F,L,S,T,A,E,S,R,T,S,G,T,T,L,L,P,Q,F,R
sp|Q2KHR3|QSER1_HUMAN,856-861,6,0,N,I,L,S,N,V,D,D,I,L,C,G,V,T,P,T,D,F,S,K
sp|Q86U42|PABP2_HUMAN,2-14,13,0,-,-,-,-,-,-,-,-,-,M,G,G,R,G,S,G,P,G,R,R
sp|Q8WUI4|HDAC7_HUMAN,637-642,6,0,T,I,W,N,E,L,H,S,S,N,G,S,V,T,D,L,A,F,K,V
sp|Q92541|RTF1_HUMAN,10-18,9,0,-,M,R,G,R,L,C,V,G,R,V,P,L,A,G,G,Q,E,G,S
sp|Q96BM0|I27L1_HUMAN,12-16,5,0,G,K,E,S,G,W,D,S,G,R,V,V,G,G,V,V,A,V,G,T
sp|Q96NB2|SFXN2_HUMAN,182-187,6,0,P,P,L,V,G,R,W,V,P,F,N,C,V,N,I,P,M,M,R,Q
sp|Q96SL4|GPX7_HUMAN,3-9,7,0,-,-,-,-,-,-,-,-,M,V,W,L,L,L,W,A,A,A,C,A
sp|Q96SL4|GPX7_HUMAN,15-19,5,0,T,V,A,A,A,W,L,L,L,W,Q,Q,E,Q,D,F,Y,D,F,K
sp|Q96T23|RSF1_HUMAN,2-12,11,0,-,-,-,-,-,-,-,-,-,M,P,P,G,C,P,G,S,C,P,N
sp|Q96T23|RSF1_HUMAN,1080-1083,4,0,E,R,K,E,N,K,R,P,Q,R,R,R,K,K,R,R,R,L,N,D
sp|Q9H7X2|RDD1_HUMAN,45-49,5,0,I,L,E,H,L,E,Y,A,D,E,E,S,G,T,S,A,A,D,E,R
sp|Q9H7X2|RDD1_HUMAN,124-129,6,0,R,Y,V,V,I,G,L,Q,G,F,P,F,A,V,A,T,S,V,V,S
sp|Q9UDT6|CLIP2_HUMAN,32-36,5,0,R,T,S,T,G,S,A,S,S,S,S,S,K,E,G,S,P,L,H,K
sp|Q9UDT6|CLIP2_HUMAN,56-60,5,0,K,Q,S,S,G,P,S,S,S,P,P,E,K,P,G,P,K,A,A,E
sp|Q9UH99|SUN2_HUMAN,504-509,6,0,T,H,V,A,E,M,Q,G,K,S,S,L,S,L,T,L,Q,K,E,G
sp|Q9UHL4|DPP2_HUMAN,180-187,8,1,Y,L,R,M,K,Y,P,H,L,V,P,V,L,A,V,A,G,L,G,D
sp|Q9UIG0|BAZ1B_HUMAN,881-886,6,0,A,E,E,E,R,I,R,K,H,K,F,Q,E,G,I,A,K,A,K,L
sp|Q9Y6N7|ROBO1_HUMAN,1404-1414,11,0,D,G,S,F,F,T,D,A,D,F,G,L,K,V,A,R,R,Q,M,Q
sp|A6NNA2|SRRM3_HUMAN,349-353,5,0,S,S,P,S,P,R,V,R,D,K,P,T,P,P,A,R,G,K,E,S
sp|C9JR72|KBTBD_HUMAN,112-115,4,0,T,S,D,N,C,A,L,L,C,D,F,G,L,R,D,V,F,H,S,A
sp|O00231|PSD11_HUMAN,2-5,4,1,-,-,-,-,-,-,-,-,-,M,V,V,E,F,Q,R,A,Q,S,L
sp|O75821|EIF3G_HUMAN,293-298,6,1,A,F,I,S,F,H,R,R,E,D,G,V,S,G,F,G,Y,D,H,L
sp|O95477|ABCA1_HUMAN,743-748,6,0,C,F,L,I,S,T,L,F,S,R,C,G,G,I,I,Y,F,T,L,Y
sp|P04637|P53_HUMAN,74-79,6,1,P,R,M,P,E,A,A,P,P,V,P,T,P,A,A,P,A,P,A,P
sp|P04637|P53_HUMAN,83-88,6,1,V,A,P,A,P,A,A,P,T,P,P,S,W,P,L,S,S,S,V,P
sp|P08910|ABHD2_HUMAN,20-24,5,0,L,P,A,V,F,D,G,V,K,L,V,L,Y,V,I,V,R,C,L,N
sp|P19338|NUCL_HUMAN,56-61,6,0,V,V,I,P,Q,K,K,G,K,K,K,K,V,V,V,S,P,T,K,K
sp|P19338|NUCL_HUMAN,89-94,6,0,K,K,A,A,V,T,P,G,K,K,K,K,T,V,T,P,A,K,A,V
sp|P19338|NUCL_HUMAN,173-183,11,0,E,D,E,D,E,D,E,I,E,P,S,E,D,E,D,D,E,D,D,E
sp|P29322|EPHA8_HUMAN,17-22,6,0,R,L,P,P,A,L,W,V,V,T,T,C,V,S,A,A,R,G,E,V
sp|P29322|EPHA8_HUMAN,300-306,7,0,C,A,R,C,P,P,H,S,H,S,C,H,C,D,L,S,Y,Y,R,A
sp|P34931|HS71L_HUMAN,180-184,5,1,N,V,L,R,I,I,N,E,P,T,Y,G,L,D,K,G,G,Q,G,E
sp|P34931|HS71L_HUMAN,375-380,6,1,I,N,P,D,E,A,V,A,Y,G,I,L,M,G,D,K,S,E,K,V
sp|P51826|AFF3_HUMAN,552-562,11,0,S,K,G,V,K,Q,K,S,P,P,P,P,P,A,V,P,C,A,P,A
sp|P51826|AFF3_HUMAN,609-613,5,0,G,A,N,C,H,R,P,E,E,P,L,G,T,S,V,V,V,P,P,E
sp|P78562|PHEX_HUMAN,62-65,4,0,E,Y,C,L,K,P,E,C,I,E,I,L,S,K,V,N,L,S,V,D
sp|P83731|RL24_HUMAN,126-132,7,0,K,K,A,K,Q,A,S,K,K,T,P,T,K,A,A,P,K,Q,K,I
sp|Q01196|RUNX1_HUMAN,36-41,6,0,S,E,A,L,P,L,G,A,P,D,G,K,L,R,S,G,D,R,S,M
sp|Q01813|PFKAP_HUMAN,597-603,7,1,C,G,Y,L,A,N,M,G,G,L,Y,I,F,E,E,P,F,D,I,R
sp|Q71RC2|LARP4_HUMAN,605-610,6,0,T,A,S,P,C,N,N,N,I,N,L,Q,E,P,R,K,L,S,Y,A
sp|Q75VX8|GARE2_HUMAN,193-198,6,0,A,L,A,G,V,G,G,G,G,P,G,G,T,G,G,G,G,A,R,P
sp|Q96FM1|PGAP3_HUMAN,12-18,7,0,A,G,L,A,A,R,L,V,L,L,S,G,S,Q,G,D,R,E,P,V
sp|Q96N76|HUTU_HUMAN,255-260,6,0,V,T,S,G,L,G,G,M,S,G,V,I,V,G,C,I,G,V,I,A
sp|Q96RK1|CITE4_HUMAN,20-23,4,0,G,Y,R,L,V,Q,R,P,P,S,H,G,P,H,A,L,R,T,L,P
sp|Q96RK1|CITE4_HUMAN,116-121,6,0,A,P,G,G,P,P,G,P,Q,P,P,P,P,P,A,H,A,L,G,G
sp|Q9H221|ABCG8_HUMAN,546-551,6,1,W,L,V,V,F,C,C,R,I,M,L,L,P,T,F,H,M,A,S,F
sp|Q9H4S2|GSX1_HUMAN,111-118,8,0,A,V,S,P,G,V,A,H,G,P,L,Y,Q,T,S,Y,P,L,P,D
sp|Q9NPD3|EXOS4_HUMAN,216-221,6,1,H,E,D,H,L,E,R,V,L,E,R,D,V,H,T,L,L,D,R,V
sp|Q9NSI6|BRWD1_HUMAN,1182-1186,5,0,G,I,D,Q,L,L,N,L,D,I,G,P,V,D,L,C,T,Y,P,K
sp|Q9NSI6|BRWD1_HUMAN,1633-1637,5,0,G,N,N,R,K,V,L,R,K,C,N,K,I,K,L,M,S,D,V,E
sp|Q9NSI6|BRWD1_HUMAN,1932-1936,5,0,T,G,L,L,R,I,T,R,R,C,N,K,I,K,L,M,S,D,V,E
sp|Q9NSI6|BRWD1_HUMAN,2272-2276,5,0,K,S,S,R,K,L,P,H,R,N,K,K,K,L,L,N,V,Y,K,E
sp|Q9NZB8|MOCS1_HUMAN,597-601,5,0,T,G,V,E,M,E,A,L,T,S,L,T,L,Y,D,M,C,K,A,V
sp|Q9P289|STK26_HUMAN,386-391,6,1,Q,A,I,E,E,L,E,K,S,I,C,P,G,I,T,D,K,M,V,K
sp|Q9UJ96|KCNG2_HUMAN,31-36,6,1,I,N,V,G,G,C,R,V,R,L,R,C,P,L,A,R,L,E,R,L
sp|Q9UJ96|KCNG2_HUMAN,130-135,6,1,L,R,R,L,R,R,R,E,E,E,G,P,T,E,R,G,A,Q,G,S
sp|Q9Y2D9|ZN652_HUMAN,195-201,7,0,V,S,V,T,Q,R,R,T,R,R,T,T,S,P,T,P,R,T,T,R
sp|Q9Y2J2|E41L3_HUMAN,49-53,5,0,E,E,Q,Q,Q,A,L,E,Q,F,H,S,T,P,V,R,R,E,V,T
sp|Q9Y2J2|E41L3_HUMAN,70-74,5,0,R,E,V,T,D,K,E,Q,E,F,K,Q,L,E,Y,Q,Q,L,E,D
sp|Q9Y2J2|E41L3_HUMAN,880-885,6,0,A,S,Y,S,A,G,D,S,G,D,F,T,G,I,K,G,K,E,G,S
sp|Q9Y4G8|RPGF2_HUMAN,376-381,6,0,M,G,G,H,L,R,L,L,N,I,K,R,R,L,M,T,L,T,K,P
sp|Q9Y6Y1|CMTA1_HUMAN,552-557,6,0,Q,M,A,K,E,A,Y,S,S,S,S,S,L,T,L,T,A,G,S,S
sp|A6NK97|S22AK_HUMAN,175-180,6,0,G,P,L,V,W,S,Y,L,Q,L,T,A,Y,F,S,S,F,S,A,Y
sp|O75052|CAPON_HUMAN,322-327,6,0,A,Q,V,H,L,L,K,D,Q,L,R,L,E,A,Q,A,R,V,H,Q
sp|O95696|BRD1_HUMAN,904-909,6,0,S,C,I,E,N,G,N,Y,A,K,E,V,G,Q,S,S,M,W,I,S
sp|P09496|CLCA_HUMAN,32-37,6,0,G,V,A,G,A,G,E,E,D,P,Q,Q,E,S,E,I,A,G,I,E
sp|P12694|ODBA_HUMAN,2-8,7,0,-,-,-,-,-,-,-,-,-,M,R,V,W,R,L,N,R,G,L,S
sp|P12694|ODBA_HUMAN,219-223,5,1,L,A,T,Q,I,P,Q,A,V,G,K,R,A,N,A,N,R,V,V,I
sp|P21452|NK2R_HUMAN,83-88,6,0,V,N,L,A,L,A,D,L,C,M,F,N,F,V,Y,A,S,H,N,I
sp|P46977|STT3A_HUMAN,147-152,6,1,E,L,K,D,A,G,A,G,L,L,V,V,P,G,Y,I,S,R,S,V
sp|P58012|FOXL2_HUMAN,221-234,14,0,S,P,M,P,Y,A,S,C,Q,M,G,P,G,S,P,G,A,A,A,V
sp|P58012|FOXL2_HUMAN,301-304,4,0,H,P,H,P,H,A,H,H,L,H,P,P,P,A,P,P,H,H,G,A
sp|P78356|PI42B_HUMAN,380-384,5,1,I,L,T,P,Y,D,T,K,K,K,K,T,V,K,H,G,A,G,A,E
sp|Q15847|ADIRF_HUMAN,23-28,6,0,V,E,G,T,A,Q,E,A,V,S,Q,Q,V,V,D,Q,A,T,E,A
sp|Q2M2I3|FA83E_HUMAN,68-71,4,0,F,L,S,A,D,E,V,Q,G,L,E,D,W,T,V,A,K,Q,E,P
sp|Q32MQ0|ZN750_HUMAN,574-580,7,0,P,R,P,A,F,P,G,R,P,R,V,P,Q,K,T,G,T,E,G,S
sp|Q5SXM2|SNPC4_HUMAN,307-311,5,0,W,S,R,E,E,E,E,R,L,Q,H,G,H,L,E,W,Q,K,I,A
sp|Q5SXM2|SNPC4_HUMAN,957-961,5,0,V,L,N,V,P,L,S,G,P,G,K,P,G,T,S,G,S,W,Q,E
sp|Q8NDV2|GPR26_HUMAN,139-143,5,0,Y,T,W,L,H,A,L,T,F,P,L,S,W,L,G,F,H,Q,L,Y
sp|Q96PX9|PKH4B_HUMAN,94-98,5,0,W,E,R,A,P,R,S,S,R,G,C,H,T,S,H,H,S,A,G,S
sp|Q96RK0|CIC_HUMAN,1487-1492,6,0,L,F,Q,D,H,G,F,F,P,S,F,Q,A,R,Y,A,D,I,F,P
sp|Q96RK0|CIC_HUMAN,1544-1548,5,0,P,L,P,V,P,P,P,T,G,T,P,T,P,S,P,A,G,G,P,D
sp|Q99715|COCA1_HUMAN,10-15,6,0,-,M,R,S,R,L,P,P,A,L,L,L,L,S,S,I,E,A,E,V
sp|Q9BY76|ANGL4_HUMAN,401-405,5,0,Q,A,T,T,M,L,I,Q,P,M,S,-,-,-,-,-,-,-,-,-
sp|Q9H3Q1|BORG4_HUMAN,287-290,4,0,P,S,H,A,L,E,D,E,G,W,P,S,P,G,S,A,R,S,M,G
sp|Q9H400|LIME1_HUMAN,55-60,6,0,R,R,Q,R,A,R,L,Q,G,S,S,L,L,R,R,T,H,L,C,S
sp|Q9H400|LIME1_HUMAN,128-136,9,0,S,A,F,P,H,Q,E,L,P,R,G,C,A,G,L,E,A,T,Y,S
sp|Q9H4Z2|ZN335_HUMAN,42-45,4,0,S,E,A,V,S,A,D,S,S,D,P,G,Q,A,E,A,D,D,S,G
sp|Q9H4Z2|ZN335_HUMAN,273-279,7,0,H,M,R,E,R,H,F,R,P,V,G,K,K,G,R,L,R,K,W,S
sp|Q9H4Z2|ZN335_HUMAN,1011-1015,5,0,G,L,A,V,P,P,S,P,P,S,S,K,K,F,S,C,K,I,C,A
sp|Q9H4Z2|ZN335_HUMAN,1293-1298,6,0,Q,Q,L,V,T,Q,A,Q,L,E,V,T,A,V,A,D,A,A,M,A
sp|Q9H4Z2|ZN335_HUMAN,1301-1310,10,0,L,E,A,A,A,H,S,A,V,T,Q,G,L,F,G,T,D,E,T,V
sp|Q9HBI6|CP4FB_HUMAN,113-118,6,0,H,P,D,I,I,R,P,I,T,S,P,K,D,M,I,F,Y,G,F,L
sp|Q9HD20|AT131_HUMAN,2-6,5,0,-,-,-,-,-,-,-,-,-,M,V,G,N,A,V,P,C,G,A,R
sp|Q9HD20|AT131_HUMAN,81-84,4,0,A,G,L,L,Y,P,A,W,L,G,G,C,W,G,W,G,S,S,W,V
sp|Q9HD20|AT131_HUMAN,455-460,6,0,F,I,F,I,L,F,L,L,V,F,Y,V,W,I,E,G,T,K,D,P
sp|Q9NXH8|TOR4A_HUMAN,11-17,7,0,M,D,R,G,Q,P,S,L,E,P,S,G,R,C,V,I,A,P,V,R
sp|Q9NXH8|TOR4A_HUMAN,329-336,8,0,L,P,L,R,P,D,G,F,R,S,E,E,D,L,R,A,S,L,L,A
sp|Q9P2H5|UBP35_HUMAN,871-876,6,1,G,H,Y,Y,C,Y,A,R,E,G,S,L,G,T,A,D,R,P,E,P
sp|Q9UPZ6|THS7A_HUMAN,44-49,6,0,L,L,L,L,L,L,L,R,P,G,Q,G,E,A,E,A,P,T,L,Y
sp|Q9Y2J8|PADI2_HUMAN,32-37,6,1,G,T,Y,L,W,T,D,V,Y,S,Q,T,F,S,L,K,H,S,E,H
sp|A0PK11|CLRN2_HUMAN,196-201,6,0,E,E,S,F,W,I,C,V,A,S,N,L,V,V,V,A,I,S,Q,I
sp|O00391|QSOX1_HUMAN,546-551,6,0,S,P,S,N,I,I,L,D,F,P,R,R,D,V,Q,N,V,A,A,A
sp|O14827|RGRF2_HUMAN,883-889,7,0,H,C,S,V,S,P,A,S,A,F,G,H,G,S,P,P,G,F,N,N
sp|O95336|6PGL_HUMAN,60-65,6,0,L,V,S,M,L,A,R,E,L,P,G,P,A,S,L,A,R,W,T,L
sp|P04156|PRIO_HUMAN,113-120,8,1,S,K,P,K,T,N,M,K,H,M,V,V,G,G,L,G,G,Y,M,L
sp|P49721|PSB2_HUMAN,122-127,6,1,G,P,A,L,Y,Y,M,D,Y,L,P,F,A,A,H,G,Y,G,A,F
sp|P49789|FHIT_HUMAN,136-141,6,1,P,A,S,W,R,S,E,E,E,M,L,R,V,Y,F,Q,-,-,-,-
sp|Q12772|SRBP2_HUMAN,591-594,4,0,A,D,L,D,L,A,R,G,D,F,G,N,L,Q,T,C,L,A,V,L
sp|Q5SQQ9|VAX1_HUMAN,219-233,15,0,L,R,G,P,S,L,P,A,L,G,P,G,P,A,G,A,A,S,P,H
sp|Q5SQQ9|VAX1_HUMAN,263-268,6,0,P,G,P,A,G,P,G,G,L,H,G,H,S,L,F,S,L,P,V,P
sp|Q5VV16|FX4L5_HUMAN,223-227,5,0,A,H,L,P,H,P,F,P,L,P,L,H,N,P,H,P,G,P,L,L
sp|Q6ICL7|S35E4_HUMAN,20-25,6,0,D,G,R,M,T,S,A,E,V,G,Q,A,A,G,P,P,E,W,P,P
sp|Q6L8Q7|PDE12_HUMAN,87-92,6,0,R,I,A,T,N,A,L,K,G,H,K,K,S,R,K,S,R,P,N,A
sp|Q6ZTQ3|RASF6_HUMAN,8-13,6,0,-,-,-,M,L,W,E,E,T,G,R,A,S,D,L,P,Y,R,I,S
sp|Q7LBC6|KDM3B_HUMAN,2-6,5,0,-,-,-,-,-,-,-,-,-,M,S,P,V,G,K,R,L,L,L,L
sp|Q7LBC6|KDM3B_HUMAN,21-34,14,0,K,R,L,L,L,L,F,A,D,T,S,G,D,P,G,P,A,L,R,T
sp|Q7Z444|RASE_HUMAN,162-170,9,0,K,C,D,L,V,T,T,A,G,D,H,S,W,G,A,H,F,V,E,T
sp|Q8NG41|NPB_HUMAN,5-13,9,0,-,-,-,-,-,-,M,A,R,S,L,C,L,L,L,A,P,P,G,L
sp|Q92831|KAT2B_HUMAN,43-46,4,0,P,P,A,P,P,Q,G,S,P,C,G,G,S,G,A,C,G,P,A,T
sp|Q92831|KAT2B_HUMAN,55-64,10,0,A,A,G,G,S,G,A,C,G,P,E,G,P,G,G,G,G,S,A,R
sp|Q93100|KPBB_HUMAN,91-96,6,0,K,A,K,I,Q,D,S,L,Y,C,L,A,L,A,Y,R,R,I,D,D
sp|Q9BZK7|TBL1R_HUMAN,108-118,11,0,A,Y,R,D,K,L,A,Q,Q,Q,S,Q,Q,G,S,A,K,N,G,E
sp|Q9H9Z2|LN28A_HUMAN,28-32,5,0,E,E,A,P,E,E,A,P,E,D,D,E,P,Q,L,L,H,G,A,G
sp|Q9HCJ5|ZSWM6_HUMAN,48-56,9,0,Y,S,S,A,C,R,P,G,P,R,C,G,G,G,A,A,L,G,L,L
sp|Q9HCJ5|ZSWM6_HUMAN,160-188,29,0,G,G,G,G,G,S,S,S,S,P,P,S,V,G,A,A,G,A,A,D
sp|Q9HCJ5|ZSWM6_HUMAN,193-197,5,0,A,A,G,A,G,A,P,S,V,G,D,G,G,D,E,T,R,L,P,F
sp|Q9NR30|DDX21_HUMAN,610-616,7,0,K,L,I,E,E,K,G,A,V,E,H,I,S,G,A,T,S,V,D,Q
sp|Q9NX14|NDUBB_HUMAN,15-18,4,0,L,F,G,L,S,A,R,R,L,L,T,R,G,L,P,A,A,R,V,R
sp|Q9P225|DYH2_HUMAN,3232-3237,6,0,A,A,L,A,Q,L,R,E,K,Q,Q,E,K,L,R,E,V,A,E,K
sp|A2A3N6|PIPSL_HUMAN,720-731,12,0,E,E,Q,R,Q,R,Q,E,E,E,G,I,A,T,T,G,T,E,D,S
sp|A8MYJ7|TTC34_HUMAN,390-397,8,0,L,L,E,A,S,E,R,Q,S,L,G,T,L,L,D,A,G,Q,P,R
sp|A8MYJ7|TTC34_HUMAN,481-488,8,0,G,R,L,L,L,S,L,G,D,E,Q,A,L,K,L,A,P,S,L,A
sp|O43653|PSCA_HUMAN,94-99,6,0,N,A,S,G,A,H,A,L,Q,P,L,L,P,A,L,G,L,L,L,W
sp|O75146|HIP1R_HUMAN,627-632,6,0,L,D,E,Q,F,A,V,L,R,G,G,I,L,Q,D,A,V,S,K,L
sp|O75146|HIP1R_HUMAN,788-793,6,1,E,L,G,A,V,V,D,K,E,M,I,E,D,A,V,R,R,I,E,D
sp|O95206|PCDH8_HUMAN,371-378,8,0,A,P,G,A,P,A,T,S,P,F,L,G,G,A,D,A,S,S,P,A
sp|O95206|PCDH8_HUMAN,719-724,6,0,V,V,T,A,G,G,G,R,G,P,G,S,P,E,R,S,R,P,P,G
sp|O95206|PCDH8_HUMAN,843-847,5,0,G,S,P,A,A,D,A,P,P,P,E,V,P,G,S,E,G,G,S,A
sp|P07477|TRY1_HUMAN,11-16,6,0,M,N,P,L,L,I,L,T,F,V,P,F,D,D,D,D,K,I,V,G
sp|Q86U06|RBM23_HUMAN,385-397,13,0,E,G,A,G,I,Q,L,P,S,T,L,Q,L,N,G,A,V,P,L,G
sp|Q8IX12|CCAR1_HUMAN,47-51,5,0,A,S,P,T,I,Y,T,Q,Q,T,G,L,T,T,Q,T,P,A,N,Y
sp|Q8IX12|CCAR1_HUMAN,73-79,7,0,L,T,Q,T,A,A,L,Q,Q,Q,L,Q,Q,Q,Y,S,Q,P,Q,Q
sp|Q8NEY1|NAV1_HUMAN,34-37,4,0,A,D,E,P,R,G,A,G,R,K,D,G,R,G,M,L,P,K,R,A
sp|Q8NEY1|NAV1_HUMAN,57-62,6,0,A,K,A,P,G,G,G,G,G,M,E,L,K,V,F,K,S,G,S,V
sp|Q8NFP9|NBEA_HUMAN,240-244,5,0,D,T,F,F,N,F,P,G,C,S,L,P,P,I,A,K,W,P,Y,Q
sp|Q8WTR4|GDPD5_HUMAN,95-99,5,0,D,W,P,V,P,I,L,V,T,T,Y,I,A,G,L,L,V,L,A,L
sp|Q96B86|RGMA_HUMAN,343-348,6,0,N,A,E,G,T,G,A,R,R,L,P,T,A,P,E,T,F,P,Y,E
sp|Q96G42|KLD7B_HUMAN,209-213,5,0,R,K,P,S,S,R,A,L,E,P,L,R,R,R,L,D,L,G,S,C
sp|Q96N21|AP4AT_HUMAN,101-105,5,1,L,K,R,N,S,A,F,I,Q,E,G,P,P,D,P,L,H,G,N,S
sp|Q96N21|AP4AT_HUMAN,485-489,5,0,E,L,V,A,C,P,R,L,V,G,G,E,S,C,P,D,A,P,R,A
sp|Q96NU1|SAM11_HUMAN,245-248,4,0,H,D,L,L,R,V,R,Q,E,V,L,R,G,P,S,G,L,E,A,H
sp|Q96NU1|SAM11_HUMAN,279-284,6,0,K,Q,G,L,A,Q,H,R,E,G,P,S,F,S,E,R,E,L,P,Q
sp|Q9H2H0|CXXC4_HUMAN,92-97,6,0,V,I,V,M,T,A,L,H,S,P,V,T,D,S,A,F,Q,I,A,N
sp|Q9H3R5|CENPH_HUMAN,29-34,6,0,E,G,R,A,G,G,P,P,Q,V,C,S,E,D,R,M,T,L,L,L
sp|Q9H3Z7|ABHGB_HUMAN,53-57,5,0,R,S,S,S,H,R,A,L,T,C,G,V,W,L,L,R,D,E,T,L
sp|Q9NWZ5|UCKL1_HUMAN,309-314,6,0,Q,L,E,E,R,E,L,S,V,R,H,Q,C,H,P,L,P,R,T,L
sp|Q9NWZ5|UCKL1_HUMAN,460-465,6,0,I,L,M,D,C,T,V,S,T,G,V,R,V,L,L,D,H,D,V,P
sp|Q9UHI6|DDX20_HUMAN,2-7,6,0,-,-,-,-,-,-,-,-,-,M,S,G,A,L,A,A,V,A,T,A
sp|Q9UHI6|DDX20_HUMAN,10-17,8,0,-,M,A,A,A,F,E,A,S,G,M,P,A,E,H,V,A,V,Q,V
tr|A0A0G2JN53|A0A0G2JN53_HUMAN,78-90,13,0,L,V,P,P,S,S,A,P,L,P,Q,E,P,L,Q,D,Q,G,Q,R
tr|A0A0G2JN53|A0A0G2JN53_HUMAN,161-165,5,0,K,E,K,E,R,P,P,S,C,C,L,L,Q,H,K,S,P,S,A,L
sp|H0YKK7|GG6LS_HUMAN,484-487,4,0,G,A,E,E,P,R,G,S,E,S,R,P,V,P,G,A,P,V,P,Q
sp|O14813|PHX2A_HUMAN,157-163,7,0,K,Q,E,R,A,A,S,A,K,G,K,K,G,E,A,R,C,S,S,E
sp|O15061|SYNEM_HUMAN,1056-1061,6,0,A,P,G,S,P,D,E,E,G,G,G,I,R,F,R,R,W,A,T,R
sp|P21917|DRD4_HUMAN,19-24,6,0,A,D,G,L,L,A,G,R,G,P,G,A,S,A,G,L,A,G,Q,G
sp|P21917|DRD4_HUMAN,164-168,5,1,L,L,I,G,A,T,W,L,L,S,P,V,L,C,G,L,N,D,V,R
sp|P21917|DRD4_HUMAN,315-320,6,1,P,C,G,S,N,C,A,P,P,D,L,P,P,Q,T,P,P,Q,T,R
sp|P30536|TSPO_HUMAN,118-121,4,0,A,L,V,D,L,L,L,V,S,G,T,T,V,A,W,Y,Q,V,S,P
sp|Q3SY77|UD3A2_HUMAN,436-440,5,0,Q,I,M,E,D,K,R,Y,K,S,S,V,I,L,R,S,H,P,L,S
sp|Q4G0P3|HYDIN_HUMAN,2105-2110,6,0,I,E,Q,S,V,K,E,G,E,E,V,G,Q,N,V,I,G,Q,G,R
sp|Q4G0P3|HYDIN_HUMAN,2241-2247,7,0,V,V,F,D,G,L,D,T,L,F,L,L,C,L,L,K,A,I,G,S
sp|Q6B0B8|TIGD3_HUMAN,344-349,6,0,G,I,T,V,L,D,A,L,H,V,K,V,P,P,Q,L,I,F,S,S
sp|Q6NT16|S18B1_HUMAN,145-150,6,0,L,V,R,V,M,D,A,V,S,F,S,S,S,I,L,A,K,A,F,P
sp|Q6PCB7|S27A1_HUMAN,28-31,4,0,W,L,L,G,L,P,W,T,W,S,L,G,V,Y,V,G,S,G,G,W
sp|Q6U949|IG2AS_HUMAN,99-104,6,0,R,S,N,A,L,W,Q,A,V,D,L,S,S,P,L,R,R,P,W,D
sp|Q8IYJ1|CPNE9_HUMAN,413-417,5,0,T,Y,F,A,P,V,I,N,Q,V,K,I,S,D,G,S,Q,Y,Y,V
sp|Q8N157|AHI1_HUMAN,625-629,5,0,L,D,F,S,H,N,G,R,I,L,S,R,D,G,Y,P,I,I,L,Y
sp|Q8N584|TT39C_HUMAN,19-25,7,0,P,R,R,R,D,D,G,D,S,D,P,L,Q,D,A,E,L,A,L,A
sp|Q96HN2|SAHH3_HUMAN,8-12,5,0,-,-,-,M,S,V,Q,V,V,S,K,V,P,E,V,E,L,K,D,L
sp|Q96HN2|SAHH3_HUMAN,52-57,6,0,A,P,P,A,G,G,G,D,P,E,E,R,P,P,V,P,G,P,G,S
sp|Q96HN2|SAHH3_HUMAN,268-272,5,1,C,N,I,Y,S,T,L,N,E,V,E,S,G,F,P,V,F,A,W,K
sp|Q96KN3|PKNX2_HUMAN,47-52,6,0,P,S,K,A,Q,A,V,H,I,S,S,T,P,V,P,S,A,P,I,D
sp|Q96T37|RBM15_HUMAN,351-356,6,0,P,A,Y,S,L,E,P,R,V,G,P,F,R,E,V,D,E,I,S,P
sp|Q96T37|RBM15_HUMAN,502-506,5,0,W,A,Y,I,Q,Y,E,S,L,D,W,T,H,M,R,G,F,P,L,G
sp|Q99808|S29A1_HUMAN,60-68,9,0,S,L,V,T,A,E,L,S,K,D,P,L,P,E,R,N,S,L,S,A
sp|Q9NR83|S2A4R_HUMAN,107-110,4,0,P,G,K,A,R,L,D,E,V,M,L,T,S,L,S,T,S,P,L,L
sp|Q9NVV0|TM38B_HUMAN,39-43,5,0,S,V,M,A,V,K,R,Q,P,G,W,K,N,P,I,S,S,W,F,T
sp|Q9NZC2|TREM2_HUMAN,192-197,6,0,I,F,L,I,K,I,L,A,A,S,W,H,G,Q,K,P,G,T,H,P
sp|Q9Y2Q3|GSTK1_HUMAN,140-145,6,1,E,D,I,T,E,P,Q,S,I,L,G,M,S,A,E,Q,A,Q,G,L
sp|Q9Y608|LRRF2_HUMAN,36-45,10,0,N,I,A,R,E,A,E,A,R,L,R,D,I,R,M,R,E,L,E,R
sp|A0A286YF58|TM271_HUMAN,21-26,6,0,A,L,S,S,C,L,L,L,A,C,V,G,L,K,C,F,S,L,G,S
sp|A0A286YF58|TM271_HUMAN,47-51,5,0,E,L,R,G,E,P,F,R,L,G,F,Y,S,G,L,L,L,A,A,G
sp|A0A286YF58|TM271_HUMAN,92-97,6,0,S,E,P,G,P,G,L,G,V,P,P,E,A,T,P,G,E,S,G,A
sp|A0A286YF58|TM271_HUMAN,107-111,5,0,A,P,E,A,T,P,G,E,S,G,P,G,P,V,S,S,Q,N,L,L
sp|D6REC4|CFA99_HUMAN,560-567,8,0,S,A,A,L,R,W,E,E,K,K,P,S,Q,D,E,R,V,Q,Q,L
sp|D6REC4|CFA99_HUMAN,655-659,5,0,D,R,V,R,S,A,A,G,R,Y,G,G,G,G,G,V,P,A,R,A
sp|O43242|PSMD3_HUMAN,56-60,5,1,G,S,T,G,E,A,D,G,K,T,E,H,S,Q,R,E,L,D,T,V
sp|O95622|ADCY5_HUMAN,140-146,7,0,A,P,P,A,G,G,G,G,G,S,G,G,T,E,V,R,P,R,S,V
sp|O95622|ADCY5_HUMAN,272-277,6,0,A,R,P,P,L,Q,L,P,Y,L,V,G,V,I,L,I,M,A,V,L
sp|P0CG20|PRR35_HUMAN,228-231,4,0,G,L,F,S,Y,L,G,P,S,L,H,V,P,F,L,A,S,A,S,P
sp|P0CG20|PRR35_HUMAN,281-286,6,0,E,H,T,L,G,L,P,A,G,K,P,V,S,P,R,S,P,S,G,T
sp|P27037|AVR2A_HUMAN,3-8,6,0,-,-,-,-,-,-,-,-,M,G,F,A,V,F,L,I,S,C,S,S
sp|P35579|MYH9_HUMAN,1690-1695,6,0,A,E,M,I,Q,L,Q,E,E,L,K,R,Q,A,Q,Q,E,R,D,E
sp|P40763|STAT3_HUMAN,119-123,5,1,L,W,E,E,S,R,L,L,Q,T,Q,Q,G,G,Q,A,N,H,P,T
sp|P49006|MRP_HUMAN,159-164,6,0,P,E,S,Q,E,P,Q,A,K,G,S,E,E,E,A,G,P,Q,A,T
sp|P49406|RM19_HUMAN,2-7,6,0,-,-,-,-,-,-,-,-,-,M,G,H,W,A,A,M,G,L,G,R
sp|P80192|M3K9_HUMAN,12-18,7,0,E,P,S,R,A,L,L,G,C,L,P,P,G,E,D,G,A,G,A,G
sp|P80192|M3K9_HUMAN,39-42,4,0,A,E,E,E,E,E,E,E,E,E,V,G,P,G,E,L,G,C,D,A
sp|Q07617|SPAG1_HUMAN,81-85,5,0,E,S,R,A,L,R,K,D,K,P,S,F,T,A,E,E,W,E,K,I
sp|Q07617|SPAG1_HUMAN,371-377,7,0,G,G,G,D,K,K,P,A,E,P,Q,P,C,V,M,G,N,I,Q,K
sp|Q07617|SPAG1_HUMAN,422-428,7,0,A,G,A,D,K,R,S,P,R,R,G,G,G,A,T,G,H,P,G,G
sp|Q6ZUM4|RHG27_HUMAN,74-77,4,0,V,R,E,L,P,A,L,G,N,P,P,P,G,P,H,P,S,P,A,A
sp|Q6ZUM4|RHG27_HUMAN,100-104,5,0,P,L,A,Y,D,Y,R,F,V,S,G,P,D,G,A,P,E,E,S,G
sp|Q6ZUM4|RHG27_HUMAN,242-245,4,0,E,R,Q,P,R,A,T,S,P,G,P,L,P,S,P,V,W,E,T,H
sp|Q6ZUM4|RHG27_HUMAN,281-286,6,0,G,V,T,T,W,E,S,P,F,E,S,P,A,T,S,P,A,S,V,D
sp|Q6ZUM4|RHG27_HUMAN,650-654,5,0,Q,E,K,E,E,D,A,R,P,N,L,G,P,V,G,L,E,S,D,L
sp|Q7Z7C8|TAF8_HUMAN,2-10,9,0,-,-,-,-,-,-,-,-,-,M,G,G,S,G,T,R,S,G,S,K
sp|Q8N350|CBARP_HUMAN,388-392,5,0,S,P,P,P,A,L,G,R,L,E,G,G,A,S,P,D,S,P,P,E
sp|Q8N350|CBARP_HUMAN,592-599,8,0,Q,R,G,R,Q,H,S,D,P,G,G,T,P,A,P,P,A,G,A,A
sp|Q8N350|CBARP_HUMAN,691-696,6,0,R,L,A,E,P,V,V,A,T,P,P,T,S,P,D,H,S,P,A,-
sp|Q8NCT1|ARRD4_HUMAN,5-13,9,0,-,-,-,-,-,-,M,G,G,E,E,G,R,V,K,S,L,G,L,V
sp|Q96IU2|ZBED3_HUMAN,177-181,5,0,R,R,R,A,L,Q,E,E,E,R,R,R,E,L,Q,A,E,R,E,A
sp|Q99457|NP1L3_HUMAN,271-276,6,1,D,D,K,E,Q,P,K,A,T,E,V,R,E,T,H,K,R,V,P,E
sp|Q9H1A3|METL9_HUMAN,44-47,4,0,V,N,M,T,S,G,P,G,G,P,G,G,R,K,E,N,H,Q,W,Y
sp|Q9H9B4|SFXN1_HUMAN,183-188,6,0,S,P,L,I,G,R,F,V,P,F,N,C,I,N,I,P,L,M,R,Q
sp|Q9NQV8|PRDM8_HUMAN,392-396,5,0,K,R,S,A,F,V,E,V,K,K,S,L,Q,E,E,G,T,A,D,G
sp|Q9NQV8|PRDM8_HUMAN,587-598,12,0,Y,A,T,A,F,W,P,K,S,S,G,P,L,Q,L,Q,L,P,S,A
sp|Q9NS84|CHST7_HUMAN,59-62,4,0,Q,R,S,L,G,V,W,S,L,E,G,E,R,E,Q,G,A,E,A,R
sp|Q9NS84|CHST7_HUMAN,69-74,6,0,A,A,A,A,G,E,R,E,Q,G,E,E,G,G,A,N,Q,S,P,R
sp|Q9NS84|CHST7_HUMAN,448-453,6,0,L,S,R,E,Q,V,R,Q,V,E,M,R,L,L,A,Y,P,R,S,G
sp|Q9NZL9|MAT2B_HUMAN,121-129,9,1,Q,L,N,V,D,A,S,G,N,L,F,L,I,Y,I,S,S,D,Y,V
sp|Q9P0T7|TMEM9_HUMAN,139-143,5,0,E,E,E,N,E,D,A,R,S,M,S,L,G,G,P,R,A,N,T,V
sp|Q9Y2H0|DLGP4_HUMAN,962-967,6,0,Q,R,Q,E,A,R,K,R,L,L,S,V,R,Q,N,S,A,T,E,S
sp|Q9Y6K1|DNM3A_HUMAN,445-449,5,0,V,Y,T,D,M,W,V,E,P,E,P,P,P,P,A,K,K,P,R,K
sp|Q9Y6K1|DNM3A_HUMAN,571-575,5,1,E,C,V,D,L,L,V,G,P,G,I,K,E,D,P,W,N,C,Y,M
sp|C9J069|AJM1_HUMAN,123-128,6,0,L,P,R,R,G,R,E,A,Q,R,S,P,R,R,E,P,A,Y,P,A
sp|O00268|TAF4_HUMAN,34-38,5,0,D,L,V,G,S,L,E,S,Q,L,H,H,H,H,L,A,P,R,T,P
sp|O00268|TAF4_HUMAN,52-57,6,0,H,L,A,P,R,T,P,E,V,R,L,G,N,H,V,V,S,G,S,P
sp|O00268|TAF4_HUMAN,68-73,6,0,L,G,N,H,V,V,S,G,S,P,G,P,A,A,P,A,E,G,A,P
sp|O00268|TAF4_HUMAN,142-148,7,0,G,S,A,G,S,C,A,P,V,P,G,P,E,P,A,P,A,G,P,A
sp|O00268|TAF4_HUMAN,164-170,7,0,P,A,G,P,A,K,P,A,G,P,G,P,G,P,G,P,G,P,G,P
sp|O00268|TAF4_HUMAN,210-214,5,0,G,S,A,A,L,L,N,S,H,H,V,S,L,V,N,N,G,P,A,A
sp|O00268|TAF4_HUMAN,246-251,6,0,T,V,I,Q,T,P,P,F,V,G,P,A,A,P,S,P,P,A,A,P
sp|O00268|TAF4_HUMAN,259-269,11,0,P,P,A,P,A,A,P,S,P,P,P,P,P,P,P,P,A,P,A,T
sp|O00268|TAF4_HUMAN,309-319,11,0,P,P,A,A,A,Q,N,G,G,S,G,G,P,A,G,V,S,G,Q,P
sp|O00268|TAF4_HUMAN,333-339,7,0,A,G,V,S,G,Q,P,G,P,G,P,G,V,K,A,E,S,P,K,R
sp|O00268|TAF4_HUMAN,353-358,6,0,K,A,E,S,P,K,R,V,V,Q,Q,T,L,A,A,S,G,P,A,S
sp|O00268|TAF4_HUMAN,810-815,6,0,P,G,T,K,A,L,S,A,V,S,Q,K,N,K,L,K,E,P,G,G
sp|O15018|PDZD2_HUMAN,1052-1057,6,0,E,E,S,I,P,E,G,M,V,D,N,L,T,D,S,A,E,A,P,K
sp|O15018|PDZD2_HUMAN,1486-1493,8,0,P,G,G,Q,T,S,S,P,R,R,Y,P,Q,W,A,S,Q,P,S,V
sp|O15018|PDZD2_HUMAN,1900-1905,6,0,L,K,G,K,A,K,V,N,S,E,V,K,A,G,G,T,D,H,R,K
sp|O43196|MSH5_HUMAN,534-539,6,0,D,L,A,S,R,L,D,V,L,L,R,D,Y,G,Y,S,R,P,R,Y
sp|O60331|PI51C_HUMAN,21-25,5,0,S,A,E,A,G,A,V,P,S,E,E,S,G,A,A,A,G,L,A,Q
sp|O60331|PI51C_HUMAN,29-34,6,0,S,E,A,A,W,A,A,E,S,G,Q,K,K,A,A,P,T,E,V,L
sp|O60331|PI51C_HUMAN,602-607,6,0,E,E,D,A,G,V,E,A,S,P,V,E,V,E,T,A,S,Q,A,S
sp|O96000|NDUBA_HUMAN,163-170,8,1,Q,R,Q,R,M,L,Q,E,R,K,T,S,-,-,-,-,-,-,-,-
sp|P0C0L5|CO4B_HUMAN,1190-1197,8,0,G,E,K,A,S,A,G,L,L,G,Y,A,L,T,L,T,K,A,P,A
sp|P0C0L5|CO4B_HUMAN,1282-1287,6,0,L,L,L,H,E,G,K,A,E,M,W,L,T,R,Q,G,S,F,Q,G
sp|P20132|SDHL_HUMAN,68-76,9,0,A,H,F,V,C,S,S,A,G,N,R,Q,L,G,V,P,A,T,I,V
sp|P20132|SDHL_HUMAN,272-276,5,0,E,K,I,L,V,E,P,A,C,G,V,Y,S,H,V,I,Q,K,L,Q
sp|P35398|RORA_HUMAN,20-24,5,0,P,A,A,S,E,P,G,S,S,G,G,S,R,E,T,P,L,N,Q,E
sp|P46531|NOTC1_HUMAN,1740-1743,4,1,P,P,A,Q,L,H,F,M,Y,V,F,V,L,L,F,F,V,G,C,G
sp|P54760|EPHB4_HUMAN,10-15,6,0,-,M,E,L,R,V,L,L,C,W,L,E,E,T,L,L,N,T,K,L
sp|Q13368|MPP3_HUMAN,535-539,5,0,A,P,F,D,E,Q,Q,Q,E,M,F,I,D,R,H,Y,G,H,L,V
sp|Q14028|CNGB1_HUMAN,449-454,6,0,D,W,A,E,T,K,E,E,P,E,S,S,G,V,P,A,T,K,Q,H
sp|Q14028|CNGB1_HUMAN,1140-1146,7,0,A,H,L,R,A,R,L,K,E,L,K,Q,Q,E,L,V,E,Q,A,K
sp|Q17R98|ZN827_HUMAN,136-140,5,0,L,L,E,A,G,S,L,K,L,D,N,G,R,V,E,S,P,V,N,V
sp|Q17R98|ZN827_HUMAN,217-221,5,0,S,P,D,S,A,I,L,K,L,K,V,L,Q,D,K,S,L,T,R,T
sp|Q17R98|ZN827_HUMAN,295-299,5,0,T,S,S,A,A,L,L,K,E,V,G,S,L,L,A,E,K,S,S,L
sp|Q5FWE3|PRRT3_HUMAN,489-498,10,0,G,V,L,F,L,L,P,A,L,L,G,P,R,L,A,L,V,A,A,V
sp|Q5FWE3|PRRT3_HUMAN,692-701,10,0,L,R,L,L,E,L,T,W,A,L,R,P,R,P,P,T,E,H,A,C
sp|Q5FWE3|PRRT3_HUMAN,895-899,5,0,P,Q,H,V,V,E,A,P,D,G,S,G,S,S,L,D,S,F,S,R
sp|Q5SZI1|LRAD2_HUMAN,18-23,6,0,Q,L,P,Q,R,L,L,L,L,G,T,A,L,E,T,A,D,L,A,E
sp|Q7Z3H4|SAMD7_HUMAN,134-138,5,0,I,P,F,L,Y,G,S,S,V,P,Y,H,G,R,S,M,L,P,A,G
sp|Q96RD6|PANX2_HUMAN,34-39,6,0,L,I,L,P,G,A,Q,D,D,K,L,L,L,Q,L,K,L,E,L,P
sp|Q96RD6|PANX2_HUMAN,596-601,6,0,G,G,P,F,H,V,R,S,P,P,P,L,T,P,A,S,L,G,K,A
sp|Q9NPJ4|PNRC2_HUMAN,53-58,6,0,K,E,R,G,H,G,Y,N,S,S,M,Q,N,G,G,K,N,K,N,F
sp|Q9NRI5|DISC1_HUMAN,9-13,5,0,-,-,M,P,G,G,G,P,Q,G,G,G,G,G,V,S,H,R,A,G
sp|Q9NRP7|STK36_HUMAN,826-831,6,0,T,F,D,L,Q,P,M,E,W,M,L,S,A,P,A,E,V,R,L,T
sp|Q9NRP7|STK36_HUMAN,1189-1193,5,0,A,A,Y,Q,A,G,P,L,G,P,V,P,S,M,T,Q,L,L,G,D
sp|Q9P281|BAHC1_HUMAN,24-31,8,0,S,E,R,G,S,L,G,H,R,S,P,A,G,P,A,A,Q,P,P,A
sp|Q9P281|BAHC1_HUMAN,185-190,6,0,L,P,A,N,H,N,F,P,S,V,H,P,M,G,S,C,S,R,D,R
sp|Q9P281|BAHC1_HUMAN,410-415,6,0,H,L,A,D,K,G,R,P,F,Q,V,A,G,E,G,K,D,R,H,L
sp|Q9P281|BAHC1_HUMAN,2139-2143,5,0,W,S,A,V,A,Q,T,K,R,K,S,K,G,P,G,V,L,Q,N,L
sp|Q9Y693|LHPL6_HUMAN,175-180,6,0,E,I,G,W,A,Y,Y,C,T,G,M,L,L,C,T,W,L,A,C,F
sp|A7E2V4|ZSWM8_HUMAN,328-333,6,0,S,M,Y,L,S,S,T,E,P,P,C,L,L,R,P,L,R,G,R,E
sp|A7E2V4|ZSWM8_HUMAN,412-417,6,0,T,G,R,S,N,G,Q,S,E,V,S,M,C,D,E,M,V,T,L,W
sp|A7E2V4|ZSWM8_HUMAN,959-963,5,0,T,P,G,D,E,E,L,G,F,E,L,G,M,K,T,T,V,S,E,A
sp|A7E2V4|ZSWM8_HUMAN,1357-1362,6,0,S,R,A,R,D,S,N,M,V,R,L,S,C,L,P,H,A,H,A,L
sp|A7E2V4|ZSWM8_HUMAN,1471-1479,9,0,G,G,P,G,T,E,P,V,T,V,T,V,V,P,V,I,S,V,G,S
sp|A8K8P3|SFI1_HUMAN,1095-1099,5,0,L,P,L,S,S,F,M,P,C,G,R,V,S,A,Q,R,A,T,P,R
sp|A8MVX0|ARG33_HUMAN,694-698,5,0,A,G,S,S,S,A,Y,K,L,E,H,G,K,A,K,P,L,S,R,S
sp|A8MVX0|ARG33_HUMAN,750-756,7,0,A,E,R,A,A,Q,A,H,G,P,R,G,A,S,R,T,F,F,P,Q
sp|O14983|AT2A1_HUMAN,301-306,6,0,G,A,I,Y,Y,F,K,I,A,V,I,P,E,G,L,P,A,V,I,T
sp|O75023|LIRB5_HUMAN,541-548,8,0,T,Q,P,K,D,G,V,E,M,D,P,Q,D,V,T,Y,A,Q,L,H
sp|O75626|PRDM1_HUMAN,536-540,5,0,E,H,V,V,Q,P,K,A,T,S,P,S,S,D,E,A,M,N,L,I
sp|O75626|PRDM1_HUMAN,711-715,5,0,S,L,K,V,H,L,K,G,N,C,P,G,L,P,L,E,D,L,T,R
sp|O95475|SIX6_HUMAN,185-188,4,0,W,F,K,N,R,R,Q,R,D,R,K,N,R,L,Q,Q,Q,V,L,S
sp|P52701|MSH6_HUMAN,34-40,7,0,S,A,R,A,S,R,E,G,G,R,S,P,S,P,G,G,D,A,A,W
sp|P63010|AP2B1_HUMAN,178-183,6,1,L,I,A,D,S,N,P,M,V,V,L,S,E,I,S,E,S,H,P,N
sp|Q03052|PO3F1_HUMAN,27-37,11,0,G,G,T,G,P,L,M,H,P,D,E,R,L,H,A,G,A,A,Y,R
sp|Q03052|PO3F1_HUMAN,121-129,9,0,G,F,H,A,R,L,V,H,Q,G,Q,G,S,T,A,H,H,L,G,P
sp|Q03052|PO3F1_HUMAN,225-228,4,0,H,G,H,A,H,A,G,G,L,H,H,L,H,P,G,A,G,G,G,G
sp|Q13619|CUL4A_HUMAN,25-32,8,0,V,G,R,T,N,G,L,T,K,P,K,P,G,G,A,G,G,S,K,K
sp|Q13884|SNTB1_HUMAN,2-13,12,0,-,-,-,-,-,-,-,-,-,M,G,A,G,G,G,R,A,Q,R,S
sp|Q15691|MARE1_HUMAN,170-175,6,0,P,Q,R,P,I,S,T,Q,R,T,G,P,G,V,V,R,K,N,P,G
sp|Q5H8C1|FREM1_HUMAN,2077-2081,5,0,L,I,T,E,Q,K,G,T,W,N,C,R,E,Q,Y,L,G,N,L,V
sp|Q6UXF7|CL18B_HUMAN,82-87,6,0,L,D,W,S,D,S,L,A,Q,L,L,C,G,I,P,T,P,S,L,A
sp|Q6ZT12|UBR3_HUMAN,2-8,7,0,-,-,-,-,-,-,-,-,-,M,V,G,G,Q,Q,P,S,Q,P,E
sp|Q6ZT12|UBR3_HUMAN,29-33,5,0,L,P,A,P,G,L,A,L,D,K,H,L,K,A,A,L,S,R,P,D
sp|Q6ZT12|UBR3_HUMAN,66-69,4,0,E,R,V,L,S,A,E,R,P,L,G,G,E,D,A,A,A,A,G,G
sp|Q6ZT12|UBR3_HUMAN,74-77,4,0,P,L,A,A,A,A,G,G,E,D,G,G,G,G,G,P,G,A,A,E
sp|Q6ZT12|UBR3_HUMAN,570-574,5,0,H,V,E,F,E,S,Q,T,Y,Y,E,L,E,A,C,A,Q,P,M,W
sp|Q6ZU45|CL20A_HUMAN,324-329,6,0,V,G,S,G,T,D,R,R,D,T,Q,H,L,S,S,E,S,K,E,K
sp|Q7Z7H8|RM10_HUMAN,2-6,5,0,-,-,-,-,-,-,-,-,-,M,G,M,L,R,G,G,L,L,P,Q
sp|Q86U10|LPP60_HUMAN,405-411,7,1,A,L,R,N,A,L,V,P,S,L,G,D,V,E,A,L,Q,A,L,V
sp|Q8WWX9|SELM_HUMAN,19-26,8,0,A,L,L,L,L,L,A,A,L,V,Y,R,P,D,W,N,R,L,S,G
sp|Q92915|FGF14_HUMAN,2-6,5,0,-,-,-,-,-,-,-,-,-,M,S,G,L,I,R,Q,K,R,Q,A
sp|Q96L14|C170L_HUMAN,256-262,7,0,G,Q,P,E,A,R,A,L,H,P,E,F,E,N,A,E,S,E,A,D
sp|Q9BX46|RBM24_HUMAN,60-68,9,1,K,S,R,G,Y,G,F,V,T,M,C,K,D,P,N,P,I,I,D,G
sp|Q9BX46|RBM24_HUMAN,141-144,4,0,G,V,V,I,P,H,V,Q,P,T,S,T,T,P,Y,I,D,Y,T,G
sp|Q9BX46|RBM24_HUMAN,162-172,11,0,Y,T,G,A,A,Y,A,Q,Y,S,Y,D,Q,Y,P,Y,A,A,S,P
sp|Q9BX46|RBM24_HUMAN,179-185,7,0,A,A,A,A,Y,D,Q,Y,P,Y,G,Y,V,T,A,G,G,Y,G,Y
sp|Q9BX46|RBM24_HUMAN,209-221,13,0,Q,P,I,T,A,A,A,P,G,T,F,G,Q,Y,Q,P,Q,Q,L,Q
sp|Q9C093|SPEF2_HUMAN,902-907,6,0,K,L,E,E,K,E,A,E,K,K,E,L,P,L,P,T,P,P,P,A
sp|Q9H845|ACAD9_HUMAN,12-16,5,0,S,G,C,G,L,F,L,R,T,T,C,R,G,L,V,V,S,T,A,N
sp|Q9HA92|RSAD1_HUMAN,12-18,7,0,A,L,P,G,A,R,A,R,G,W,Q,R,R,R,R,V,E,N,A,G
sp|Q9HA92|RSAD1_HUMAN,115-120,6,0,S,P,H,T,V,A,A,V,L,E,H,L,P,A,D,L,E,V,T,L
sp|Q9HC24|LFG4_HUMAN,183-187,5,0,F,Y,S,E,I,M,E,L,V,L,L,L,F,C,G,F,I,I,Y,D
sp|Q9NP92|RT30_HUMAN,21-28,8,0,L,R,G,P,R,L,S,L,H,T,T,E,T,T,C,Q,D,V,A,A
sp|Q9NP92|RT30_HUMAN,194-199,6,1,L,V,G,L,L,S,P,H,N,P,L,D,Y,R,C,P,V,H,F,Y
sp|Q9NRL3|STRN4_HUMAN,6-14,9,0,-,-,-,-,-,M,M,E,E,R,S,S,C,R,P,L,G,S,G,A
sp|Q9UIV8|SPB13_HUMAN,345-348,4,0,F,V,A,V,T,E,E,G,T,E,T,G,I,G,F,T,V,T,S,A
sp|Q9Y5E3|PCDB6_HUMAN,674-679,6,0,F,S,Q,P,Y,L,P,L,P,E,Q,A,D,S,L,T,V,Y,L,V
sp|Q9Y5F1|PCDBC_HUMAN,676-681,6,0,F,S,Q,P,Y,L,P,L,P,E,Q,A,D,S,L,T,V,Y,L,V
sp|A6NEV1|PR23A_HUMAN,172-177,6,0,P,E,F,P,E,L,Q,M,D,S,G,L,Y,S,S,A,R,S,M,F
sp|A6NLC5|CC070_HUMAN,3-8,6,0,-,-,-,-,-,-,-,-,M,S,S,E,R,G,W,K,S,E,K,L
sp|O60318|GANP_HUMAN,482-487,6,0,K,L,A,V,V,H,F,F,D,H,R,K,K,G,K,S,L,H,K,D
sp|O60318|GANP_HUMAN,1102-1110,9,0,L,Q,R,D,C,E,E,V,G,S,L,G,V,S,N,A,A,M,E,D
sp|O75439|MPPB_HUMAN,2-6,5,0,-,-,-,-,-,-,-,-,-,M,R,V,V,L,S,S,A,A,R,R
sp|O95238|SPDEF_HUMAN,31-35,5,0,D,T,V,S,R,T,G,L,E,K,V,G,L,E,R,R,D,W,S,P
sp|P08697|A2AP_HUMAN,393-396,4,0,T,L,E,L,S,E,V,G,V,E,T,S,I,A,M,S,R,M,S,L
sp|P78363|ABCA4_HUMAN,758-763,6,0,C,F,L,L,S,T,F,F,S,K,C,S,G,V,I,Y,F,T,L,Y
sp|P78414|IRX1_HUMAN,29-38,10,0,A,Y,G,G,E,R,P,G,V,L,S,S,G,R,P,G,A,A,E,L
sp|P78414|IRX1_HUMAN,52-56,5,0,R,P,G,A,A,E,L,G,G,G,V,T,S,V,L,G,M,Y,A,A
sp|Q12794|HYAL1_HUMAN,311-316,6,0,D,E,L,E,H,S,L,G,E,S,G,V,V,L,W,V,S,W,E,N
sp|Q15858|SCN9A_HUMAN,437-445,9,1,L,D,R,L,K,K,E,Q,E,E,E,Y,T,S,I,R,R,S,R,I
sp|Q5JSZ5|PRC2B_HUMAN,523-527,5,0,E,E,R,R,A,R,E,E,R,L,K,L,K,Q,L,D,Q,K,C,K
sp|Q5JSZ5|PRC2B_HUMAN,1496-1501,6,0,S,G,H,S,P,Y,A,L,E,R,D,L,P,E,A,S,S,K,K,A
sp|Q5JSZ5|PRC2B_HUMAN,1953-1956,4,0,T,I,P,Q,Q,Q,S,Y,Q,Q,Q,Q,I,P,I,S,L,H,T,S
sp|Q5VUY2|ADCL4_HUMAN,197-201,5,0,V,V,V,C,G,E,S,V,G,G,I,T,Q,A,L,V,G,R,S,D
sp|Q6AZZ1|TRI68_HUMAN,207-214,8,0,K,K,Q,P,P,H,R,Q,L,G,S,L,Q,R,E,A,A,E,T,M
sp|Q6NWY9|PR40B_HUMAN,592-597,6,0,F,A,H,V,I,S,F,D,K,R,G,N,I,K,L,T,F,N,S,L
sp|Q6UWL6|KIRR2_HUMAN,513-518,6,0,R,D,L,L,P,T,V,R,I,V,T,T,T,L,L,M,V,I,T,G
sp|Q8NDF8|PAPD5_HUMAN,61-66,6,0,P,S,A,S,S,S,P,H,P,S,D,P,A,D,S,A,S,G,S,S
sp|Q96D31|CRCM1_HUMAN,217-222,6,1,G,Q,P,R,P,T,S,K,P,P,N,V,S,T,S,G,I,T,P,G
sp|Q96D31|CRCM1_HUMAN,234-238,5,1,V,S,T,S,G,I,T,P,G,Q,S,T,T,I,M,V,P,F,G,L
sp|Q96LD4|TRI47_HUMAN,136-141,6,0,P,V,R,C,D,A,C,P,E,G,L,S,C,L,S,C,L,A,S,F
sp|Q96LD4|TRI47_HUMAN,272-277,6,0,A,E,R,E,R,V,S,R,L,F,L,Q,G,F,Q,T,Q,V,L,G
sp|Q96T25|ZIC5_HUMAN,117-129,13,0,P,S,Q,A,F,P,A,H,P,E,H,P,G,A,G,S,Y,P,C,G
sp|Q96T25|ZIC5_HUMAN,205-211,7,0,R,D,F,V,L,R,R,D,L,S,M,H,G,A,P,L,G,G,E,Q
sp|Q96T25|ZIC5_HUMAN,286-294,9,0,P,L,N,G,Q,M,R,L,G,L,E,L,Y,G,R,A,E,P,P,F
sp|Q96T25|ZIC5_HUMAN,315-323,9,0,A,P,R,S,G,D,A,H,Y,G,L,H,G,Y,G,A,V,N,L,N
sp|Q96T25|ZIC5_HUMAN,337-345,9,0,Y,G,A,V,N,L,N,L,N,L,G,P,G,P,H,L,Q,H,H,A
sp|Q9HBM0|VEZA_HUMAN,742-747,6,0,S,P,D,F,T,F,T,A,G,L,R,S,L,S,F,T,T,M,Q,E
sp|Q9P2N6|KANL3_HUMAN,239-244,6,0,M,L,V,S,S,N,T,K,T,G,L,S,L,L,L,K,R,P,W,D
sp|O15015|ZN646_HUMAN,923-928,6,0,S,E,E,E,G,E,E,E,G,V,R,S,P,P,L,Q,L,S,E,A
sp|O95347|SMC2_HUMAN,370-376,7,0,H,A,L,Q,E,A,S,N,K,D,Q,Q,H,F,N,A,V,S,A,G
sp|P24394|IL4RA_HUMAN,563-566,4,0,I,L,R,R,N,V,L,Q,H,G,P,V,S,A,P,T,S,G,Y,Q
sp|P46782|RS5_HUMAN,7-12,6,0,-,-,-,-,M,T,E,W,E,T,E,T,P,D,I,K,L,F,G,K
sp|Q5XUX0|FBX31_HUMAN,26-31,6,0,C,R,R,R,Q,Q,R,R,G,P,D,S,E,P,D,T,D,P,E,E
sp|Q5XUX0|FBX31_HUMAN,430-434,5,1,P,G,E,D,G,G,E,P,G,D,E,Q,P,A,Q,C,G,Q,G,Q
sp|Q6AWC2|WWC2_HUMAN,526-529,4,0,Q,P,G,Q,S,G,L,C,G,V,T,G,H,T,P,P,L,A,E,A
sp|Q6NUJ1|SAPL1_HUMAN,71-74,4,0,S,L,P,C,D,V,C,Q,D,I,G,N,G,L,N,P,D,A,T,E
sp|Q6W4X9|MUC6_HUMAN,256-261,6,0,S,K,E,P,F,V,L,S,C,Q,P,Q,P,G,P,Q,N,S,S,C
sp|Q6W4X9|MUC6_HUMAN,1104-1111,8,0,S,G,G,D,C,E,C,L,C,D,C,L,D,K,G,V,C,V,D,W
sp|Q6ZQW0|I23O2_HUMAN,358-362,5,0,I,T,M,V,T,K,Y,L,I,T,K,H,G,K,P,N,H,L,P,G
sp|Q86WI0|LHPL1_HUMAN,176-179,4,0,G,W,A,Y,Y,C,A,G,G,G,M,L,I,C,T,W,L,S,C,F
sp|Q8N196|SIX5_HUMAN,18-24,7,0,P,S,A,G,P,A,A,G,G,E,T,E,E,E,E,E,E,A,R,Q
sp|Q8N196|SIX5_HUMAN,46-61,16,0,L,Q,T,L,Q,A,A,E,G,E,E,G,P,G,S,P,G,V,P,G
sp|Q8N196|SIX5_HUMAN,296-300,5,0,D,L,E,R,G,A,A,P,V,S,Q,G,S,I,F,L,A,G,T,G
sp|Q8N196|SIX5_HUMAN,508-514,7,0,A,A,G,P,G,S,P,V,K,V,N,V,H,L,I,N,S,G,V,G
sp|Q8NC44|RETR2_HUMAN,43-48,6,0,S,E,A,T,S,E,A,E,E,E,V,G,R,L,A,T,T,L,W,L
sp|Q8NC44|RETR2_HUMAN,65-70,6,0,T,L,W,L,R,L,R,G,W,E,Q,R,L,L,V,W,E,K,P,L
sp|Q8NI51|CTCFL_HUMAN,615-620,6,0,G,W,K,E,A,A,N,G,D,E,S,T,T,K,G,E,Q,F,P,G
sp|Q96MW5|COG8_HUMAN,11-17,7,0,M,A,T,A,A,T,I,P,S,V,L,G,E,V,E,D,E,G,L,L
sp|Q9BZF2|OSBL7_HUMAN,169-174,6,0,R,K,V,P,G,A,Q,L,P,T,L,P,G,L,G,P,R,E,K,V
sp|Q9HC07|TM165_HUMAN,2-5,4,0,-,-,-,-,-,-,-,-,-,M,P,G,N,G,R,A,S,A,P,R
sp|Q9NR09|BIRC6_HUMAN,30-36,7,0,V,I,V,L,S,A,G,R,K,M,S,G,P,G,C,S,S,A,A,G
sp|Q9NR09|BIRC6_HUMAN,44-50,7,0,A,A,A,S,G,P,G,C,S,S,G,V,S,E,W,L,V,L,R,D
sp|Q9NR09|BIRC6_HUMAN,692-696,5,0,D,P,P,V,T,Y,I,Q,Q,F,N,L,T,S,P,D,S,E,K,W
sp|Q9NR09|BIRC6_HUMAN,1660-1668,9,0,K,L,E,A,K,L,H,Q,T,T,V,G,P,V,H,N,S,V,P,S
sp|Q9NR09|BIRC6_HUMAN,2189-2192,4,0,L,D,Y,V,A,T,V,E,D,E,K,K,P,L,N,G,N,Q,W,S
sp|Q9NR09|BIRC6_HUMAN,3349-3356,8,0,T,H,I,S,D,L,E,G,M,M,N,L,L,Q,T,C,A,A,L,L
sp|Q9NUG4|CCM2L_HUMAN,211-216,6,0,L,D,W,R,M,G,W,G,G,G,G,G,G,G,G,G,S,L,E,R
sp|Q9UGU5|HMGX4_HUMAN,369-373,5,0,T,S,G,P,P,P,S,I,P,Y,P,P,L,P,L,P,G,L,H,T
sp|Q9Y257|KCNK6_HUMAN,8-16,9,0,-,-,-,M,R,R,G,A,L,L,Y,L,V,L,G,A,L,L,V,A
sp|Q9Y614|ACL7B_HUMAN,369-373,5,0,L,S,L,L,C,P,G,D,S,P,P,E,R,K,T,S,V,W,T,G
sp|Q9Y6N9|USH1C_HUMAN,516-521,6,1,N,G,K,I,V,T,D,Y,T,L,L,Q,K,A,W,N,Q,G,G,D
sp|A0A3B3IS91|PLGRF_HUMAN,57-80,24,0,L,R,P,R,V,R,P,Q,R,R,I,L,G,G,R,A,A,A,A,Q
sp|A0A3B3IS91|PLGRF_HUMAN,86-89,4,0,A,A,A,S,A,I,L,G,G,R,Q,P,I,G,H,P,D,A,L,E
sp|A0A3B3IS91|PLGRF_HUMAN,143-147,5,0,A,A,S,R,A,L,A,R,R,G,P,L,R,G,Q,P,G,P,A,L
sp|O00570|SOX1_HUMAN,197-204,8,0,W,A,N,G,A,Y,P,G,S,V,M,M,Q,E,A,Q,L,A,Y,G
sp|O00570|SOX1_HUMAN,280-291,12,0,P,S,G,Y,G,G,L,P,Y,G,H,Q,N,S,A,V,A,A,A,A
sp|O00570|SOX1_HUMAN,296-306,11,0,A,A,A,G,G,A,H,Q,N,S,S,S,G,A,L,G,A,L,G,S
sp|O00570|SOX1_HUMAN,357-364,8,0,Y,L,P,A,G,E,G,G,D,P,Q,S,R,L,H,S,L,P,Q,H
sp|O75717|WDHD1_HUMAN,545-551,7,1,I,E,A,I,C,L,G,Q,G,W,L,L,L,R,L,F,T,I,G,G
sp|P22695|QCR2_HUMAN,24-31,8,0,Y,S,L,K,V,A,P,K,V,K,P,P,Q,P,Q,D,L,E,F,T
sp|P28332|ADH6_HUMAN,214-218,5,0,V,G,L,S,V,V,M,G,C,K,R,I,I,G,V,D,V,N,K,E
sp|P28332|ADH6_HUMAN,277-281,5,0,F,E,A,I,G,N,L,D,V,L,S,C,N,E,S,Y,G,V,C,V
sp|P50458|LHX2_HUMAN,184-199,16,0,Q,G,E,Y,P,A,H,F,N,H,G,L,G,A,A,G,A,N,P,L
sp|P50458|LHX2_HUMAN,238-243,6,0,R,K,S,P,G,P,G,A,D,L,L,S,C,N,E,N,D,A,E,H
sp|P53816|PLAT3_HUMAN,43-48,6,1,V,V,H,L,A,P,P,S,E,V,S,V,M,S,A,L,T,D,K,A
sp|Q12950|FOXD4_HUMAN,219-223,5,0,A,H,L,P,H,P,F,P,L,P,L,H,N,P,R,P,G,P,L,L
sp|Q13233|M3K1_HUMAN,2-5,4,0,-,-,-,-,-,-,-,-,-,M,G,N,R,A,S,S,S,G,F,P
sp|Q13233|M3K1_HUMAN,36-41,6,0,G,G,G,G,A,L,K,A,S,S,G,L,L,R,E,A,G,S,G,G
sp|Q13233|M3K1_HUMAN,156-160,5,0,K,R,A,P,A,A,E,P,S,P,G,R,E,M,E,N,K,E,T,L
sp|Q13233|M3K1_HUMAN,1391-1396,6,1,G,Q,R,L,R,I,A,D,F,G,S,K,G,T,G,A,G,E,F,Q
sp|Q14566|MCM6_HUMAN,4-7,4,0,-,-,-,-,-,-,-,M,D,L,E,P,G,A,G,S,Q,H,L,E
sp|Q5T0Z8|CF132_HUMAN,1125-1130,6,0,L,H,A,P,R,L,S,L,E,G,E,A,K,H,K,A,P,G,S,A
sp|Q6XQN6|PNCB_HUMAN,9-13,5,0,-,-,M,A,A,E,Q,D,P,E,R,P,L,L,T,D,L,Y,Q,A
sp|Q6XQN6|PNCB_HUMAN,53-58,6,1,L,F,F,R,R,C,P,F,G,G,G,L,R,D,C,V,R,F,L,R
sp|Q6XQN6|PNCB_HUMAN,337-340,4,1,Q,A,Q,E,I,R,K,V,F,R,Q,F,Q,V,P,W,L,E,S,V
sp|Q8N5U6|RNF10_HUMAN,8-12,5,0,-,-,-,M,P,L,S,S,P,N,S,D,M,D,K,N,S,G,S,N
sp|Q8WVR3|TPC14_HUMAN,76-83,8,0,L,G,S,R,G,A,W,A,E,L,S,V,S,A,G,G,G,M,P,G
sp|Q92771|DDX12_HUMAN,563-568,6,0,L,Q,S,L,Q,P,R,T,T,E,D,E,S,Q,A,S,V,P,Q,P
sp|Q92777|SYN2_HUMAN,44-50,7,0,P,P,P,P,P,P,P,G,P,G,P,P,T,A,S,P,G,P,E,R
sp|Q92777|SYN2_HUMAN,104-113,10,0,A,A,S,A,G,L,V,D,A,P,K,V,L,L,V,V,D,E,P,H
sp|Q92896|GSLG1_HUMAN,1018-1023,6,0,H,C,S,D,E,I,S,S,L,C,Q,E,Q,T,G,Q,V,E,E,C
sp|Q96BV0|ZN775_HUMAN,231-236,6,0,R,A,G,L,H,E,L,I,Q,D,C,R,L,Q,P,G,P,P,R,G
sp|Q96BZ9|TBC20_HUMAN,308-313,6,0,L,F,V,Q,F,P,P,S,E,L,Q,Q,Q,A,E,R,T,A,A,S
sp|Q96BZ9|TBC20_HUMAN,378-385,8,0,V,K,L,A,V,M,G,L,T,V,V,V,K,S,A,L,E,W,A,P
sp|Q9BQE4|SELS_HUMAN,66-69,4,1,R,A,L,R,Q,R,Q,L,D,R,V,E,P,D,V,V,V,K,R,Q
sp|Q9BQE4|SELS_HUMAN,81-85,5,1,E,P,D,V,V,V,K,R,Q,E,R,L,K,M,Q,E,E,L,N,A
sp|Q9HBE1|PATZ1_HUMAN,193-197,5,0,L,G,F,P,L,D,M,T,N,G,N,S,N,G,I,A,G,S,M,Q
sp|Q9HBE1|PATZ1_HUMAN,212-221,10,0,I,A,G,S,M,Q,P,E,E,E,G,Q,A,S,L,P,V,L,P,G
sp|Q9NZP6|NPAP1_HUMAN,77-80,4,0,A,P,K,R,P,C,P,L,P,R,P,L,G,V,L,P,A,V,G,W
sp|A0A1B0GUU1|CQ113_HUMAN,377-381,5,0,A,W,P,G,L,V,P,T,L,E,S,P,V,A,G,S,L,A,L,A
sp|A0A1B0GUU1|CQ113_HUMAN,434-437,4,0,D,L,A,L,L,Q,P,L,V,M,S,L,Q,A,Q,R,G,S,G,G
sp|A0A1B0GUU1|CQ113_HUMAN,513-519,7,0,Q,D,S,Y,P,G,P,S,L,D,I,F,D,P,R,R,Y,P,Q,A
sp|A0A1B0GUU1|CQ113_HUMAN,598-606,9,0,S,E,L,H,E,L,F,P,D,F,L,P,A,G,A,G,L,L,D,K
sp|O14772|FPGT_HUMAN,13-17,5,0,A,V,R,R,G,L,R,E,G,G,R,D,P,P,E,V,S,L,R,E
sp|O75746|S2512_HUMAN,523-528,6,0,N,G,H,V,G,G,L,N,L,L,G,V,P,A,A,S,L,V,T,P
sp|O75746|S2512_HUMAN,672-676,5,0,S,P,S,V,A,V,V,Q,P,K,T,Q,-,-,-,-,-,-,-,-
sp|P11169|GTR3_HUMAN,400-405,6,0,A,E,L,F,S,Q,G,P,R,P,G,C,S,N,W,T,S,N,F,L
sp|P17900|SAP3_HUMAN,18-23,6,0,P,L,L,I,A,L,G,L,L,L,H,L,K,K,P,S,Q,L,S,S
sp|P35659|DEK_HUMAN,3-8,6,0,-,-,-,-,-,-,-,-,M,S,E,G,E,G,T,P,T,Q,P,A
sp|Q5H9T9|FSCB_HUMAN,303-310,8,0,V,Q,P,S,T,E,E,T,P,D,E,N,S,V,K,V,Q,P,P,P
sp|Q5VT99|LRC38_HUMAN,5-12,8,0,-,-,-,-,-,-,M,R,P,R,L,G,L,C,S,L,L,L,L,L
sp|Q5VT99|LRC38_HUMAN,170-174,5,0,N,D,N,N,L,R,S,L,S,V,L,P,A,L,R,S,L,R,L,D
sp|Q6PF15|KLH35_HUMAN,97-104,8,0,V,A,P,E,A,P,G,T,S,P,V,V,L,D,Y,V,Y,G,A,G
sp|Q6PF15|KLH35_HUMAN,123-128,6,0,A,G,V,R,L,R,A,E,D,E,L,A,E,R,L,G,V,A,G,L
sp|Q6PF15|KLH35_HUMAN,422-425,4,0,E,R,Y,D,P,F,S,N,T,W,P,L,P,E,A,V,S,S,A,A
sp|Q6ZUX3|TGRM2_HUMAN,865-869,5,0,N,L,N,S,K,N,S,G,I,Y,V,L,D,A,M,V,E,S,L,D
sp|Q8N7U7|TPRX1_HUMAN,49-54,6,0,R,G,A,R,A,A,P,L,V,P,P,Q,R,G,P,S,G,I,L,P
sp|Q8TEQ0|SNX29_HUMAN,64-69,6,0,Q,H,G,L,K,R,S,R,G,L,I,K,Q,A,A,G,F,A,S,K
sp|Q96NU7|HUTI_HUMAN,362-366,5,0,C,V,N,M,R,M,S,M,P,E,T,I,N,A,A,Y,A,L,G,K
sp|Q9BVL4|SELO_HUMAN,10-15,6,0,-,M,A,V,Y,R,A,A,L,G,R,L,L,P,L,G,R,C,S,P
sp|Q9BVL4|SELO_HUMAN,116-121,6,0,L,G,L,G,A,P,P,A,R,E,L,F,F,S,G,N,A,L,L,P
sp|Q9BVL4|SELO_HUMAN,573-581,9,0,R,A,R,L,D,K,D,L,E,G,E,H,V,R,V,M,H,A,N,N
sp|Q9H9S5|FKRP_HUMAN,8-13,6,0,-,-,-,M,R,L,T,R,C,Q,I,T,L,N,L,L,V,L,F,Y
sp|Q9H9S5|FKRP_HUMAN,184-188,5,1,S,L,R,E,W,T,A,R,Y,G,P,R,C,D,A,L,D,G,D,A
sp|Q9HB90|RRAGC_HUMAN,37-40,4,0,G,Y,G,V,E,E,E,E,E,E,G,G,G,V,G,A,G,A,G,G
sp|Q9UBT7|CTNL1_HUMAN,222-229,8,0,Q,N,D,L,K,D,E,K,K,K,V,L,E,K,C,T,M,M,L,L
sp|A0A6I8PU40|TUG1_HUMAN,65-71,7,0,R,V,F,L,L,V,R,R,T,R,I,R,R,G,V,V,R,V,V,G
sp|A0A6I8PU40|TUG1_HUMAN,94-100,7,0,G,Q,L,L,R,P,A,P,G,E,G,F,G,A,A,G,E,A,G,V
sp|O00116|ADAS_HUMAN,2-8,7,0,-,-,-,-,-,-,-,-,-,M,G,G,T,G,L,G,A,G,A,S
sp|O00116|ADAS_HUMAN,63-70,8,0,L,S,T,N,E,C,K,A,R,R,P,T,A,T,P,A,A,Q,E,S
sp|O14764|GBRD_HUMAN,437-441,5,0,I,D,I,Y,A,R,A,V,F,P,V,N,V,I,Y,W,A,A,Y,A
sp|O15084|ANR28_HUMAN,114-119,6,1,D,K,N,W,Q,T,P,L,H,I,V,K,C,A,E,A,L,V,P,L
sp|O15084|ANR28_HUMAN,411-414,4,0,P,D,D,F,G,R,T,C,L,H,G,G,N,L,E,C,L,N,L,L
sp|P31269|HXA9_HUMAN,72-77,6,0,V,F,G,A,S,W,N,P,V,H,V,P,A,A,V,Y,H,H,H,H
sp|P31269|HXA9_HUMAN,96-102,7,0,H,H,H,H,P,Y,V,H,P,Q,P,D,G,R,Y,M,R,S,W,L
sp|P51608|MECP2_HUMAN,277-283,7,0,K,R,G,R,K,P,G,S,V,V,K,K,K,A,V,K,E,S,S,I
sp|P51608|MECP2_HUMAN,439-447,9,0,C,P,K,E,P,A,K,T,Q,P,E,K,Y,K,H,R,G,E,G,E
sp|P51817|PRKX_HUMAN,7-12,6,1,-,-,-,-,M,E,A,P,G,L,E,S,D,S,R,K,V,A,E,E
sp|P52951|GBX2_HUMAN,121-124,4,0,G,F,S,A,S,P,Q,H,Q,E,R,K,F,A,P,Q,P,L,P,G
sp|P54707|AT12A_HUMAN,756-761,6,0,G,I,A,M,G,I,A,G,S,D,D,M,V,L,L,D,D,N,F,A
sp|Q494R4|CC153_HUMAN,123-126,4,0,R,G,Q,L,E,A,C,Q,R,E,R,E,E,A,E,Q,A,L,G,E
sp|Q7L311|ARMX2_HUMAN,97-102,6,0,A,S,A,L,D,T,V,G,A,E,S,S,A,E,A,Q,S,G,A,G
sp|Q7L311|ARMX2_HUMAN,133-138,6,0,V,G,P,K,A,E,S,V,V,G,I,A,P,P,P,G,V,T,E,A
sp|Q7L311|ARMX2_HUMAN,151-156,6,0,P,P,P,G,V,T,E,A,L,G,M,A,G,A,P,K,V,A,E,A
sp|Q7L311|ARMX2_HUMAN,317-325,9,0,L,G,M,G,F,R,P,G,D,G,N,G,G,Q,A,F,L,A,E,V
sp|Q8N661|TM86B_HUMAN,102-107,6,0,I,W,P,A,A,F,V,P,G,M,H,L,L,Y,V,W,A,F,G,F
sp|Q8NGU9|GP150_HUMAN,161-166,6,0,V,R,L,P,H,G,R,P,L,P,L,G,W,L,L,A,L,L,L,A
sp|Q8NGU9|GP150_HUMAN,266-271,6,0,L,S,V,W,W,R,H,R,P,Q,P,W,S,A,S,P,G,R,A,P
sp|Q8NGU9|GP150_HUMAN,313-319,7,0,L,F,V,G,C,E,L,P,Y,F,W,S,S,G,P,A,G,D,W,E
sp|Q92913|FGF13_HUMAN,2-6,5,0,-,-,-,-,-,-,-,-,-,M,S,S,L,I,R,Q,K,R,Q,A
sp|Q96KN8|PLAT5_HUMAN,258-263,6,0,Q,Q,V,E,H,A,L,M,E,G,V,I,S,A,V,V,D,S,I,K
sp|Q9BZV1|UBXN6_HUMAN,52-61,10,0,R,P,P,R,Q,G,P,T,N,E,R,L,E,Q,K,Q,S,R,A,W
sp|Q9HAY2|MAGF1_HUMAN,59-68,10,0,A,A,E,P,A,L,T,R,K,G,R,R,R,A,Y,R,R,L,N,R
sp|Q9NQZ2|SAS10_HUMAN,10-15,6,0,-,M,V,G,R,S,R,R,R,G,V,R,A,K,A,G,P,T,L,T
sp|Q9NQZ2|SAS10_HUMAN,356-360,5,0,P,K,P,K,S,V,S,K,T,S,V,T,D,L,S,D,D,S,D,F
sp|Q9NRX6|KISHB_HUMAN,57-62,6,0,K,A,A,V,I,G,T,R,L,H,C,V,V,M,A,F,Y,V,L,F
sp|Q9Y2T7|YBOX2_HUMAN,6-12,7,0,-,-,-,-,-,M,S,E,V,E,V,P,A,A,T,V,P,A,T,A
sp|Q9Y618|NCOR2_HUMAN,686-690,5,0,E,R,N,A,R,R,K,K,K,K,S,E,E,A,A,F,P,P,V,V
sp|Q9Y618|NCOR2_HUMAN,880-887,8,0,A,E,E,G,P,A,K,G,K,D,E,G,A,L,K,A,E,K,K,E
sp|Q9Y618|NCOR2_HUMAN,1034-1039,6,0,R,S,P,A,P,P,A,D,K,E,Q,K,L,P,G,D,P,P,C,W
sp|Q9Y618|NCOR2_HUMAN,1645-1648,4,0,T,S,I,P,R,G,I,P,L,D,Y,Y,L,P,R,H,L,A,P,N
sp|Q9Y618|NCOR2_HUMAN,1699-1704,6,0,Y,I,T,S,Q,Q,M,H,H,N,Q,R,A,D,M,L,R,G,L,S
sp|A0A0J9YX94|PMA6F_HUMAN,438-442,5,0,A,S,L,A,R,S,Q,Q,G,V,P,V,E,S,E,D,P,A,A,A
sp|A0A0J9YX94|PMA6F_HUMAN,450-454,5,0,A,A,A,P,V,E,S,E,D,P,S,P,A,Q,G,D,A,S,E,A
sp|O15031|PLXB2_HUMAN,281-286,6,0,I,H,A,A,A,F,G,T,C,L,P,G,S,G,R,V,L,Y,A,V
sp|O43298|ZBT43_HUMAN,341-345,5,0,D,G,N,L,I,G,H,R,Q,E,G,Y,S,E,N,I,E,M,V,T
sp|O60285|NUAK1_HUMAN,4-9,6,0,-,-,-,-,-,-,-,M,E,G,G,D,R,P,D,L,G,L,G,A
sp|O60285|NUAK1_HUMAN,28-33,6,0,G,A,P,G,S,P,R,E,A,V,L,E,P,R,K,P,H,G,V,K
sp|P06576|ATPB_HUMAN,9-13,5,0,-,-,M,L,G,F,V,G,R,V,S,G,A,L,R,R,L,T,P,S
sp|P13533|MYH6_HUMAN,1189-1193,5,0,D,L,E,E,A,T,L,Q,H,E,L,R,K,K,H,A,D,S,V,A
sp|P13533|MYH6_HUMAN,1439-1443,5,0,D,L,M,V,D,V,E,R,S,N,L,D,K,K,Q,R,N,F,D,K
sp|P19835|CEL_HUMAN,16-21,6,0,L,V,V,L,G,L,T,C,C,W,K,L,G,A,V,Y,T,E,G,G
sp|P25713|MT3_HUMAN,56-61,6,0,A,K,D,C,V,C,K,G,G,E,E,K,C,S,C,C,Q,-,-,-
sp|P28329|CLAT_HUMAN,84-90,7,0,T,P,A,H,T,P,E,W,C,G,E,P,R,R,A,G,P,H,L,C
sp|P48960|AGRE5_HUMAN,386-391,6,0,Q,S,S,A,R,M,K,L,N,W,E,D,P,G,P,A,V,A,G,I
sp|P78413|IRX4_HUMAN,40-45,6,0,G,G,R,T,L,A,D,S,G,P,P,V,Y,C,P,V,Y,E,S,R
sp|P78413|IRX4_HUMAN,116-121,6,0,D,G,S,G,S,A,H,G,G,L,Y,Y,P,Y,E,P,A,L,G,Q
sp|P78413|IRX4_HUMAN,375-382,8,0,K,P,R,I,W,S,L,A,H,T,T,S,L,S,Q,T,E,F,P,S
sp|P78413|IRX4_HUMAN,401-405,5,0,P,S,C,M,L,K,R,Q,G,P,V,S,S,A,P,A,T,S,P,S
sp|P78413|IRX4_HUMAN,497-503,7,0,R,A,F,P,P,A,V,P,Q,D,R,E,L,L,A,L,P,K,A,G
sp|Q13563|PKD2_HUMAN,69-73,5,0,I,R,Q,A,A,A,R,D,P,P,S,P,S,P,P,L,S,S,C,S
sp|Q14832|GRM3_HUMAN,286-291,6,1,M,R,S,D,D,S,R,E,L,I,N,A,S,F,T,W,V,A,S,D
sp|Q5QGS0|NEXMI_HUMAN,39-45,7,0,E,D,Q,D,V,A,M,K,S,F,P,I,Q,P,T,P,V,A,Q,K
sp|Q6PML9|ZNT9_HUMAN,6-10,5,0,-,-,-,-,-,M,L,P,G,L,H,R,C,S,W,S,S,L,C,R
sp|Q6UWI4|SHSA2_HUMAN,24-33,10,0,N,A,A,S,L,L,Q,L,L,L,S,G,E,Y,C,H,G,W,L,D
sp|Q7Z7K6|CENPV_HUMAN,23-36,14,0,R,G,Q,K,R,S,G,A,S,G,P,S,A,T,R,T,R,R,S,A
sp|Q86V42|F124A_HUMAN,492-497,6,0,F,F,T,K,R,S,S,S,S,S,P,P,A,P,S,T,S,T,L,T
sp|Q8IXK0|PHC2_HUMAN,141-147,7,0,A,P,A,Q,S,S,S,I,N,L,Q,L,L,N,R,A,Q,S,V,N
sp|Q8IXK0|PHC2_HUMAN,234-237,4,0,N,L,T,L,R,T,Q,Q,T,P,S,G,P,T,P,T,Q,P,V,L
sp|Q8NFW9|MYRIP_HUMAN,742-746,5,0,T,H,L,A,D,L,E,D,Q,V,Q,V,H,H,A,E,L,Q,I,S
sp|Q9BX79|STRA6_HUMAN,162-167,6,0,F,Y,Y,A,A,L,Y,Y,P,L,G,H,T,A,A,H,L,L,G,S
sp|Q9H3U7|SMOC2_HUMAN,173-177,5,0,Q,R,E,G,T,G,K,T,D,D,L,E,T,Q,P,Q,G,D,E,E
sp|A0A0U1RQF7|DP2NB_HUMAN,21-27,7,0,N,M,S,S,V,P,W,E,G,S,T,S,P,P,T,P,G,H,Y,H
sp|A0A494C071|PWWP4_HUMAN,67-72,6,0,T,P,T,K,F,E,M,E,D,I,Q,T,K,L,G,A,P,L,R,E
sp|A0A8I5KY20|CC92B_HUMAN,79-85,7,0,K,C,R,A,L,E,S,Q,L,E,E,L,R,R,E,V,A,Q,R,E
sp|A0A8I5KY20|CC92B_HUMAN,178-184,7,0,R,R,A,L,R,A,R,R,P,P,K,G,P,G,R,D,W,A,A,W
sp|O14904|WNT9A_HUMAN,50-54,5,0,T,I,L,P,L,T,L,E,P,E,H,Y,K,A,C,D,R,L,K,L
sp|O15265|ATX7_HUMAN,16-28,13,0,A,D,D,V,R,G,E,P,R,R,R,Q,Q,Q,Q,Q,Q,Q,Q,Q
sp|O15265|ATX7_HUMAN,72-76,5,0,D,G,G,P,G,A,A,S,T,S,T,V,G,E,R,R,P,L,P,S
sp|O43166|SI1L1_HUMAN,363-369,7,0,V,I,K,R,R,N,T,T,T,G,S,L,V,S,G,P,L,S,H,S
sp|O60391|NMD3B_HUMAN,51-63,13,0,A,L,L,P,R,A,P,L,A,R,P,R,L,P,H,N,L,S,L,E
sp|O60391|NMD3B_HUMAN,950-955,6,0,P,A,V,V,V,A,P,E,A,D,P,R,E,G,P,V,W,L,C,S
sp|O60391|NMD3B_HUMAN,1025-1032,8,0,A,R,H,R,P,R,R,L,L,Q,P,P,H,S,G,R,P,G,S,Q
sp|O75348|VATG1_HUMAN,57-62,6,1,Y,R,L,Q,R,E,K,E,F,K,L,G,S,R,G,S,C,S,T,E
sp|P00390|GSHR_HUMAN,58-63,6,1,Q,E,P,Q,P,Q,G,P,P,P,S,Y,D,Y,L,V,I,G,G,G
sp|P10415|BCL2_HUMAN,76-85,10,1,V,A,R,T,S,P,L,Q,T,P,L,S,P,V,P,P,V,V,H,L
sp|P31930|QCR1_HUMAN,9-14,6,0,-,-,M,A,A,S,V,V,C,R,Q,V,L,L,R,A,R,R,S,P
sp|P43243|MATR3_HUMAN,706-710,5,0,S,D,K,A,V,K,K,D,G,S,K,K,K,L,K,K,V,D,K,I
sp|P47870|GBRB2_HUMAN,341-346,6,0,F,G,R,G,P,Q,R,Q,K,K,S,A,N,N,E,K,M,R,L,D
sp|Q02880|TOP2B_HUMAN,999-1004,6,1,F,V,V,K,M,T,E,E,K,L,G,L,H,K,V,F,K,L,Q,T
sp|Q14050|CO9A3_HUMAN,21-25,5,0,L,L,L,L,L,L,G,E,L,L,Q,R,V,G,L,P,G,P,P,G
sp|Q6ZRP7|QSOX2_HUMAN,2-9,8,0,-,-,-,-,-,-,-,-,-,M,R,S,P,G,I,G,A,G,P,A
sp|Q6ZRP7|QSOX2_HUMAN,41-44,4,0,A,R,L,P,R,L,L,V,L,L,V,G,P,G,A,G,G,A,A,R
sp|Q7Z2D5|PLPR4_HUMAN,256-260,5,0,K,S,F,P,S,Q,H,A,T,L,V,Y,V,S,M,Y,F,N,S,T
sp|Q8NEB5|PLPP5_HUMAN,4-9,6,0,-,-,-,-,-,-,-,M,G,K,F,G,A,E,V,G,V,R,L,A
sp|Q8NHJ6|LIRB4_HUMAN,401-406,6,0,A,E,E,D,R,Q,M,D,T,E,P,Q,D,V,T,Y,A,Q,L,H
sp|Q8TD84|DSCL1_HUMAN,671-676,6,0,L,K,H,N,G,N,Y,T,C,I,T,V,S,R,E,R,Q,L,I,V
sp|Q8TD84|DSCL1_HUMAN,1960-1967,8,0,S,K,S,L,G,L,P,H,P,G,T,L,P,Q,R,T,L,A,M,P
sp|Q8WZ71|TM158_HUMAN,6-12,7,0,-,-,-,-,-,M,L,P,L,L,C,P,L,P,P,V,R,G,G,A
sp|Q8WZ71|TM158_HUMAN,67-72,6,0,G,P,P,E,R,P,G,P,E,E,P,C,N,I,S,V,Q,R,Q,M
sp|Q8WZ71|TM158_HUMAN,111-116,6,0,L,L,F,S,T,N,A,H,G,R,F,H,R,V,G,P,P,L,L,I
sp|Q8WZ71|TM158_HUMAN,160-172,13,0,R,G,R,R,T,G,R,L,R,P,P,T,A,L,P,A,Y,P,A,A
sp|Q8WZ71|TM158_HUMAN,267-272,6,0,E,Q,R,R,T,T,A,S,T,T,V,P,A,G,T,T,A,A,A,A
sp|Q8WZ71|TM158_HUMAN,279-292,14,0,T,P,A,A,V,P,A,G,T,T,V,T,S,G,V,A,T,K,-,-
sp|Q9H2W6|RM46_HUMAN,33-37,5,0,W,A,G,S,L,S,S,R,S,L,P,S,S,N,G,S,P,W,R,L
sp|Q9HCM1|RESF1_HUMAN,808-813,6,0,C,S,L,Q,N,Q,L,A,E,N,L,K,V,D,V,S,G,P,V,A
sp|Q9NUM3|S39A9_HUMAN,162-167,6,0,L,V,V,H,A,A,A,D,G,V,S,T,S,Q,T,S,V,Q,L,I
sp|Q9Y3C7|MED31_HUMAN,2-6,5,0,-,-,-,-,-,-,-,-,-,M,M,E,T,D,D,A,G,N,R,L
sp|A6NJT0|UNC4_HUMAN,44-48,5,0,Y,E,L,A,G,H,Q,L,Q,S,S,V,P,F,S,I,D,G,L,L
sp|A6NJT0|UNC4_HUMAN,63-66,4,0,S,I,D,G,L,L,G,G,S,C,S,V,V,N,P,T,P,L,L,P
sp|A6NJT0|UNC4_HUMAN,314-318,5,0,D,K,D,A,A,S,C,G,P,G,V,E,R,G,A,A,G,L,P,K
sp|A6NJT0|UNC4_HUMAN,347-357,11,0,L,L,S,D,S,P,P,R,R,K,G,L,D,F,A,P,G,L,P,C
sp|A6NJT0|UNC4_HUMAN,464-468,5,0,A,P,A,P,A,P,F,R,D,L,T,E,G,G,G,G,D,C,A,D
sp|O00571|DDX3X_HUMAN,497-502,6,1,F,R,S,G,K,S,P,I,L,V,R,G,L,D,I,S,N,V,K,H
sp|O95817|BAG3_HUMAN,126-130,5,0,Q,P,G,M,Q,R,F,R,T,E,P,Q,R,S,Q,S,P,L,R,G
sp|O95817|BAG3_HUMAN,155-160,6,0,T,Q,P,D,K,Q,C,G,Q,V,Q,P,P,A,S,H,G,P,E,R
sp|O95817|BAG3_HUMAN,554-558,5,0,D,P,H,T,E,T,Q,Q,P,E,T,S,N,P,S,S,M,T,D,T
sp|P07357|CO8A_HUMAN,31-36,6,1,Q,E,K,V,N,Q,R,V,R,R,V,T,C,Q,L,S,N,W,S,E
sp|P30876|RPB2_HUMAN,559-564,6,1,S,M,E,N,L,E,E,I,S,P,T,K,I,F,V,N,G,C,W,V
sp|P51649|SSDH_HUMAN,100-105,6,1,V,A,D,C,G,V,R,E,A,R,Y,E,A,F,C,R,W,R,E,V
sp|P51649|SSDH_HUMAN,217-221,5,1,P,S,A,M,I,T,R,K,V,G,G,C,T,V,V,V,K,P,A,E
sp|P51649|SSDH_HUMAN,457-462,6,1,I,K,F,D,T,E,E,E,A,I,D,V,G,L,A,G,Y,F,Y,S
sp|P52179|MYOM1_HUMAN,162-167,6,0,T,D,T,E,E,E,R,I,K,E,Q,R,N,L,L,A,S,E,E,G
sp|P56182|RRP1_HUMAN,443-448,6,0,R,R,R,T,P,R,P,L,T,S,N,V,Q,E,P,E,K,K,K,K
sp|P57723|PCBP4_HUMAN,384-389,6,0,G,P,P,P,G,L,A,A,Y,T,N,G,S,K,K,A,E,R,Q,K
sp|Q04726|TLE3_HUMAN,401-409,9,0,G,L,H,N,I,P,P,Q,M,S,Y,G,R,S,P,M,V,S,F,G
sp|Q13671|RIN1_HUMAN,74-79,6,0,L,T,R,P,V,W,L,Q,L,Q,L,H,M,L,R,T,E,P,P,G
sp|Q13671|RIN1_HUMAN,367-370,4,0,L,L,A,P,E,R,Q,V,G,R,L,M,Q,D,R,H,T,A,A,G
sp|Q3SY56|SP6_HUMAN,343-347,5,0,M,K,T,H,E,G,A,K,E,E,S,G,E,G,K,A,G,G,A,V
sp|Q5W5X9|TTC23_HUMAN,276-281,6,0,V,E,A,A,D,S,A,H,I,V,S,G,R,H,E,H,H,D,V,A
sp|Q7Z3J2|VP35L_HUMAN,89-94,6,0,L,S,M,F,A,A,T,A,D,P,M,D,S,S,R,R,K,R,D,R
sp|Q86V24|PAQR2_HUMAN,325-330,6,0,M,L,M,A,S,L,Y,I,T,G,R,I,P,E,R,F,F,P,G,K
sp|Q8N8S7|ENAH_HUMAN,267-271,5,0,E,W,E,R,E,R,R,I,S,S,S,V,E,T,P,L,N,S,V,L
sp|Q8N8S7|ENAH_HUMAN,393-399,7,0,S,E,D,N,R,P,L,T,G,L,K,L,R,K,V,S,R,M,E,D
sp|Q96CN7|ISOC1_HUMAN,2-7,6,0,-,-,-,-,-,-,-,-,-,M,V,L,A,L,P,N,S,G,A,G
sp|Q96KC8|DNJC1_HUMAN,40-45,6,0,P,L,L,W,L,L,L,L,L,L,R,G,W,E,S,G,D,L,E,L
sp|Q96LB9|PGRP3_HUMAN,132-137,6,0,G,N,K,I,G,S,S,P,S,P,E,G,L,I,S,Y,A,I,Q,K
sp|Q96LB9|PGRP3_HUMAN,288-294,7,1,I,G,Y,F,V,E,K,P,P,N,Q,D,L,I,Q,C,A,V,V,E
sp|Q9GZY0|NXF2_HUMAN,171-176,6,0,R,N,R,A,C,F,F,V,Q,D,L,K,D,V,S,Y,K,I,Y,D
sp|Q9HAU8|RNPL1_HUMAN,93-98,6,0,L,R,L,H,S,A,A,F,R,R,E,T,P,C,A,F,A,F,S,A
sp|Q9HAU8|RNPL1_HUMAN,548-554,7,0,Q,L,W,T,A,E,P,L,D,Q,I,D,I,S,K,W,R,T,F,Q
sp|Q9NP84|TNR12_HUMAN,68-73,6,0,R,P,H,S,D,F,C,L,G,C,P,F,R,L,L,W,P,I,L,G
sp|Q9NXF1|TEX10_HUMAN,580-584,5,0,S,T,Q,L,I,D,I,I,H,T,N,K,E,L,L,K,S,L,Q,A
sp|Q9NXG0|CNTLN_HUMAN,72-77,6,0,G,S,G,G,R,R,G,P,G,G,P,L,L,S,A,P,M,G,S,R
sp|Q9NZI8|IF2B1_HUMAN,184-189,6,0,R,G,Q,P,R,Q,G,S,P,V,K,Q,Q,Q,V,D,I,P,L,R
sp|Q9UQB3|CTND2_HUMAN,243-251,9,0,S,L,G,S,A,F,H,L,P,D,L,Y,Y,S,S,S,T,L,P,A
sp|Q9UQB3|CTND2_HUMAN,481-484,4,0,R,T,G,S,Q,H,G,P,Q,N,T,F,Q,R,A,S,Y,A,A,G
sp|Q9Y259|CHKB_HUMAN,2-7,6,0,-,-,-,-,-,-,-,-,-,M,V,A,G,S,G,A,V,G,G,C
sp|A6NN73|GOG8C_HUMAN,488-492,5,0,G,P,G,Q,G,G,D,E,G,E,G,D,G,V,A,A,G,G,D,Y
sp|A6NNT2|CP096_HUMAN,568-581,14,0,Q,S,A,L,H,R,L,K,T,T,T,S,S,A,A,Q,A,A,K,V
sp|A6NNT2|CP096_HUMAN,585-593,9,0,A,A,A,Y,A,A,A,T,S,S,K,F,V,K,D,A,P,A,T,K
sp|O14795|UN13B_HUMAN,1254-1259,6,0,V,R,G,T,G,N,A,S,P,D,Q,D,A,D,S,V,L,R,P,L
sp|O15164|TIF1A_HUMAN,8-19,12,0,-,-,-,M,E,V,A,V,E,K,S,G,G,P,S,A,A,P,S,G
sp|O43474|KLF4_HUMAN,66-71,6,0,P,V,L,P,G,R,P,Y,D,L,T,D,L,E,S,G,G,A,G,A
sp|P01008|ANT3_HUMAN,414-419,6,1,F,L,E,V,N,E,E,G,S,E,V,V,I,A,G,R,S,L,N,P
sp|P0DPA3|SNH28_HUMAN,75-81,7,0,P,E,D,V,A,L,A,P,C,T,G,P,S,P,V,Y,V,K,V,K
sp|P14649|MYL6B_HUMAN,21-29,9,0,K,P,A,G,P,S,I,S,K,P,P,P,A,K,T,K,A,E,P,A
sp|P22455|FGFR4_HUMAN,360-365,6,0,V,L,P,E,E,D,P,T,W,T,R,Y,T,D,I,I,L,Y,A,S
sp|P50991|TCPD_HUMAN,11-16,6,0,M,P,E,N,V,A,P,R,S,G,G,G,R,G,K,G,A,Y,Q,D
sp|P50991|TCPD_HUMAN,40-45,6,1,P,A,Q,I,R,F,S,N,I,S,D,A,I,R,T,S,L,G,P,K
sp|P52272|HNRPM_HUMAN,7-13,7,0,-,-,-,-,M,A,A,G,V,E,T,E,I,K,M,E,E,E,S,G
sp|P57058|HUNK_HUMAN,25-31,7,0,A,P,G,G,G,G,G,A,E,D,C,E,G,S,F,L,P,A,W,V
sp|Q5K4L6|S27A3_HUMAN,48-56,9,0,R,A,L,C,C,K,R,A,L,R,D,P,E,G,P,E,G,G,C,S
sp|Q5K4L6|S27A3_HUMAN,137-142,6,0,A,G,E,G,E,R,A,A,P,G,G,S,G,A,E,F,A,G,G,D
sp|Q5QJE6|TDIF2_HUMAN,740-744,5,0,R,K,Y,S,E,I,M,A,E,K,G,K,K,F,R,K,K,K,K,F
sp|Q68D42|TM215_HUMAN,55-60,6,0,I,G,P,A,I,C,L,P,G,I,R,K,T,E,G,C,T,K,W,P
sp|Q6ZMT9|DTHD1_HUMAN,19-24,6,0,Q,T,M,S,S,I,Q,D,T,K,R,G,E,L,N,V,I,E,T,A
sp|Q6ZS72|PEAK3_HUMAN,250-255,6,0,G,T,L,P,G,A,P,W,R,G,E,V,P,E,R,T,V,A,Q,W
sp|Q86UP3|ZFHX4_HUMAN,854-860,7,0,L,M,I,N,P,F,Q,L,D,P,P,G,L,G,E,L,S,P,Y,I
sp|Q86UP3|ZFHX4_HUMAN,2327-2336,10,0,K,H,C,T,V,S,G,Q,T,D,S,S,G,S,G,T,S,T,P,L
sp|Q8NE71|ABCF1_HUMAN,276-280,5,0,E,Y,E,R,Q,V,A,S,L,K,E,N,D,F,S,V,S,Q,A,E
sp|Q8NE71|ABCF1_HUMAN,421-431,11,0,R,L,E,K,V,Y,E,E,L,R,R,R,I,L,A,G,L,G,F,D
sp|Q8TDT2|GP152_HUMAN,82-85,4,1,S,L,A,L,S,D,F,L,F,L,F,Q,I,L,E,I,R,H,G,G
sp|Q8WUM4|PDC6I_HUMAN,307-311,5,1,V,K,D,F,S,D,K,I,N,R,K,K,D,N,D,F,I,Y,H,D
sp|Q92932|PTPR2_HUMAN,145-150,6,0,S,E,R,R,Y,S,R,E,G,G,L,R,R,H,L,P,F,L,E,A
sp|Q92932|PTPR2_HUMAN,660-665,6,0,K,L,S,G,L,G,G,D,P,G,Y,Q,E,L,C,R,Q,R,M,A
sp|Q96JJ6|JPH4_HUMAN,267-272,6,0,P,P,G,S,E,A,S,G,P,P,L,I,E,G,S,A,T,E,V,Y
sp|Q96JJ6|JPH4_HUMAN,381-388,8,0,V,S,A,A,R,Q,R,Q,E,I,L,L,K,A,V,A,A,S,S,V
sp|Q96K62|ZBT45_HUMAN,2-6,5,0,-,-,-,-,-,-,-,-,-,M,V,H,H,I,H,L,Q,N,F,S
sp|Q96K62|ZBT45_HUMAN,247-252,6,0,F,P,D,C,A,A,G,F,L,T,C,E,E,P,P,A,P,T,G,L
sp|Q96MC2|DRC1_HUMAN,470-475,6,0,E,M,L,M,R,S,E,E,E,E,E,P,E,S,Y,L,D,L,P,K
sp|Q96S16|JMJD8_HUMAN,12-17,6,0,A,P,A,S,R,L,L,A,L,W,L,P,G,S,G,A,E,G,D,G
sp|Q9NZL6|RGL1_HUMAN,500-504,5,0,E,S,Y,A,L,S,C,E,I,E,S,T,T,S,P,K,P,R,K,S
sp|Q9UF56|FXL17_HUMAN,90-94,5,0,P,P,L,S,P,P,P,R,D,G,S,S,S,Q,H,L,A,R,R,Y
sp|Q9UF56|FXL17_HUMAN,105-109,5,0,S,S,S,Q,H,L,A,R,R,Y,E,D,C,A,A,A,A,R,R,F
sp|Q9UF56|FXL17_HUMAN,113-116,4,0,R,Y,A,A,L,A,A,E,D,C,R,R,F,L,L,S,S,A,A,A
sp|Q9UF56|FXL17_HUMAN,124-134,11,0,A,A,A,R,R,F,L,L,S,S,S,S,P,A,S,C,C,K,E,L
sp|Q9UF56|FXL17_HUMAN,147-151,5,0,P,A,S,C,C,K,E,L,G,L,W,E,Q,Q,G,R,S,L,F,L
sp|Q9UJ04|TSYL4_HUMAN,102-109,8,0,D,A,P,P,S,T,K,G,L,E,D,S,S,Q,K,N,G,C,Q,L
sp|Q9Y3B9|RRP15_HUMAN,2-5,4,0,-,-,-,-,-,-,-,-,-,M,P,D,S,R,V,S,E,E,E,N
sp|A4D0S4|LAMB4_HUMAN,1558-1563,6,0,G,A,Q,K,L,L,V,K,A,K,N,I,L,L,N,L,D,K,T,L
sp|O60508|PRP17_HUMAN,3-10,8,0,-,-,-,-,-,-,-,-,M,S,S,Y,G,S,G,S,G,S,E,S
sp|O95466|FMNL1_HUMAN,1011-1016,6,0,E,Q,E,V,E,Q,W,K,K,E,G,A,D,T,P,G,K,G,E,P
sp|Q04743|EMX2_HUMAN,54-59,6,0,I,N,P,F,L,N,G,F,H,S,G,R,G,V,Y,S,N,P,D,L
sp|Q12891|HYAL2_HUMAN,318-323,6,0,M,D,L,I,S,T,I,G,E,S,G,V,I,L,W,G,D,A,G,Y
sp|Q12891|HYAL2_HUMAN,463-468,6,0,W,A,G,S,H,L,T,S,L,L,F,T,W,T,L,-,-,-,-,-
sp|Q12894|IFRD2_HUMAN,136-140,5,0,C,L,K,K,G,K,G,E,E,Q,V,L,G,L,L,C,V,Q,L,G
sp|Q12894|IFRD2_HUMAN,421-426,6,0,V,P,R,F,E,K,H,L,Y,N,R,T,K,A,R,S,R,V,R,D
sp|Q13207|TBX2_HUMAN,5-12,8,0,-,-,-,-,-,-,M,R,E,P,Y,H,P,F,H,A,P,R,P,A
sp|Q13207|TBX2_HUMAN,28-33,6,0,A,P,R,P,A,D,F,P,M,S,Q,P,S,F,F,P,A,L,A,L
sp|Q13207|TBX2_HUMAN,58-73,16,0,L,A,K,P,L,P,D,P,G,L,G,L,H,V,S,A,L,G,P,H
sp|Q13207|TBX2_HUMAN,540-548,9,0,A,G,L,D,A,G,G,L,G,P,P,F,P,F,H,L,S,Q,H,M
sp|Q13207|TBX2_HUMAN,581-589,9,0,G,L,F,P,Y,P,Y,T,Y,M,L,P,A,T,S,A,A,A,A,A
sp|Q13207|TBX2_HUMAN,592-603,12,0,A,A,A,A,A,A,S,A,L,P,G,S,L,S,R,S,P,F,L,G
sp|Q16881|TRXR1_HUMAN,8-13,6,0,-,-,-,M,G,C,A,E,G,K,P,T,E,L,Q,T,K,G,K,N
sp|Q16881|TRXR1_HUMAN,176-182,7,1,I,I,I,G,G,G,S,G,G,L,Q,Y,G,K,K,V,M,V,L,D
sp|Q6IQ49|SDE2_HUMAN,2-6,5,0,-,-,-,-,-,-,-,-,-,M,L,V,W,I,R,G,P,G,F,G
sp|Q6ZVL6|K154L_HUMAN,354-358,5,0,S,L,G,F,S,S,T,K,P,E,V,D,H,S,G,L,P,A,S,A
sp|Q6ZVL6|K154L_HUMAN,639-642,4,0,D,T,V,S,S,K,V,Q,P,T,V,T,L,F,L,R,K,S,S,P
sp|Q6ZVL6|K154L_HUMAN,804-808,5,0,R,A,E,N,T,D,A,V,L,P,V,V,T,T,G,K,M,A,S,N
sp|Q8NBS9|TXND5_HUMAN,38-46,9,0,H,G,G,G,G,R,W,G,A,R,D,G,P,P,A,A,D,G,E,D
sp|Q8NF64|ZMIZ2_HUMAN,147-162,16,0,A,A,R,P,S,T,D,F,T,Q,T,A,T,A,T,V,A,A,L,Q
sp|Q92922|SMRC1_HUMAN,2-5,4,0,-,-,-,-,-,-,-,-,-,M,G,G,G,G,P,G,T,A,V,G
sp|Q92922|SMRC1_HUMAN,22-29,8,0,T,A,V,G,A,T,G,S,G,I,V,Y,R,R,K,D,G,G,P,A
sp|Q92922|SMRC1_HUMAN,711-718,8,1,F,L,A,S,V,V,D,P,R,V,L,E,E,F,S,R,V,R,E,E
sp|Q92922|SMRC1_HUMAN,867-878,12,1,V,E,H,E,I,S,E,G,N,V,T,K,A,K,H,L,A,A,V,E
sp|Q96PY6|NEK1_HUMAN,612-617,6,0,R,K,K,I,E,S,L,K,A,H,V,L,K,E,Q,L,E,R,K,R
sp|Q9BT67|NFIP1_HUMAN,2-10,9,0,-,-,-,-,-,-,-,-,-,M,V,E,P,A,C,G,S,R,Y,Q
sp|Q9BWD1|THIC_HUMAN,325-330,6,1,V,D,I,F,E,I,N,E,A,F,I,V,K,E,L,G,L,N,P,E
sp|Q9H4A3|WNK1_HUMAN,41-46,6,0,S,D,S,S,V,G,E,K,L,G,V,T,G,R,T,E,E,Y,R,R
sp|Q9H4A3|WNK1_HUMAN,139-142,4,0,A,T,S,Q,V,A,Q,Q,P,P,P,G,E,Q,A,V,A,G,P,A
sp|Q9H4A3|WNK1_HUMAN,1350-1354,5,0,L,S,S,I,A,G,V,P,T,T,P,V,P,A,T,S,S,P,P,N
sp|Q9P2G3|KLH14_HUMAN,462-467,6,0,R,Y,V,S,S,L,P,Q,P,L,V,H,N,G,K,I,Y,I,S,G
sp|F2Z333|FND10_HUMAN,19-22,4,0,L,L,A,A,C,A,P,P,P,C,P,T,P,P,G,W,E,P,T,P
sp|F2Z333|FND10_HUMAN,96-100,5,0,N,R,S,V,L,L,Q,W,R,L,R,R,V,R,A,F,A,L,N,C
sp|F2Z333|FND10_HUMAN,155-161,7,0,R,L,C,L,Q,P,L,P,L,R,P,E,T,P,E,P,A,E,C,V
sp|O75112|LDB3_HUMAN,337-344,8,0,A,S,P,S,A,A,S,P,P,L,I,A,S,A,S,T,T,A,P,A
sp|O75157|T22D2_HUMAN,95-102,8,0,S,P,N,L,L,L,D,G,Q,L,N,G,G,G,V,V,S,A,R,S
sp|O75157|T22D2_HUMAN,122-128,7,0,S,V,S,G,A,L,A,S,T,L,P,A,P,G,A,P,G,G,P,Q
sp|O75157|T22D2_HUMAN,401-406,6,0,P,S,P,A,Q,P,S,S,T,G,T,A,A,T,L,P,V,G,T,G
sp|P18146|EGR1_HUMAN,2-6,5,0,-,-,-,-,-,-,-,-,-,M,E,M,Q,L,M,S,P,L,Q,I
sp|Q16539|MK14_HUMAN,299-304,6,1,L,V,L,D,S,D,K,R,I,T,H,A,Y,F,A,Q,Y,H,D,P
sp|Q5JU85|IQEC2_HUMAN,1399-1403,5,0,I,F,S,H,H,P,Q,M,M,P,G,G,P,G,S,R,P,P,G,G
sp|Q5T2S8|ODAD2_HUMAN,856-861,6,0,L,L,K,N,P,H,P,D,V,K,L,C,P,C,I,K,N,A,K,D
sp|Q6ZMU5|TRI72_HUMAN,122-127,6,0,G,S,H,R,G,H,R,L,L,P,R,L,K,T,Q,L,P,Q,Q,K
sp|Q86WA6|BPHL_HUMAN,29-34,6,0,A,L,K,P,G,I,H,V,P,R,F,G,T,S,V,T,S,A,K,V
sp|Q86WA6|BPHL_HUMAN,145-150,6,0,L,L,G,W,S,D,G,G,I,T,K,Y,P,S,Y,I,H,K,M,V
sp|Q86YV0|RASL3_HUMAN,319-323,5,0,W,V,H,E,A,K,G,L,P,R,P,G,V,R,A,E,L,W,L,D
sp|Q86YV0|RASL3_HUMAN,409-414,6,0,G,L,E,R,W,F,P,L,L,G,L,R,A,R,I,R,A,R,R,L
sp|Q8IYS4|DAAF8_HUMAN,81-86,6,0,E,D,P,A,D,G,D,K,S,R,E,E,S,L,P,E,P,V,L,V
sp|Q8TBJ5|FEZF2_HUMAN,198-206,9,0,G,H,L,F,P,S,G,L,L,N,H,P,K,L,F,L,L,E,N,A
sp|Q92765|SFRP3_HUMAN,30-34,5,0,A,A,L,C,L,L,R,V,P,G,C,E,P,V,R,I,P,L,C,K
sp|Q92823|NRCAM_HUMAN,1075-1078,4,0,A,V,N,P,R,I,S,N,L,T,E,T,Y,A,N,I,S,W,E,Y
sp|Q96F45|ZN503_HUMAN,392-399,8,0,D,P,T,K,P,G,S,L,V,G,G,S,L,G,C,S,K,P,A,G
sp|Q96F45|ZN503_HUMAN,442-449,8,0,C,L,S,Y,H,C,A,S,H,L,S,C,A,H,D,P,A,A,A,A
sp|Q96F45|ZN503_HUMAN,456-461,6,0,A,A,S,A,S,C,A,H,D,P,L,K,S,G,Y,P,L,V,Y,P
sp|Q96F45|ZN503_HUMAN,484-490,7,0,P,L,H,G,V,H,S,S,L,T,T,P,P,S,L,A,G,H,P,L
sp|Q96F45|ZN503_HUMAN,562-570,9,0,L,S,G,Y,P,S,S,S,S,L,C,H,M,H,I,P,T,S,G,A
sp|Q9BYT9|ANO3_HUMAN,594-599,6,0,W,N,F,I,K,Q,Y,W,Q,F,V,C,I,N,F,I,I,I,M,L
sp|Q9HBL0|TENS1_HUMAN,847-851,5,0,L,N,M,L,M,L,D,L,E,P,P,L,H,K,S,Q,S,V,P,G
sp|Q9NVM9|INT13_HUMAN,103-107,5,1,Q,E,D,Q,N,L,Q,E,L,M,V,G,P,P,N,P,R,A,D,P
sp|Q9UBY5|LPAR3_HUMAN,70-75,6,1,K,F,H,F,P,F,Y,Y,L,L,D,F,F,A,G,I,A,Y,V,F
sp|A1L0T0|HACL2_HUMAN,5-10,6,0,-,-,-,-,-,-,M,E,T,P,G,S,L,F,P,S,F,L,L,L
sp|A1L0T0|HACL2_HUMAN,104-109,6,0,D,T,R,H,E,V,T,A,V,F,R,L,S,G,T,V,G,V,A,A
sp|A1L0T0|HACL2_HUMAN,191-196,6,0,R,V,R,D,I,V,P,T,L,R,Q,S,G,T,P,G,P,V,F,V
sp|A6NFN3|RFOX3_HUMAN,274-282,9,0,I,Y,G,G,Y,A,A,Y,R,Y,Y,S,D,S,Y,G,R,V,Y,A
sp|A8MQT2|GOG8B_HUMAN,487-491,5,0,G,P,G,Q,G,G,E,E,G,E,G,D,G,V,A,A,C,G,S,Y
sp|A8MW95|BECN2_HUMAN,159-164,6,1,T,G,E,L,A,T,S,E,D,E,E,L,R,D,L,E,L,E,E,A
sp|A8MW95|BECN2_HUMAN,188-192,5,1,Q,E,L,E,D,V,D,R,N,N,D,L,Q,A,A,Q,A,E,A,A
sp|A8MW95|BECN2_HUMAN,196-202,7,1,N,N,A,R,A,A,A,D,L,Q,E,L,D,Q,Q,E,R,Q,H,Y
sp|A8MXT2|MAGBH_HUMAN,28-33,6,0,A,R,G,E,D,Q,C,L,G,G,E,K,E,K,L,P,S,S,S,S
sp|O14578|CTRO_HUMAN,895-899,5,0,E,R,E,S,Q,L,T,A,L,Q,L,E,S,Q,L,R,Q,A,K,T
sp|O75106|AOC2_HUMAN,103-107,5,0,F,S,V,E,L,Q,L,P,P,K,H,L,D,R,G,S,P,P,P,A
sp|O94966|UBP19_HUMAN,264-270,7,0,G,K,D,D,C,A,K,E,E,M,T,L,V,D,E,P,E,S,M,V
sp|O94966|UBP19_HUMAN,1236-1244,9,0,H,S,E,H,H,P,D,L,G,P,S,R,I,W,Q,E,L,E,A,E
sp|P09132|SRP19_HUMAN,2-6,5,0,-,-,-,-,-,-,-,-,-,M,R,S,P,A,D,Q,D,R,F,I
sp|P0CG31|Z286B_HUMAN,43-49,7,0,A,A,L,R,L,T,A,R,S,Q,P,G,S,R,S,L,R,G,V,H
sp|P18065|IBP2_HUMAN,62-68,7,0,A,C,G,P,P,P,V,A,P,P,G,G,A,R,M,P,C,A,E,L
sp|P49641|MA2A2_HUMAN,535-539,5,0,L,R,G,A,E,V,L,Y,S,L,R,R,S,G,L,A,G,R,Y,P
sp|P61927|RL37_HUMAN,89-93,5,0,R,E,G,T,T,P,K,P,K,R,S,S,S,S,-,-,-,-,-,-
sp|Q13445|TMED1_HUMAN,3-11,9,0,-,-,-,-,-,-,-,-,M,M,L,W,L,L,M,P,P,V,E,V
sp|Q14978|NOLC1_HUMAN,119-123,5,0,A,K,R,V,G,L,P,P,G,K,S,E,S,S,S,S,E,E,S,S
sp|Q14978|NOLC1_HUMAN,154-159,6,0,Q,P,V,Q,K,G,V,K,P,Q,P,P,K,K,A,K,S,S,D,S
sp|Q14978|NOLC1_HUMAN,449-454,6,0,K,K,M,V,A,T,T,K,P,K,L,S,L,P,A,K,Q,A,P,Q
sp|Q15393|SF3B3_HUMAN,835-841,7,1,E,A,A,G,E,D,E,R,E,L,F,L,N,E,N,L,P,E,S,I
sp|Q5VY09|IER5_HUMAN,150-155,6,0,A,W,S,R,V,E,G,P,R,Q,E,G,T,A,G,G,W,G,V,F
sp|Q86X53|ERIC1_HUMAN,176-184,9,0,K,K,K,Q,Q,I,K,R,K,K,G,V,S,F,M,Y,Q,P,E,D
sp|Q86X53|ERIC1_HUMAN,360-369,10,0,M,Y,F,Y,D,G,V,S,R,D,E,E,L,L,D,R,L,A,S,H
sp|Q8N6Q8|MET25_HUMAN,107-112,6,0,E,T,S,Q,K,L,V,S,V,E,K,Y,Y,S,V,Q,N,L,G,I
sp|Q8TD22|SFXN5_HUMAN,8-18,11,0,-,-,-,M,A,D,T,A,T,T,S,S,D,A,P,P,F,Q,L,G
sp|Q8TEQ8|PIGO_HUMAN,1026-1031,6,0,Y,L,F,I,L,G,I,Q,I,L,S,I,L,R,R,H,L,M,V,W
sp|Q9ULU4|ZMYD8_HUMAN,772-777,6,0,V,L,T,R,S,S,A,Q,T,S,T,T,S,T,S,S,T,V,T,V
sp|Q9ULU4|ZMYD8_HUMAN,789-794,6,0,T,S,T,S,S,T,V,T,V,T,T,G,S,P,V,K,K,Q,R,P
sp|Q9Y287|ITM2B_HUMAN,105-110,6,0,K,D,D,V,I,L,N,E,P,S,L,Y,Q,T,I,E,E,N,I,K
sp|A6NCS6|CB072_HUMAN,69-74,6,0,P,E,P,G,A,A,K,P,G,G,G,P,G,A,A,R,G,A,Q,R
sp|A6NCS6|CB072_HUMAN,85-101,17,0,G,P,G,A,A,R,G,A,Q,R,I,R,S,P,L,V,F,V,L,C
sp|A6NCS6|CB072_HUMAN,194-202,9,0,Y,C,P,G,L,P,A,S,C,L,L,Q,A,A,G,A,G,Q,P,V
sp|A8MYZ0|MIY4B_HUMAN,186-192,7,0,C,E,I,S,K,K,E,Q,E,Q,G,I,L,W,A,A,G,A,A,Q
sp|A8MYZ0|MIY4B_HUMAN,197-201,5,0,L,A,A,A,L,A,G,I,L,W,Q,K,A,T,I,C,L,V,T,E
sp|O43272|PROD_HUMAN,31-36,6,0,S,T,A,P,A,S,R,E,Q,P,V,P,G,G,G,S,A,T,A,V
sp|O43295|SRGP3_HUMAN,248-253,6,1,K,A,R,N,D,Y,L,L,N,L,I,S,K,Y,Y,I,H,D,V,S
sp|O94910|AGRL1_HUMAN,1275-1279,5,0,G,P,E,P,P,R,G,R,N,L,F,E,K,M,I,I,S,E,L,V
sp|P04035|HMDH_HUMAN,855-859,5,1,T,V,M,A,G,E,L,S,L,M,G,H,L,V,K,S,H,M,I,H
sp|P22083|FUT4_HUMAN,273-281,9,0,V,D,L,R,V,L,D,Y,E,E,T,S,S,P,R,P,P,G,Q,R
sp|P41162|ETV3_HUMAN,506-512,7,0,L,W,N,G,S,G,P,Q,G,L,-,-,-,-,-,-,-,-,-,-
sp|P55786|PSA_HUMAN,4-7,4,0,-,-,-,-,-,-,-,M,W,L,P,S,L,A,R,R,L,L,F,L
sp|Q16798|MAON_HUMAN,415-420,6,0,L,V,K,P,T,A,I,I,G,V,F,T,E,Q,I,L,R,D,M,A
sp|Q3ZCQ3|F174B_HUMAN,20-26,7,0,L,L,P,L,L,L,L,A,L,L,S,R,A,E,S,V,S,A,P,W
sp|Q53H80|AKIR2_HUMAN,43-49,7,0,P,T,S,A,A,A,S,P,L,S,S,F,S,A,A,A,A,S,P,Q
sp|Q53H80|AKIR2_HUMAN,53-56,4,0,A,A,A,A,T,A,A,S,F,S,S,P,Q,K,Y,L,R,M,E,P
sp|Q7Z7M0|MEGF8_HUMAN,335-340,6,0,A,S,S,S,S,G,P,P,G,L,L,V,D,D,V,W,L,Y,V,S
sp|Q7Z7M0|MEGF8_HUMAN,1843-1848,6,0,S,V,G,P,P,M,E,E,S,V,V,G,S,R,L,Y,I,S,G,G
sp|Q7Z7M0|MEGF8_HUMAN,1994-1999,6,0,E,V,F,W,A,G,N,C,S,E,D,C,E,Q,C,T,R,E,G,K
sp|Q86UE8|TLK2_HUMAN,755-760,6,0,I,R,K,S,V,S,T,S,S,P,S,T,S,G,A,S,N,N,S,S
sp|Q86Y38|XYLT1_HUMAN,72-77,6,0,A,P,R,R,E,R,R,D,L,P,R,G,G,G,G,G,G,G,G,G
sp|Q8N9B5|JMY_HUMAN,160-171,12,0,P,G,Q,K,T,S,E,A,D,D,P,R,E,A,Q,V,S,S,V,R
sp|Q8N9B5|JMY_HUMAN,468-474,7,0,M,R,A,D,Q,K,K,F,G,K,E,R,M,E,K,L,Q,Y,A,V
sp|Q8TAC9|SCAM5_HUMAN,203-212,10,0,G,A,W,K,N,P,H,V,Q,Q,Q,G,A,M,N,Q,P,Q,T,Q
sp|Q9BRJ7|TIRR_HUMAN,191-195,5,1,N,M,M,P,E,E,K,L,V,E,T,E,K,Q,K,K,A,L,E,K
sp|Q9NS39|RED2_HUMAN,331-335,5,0,G,R,S,K,K,L,A,R,G,Q,L,Q,E,L,F,D,I,Q,M,P
sp|Q9NYQ6|CELR1_HUMAN,16-23,8,0,P,P,V,L,P,V,L,L,L,L,M,G,L,R,A,A,A,W,E,P
sp|Q9NYU2|UGGG1_HUMAN,10-15,6,0,-,M,G,C,K,G,D,A,S,G,L,P,V,T,G,V,C,Y,K,M
sp|Q9NYU2|UGGG1_HUMAN,838-846,9,0,N,F,I,T,K,M,A,K,E,G,D,I,A,E,F,S,V,G,G,M
sp|Q9UPU5|UBP24_HUMAN,498-501,4,0,T,V,I,E,N,I,H,T,I,I,V,K,F,N,S,D,Q,L,N,H
sp|Q9UPU5|UBP24_HUMAN,683-687,5,0,T,G,S,L,I,A,C,H,R,L,G,P,G,G,L,S,G,S,T,L
sp|Q9UPU5|UBP24_HUMAN,1340-1343,4,0,T,V,A,C,F,M,R,L,S,W,G,R,L,D,L,V,G,S,S,Q
sp|Q9Y5P6|GMPPB_HUMAN,40-44,5,1,N,K,P,I,L,L,H,Q,V,E,G,V,D,H,V,I,L,A,V,S
sp|A8MW92|P20L1_HUMAN,177-183,7,0,G,S,E,D,W,I,A,L,V,K,K,N,K,T,G,S,K,P,R,T
sp|A8MW92|P20L1_HUMAN,522-526,5,0,S,S,K,A,I,A,D,G,R,G,G,I,S,K,T,E,K,K,V,K
sp|O75840|KLF7_HUMAN,182-191,10,0,A,L,S,S,V,K,V,G,G,V,G,A,V,K,S,G,Q,S,D,S
sp|P01893|HLAH_HUMAN,159-164,6,0,A,L,N,E,D,L,R,S,W,T,Q,I,T,K,R,K,W,E,A,A
sp|P07902|GALT_HUMAN,17-22,6,1,D,P,Q,Q,R,Q,Q,A,S,E,T,F,R,A,N,D,H,Q,H,I
sp|P0DMW3|SIML1_HUMAN,2-6,5,0,-,-,-,-,-,-,-,-,-,M,P,S,S,L,A,V,R,A,S,S
sp|P29558|RBMS1_HUMAN,114-119,6,0,G,Y,G,F,V,D,F,D,S,P,V,S,A,L,K,A,S,G,V,Q
sp|P47928|ID4_HUMAN,39-48,10,0,A,E,H,G,H,S,L,G,G,S,R,C,K,A,A,E,A,A,A,D
sp|P47928|ID4_HUMAN,52-57,6,0,A,A,A,A,A,A,A,R,C,K,D,E,P,A,L,C,L,Q,C,D
sp|P48050|KCNJ4_HUMAN,391-399,9,0,S,Q,E,E,E,E,M,E,E,E,G,L,G,L,E,A,G,S,K,E
sp|Q0VG99|MESP2_HUMAN,63-68,6,0,Q,P,Q,P,P,S,C,S,S,R,T,T,P,R,R,A,R,T,G,P
sp|Q14210|LY6D_HUMAN,9-14,6,0,-,-,M,R,T,A,L,L,L,L,T,G,P,A,L,T,L,R,C,H
sp|Q14676|MDC1_HUMAN,608-613,6,0,S,Q,L,P,A,E,G,D,A,G,V,L,K,Q,E,R,A,H,E,V
sp|Q16740|CLPP_HUMAN,266-270,5,0,P,T,L,V,Q,K,E,P,V,E,E,P,V,P,A,S,T,-,-,-
sp|Q2TBF2|WSCD2_HUMAN,50-55,6,0,V,G,Q,P,A,V,S,G,N,Q,G,G,P,A,E,G,A,E,L,S
sp|Q58A45|PAN3_HUMAN,22-26,5,0,A,A,A,S,P,S,S,S,S,L,V,V,A,P,P,G,V,G,G,V
sp|Q58A45|PAN3_HUMAN,72-76,5,0,E,E,C,Q,F,L,H,E,D,P,P,G,L,G,L,H,S,N,S,V
sp|Q5JTC6|AMER1_HUMAN,11-16,6,0,M,E,T,Q,K,D,E,A,A,Q,S,G,S,T,R,E,Q,T,A,E
sp|Q6B0K9|HBM_HUMAN,64-69,6,1,Q,L,L,S,H,G,Q,R,M,L,V,Q,H,V,D,N,L,R,A,A
sp|Q6NVV3|NIPA3_HUMAN,129-138,10,0,V,G,L,L,S,M,G,A,G,E,P,A,T,L,V,T,P,L,G,A
sp|Q6Y1H2|HACD2_HUMAN,2-10,9,0,-,-,-,-,-,-,-,-,-,M,K,G,N,G,G,G,G,G,R,A
sp|Q6ZMD2|SPNS3_HUMAN,44-49,6,0,P,T,S,W,S,L,P,P,W,R,V,L,C,Y,I,N,L,L,N,Y
sp|Q70Z35|PREX2_HUMAN,708-711,4,0,V,V,H,A,V,G,R,G,T,V,G,L,H,P,G,Q,C,I,I,K
sp|Q8IU54|IFNL1_HUMAN,104-109,6,1,E,L,A,L,T,L,K,V,L,E,L,E,D,V,L,D,Q,P,L,H
sp|Q8IWL1|SFPA2_HUMAN,14-19,6,0,C,P,L,A,L,T,L,I,L,M,C,E,V,K,D,V,C,V,G,S
sp|Q8TEJ3|SH3R3_HUMAN,10-18,9,0,-,M,L,L,G,A,S,W,L,C,Q,S,E,G,D,E,D,R,P,G
sp|Q8TEJ3|SH3R3_HUMAN,35-42,8,0,D,R,P,G,E,R,R,R,R,R,G,E,D,M,D,E,S,S,L,L
sp|Q8TEJ3|SH3R3_HUMAN,610-615,6,0,A,S,Q,A,R,S,T,I,S,T,Q,A,Q,D,R,P,T,A,T,V
sp|Q9BXI2|ORNT2_HUMAN,116-123,8,0,D,L,Q,T,A,A,A,G,S,F,L,C,P,T,E,L,V,K,C,R
sp|Q9BZQ2|SHP1L_HUMAN,84-89,6,0,P,A,A,Q,A,E,D,T,G,E,E,E,P,L,L,P,V,P,E,D
sp|Q9UNA0|ATS5_HUMAN,37-41,5,0,A,Q,D,K,A,G,Q,P,P,T,Q,P,R,R,R,Q,G,E,E,V
sp|Q9Y5E8|PCDBF_HUMAN,676-681,6,0,F,S,Q,P,Y,L,P,L,P,E,Q,A,D,S,L,T,V,Y,L,V
sp|A6NHL2|TBAL3_HUMAN,337-341,5,0,R,G,D,V,V,P,K,E,V,N,T,K,S,R,H,S,V,Q,F,V
sp|O15481|MAGB4_HUMAN,71-74,4,0,E,P,Q,R,E,P,P,T,T,S,M,S,C,T,G,S,D,K,G,D
sp|P04439|HLAA_HUMAN,159-164,6,1,A,L,N,E,D,L,R,S,W,T,Q,I,T,K,R,K,W,E,A,A
sp|P21953|ODBB_HUMAN,2-8,7,0,-,-,-,-,-,-,-,-,-,M,G,W,L,L,R,L,R,A,A,G
sp|P48643|TCPE_HUMAN,40-45,6,1,G,L,E,A,L,K,S,H,I,M,N,T,M,R,T,S,L,G,P,N
sp|P55199|ELL_HUMAN,416-420,5,0,H,S,G,R,D,C,E,H,G,E,P,T,V,R,L,G,L,P,L,L
sp|P78412|IRX6_HUMAN,73-81,9,0,E,L,G,A,A,L,G,I,Y,G,Q,S,Y,P,G,Y,L,P,Y,S
sp|Q3ZCQ8|TIM50_HUMAN,2-6,5,0,-,-,-,-,-,-,-,-,-,M,V,F,S,R,L,R,S,G,L,R
sp|Q5TAB7|RIPP2_HUMAN,14-19,6,0,A,G,G,A,E,G,T,E,S,G,T,D,G,P,T,R,R,A,G,A
sp|Q5TB80|CE162_HUMAN,949-953,5,0,Y,P,N,S,L,P,A,L,I,L,G,D,T,V,D,K,N,T,V,E
sp|Q86SJ6|DSG4_HUMAN,746-752,7,0,T,G,M,G,T,A,V,G,L,M,S,G,A,A,R,K,R,S,S,T
sp|Q86U90|YRDC_HUMAN,12-16,5,0,S,P,A,R,R,C,R,G,M,R,S,V,G,L,S,E,G,P,A,G
sp|Q8IX30|SCUB3_HUMAN,454-459,6,0,T,V,S,C,G,T,P,S,P,R,G,H,N,G,N,S,T,N,S,N
sp|Q8IY34|S15A3_HUMAN,33-37,5,0,G,A,R,G,P,R,R,W,R,R,V,L,L,V,E,M,L,E,R,A
sp|Q8WZ75|ROBO4_HUMAN,885-890,6,0,N,G,W,G,S,A,S,E,D,N,S,L,V,S,S,S,D,G,S,F
sp|Q92733|PRCC_HUMAN,244-253,10,0,G,T,T,T,T,T,P,S,P,S,L,Q,V,T,K,Q,I,T,Q,E
sp|Q92733|PRCC_HUMAN,353-358,6,0,S,Y,N,Q,F,S,T,Y,G,D,Y,Y,Q,D,Y,Y,S,G,G,Y
sp|Q96NT1|NP1L5_HUMAN,15-23,9,0,E,N,Q,G,P,A,E,P,S,Q,E,E,V,M,A,E,G,G,A,Q
sp|Q96NT1|NP1L5_HUMAN,159-167,9,0,E,E,G,E,D,E,E,E,E,E,K,H,D,D,A,H,A,E,M,P
sp|Q9BYK8|HELZ2_HUMAN,707-712,6,0,M,Q,V,T,P,R,L,F,S,V,E,H,T,L,L,H,R,L,F,L
sp|Q9BYK8|HELZ2_HUMAN,1021-1026,6,0,D,I,T,A,T,T,A,Q,T,E,G,D,A,V,K,E,D,V,V,P
sp|Q9BYK8|HELZ2_HUMAN,1038-1047,10,0,D,A,V,K,E,D,V,V,P,G,G,V,E,S,T,E,A,E,D,A
sp|Q9H1J1|REN3A_HUMAN,13-17,5,0,S,E,K,E,G,A,G,G,L,R,R,G,P,S,G,R,E,K,L,S
sp|Q9H7H0|MET17_HUMAN,24-29,6,0,W,C,P,G,L,G,V,A,P,Q,L,V,P,G,V,T,Q,V,D,N
sp|Q9HAT1|LMA1L_HUMAN,441-447,7,0,G,L,L,Q,E,E,L,R,G,P,P,R,P,P,G,Q,P,P,R,A
sp|Q9NQ92|COPRS_HUMAN,5-10,6,0,-,-,-,-,-,-,M,D,L,Q,Q,G,A,A,E,P,S,R,G,P
sp|Q9NSA2|KCND1_HUMAN,12-16,5,0,A,A,G,L,A,T,W,L,P,F,V,G,W,L,P,L,A,Q,Q,P
sp|Q9NWT6|HIF1N_HUMAN,2-10,9,1,-,-,-,-,-,-,-,-,-,M,S,G,S,G,E,P,R,E,E,A
sp|Q9UBF2|COPG2_HUMAN,486-494,9,1,I,F,N,R,V,V,L,E,N,E,L,A,K,F,G,A,Q,N,E,S
sp|Q9UBX2|DUX4_HUMAN,211-217,7,0,A,L,P,Q,G,A,F,V,S,Q,L,Q,P,S,Q,A,A,P,A,E
sp|Q9UBX2|DUX4_HUMAN,240-245,6,0,S,Q,P,A,P,A,R,G,D,F,P,P,D,G,A,L,S,H,P,Q
sp|Q9UQQ1|NALDL_HUMAN,630-634,5,1,P,L,V,T,A,V,E,K,F,E,L,G,Q,R,I,S,T,L,Q,K
sp|Q9Y6I3|EPN1_HUMAN,280-285,6,0,A,P,T,T,D,P,W,G,G,P,V,P,T,A,A,P,T,S,D,P
sp|O14498|ISLR_HUMAN,90-95,6,0,W,L,A,H,N,E,I,R,T,V,S,L,S,H,L,K,S,L,D,L
sp|P14222|PERF_HUMAN,154-159,6,0,H,V,S,V,A,G,S,H,S,Q,Q,K,T,H,Q,D,Q,Y,S,F
sp|P15502|ELN_HUMAN,97-110,14,0,F,P,G,A,L,V,P,G,G,V,G,L,G,G,V,P,G,V,G,G
sp|P15502|ELN_HUMAN,254-264,11,0,Y,P,T,G,T,G,V,G,P,Q,K,F,G,A,G,A,A,G,V,L
sp|P15502|ELN_HUMAN,302-314,13,0,I,G,G,I,A,G,V,G,T,P,K,Y,G,A,A,A,G,L,V,P
sp|P15502|ELN_HUMAN,372-381,10,0,A,A,V,P,G,V,V,S,P,E,K,Y,G,A,R,P,G,V,G,V
sp|P15502|ELN_HUMAN,441-450,10,0,G,V,P,G,V,G,I,S,P,E,K,Y,G,A,A,G,A,G,V,L
sp|P15502|ELN_HUMAN,487-498,12,0,T,G,G,V,P,G,V,G,T,P,Q,F,G,L,V,P,G,V,G,V
sp|P15502|ELN_HUMAN,554-565,12,0,V,A,P,G,I,G,P,G,G,V,K,A,Q,L,R,A,A,A,G,L
sp|P15502|ELN_HUMAN,648-655,8,0,S,T,P,S,S,P,R,V,P,G,K,Y,G,A,A,V,P,G,V,L
sp|P15502|ELN_HUMAN,683-699,17,0,G,V,G,I,P,G,G,V,V,G,Q,F,G,L,V,G,A,A,G,L
sp|P15502|ELN_HUMAN,731-737,7,0,G,V,G,G,L,G,G,I,P,P,K,Y,G,A,A,G,L,G,G,V
sp|P27539|GDF1_HUMAN,152-158,7,0,P,S,R,A,R,L,E,L,R,F,P,E,G,G,W,E,L,S,V,A
sp|P27539|GDF1_HUMAN,223-228,6,0,L,R,L,A,L,A,L,R,P,R,R,L,A,E,A,S,L,L,L,V
sp|P27539|GDF1_HUMAN,326-332,7,0,N,H,A,V,L,R,A,L,M,H,D,L,P,C,C,V,P,A,R,L
sp|P30046|DOPD_HUMAN,25-28,4,1,V,P,A,G,L,E,K,R,L,C,S,I,L,G,K,P,A,D,R,V
sp|P52824|DGKQ_HUMAN,2-5,4,0,-,-,-,-,-,-,-,-,-,M,E,P,G,A,R,A,W,L,G,G
sp|P52824|DGKQ_HUMAN,929-936,8,0,K,P,R,R,A,G,T,T,R,D,P,E,S,D,P,R,-,-,-,-
sp|P55107|GDF10_HUMAN,42-47,6,0,A,G,S,H,R,A,P,A,W,S,D,G,L,Q,G,D,R,D,L,Q
sp|Q13011|ECH1_HUMAN,256-262,7,1,V,F,P,D,K,E,V,M,L,D,E,I,S,S,K,S,P,V,A,V
sp|Q15652|JHD2C_HUMAN,1125-1131,7,0,S,N,I,Y,G,D,K,Q,S,N,N,P,Q,T,L,T,S,F,I,T
sp|Q15652|JHD2C_HUMAN,1487-1492,6,0,T,D,F,I,H,L,K,K,H,K,Q,Y,K,S,S,N,A,S,E,T
sp|Q5VT25|MRCKA_HUMAN,637-642,6,0,A,K,K,E,L,E,V,H,T,E,S,K,D,R,K,L,R,E,Q,S
sp|Q6PCB0|VWA1_HUMAN,180-186,7,0,T,G,R,G,N,F,L,E,L,S,E,K,H,L,H,F,V,D,V,D
sp|Q6UWE3|COLL2_HUMAN,2-6,5,0,-,-,-,-,-,-,-,-,-,M,L,V,A,G,V,L,S,G,A,V
sp|Q6XE24|RBMS3_HUMAN,113-118,6,0,G,Y,G,F,V,D,F,D,S,P,V,A,S,L,K,A,N,G,V,Q
sp|Q6ZU69|S31F1_HUMAN,1238-1243,6,0,G,K,G,H,E,D,S,M,F,S,K,T,R,K,E,N,V,A,K,S
sp|Q7Z3B4|NUP54_HUMAN,15-22,8,0,F,G,A,P,S,G,T,S,G,T,G,G,F,G,G,F,G,T,T,S
sp|Q8IX05|CD302_HUMAN,17-22,6,0,P,A,L,L,L,P,L,L,G,L,D,C,P,S,S,T,W,I,Q,F
sp|Q8N2Q7|NLGN1_HUMAN,539-544,6,1,Y,H,H,C,Q,T,D,Q,V,P,H,G,D,E,V,P,Y,V,L,G
sp|Q96GP6|SREC2_HUMAN,679-685,7,0,K,V,S,W,I,H,G,K,H,S,P,S,P,P,P,P,G,S,E,A
sp|Q96GP6|SREC2_HUMAN,735-740,6,0,T,P,R,P,P,G,L,P,E,E,P,S,P,P,R,A,R,A,R,G
sp|Q9BTE7|DCNL5_HUMAN,13-17,5,0,V,K,K,K,R,K,S,P,G,V,E,D,G,G,L,K,K,C,K,I
sp|Q9H2F3|3BHS7_HUMAN,74-80,7,0,Q,G,D,V,T,Q,A,H,E,V,H,V,V,I,H,T,A,G,L,V
sp|Q9H832|UBE2Z_HUMAN,9-17,9,0,-,-,M,A,E,S,P,T,E,E,G,P,G,A,S,S,V,A,G,V
sp|Q9H832|UBE2Z_HUMAN,47-55,9,0,F,G,P,P,F,L,P,D,V,W,G,G,P,G,S,G,L,A,P,L
sp|Q9H832|UBE2Z_HUMAN,72-78,7,0,L,A,P,L,P,G,L,P,P,S,L,L,S,H,W,D,P,T,L,S
sp|Q9H8L6|MMRN2_HUMAN,577-585,9,0,Q,V,Q,A,L,D,D,E,V,G,R,H,E,V,R,Q,L,H,S,A
sp|Q9H8L6|MMRN2_HUMAN,719-724,6,0,K,N,V,G,R,C,C,E,A,E,S,L,N,A,S,L,H,G,L,H
sp|Q9NSB2|KRT84_HUMAN,407-412,6,0,H,A,K,A,Q,R,A,K,L,E,E,Q,Q,G,E,A,T,L,S,D
sp|Q9P227|RHG23_HUMAN,739-748,10,0,L,S,K,E,R,R,E,P,G,P,G,E,D,E,A,A,P,V,C,I
sp|Q9P227|RHG23_HUMAN,1359-1363,5,0,S,S,S,Q,E,S,L,R,P,P,S,R,P,S,R,M,E,A,L,R
sp|Q9UJP4|KLH21_HUMAN,52-57,6,0,A,G,G,R,D,F,P,A,H,R,S,P,Y,F,R,A,M,F,A,G
sp|A0A0C4DH31|HV118_HUMAN,12-17,6,0,D,W,T,W,S,I,L,F,L,V,H,S,Q,V,Q,L,V,Q,S,G
sp|A6ND91|ASPDH_HUMAN,195-201,7,0,P,F,A,P,R,N,S,N,T,M,P,S,L,G,F,D,G,V,I,G
sp|H7BZ55|CRCC2_HUMAN,504-509,6,0,E,M,V,V,E,E,L,K,G,K,E,K,Q,G,L,E,A,E,A,A
sp|H7BZ55|CRCC2_HUMAN,624-628,5,0,S,E,G,V,E,Q,R,D,S,L,L,M,E,G,L,A,Q,D,K,S
sp|H7BZ55|CRCC2_HUMAN,780-785,6,0,Q,E,A,L,E,R,Q,G,R,L,D,L,R,V,E,R,D,S,L,E
sp|H7BZ55|CRCC2_HUMAN,1188-1193,6,0,S,Q,E,V,L,E,L,R,R,Q,K,H,E,G,A,R,K,E,V,L
sp|H7BZ55|CRCC2_HUMAN,1434-1439,6,0,Q,R,R,V,E,G,A,L,S,S,L,Q,K,E,A,L,R,R,L,E
sp|O00410|IPO5_HUMAN,2-6,5,0,-,-,-,-,-,-,-,-,-,M,E,Q,Q,Q,F,Y,L,L,L,G
sp|O00410|IPO5_HUMAN,194-199,6,0,Q,E,H,P,S,I,R,T,L,S,F,I,L,A,N,E,H,N,V,A
sp|O00410|IPO5_HUMAN,460-465,6,0,M,E,D,Q,G,N,Q,R,V,Q,L,I,N,F,T,E,D,C,P,K
sp|O15405|TOX3_HUMAN,330-335,6,0,A,A,Y,R,A,S,L,V,S,K,E,A,Q,T,I,R,S,V,Q,Q
sp|O75912|DGKI_HUMAN,20-31,12,0,L,L,P,L,P,A,A,R,G,P,S,P,P,G,P,C,S,G,A,A
sp|O75912|DGKI_HUMAN,43-52,10,0,P,P,G,P,C,S,G,A,A,C,M,N,P,S,S,S,A,G,E,E
sp|O75912|DGKI_HUMAN,92-102,11,0,G,A,E,G,G,A,D,P,R,G,L,D,E,P,A,A,A,G,Q,K
sp|O94778|AQP8_HUMAN,125-130,6,0,V,S,Q,L,L,G,G,M,L,G,V,S,P,E,E,R,F,W,N,A
sp|P04629|NTRK1_HUMAN,29-34,6,0,P,G,S,L,L,A,W,L,I,L,P,C,P,D,A,C,C,P,H,G
sp|P11498|PYC_HUMAN,157-162,6,0,R,K,M,G,D,K,V,E,A,R,G,V,P,V,V,P,G,T,D,A
sp|P12882|MYH1_HUMAN,1441-1445,5,0,D,L,M,I,D,V,E,R,T,N,L,D,K,K,Q,R,N,F,D,K
sp|P18583|SON_HUMAN,46-53,8,0,E,T,N,T,P,I,E,G,N,Q,R,S,L,P,N,E,E,I,V,Q
sp|P18583|SON_HUMAN,2062-2071,10,0,D,L,D,K,A,Q,L,L,E,I,K,A,G,V,P,L,P,P,N,L
sp|P38570|ITAE_HUMAN,447-456,10,0,S,R,R,G,R,F,L,N,Q,T,Q,Y,S,Y,L,G,Y,A,V,A
sp|P46379|BAG6_HUMAN,1070-1076,7,1,Q,L,L,L,S,E,A,V,S,R,R,P,L,T,S,P,E,S,L,S
sp|P51532|SMCA4_HUMAN,290-294,5,0,P,P,K,P,W,P,E,G,P,M,P,T,S,T,P,Q,K,L,I,P
sp|P58107|EPIPL_HUMAN,552-556,5,0,A,A,K,L,S,A,T,L,E,Q,R,V,T,F,S,G,L,R,D,T
sp|P58107|EPIPL_HUMAN,1320-1325,6,0,G,R,E,L,S,E,Q,L,G,Q,G,Y,P,D,P,Y,S,R,A,S
sp|P58107|EPIPL_HUMAN,2624-2633,10,0,E,G,Q,G,E,G,E,T,Q,E,R,R,Q,E,Q,T,L,R,D,A
sp|P58107|EPIPL_HUMAN,3160-3164,5,0,E,G,Q,G,E,G,E,T,Q,E,R,R,Q,E,Q,T,L,R,D,A
sp|P58107|EPIPL_HUMAN,3691-3698,8,0,E,G,Q,G,E,G,E,T,Q,E,R,R,Q,E,Q,T,L,R,D,A
sp|P58107|EPIPL_HUMAN,4225-4232,8,0,E,G,Q,G,E,G,E,T,Q,E,R,R,Q,E,Q,T,L,R,D,A
sp|P58107|EPIPL_HUMAN,4761-4765,5,0,E,G,Q,G,E,G,E,T,Q,E,R,R,Q,E,Q,T,L,R,D,A
sp|Q14980|NUMA1_HUMAN,422-427,6,0,V,L,Q,L,E,T,L,K,Q,E,N,N,T,Q,L,Q,A,R,V,E
sp|Q14980|NUMA1_HUMAN,790-795,6,0,A,E,T,E,V,L,R,R,E,L,Q,H,T,A,E,S,E,C,E,Q
sp|Q14980|NUMA1_HUMAN,1372-1377,6,0,P,A,K,H,L,C,Q,Q,L,Q,E,K,R,H,R,E,E,L,E,Q
sp|Q14980|NUMA1_HUMAN,2095-2105,11,0,R,R,S,P,R,I,A,T,T,T,T,P,R,A,K,G,K,A,K,H
sp|Q5T442|CXG2_HUMAN,319-328,10,0,P,A,P,A,P,R,P,P,P,C,C,P,P,D,Y,S,L,V,V,R
sp|Q674R7|ATG9B_HUMAN,739-744,6,0,G,H,L,W,G,R,V,Q,Q,D,T,S,A,R,G,P,S,T,P,G
sp|Q674R7|ATG9B_HUMAN,790-794,5,0,R,D,L,S,P,T,A,P,C,P,S,L,L,A,S,I,S,R,I,A
sp|Q6ZQN5|FOXI2_HUMAN,199-204,6,0,G,N,F,R,R,K,R,K,R,R,V,R,S,G,A,R,S,V,G,G
sp|Q86XR2|NIBA3_HUMAN,236-241,6,0,L,Q,G,I,V,L,Q,R,S,Q,F,L,D,A,V,R,L,Y,R,Q
sp|Q8N8E1|MAAS1_HUMAN,75-84,10,0,G,S,A,S,A,G,G,S,R,L,P,G,D,R,S,L,C,W,A,P
sp|Q8N9C0|IGS22_HUMAN,611-616,6,0,P,P,T,I,D,P,S,V,L,E,I,T,V,K,V,G,H,T,A,H
sp|Q8TD57|DYH3_HUMAN,540-543,4,0,K,Y,I,P,L,K,F,S,F,T,D,R,Q,C,V,K,A,A,E,P
sp|Q8TD57|DYH3_HUMAN,560-566,7,0,A,A,E,P,G,E,P,S,M,H,E,L,K,G,Y,N,L,L,L,G
sp|Q8TD57|DYH3_HUMAN,2742-2749,8,0,K,L,L,V,Q,A,D,E,K,E,Q,G,I,K,N,E,C,E,G,D
sp|Q8TD57|DYH3_HUMAN,2769-2773,5,0,D,L,A,E,A,M,P,A,L,E,L,D,T,L,N,P,A,D,I,S
sp|Q96KR7|PHAR3_HUMAN,526-531,6,1,R,A,D,K,P,W,T,R,L,S,I,R,K,E,L,N,E,Y,K,S
sp|Q9H0J9|PAR12_HUMAN,55-61,7,0,Q,R,G,R,F,V,V,A,V,R,P,E,R,V,V,L,A,A,S,P
sp|Q9H8G2|CAAP1_HUMAN,19-25,7,0,E,K,R,R,K,R,S,S,Q,E,P,D,I,V,P,A,L,A,S,G
sp|Q9H8G2|CAAP1_HUMAN,274-279,6,0,S,D,I,E,G,P,C,N,E,E,P,E,N,T,V,Q,S,E,A,G
sp|Q9P260|RELCH_HUMAN,75-81,7,0,S,S,A,R,P,G,L,P,G,E,L,G,G,T,G,E,T,P,A,R
sp|Q9UK22|FBX2_HUMAN,40-45,6,0,E,R,P,E,D,Q,Q,E,E,E,Y,L,D,E,L,P,E,P,L,L
sp|Q9UK22|FBX2_HUMAN,60-65,6,1,L,P,E,P,L,L,L,R,V,L,E,L,V,Q,A,C,R,L,V,C
sp|Q9Y3A0|COQ4_HUMAN,53-58,6,0,P,T,S,P,L,Q,K,G,L,L,M,A,L,Y,N,P,Y,R,H,D
tr|A0A6Q8PFC9|A0A6Q8PFC9_HUMAN,14-18,5,0,F,R,S,Q,L,F,T,G,I,S,H,S,Y,P,R,R,F,S,T,L
sp|B3SHH9|TM114_HUMAN,9-13,5,0,-,-,M,R,V,H,L,G,G,L,L,T,G,A,L,S,F,V,L,L
sp|B3SHH9|TM114_HUMAN,159-164,6,0,V,T,L,A,G,I,S,V,Y,I,F,R,E,A,L,C,L,L,E,E
sp|B3SHH9|TM114_HUMAN,204-210,7,0,I,S,F,I,A,E,L,L,T,G,R,E,L,S,L,R,R,R,Q,D
sp|P07686|HEXB_HUMAN,40-45,6,0,L,T,Q,V,A,L,V,V,Q,V,P,S,V,S,A,K,P,G,P,A
sp|P17677|NEUM_HUMAN,61-66,6,0,L,K,G,E,K,K,D,D,V,Q,N,K,K,D,E,A,P,V,A,D
sp|P17677|NEUM_HUMAN,88-93,6,0,V,E,K,K,G,E,G,T,T,T,T,G,S,K,P,D,E,P,G,K
sp|P17677|NEUM_HUMAN,172-179,8,0,K,E,E,P,K,Q,A,D,V,P,T,T,P,A,A,E,D,A,A,A
sp|P17677|NEUM_HUMAN,183-193,11,0,A,V,T,A,A,A,A,T,T,P,Q,P,P,T,E,T,G,E,S,S
sp|P23368|MAOM_HUMAN,284-289,6,1,C,T,F,N,D,D,I,Q,G,T,G,L,L,A,A,Q,K,V,I,S
sp|P55789|ALR_HUMAN,44-48,5,0,A,R,G,R,G,A,G,R,R,D,S,T,P,A,Q,A,P,T,S,D
sp|P55795|HNRH2_HUMAN,341-346,6,0,A,D,V,E,F,A,T,H,E,D,K,D,K,A,N,M,Q,H,R,Y
sp|P78527|PRKDC_HUMAN,2317-2320,4,1,M,S,F,V,R,Y,K,E,V,Y,E,V,L,G,L,I,L,R,Y,V
sp|Q02846|GUC2D_HUMAN,76-82,7,0,P,I,F,S,R,A,R,P,D,L,R,L,N,R,D,P,G,L,A,G
sp|Q02846|GUC2D_HUMAN,291-296,6,0,I,H,Y,A,L,S,P,G,P,E,N,S,S,Q,L,R,R,A,H,D
sp|Q02846|GUC2D_HUMAN,362-368,7,0,D,A,V,F,L,L,A,R,G,V,G,G,R,W,V,S,G,A,A,V
sp|Q2VIQ3|KIF4B_HUMAN,482-487,6,0,L,I,T,Q,L,S,D,E,T,V,I,D,T,A,V,E,E,E,A,Q
sp|Q2VIQ3|KIF4B_HUMAN,707-710,4,0,S,S,V,L,R,R,K,T,E,E,N,K,R,L,K,D,A,L,Q,K
sp|Q5VT97|SYDE2_HUMAN,134-138,5,0,G,R,M,D,G,W,S,G,D,R,P,T,G,L,Q,P,P,G,C,K
sp|Q6IF99|O10K2_HUMAN,146-150,5,0,M,G,H,G,V,C,M,G,L,V,C,G,F,T,V,A,Q,I,I,T
sp|Q6NT55|CP4FN_HUMAN,121-126,6,0,H,P,D,Y,I,K,P,L,L,G,P,K,D,D,L,F,Y,G,F,L
sp|Q6P575|BGP11_HUMAN,47-51,5,0,D,A,V,S,P,R,E,P,V,V,G,R,P,L,K,L,P,R,R,L
sp|Q86Y01|DTX1_HUMAN,256-264,9,0,A,V,R,P,S,A,T,F,T,G,G,P,A,E,P,A,P,P,P,G
sp|Q86Y01|DTX1_HUMAN,616-620,5,0,A,E,L,T,A,Q,G,V,S,E,-,-,-,-,-,-,-,-,-,-
sp|Q8IXH6|T53I2_HUMAN,52-57,6,0,D,S,Y,A,A,P,P,S,P,G,G,R,P,P,P,A,P,S,L,M
sp|Q8IXH6|T53I2_HUMAN,149-154,6,0,E,L,T,P,A,R,R,E,P,R,P,L,P,A,R,A,A,L,L,E
sp|Q8IZS8|CA2D3_HUMAN,16-21,6,0,S,P,R,R,A,S,R,G,A,S,L,L,Y,A,A,L,G,D,V,V
sp|Q8N0X2|SPG16_HUMAN,33-38,6,0,L,T,A,A,G,D,A,R,D,T,E,G,A,Y,Y,L,E,Q,V,T
sp|Q8NBZ9|NEAS1_HUMAN,231-239,9,0,T,S,A,P,A,A,G,S,P,L,V,S,S,S,K,F,P,-,-,-
sp|Q96GE9|DMAC1_HUMAN,20-24,5,0,E,S,Y,I,T,A,P,P,G,T,K,P,A,P,P,A,T,P,G,A
sp|Q9H161|ALX4_HUMAN,14-19,6,0,E,T,C,V,S,Y,C,E,S,P,Y,Y,S,P,V,S,Q,S,R,E
sp|Q9H161|ALX4_HUMAN,50-54,5,0,G,D,K,F,G,T,T,F,L,S,Q,G,F,G,D,A,K,S,R,A
sp|Q9H967|WDR76_HUMAN,6-11,6,0,-,-,-,-,-,M,S,R,S,G,D,S,R,Q,R,P,Q,M,K,V
sp|Q9NVR5|KTU_HUMAN,2-6,5,0,-,-,-,-,-,-,-,-,-,M,S,S,S,L,E,D,L,D,L,S
sp|Q9NVR5|KTU_HUMAN,358-365,8,0,V,V,L,P,A,A,R,R,E,P,P,E,E,S,A,D,R,S,G,T
sp|Q9UBD0|HSFX1_HUMAN,373-381,9,0,C,H,L,W,V,P,V,T,L,V,S,M,V,M,F,P,H,L,P,A
sp|Q9UIU6|SIX4_HUMAN,58-63,6,0,P,A,P,F,P,L,E,P,G,D,R,V,S,G,E,E,G,A,V,A
sp|Q9UIU6|SIX4_HUMAN,71-81,11,0,A,A,A,R,V,S,G,E,E,G,D,Q,V,Q,L,H,S,E,L,L
sp|Q9UIU6|SIX4_HUMAN,97-102,6,0,H,S,E,L,L,G,R,H,H,H,Q,T,P,L,A,F,S,P,D,H
sp|Q9UKA8|RCAN3_HUMAN,99-103,5,0,R,V,R,I,N,F,S,K,P,E,R,I,E,L,H,E,T,D,F,N
sp|Q9Y4L5|RN115_HUMAN,2-9,8,0,-,-,-,-,-,-,-,-,-,M,D,S,G,A,A,V,A,A,H,R
sp|Q9Y4L5|RN115_HUMAN,13-17,5,0,E,A,S,A,A,G,A,D,S,G,H,R,F,F,C,H,F,C,K,G
sp|A0A0J9YXQ4|PMA6E_HUMAN,116-121,6,0,P,S,F,P,A,Q,P,Q,G,Q,G,E,G,G,G,A,G,E,A,G
sp|A0A0J9YXQ4|PMA6E_HUMAN,506-510,5,0,A,F,P,A,R,S,Q,Q,G,V,P,V,E,S,E,D,P,A,A,A
sp|A0A0J9YXQ4|PMA6E_HUMAN,518-522,5,0,A,A,A,P,V,E,S,E,D,P,S,P,A,Q,G,N,A,S,E,A
sp|A0A0J9YXQ4|PMA6E_HUMAN,539-545,7,0,A,S,E,A,G,P,G,A,E,D,T,K,E,A,A,R,G,A,P,A
sp|A6NE52|WDR97_HUMAN,477-481,5,0,S,S,L,L,L,E,P,E,D,C,Y,C,L,P,R,E,A,L,W,L
sp|O15504|NUP42_HUMAN,270-275,6,0,G,S,P,A,G,F,G,S,S,P,S,T,S,S,G,I,S,T,S,A
sp|O60575|ISK4_HUMAN,9-14,6,0,-,-,M,A,V,R,Q,W,V,I,L,L,V,V,D,R,E,V,P,V
sp|O75173|ATS4_HUMAN,247-252,6,0,G,L,K,R,Y,L,L,T,V,M,F,K,H,P,S,I,R,N,P,V
sp|P09923|PPBI_HUMAN,112-117,6,0,Y,N,V,D,R,Q,V,P,D,S,Y,L,C,G,V,K,A,N,F,Q
sp|P47755|CAZA2_HUMAN,50-55,6,1,L,N,N,D,N,L,L,R,E,G,Q,Y,N,L,D,Q,F,T,P,V
sp|P50453|SPB9_HUMAN,329-332,4,0,F,V,E,V,N,E,E,G,T,E,S,S,C,F,V,V,A,E,C,C
sp|Q12805|FBLN3_HUMAN,120-126,7,0,S,G,V,L,P,G,G,G,F,V,G,P,E,M,Q,T,G,R,N,N
sp|Q5JV73|FRPD3_HUMAN,1778-1784,7,0,Q,Q,Q,Q,Q,Q,Q,Q,Q,V,T,E,H,P,P,G,S,P,T,S
sp|Q6MZM9|PRR27_HUMAN,120-126,7,0,P,F,V,P,P,S,R,F,F,S,P,P,I,A,A,E,P,A,A,A
sp|Q6MZM9|PRR27_HUMAN,130-137,8,0,A,A,A,A,P,A,A,P,P,I,P,L,T,A,T,P,V,A,A,E
sp|Q6MZM9|PRR27_HUMAN,145-150,6,0,A,A,A,P,L,T,A,T,P,V,G,A,P,V,A,A,E,P,A,A
sp|Q6MZM9|PRR27_HUMAN,155-160,6,0,A,A,E,P,A,A,G,A,P,V,E,A,P,V,G,A,E,P,A,A
sp|Q6MZM9|PRR27_HUMAN,175-180,6,0,G,A,E,P,A,A,E,A,P,V,E,A,P,V,G,V,E,P,A,A
sp|Q6P1X5|TAF2_HUMAN,109-116,8,1,K,Q,R,N,L,N,Y,F,S,N,V,D,P,D,A,G,N,G,E,L
sp|Q6ZUS6|CC149_HUMAN,344-348,5,0,A,Q,K,Q,E,E,D,E,S,C,L,T,A,P,E,D,A,G,R,P
sp|Q6ZVT0|TTL10_HUMAN,257-261,5,0,G,G,V,Q,A,R,L,E,K,D,L,E,D,L,P,W,T,S,P,G
sp|Q7L590|MCM10_HUMAN,470-478,9,0,Y,Y,G,G,V,S,S,A,S,Y,P,K,K,K,I,Q,T,T,L,S
sp|Q7Z2Y8|GVIN1_HUMAN,698-701,4,0,T,D,T,Q,L,L,L,L,S,I,G,Y,H,V,I,N,N,T,F,Q
sp|Q7Z2Y8|GVIN1_HUMAN,1639-1643,5,0,R,R,L,E,Q,K,L,D,E,M,E,Q,E,Q,C,L,D,V,T,C
sp|Q8N568|DCLK2_HUMAN,176-180,5,0,S,V,N,I,K,G,G,T,S,R,S,S,V,K,S,E,V,K,E,S
sp|Q8N5Q1|GAR5B_HUMAN,442-447,6,0,P,P,P,G,L,A,P,P,Q,K,P,P,R,K,A,P,A,V,P,A
sp|Q8N5Q1|GAR5B_HUMAN,482-487,6,0,A,P,A,I,P,A,P,S,R,K,S,P,R,K,A,S,A,V,P,A
sp|Q8NGS0|OR1N1_HUMAN,271-274,4,0,P,S,I,A,S,E,E,K,D,I,M,Y,T,I,V,T,P,M,L,N
sp|Q96BA8|CR3L1_HUMAN,146-154,9,0,L,P,V,D,P,L,A,A,P,S,T,T,P,L,L,G,L,S,P,L
sp|Q96GQ7|DDX27_HUMAN,334-339,6,0,V,G,G,L,D,V,K,S,Q,E,P,D,I,L,I,A,T,P,G,R
sp|Q96JA1|LRIG1_HUMAN,39-44,6,1,E,P,V,T,A,A,A,G,P,R,C,T,C,A,G,D,S,L,D,C
sp|Q96P15|SPB11_HUMAN,346-349,4,0,Y,L,D,V,S,E,E,G,T,E,T,G,D,S,I,A,V,K,S,L
sp|Q9C0F0|ASXL3_HUMAN,1070-1080,11,0,R,A,Q,Q,A,R,A,Q,R,E,S,I,V,S,G,A,M,G,S,P
sp|Q9C0F0|ASXL3_HUMAN,1541-1545,5,0,E,G,I,D,H,S,S,T,F,I,K,Q,D,S,K,T,L,P,A,T
sp|Q9H295|DCSTP_HUMAN,60-63,4,0,A,A,C,W,F,L,P,S,I,I,S,W,I,I,T,C,V,L,L,C
sp|Q9NR19|ACSA_HUMAN,593-598,6,0,E,V,E,S,A,L,V,E,H,E,V,V,G,H,P,H,P,V,K,G
sp|Q9P2D1|CHD7_HUMAN,1826-1831,6,0,C,F,L,E,R,V,G,M,P,D,E,Q,R,G,T,D,M,L,A,D
sp|Q9P2D1|CHD7_HUMAN,2726-2736,11,0,R,R,G,R,R,P,K,S,E,I,S,T,S,G,I,N,P,L,L,V
sp|Q9P2D1|CHD7_HUMAN,2780-2785,6,0,A,G,L,M,G,F,P,P,G,L,G,G,D,A,K,N,P,A,A,V
sp|Q9P2D1|CHD7_HUMAN,2876-2881,6,0,A,A,D,S,A,N,G,S,V,G,G,L,P,S,N,P,L,A,F,N
sp|Q9P2N4|ATS9_HUMAN,25-28,4,0,R,D,L,A,E,M,G,S,P,D,V,R,K,D,R,L,H,P,R,Q
sp|Q9Y261|FOXA2_HUMAN,266-270,5,0,K,C,E,K,Q,L,A,L,K,E,G,S,G,K,K,A,A,A,G,A
sp|Q9Y261|FOXA2_HUMAN,276-282,7,0,A,A,G,A,A,G,S,G,K,K,S,Q,A,Q,L,G,E,A,A,G
sp|A0A0U1RRK4|LBHD2_HUMAN,73-76,4,0,S,A,Q,R,G,P,S,Q,S,R,P,S,P,S,L,P,G,E,P,G
sp|O43747|AP1G1_HUMAN,668-676,9,0,D,L,L,G,D,I,N,L,T,G,S,V,P,Q,I,S,Q,P,P,F
sp|O75569|PRKRA_HUMAN,91-95,5,0,G,T,S,K,K,L,A,K,H,R,I,N,I,L,K,A,N,A,S,I
sp|P09683|SECR_HUMAN,110-114,5,0,L,P,P,G,P,M,V,S,E,P,E,G,T,L,R,P,R,-,-,-
sp|P17861|XBP1_HUMAN,25-32,8,0,P,K,V,L,L,L,S,G,Q,P,G,Q,A,L,P,L,M,V,P,A
sp|P21439|MDR3_HUMAN,247-252,6,0,I,L,S,A,F,S,D,K,E,L,G,A,V,A,E,E,A,L,G,A
sp|P21439|MDR3_HUMAN,1154-1158,5,0,R,V,V,S,Q,D,E,I,V,S,N,I,H,P,F,I,E,T,L,P
sp|P31639|SC5A2_HUMAN,633-637,5,0,G,S,P,P,P,L,T,Q,E,E,R,R,L,E,D,I,S,E,D,P
sp|P42345|MTOR_HUMAN,7-13,7,0,-,-,-,-,M,L,G,T,G,P,T,T,S,S,N,V,S,V,L,Q
sp|P42345|MTOR_HUMAN,1513-1520,8,1,L,V,N,D,E,T,Q,A,K,M,W,G,L,G,Q,W,D,S,M,E
sp|P42345|MTOR_HUMAN,1831-1836,6,1,S,G,A,N,I,T,N,A,T,T,T,A,T,T,T,A,S,T,E,G
sp|Q13470|TNK1_HUMAN,575-580,6,0,P,H,N,H,P,M,G,M,P,G,L,S,G,G,L,L,S,D,P,E
sp|Q14934|NFAC4_HUMAN,189-194,6,0,W,S,F,F,S,D,A,S,D,E,C,D,E,V,E,S,E,L,N,E
sp|Q2Q1W2|LIN41_HUMAN,247-251,5,0,Y,I,E,R,G,P,P,G,P,G,Q,Q,L,G,L,G,P,P,F,P
sp|Q7Z6Z7|HUWE1_HUMAN,2137-2142,6,0,D,T,P,A,L,A,R,L,F,L,G,S,G,T,D,A,Q,V,A,L
sp|Q7Z6Z7|HUWE1_HUMAN,3090-3095,6,0,S,V,L,A,V,M,P,P,D,I,L,R,R,E,Q,E,A,R,Q,R
sp|Q8N6K7|SAMD3_HUMAN,467-472,6,0,T,K,V,D,D,C,V,T,A,L,F,H,V,F,R,I,E,C,P,R
sp|Q92563|TICN2_HUMAN,17-22,6,0,G,R,L,V,L,P,L,L,L,L,E,G,D,A,K,G,L,K,E,G
sp|Q92618|ZN516_HUMAN,574-578,5,0,S,A,S,Q,P,S,S,P,G,S,D,S,P,G,S,G,L,A,D,E
sp|Q92841|DDX17_HUMAN,38-46,9,0,T,G,D,S,A,S,E,R,E,S,E,A,P,P,P,S,V,V,T,R
sp|Q96F25|ALG14_HUMAN,8-15,8,0,-,-,-,M,V,C,V,L,V,L,V,F,L,I,L,R,I,W,V,V
sp|Q9H0C5|BTBD1_HUMAN,81-84,4,1,V,R,F,V,L,G,K,G,R,G,G,G,P,Q,R,I,P,A,H,R
sp|A0A096LNW5|NT2NR_HUMAN,20-25,6,0,W,A,L,L,A,L,W,L,C,W,L,Q,C,R,D,G,Y,E,P,C
sp|A0A2R8YCJ5|SIM41_HUMAN,6-13,8,0,-,-,-,-,-,M,N,G,S,Q,W,L,S,S,C,C,N,Q,S,A
sp|O43678|NDUA2_HUMAN,2-6,5,0,-,-,-,-,-,-,-,-,-,M,S,R,G,V,G,A,K,L,G,L
sp|O60885|BRD4_HUMAN,1301-1308,8,0,Q,E,Q,Q,Q,Q,Q,Q,Q,Q,T,P,Q,A,Q,S,S,Q,P,Q
sp|P11168|GTR2_HUMAN,434-440,7,0,A,E,F,F,S,Q,G,P,R,P,F,S,N,W,T,C,N,F,I,V
sp|P16403|H12_HUMAN,5-15,11,0,-,-,-,-,-,-,M,S,E,T,E,K,A,P,V,K,K,K,A,A
sp|P16403|H12_HUMAN,65-69,5,0,S,G,V,S,L,A,A,L,K,K,G,Y,D,V,E,K,N,N,S,R
sp|P16403|H12_HUMAN,185-190,6,0,K,K,A,K,V,A,K,P,K,K,K,A,V,K,P,K,A,A,K,P
sp|Q13501|SQSTM_HUMAN,33-39,7,1,F,S,F,C,C,S,P,E,P,E,G,P,G,P,C,E,R,L,L,S
sp|Q149M9|NWD1_HUMAN,1534-1538,5,0,V,K,S,R,Q,R,E,E,L,V,P,Q,D,L,E,S,E,S,A,Q
sp|Q16829|DUS7_HUMAN,19-22,4,0,P,A,R,A,H,M,S,T,S,G,G,G,T,R,A,G,S,E,P,G
sp|Q5T953|IER5L_HUMAN,138-147,10,0,Q,H,Q,H,P,A,P,R,G,C,G,G,A,G,A,L,S,E,L,P
sp|Q5T953|IER5L_HUMAN,214-221,8,0,A,P,A,A,C,S,A,P,P,G,S,P,P,A,S,P,A,P,A,S
sp|Q5VUD6|DIK1B_HUMAN,238-243,6,0,L,Y,L,T,E,G,V,P,H,G,L,P,P,L,L,R,P,L,L,P
sp|Q6ZRI6|CO039_HUMAN,976-980,5,0,R,K,P,P,T,P,G,P,E,K,G,E,E,S,C,G,A,S,P,T
sp|Q7RTR0|NLRP9_HUMAN,138-143,6,0,M,K,N,E,Y,K,E,L,N,D,R,R,H,T,V,V,L,E,G,P
sp|Q7RTR0|NLRP9_HUMAN,906-911,6,0,P,I,T,R,A,C,C,D,D,I,C,K,T,L,R,S,L,N,L,D
sp|Q86XT2|VP37D_HUMAN,4-9,6,0,-,-,-,-,-,-,-,M,Y,R,G,P,E,P,G,S,P,G,R,F
sp|Q8NA19|LMBL4_HUMAN,46-51,6,0,S,T,T,P,L,S,H,V,P,S,W,S,W,E,W,Y,L,K,E,Q
sp|Q8NBI6|XXLT1_HUMAN,30-34,5,0,V,R,S,H,Y,C,A,L,L,L,V,C,A,F,Y,Y,L,G,S,G
sp|Q8NBI6|XXLT1_HUMAN,60-65,6,0,S,A,T,K,R,L,K,E,A,R,P,S,P,P,A,L,E,L,A,R
sp|Q8NFZ5|TNIP2_HUMAN,13-19,7,0,R,D,P,G,S,G,G,W,E,E,L,C,T,L,Y,H,E,A,G,Q
sp|Q92858|ATOH1_HUMAN,89-94,6,0,Q,Y,L,L,H,S,P,E,L,G,P,R,D,E,V,D,G,R,G,E
sp|Q92858|ATOH1_HUMAN,251-256,6,0,A,A,S,Y,E,G,G,A,G,N,Q,Q,A,S,G,G,S,Q,R,P
sp|Q96S59|RANB9_HUMAN,62-66,5,0,G,G,G,A,G,G,E,G,L,G,L,L,L,H,P,P,P,P,P,P
sp|Q96S59|RANB9_HUMAN,93-99,7,0,P,P,P,P,P,P,P,P,P,P,S,G,P,P,A,P,P,G,L,A
sp|Q9H2W2|MIXL1_HUMAN,79-84,6,0,S,L,G,S,P,A,P,P,K,G,S,Q,R,R,K,R,T,S,F,S
sp|Q9UHB4|NDOR1_HUMAN,578-583,6,0,Q,E,E,G,G,L,C,S,P,D,R,L,Q,Q,T,R,R,F,Q,T
sp|Q9UJS0|S2513_HUMAN,2-7,6,0,-,-,-,-,-,-,-,-,-,M,L,T,K,R,A,D,P,A,E,L
sp|Q9Y250|LZTS1_HUMAN,480-485,6,0,L,L,E,Q,E,L,Q,E,L,R,R,D,M,G,P,P,T,F,P,E
sp|Q9Y3D7|TIM16_HUMAN,29-37,9,0,A,F,A,R,A,L,R,Q,E,F,R,G,R,A,G,H,R,S,A,A
sp|O00716|E2F3_HUMAN,22-31,10,0,Y,L,V,T,A,G,G,G,E,G,S,M,D,K,R,A,L,L,A,S
sp|O00716|E2F3_HUMAN,45-56,12,0,K,R,A,L,L,A,S,P,G,F,Y,I,Q,I,L,T,T,N,T,S
sp|O14746|TERT_HUMAN,1114-1122,9,0,S,R,K,L,P,G,T,T,L,T,L,P,S,D,F,K,T,I,L,D
sp|O75398|DEAF1_HUMAN,14-33,20,0,S,D,S,A,A,K,Q,L,G,L,G,G,E,A,E,E,P,V,L,S
sp|O75398|DEAF1_HUMAN,89-96,8,0,G,A,E,A,L,P,G,P,D,E,E,V,T,T,V,T,V,A,N,V
sp|P12111|CO6A3_HUMAN,2908-2913,6,0,T,I,I,N,Q,P,S,V,K,P,P,A,K,P,V,A,A,K,P,V
sp|P12111|CO6A3_HUMAN,2946-2951,6,0,V,K,P,A,T,A,A,K,P,V,V,R,P,P,A,A,A,A,A,K
sp|P12111|CO6A3_HUMAN,2956-2960,5,0,A,A,K,P,A,A,V,R,P,P,K,P,V,A,T,K,P,E,V,P
sp|P12111|CO6A3_HUMAN,2974-2979,6,0,A,T,K,P,E,V,P,R,P,Q,T,K,P,A,T,T,K,P,M,V
sp|P42356|PI4KA_HUMAN,2-6,5,0,-,-,-,-,-,-,-,-,-,M,R,G,G,G,G,G,G,G,G,G
sp|P51617|IRAK1_HUMAN,461-467,7,1,S,T,Q,S,T,L,Q,A,G,L,P,I,A,M,Q,I,Y,K,K,H
sp|P51617|IRAK1_HUMAN,570-575,6,0,P,W,Q,P,L,A,A,P,S,G,E,Q,L,Q,R,G,P,N,Q,P
sp|Q32M88|PGGHG_HUMAN,452-456,5,0,N,V,L,V,Q,N,S,L,R,F,Q,D,L,G,L,P,I,P,S,Q
sp|Q4LEZ3|AARD_HUMAN,82-88,7,0,Q,R,A,I,S,R,R,V,Q,E,R,E,E,Q,S,W,T,G,V,E
sp|Q5BKU9|OXLD1_HUMAN,12-16,5,0,L,L,R,R,V,V,E,G,G,R,V,R,G,S,G,A,R,R,F,S
sp|Q5JQC4|CT47A_HUMAN,23-30,8,0,D,Q,E,A,P,V,S,Q,E,G,G,N,Q,E,G,G,D,S,G,P
sp|Q5JQC4|CT47A_HUMAN,69-74,6,0,E,G,L,G,E,E,E,G,E,Q,V,P,R,G,G,S,A,E,E,D
sp|Q5JQC4|CT47A_HUMAN,176-182,7,0,P,P,L,L,L,P,Q,R,L,G,G,E,G,L,G,L,I,Q,E,A
sp|Q5T440|CAF17_HUMAN,44-49,6,0,S,S,C,S,P,G,G,D,P,T,C,F,R,L,D,G,R,T,L,L
sp|Q5T440|CAF17_HUMAN,84-88,5,0,L,T,N,E,L,P,L,P,S,P,P,P,A,A,R,A,G,Y,A,H
sp|Q5T440|CAF17_HUMAN,179-183,5,0,A,C,G,A,A,S,L,Q,E,R,I,L,I,R,D,P,R,T,A,R
sp|Q6P1Q9|MET2B_HUMAN,47-50,4,0,W,D,N,V,E,W,S,E,E,Q,E,R,K,V,Q,E,N,S,I,Q
sp|Q8IXQ5|KLHL7_HUMAN,376-380,5,1,L,G,P,P,T,P,R,D,S,L,E,G,K,I,Y,T,S,G,G,S
sp|Q9Y6X3|SCC4_HUMAN,2-22,21,0,-,-,-,-,-,-,-,-,-,M,D,S,W,Y,L,A,L,L,G,F
sp|A6NKL6|T200C_HUMAN,219-230,12,0,D,V,H,S,L,R,A,K,D,L,S,S,S,S,S,A,P,A,A,A
sp|A6NKL6|T200C_HUMAN,236-240,5,0,A,A,A,A,A,S,S,S,S,S,P,P,G,A,I,P,L,N,G,F
sp|A6NKL6|T200C_HUMAN,272-280,9,0,K,P,G,G,C,G,G,S,G,D,K,G,S,W,P,P,H,P,A,A
sp|A6NKL6|T200C_HUMAN,338-347,10,0,E,R,S,G,V,A,G,S,R,R,S,S,C,S,S,P,A,P,C,S
sp|A6NKL6|T200C_HUMAN,445-451,7,0,A,R,R,E,P,E,E,P,E,G,R,G,Q,G,G,R,L,P,R,T
sp|A8MU46|SMTL1_HUMAN,372-376,5,0,G,P,T,A,L,F,R,N,T,K,I,G,G,V,K,N,M,L,L,E
sp|E9PB15|PTG3L_HUMAN,40-45,6,0,P,A,W,N,S,K,C,H,P,G,R,Q,H,A,R,T,L,W,Y,D
sp|O15550|KDM6A_HUMAN,9-17,9,0,-,-,M,K,S,C,G,V,S,L,F,G,D,E,E,K,K,M,A,A
sp|O43541|SMAD6_HUMAN,251-254,4,1,L,K,P,L,C,G,C,H,S,F,D,G,P,T,V,C,C,N,P,Y
sp|P0CJ92|GOG8H_HUMAN,525-530,6,0,A,G,A,Q,G,G,D,E,G,E,D,G,I,A,A,Y,S,N,Y,N
sp|P12270|TPR_HUMAN,382-386,5,0,E,E,E,L,A,A,M,S,P,T,K,I,V,K,P,G,M,K,L,T
sp|P12270|TPR_HUMAN,1683-1687,5,0,P,V,V,S,T,P,S,K,V,T,G,N,K,S,T,P,R,A,S,I
sp|P26641|EF1G_HUMAN,254-258,5,0,P,Q,A,E,R,K,E,E,K,K,P,E,E,E,M,D,E,C,E,Q
sp|P28482|MK01_HUMAN,2-9,8,1,-,-,-,-,-,-,-,-,-,M,G,P,E,M,V,R,G,Q,V,F
sp|P35498|SCN1A_HUMAN,457-466,10,1,M,I,E,Q,L,K,K,Q,Q,E,S,E,H,S,R,E,P,S,A,A
sp|P41225|SOX3_HUMAN,234-248,15,0,S,L,P,S,G,L,L,P,P,G,S,S,P,V,G,V,G,Q,R,L
sp|P41225|SOX3_HUMAN,324-330,7,0,P,P,G,A,Q,S,Y,M,N,V,S,G,Y,G,G,M,A,P,S,A
sp|P41225|SOX3_HUMAN,340-347,8,0,A,S,G,Y,G,G,M,A,P,S,Y,G,Q,Q,P,A,T,A,A,A
sp|P41225|SOX3_HUMAN,353-364,12,0,A,A,A,A,A,Y,G,Q,Q,P,M,S,L,G,P,M,G,S,V,V
sp|P41225|SOX3_HUMAN,411-415,5,0,I,S,M,Y,L,P,P,G,G,D,S,P,L,P,G,G,R,L,H,G
sp|P54108|CRIS3_HUMAN,69-73,5,0,N,M,L,K,M,E,W,N,K,E,Q,K,W,A,N,Q,C,N,Y,R
sp|P82251|BAT1_HUMAN,155-158,4,1,K,P,P,Q,I,V,V,K,C,L,I,L,F,I,S,T,V,N,S,L
sp|Q03252|LMNB2_HUMAN,17-22,6,0,G,R,R,R,E,Q,R,R,P,R,T,P,L,P,G,R,A,G,G,P
sp|Q03252|LMNB2_HUMAN,299-303,5,0,A,K,L,S,S,D,Q,N,D,K,R,E,E,L,K,E,A,R,M,R
sp|Q13330|MTA1_HUMAN,242-245,4,1,S,V,R,Q,P,S,L,H,M,S,S,R,D,I,T,L,F,H,A,M
sp|Q14576|ELAV3_HUMAN,338-343,6,1,G,F,V,T,M,T,N,Y,D,E,S,L,N,G,Y,R,L,G,E,R
sp|Q29983|MICA_HUMAN,314-319,6,0,Q,S,H,W,Q,T,F,H,V,S,I,F,V,I,I,I,F,Y,V,R
sp|Q2WEN9|CEA16_HUMAN,314-318,5,0,G,S,A,S,V,V,V,K,L,S,T,M,I,V,P,V,P,T,K,P
sp|Q86Z02|HIPK1_HUMAN,595-598,4,0,Q,A,S,V,L,A,S,S,S,T,T,L,S,L,A,N,S,D,V,S
sp|Q8IZR5|CKLF4_HUMAN,160-165,6,0,E,I,A,A,V,I,F,G,F,L,V,N,T,F,L,A,V,Q,K,W
sp|Q8NCB2|CAMKV_HUMAN,335-340,6,0,R,L,R,A,P,E,Q,S,S,T,S,A,T,D,T,A,T,P,G,A
sp|Q8NCB2|CAMKV_HUMAN,354-362,9,0,D,T,A,T,P,G,A,A,G,G,T,S,A,P,E,G,D,A,A,R
sp|Q8NCB2|CAMKV_HUMAN,370-374,5,0,S,G,A,T,S,A,P,E,G,D,K,S,D,N,V,A,P,A,D,R
sp|Q8NCB2|CAMKV_HUMAN,453-458,6,0,V,P,T,T,Q,S,S,A,M,L,T,P,E,P,A,M,A,Q,P,D
sp|Q8NCN5|PDPR_HUMAN,194-199,6,0,A,V,V,S,S,A,D,V,A,L,S,Q,N,G,V,Q,I,Y,D,R
sp|Q92686|NEUG_HUMAN,26-31,6,0,I,L,D,I,P,L,D,D,P,G,K,I,Q,A,S,F,R,G,H,M
sp|Q92859|NEO1_HUMAN,28-34,7,0,L,Y,C,L,L,L,L,G,R,R,R,S,G,S,A,P,Q,S,P,G
sp|Q969Y2|GTPB3_HUMAN,9-13,5,0,-,-,M,W,R,G,L,W,T,L,R,G,P,R,R,L,C,T,R,R
sp|Q969Y2|GTPB3_HUMAN,455-460,6,0,L,G,H,Y,K,Q,S,K,D,L,L,R,V,A,R,G,H,L,T,R
sp|Q96H96|COQ2_HUMAN,30-37,8,0,W,L,P,G,W,R,G,R,S,F,P,H,G,G,D,L,Q,P,P,A
sp|Q9BSN7|TM204_HUMAN,137-141,5,0,L,S,P,D,A,P,C,W,E,E,F,Q,L,A,S,F,V,L,V,I
sp|Q9BSN7|TM204_HUMAN,179-184,6,0,C,Y,L,N,I,G,A,C,L,L,M,L,I,W,N,I,L,H,K,R
sp|Q9H2A2|AL8A1_HUMAN,49-54,6,0,V,P,N,S,G,K,D,E,I,E,R,E,A,F,P,S,W,S,S,R
sp|Q9H2A2|AL8A1_HUMAN,166-171,6,0,L,P,L,Y,L,L,T,W,K,I,G,N,T,V,I,A,K,P,S,E
sp|Q9NT99|LRC4B_HUMAN,633-639,7,0,E,L,P,A,A,S,A,V,S,V,S,G,G,G,V,G,G,D,S,H
sp|Q9NT99|LRC4B_HUMAN,667-672,6,0,R,D,H,L,N,H,H,H,Y,V,H,Y,S,S,N,P,S,G,G,G
sp|Q9UBP8|KAAG1_HUMAN,33-36,4,0,D,G,L,R,Q,V,A,G,P,G,H,L,P,R,W,P,P,P,Q,L
sp|Q9UEW8|STK39_HUMAN,22-53,32,0,Q,L,P,Q,Q,A,A,P,V,T,V,G,W,P,I,C,R,D,A,Y
sp|Q9Y6R4|M3K4_HUMAN,4-7,4,0,-,-,-,-,-,-,-,M,R,E,L,V,P,P,P,A,F,A,V,T
sp|Q9Y6R4|M3K4_HUMAN,1190-1202,13,0,P,S,D,A,R,S,H,G,S,P,S,R,P,S,P,S,G,G,D,S
sp|H3BQL2|GOG8T_HUMAN,524-529,6,0,A,G,A,Q,G,G,D,E,G,E,D,G,I,A,A,Y,S,N,Y,N
sp|O95071|UBR5_HUMAN,1762-1771,10,0,L,R,R,S,G,T,I,S,T,S,S,N,A,S,S,Y,L,T,S,A
sp|P20929|NEBU_HUMAN,1075-1083,9,0,D,L,R,T,D,A,I,P,I,R,S,D,V,Q,Y,K,K,D,Y,E
sp|P29122|PCSK6_HUMAN,17-20,4,0,P,A,P,G,P,R,P,P,P,R,T,D,T,A,A,G,A,G,G,A
sp|P43080|GUC1A_HUMAN,196-200,5,0,G,E,Q,D,E,E,G,A,D,E,G,-,-,-,-,-,-,-,-,-
sp|Q01459|DIAC_HUMAN,221-225,5,0,E,Q,S,Q,I,W,S,E,C,I,P,Y,N,Q,T,L,T,G,Y,N
sp|Q5T200|ZC3HD_HUMAN,1120-1127,8,0,A,T,A,T,T,V,P,A,T,L,T,S,F,S,T,S,A,I,T,I
sp|Q6ZUG5|YC006_HUMAN,190-195,6,0,L,R,V,D,I,A,V,P,L,R,D,P,D,L,G,G,S,Q,F,G
sp|Q7L0L9|YA043_HUMAN,61-66,6,0,D,D,P,A,R,F,I,V,V,P,L,G,L,G,L,P,A,N,V,A
sp|Q7L0L9|YA043_HUMAN,148-156,9,0,M,R,R,W,S,S,P,R,S,S,V,P,G,P,G,R,L,P,A,W
sp|Q8IXH8|CAD26_HUMAN,377-381,5,0,E,R,G,K,L,Q,P,P,R,K,T,V,S,V,Q,V,T,D,A,N
sp|Q8N8Q9|NIPA2_HUMAN,75-80,6,0,S,M,G,A,G,E,V,A,N,F,P,A,T,L,V,T,P,L,G,A
sp|Q96M11|HYLS1_HUMAN,22-26,5,0,A,N,M,D,P,E,E,R,M,L,F,T,H,I,C,A,G,Q,G,E
sp|Q9BSJ2|GCP2_HUMAN,106-112,7,0,Q,Y,L,Q,Q,N,A,K,E,R,V,G,S,S,T,T,S,I,N,V
sp|Q9BSJ2|GCP2_HUMAN,291-295,5,1,S,S,F,E,Y,G,Q,V,N,H,M,R,T,L,V,K,E,H,L,I
sp|Q9BZA7|PC11X_HUMAN,1250-1254,5,0,A,S,A,L,C,Y,S,P,P,L,I,S,H,S,S,P,L,P,Q,V
sp|Q9H208|O10A2_HUMAN,129-134,6,0,Y,P,V,I,M,N,Q,R,T,R,S,W,F,P,G,F,P,V,A,T
sp|Q9N2K0|ENH1_HUMAN,302-306,5,0,P,H,Q,S,P,L,Q,P,L,T,G,S,L,G,V,W,V,Q,D,T
sp|Q9NYQ3|HAOX2_HUMAN,93-99,7,0,L,V,W,P,D,G,E,M,S,T,G,I,C,Y,I,T,S,T,F,A
sp|Q9P212|PLCE1_HUMAN,1301-1305,5,0,L,S,D,N,Q,R,Q,I,S,D,S,I,V,T,N,G,T,G,I,E
