id	relative	polyx	position
aaeg|AAEL000276	0.970032573289902	D-DD	1483-1497
aaeg|AAEL000343	0.70922256097561	E-EE	927-936
aaeg|AAEL000436	0.987212276214834	D-DD	382-392
aaeg|AAEL000436	0.987212276214834	D-DE	382-392
aaeg|AAEL000469	0.60586011342155	A-AA	318-325
aaeg|AAEL000509	0.500545851528384	S-SS	454-465
aaeg|AAEL000511	0.0855920114122682	S-SS	54-68
aaeg|AAEL000580	0.0166666666666667	S-SS	10-23
aaeg|AAEL000584	0.6752	A-AA	418-428
aaeg|AAEL000622	0.462389380530973	S-SS	513-534
aaeg|AAEL000682	0.337269372693727	S-SS	453-463
aaeg|AAEL000682	0.797047970479705	S-SS	1076-1086
aaeg|AAEL000707	0.835900473933649	S-SS	696-717
aaeg|AAEL000723	0.564420218037661	S-SS	566-575
aaeg|AAEL000826	0.838803088803089	A-AA	430-441
aaeg|AAEL000869	0.238404452690167	A-AA	124-135
aaeg|AAEL000924	0.410958904109589	D-DD	627-635
aaeg|AAEL000924	0.410958904109589	D-DE	627-635
aaeg|AAEL000967	0.314314314314314	S-SS	308-322
aaeg|AAEL001039	0.755255255255255	S-SS	245-260
aaeg|AAEL001101	0.199888017917133	E-DE	172-187
aaeg|AAEL001101	0.199888017917133	E-EE	172-187
aaeg|AAEL001244	0.268537768537769	S-SS	384-393
aaeg|AAEL001244	0.960845460845461	S-SS	1383-1392
aaeg|AAEL001339	0.681737588652482	E-EE	378-393
aaeg|AAEL001503	0.0947446336047372	S-SS	125-133
aaeg|AAEL001696	0.919117647058823	S-SS	305-322
aaeg|AAEL001734	0.299559471365639	A-AA	268-278
aaeg|AAEL001832	0.674134419551935	S-SS	316-348
aaeg|AAEL001876	0.0661322645290581	S-SS	28-40
aaeg|AAEL001906	0.331070287539936	S-SS	410-421
aaeg|AAEL001992	0.0268490374873354	A-AA	77-84
aaeg|AAEL001992	0.0575818980074299	A-AA	167-176
aaeg|AAEL001992	0.0987841945288754	S-SS	289-298
aaeg|AAEL001992	0.196892941573793	A-AA	579-589
aaeg|AAEL001992	0.225599459642013	A-AA	664-674
aaeg|AAEL001992	0.95339412360689	S-SS	2819-2829
aaeg|AAEL002125	0.555125725338491	S-SS	851-873
aaeg|AAEL002335	0.168369351669941	A-AA	424-435
aaeg|AAEL002343	0.781772575250836	A-AA	463-474
aaeg|AAEL002348	0.74236641221374	A-AA	383-397
aaeg|AAEL002395	0.938735177865613	A-AA	471-481
aaeg|AAEL002417	0.956692913385827	E-EE	349-382
aaeg|AAEL002645	0.98766954377312	S-SS	795-809
aaeg|AAEL002761	0.215168539325843	S-SS	188-197
aaeg|AAEL002764	0.370408163265306	A-AA	178-187
aaeg|AAEL002827	0.0546719681908549	A-AA	24-33
aaeg|AAEL002879	0.971538461538462	A-AA	627-638
aaeg|AAEL002997	0.133284241531664	D-DD	86-97
aaeg|AAEL002997	0.153902798232695	D-DD	101-110
aaeg|AAEL002997	0.185567010309278	E-EE	121-133
aaeg|AAEL003032	0.0495726495726496	D-DD	48-70
aaeg|AAEL003104	0.414318354912414	A-AA	541-549
aaeg|AAEL003104	0.532749428789033	E-EE	695-706
aaeg|AAEL003287	0.393572181243414	S-SS	366-383
aaeg|AAEL003393	0.0546719681908549	A-AA	24-33
aaeg|AAEL003487	0.682546374367622	S-SS	806-815
aaeg|AAEL003605	0.14377358490566	S-SS	187-196
aaeg|AAEL003680	0.711815561959654	E-EE	243-253
aaeg|AAEL003731	0.914527421236873	S-SS	1565-1572
aaeg|AAEL003768	0.171555252387449	S-SS	245-260
aaeg|AAEL003896	0.727272727272727	A-AA	811-823
aaeg|AAEL003976	0.111959287531807	E-EE	80-98
aaeg|AAEL004410	0.353690685413005	S-SS	397-410
aaeg|AAEL004415	0.56929955290611	A-AA	378-388
aaeg|AAEL004415	0.742175856929955	A-AA	490-508
aaeg|AAEL004493	0.508567931456548	D-DD	411-422
aaeg|AAEL004493	0.508567931456548	D-DE	411-422
aaeg|AAEL004716	0.0527236381809095	E-EE	100-113
aaeg|AAEL004716	0.177661169415292	A-AA	352-361
aaeg|AAEL004802	0.0468009478672986	D-DD	36-45
aaeg|AAEL004824	0.0544401544401544	D-DD	67-76
aaeg|AAEL004824	0.944015444015444	E-EE	1214-1233
aaeg|AAEL004839	0.322111706197399	S-SS	418-426
aaeg|AAEL004875	0.104	S-SS	111-125
aaeg|AAEL004898	0.342857142857143	S-SS	104-114
aaeg|AAEL004942	0.453907203907204	D-DD	740-749
aaeg|AAEL004942	0.453907203907204	D-DE	740-749
aaeg|AAEL004964	0.184278350515464	S-SS	139-149
aaeg|AAEL005025	0.169090909090909	A-AA	136-145
aaeg|AAEL005044	0.863209560392659	S-SS	2014-2033
aaeg|AAEL005130	0.828676470588235	S-SS	556-573
aaeg|AAEL005145	0.281767955801105	A-AA	97-109
aaeg|AAEL005356	0.74792243767313	A-AA	537-545
aaeg|AAEL005356	0.74792243767313	A-AS	537-545
aaeg|AAEL005356	0.821329639889197	S-SS	588-600
aaeg|AAEL005454	0.824120603015075	A-AA	323-335
aaeg|AAEL005567	0.868020304568528	E-EE	337-349
aaeg|AAEL005567	0.907360406091371	E-DE	352-365
aaeg|AAEL005567	0.907360406091371	E-EE	352-365
aaeg|AAEL005631	0.984825493171472	A-AA	645-655
aaeg|AAEL005646	0.783602150537634	S-SS	289-296
aaeg|AAEL005690	0.555806938159879	S-SS	365-374
aaeg|AAEL005826	0.76949740034662	S-SS	440-450
aaeg|AAEL005895	0.287621359223301	D-DD	233-243
aaeg|AAEL005906	0.257648953301127	S-SS	156-166
aaeg|AAEL006012	0.116948092557849	A-AA	182-194
aaeg|AAEL006012	0.116948092557849	A-AS	182-194
aaeg|AAEL006032	0.943093385214008	S-SS	966-975
aaeg|AAEL006038	0.674349612049293	D-DD	1474-1483
aaeg|AAEL006126	0.180488974113135	S-SS	363-392
aaeg|AAEL006126	0.220038350910834	S-SS	451-469
aaeg|AAEL006126	0.233700862895494	S-SS	475-502
aaeg|AAEL006126	0.936481303930968	S-SS	1939-1970
aaeg|AAEL006126	0.947267497603068	S-SS	1972-1982
aaeg|AAEL006138	0.196403549743111	S-SS	410-433
aaeg|AAEL006138	0.233302195235871	S-SS	492-509
aaeg|AAEL006138	0.248014946286782	S-SS	517-547
aaeg|AAEL006138	0.942550210182158	S-SS	2002-2036
aaeg|AAEL006178	0.934278350515464	E-EE	359-368
aaeg|AAEL006193	0.975190839694656	S-SS	251-262
aaeg|AAEL006208	0.959116541353383	D-DE	1017-1026
aaeg|AAEL006249	0.533289386947923	S-SS	805-815
aaeg|AAEL006394	0.726210350584307	S-SS	866-876
aaeg|AAEL006476	0.150205761316872	S-SS	69-79
aaeg|AAEL006589	0.889570552147239	S-SS	721-731
aaeg|AAEL006589	0.931288343558282	S-SS	755-765
aaeg|AAEL006715	0.9717125382263	S-SS	632-641
aaeg|AAEL006725	0.426932367149758	D-DD	350-359
aaeg|AAEL006725	0.426932367149758	D-DE	350-359
aaeg|AAEL006725	0.888888888888889	A-AA	733-741
aaeg|AAEL006956	0.00646430578976953	E-EE	8-17
aaeg|AAEL007029	0.90280777537797	E-EE	413-425
aaeg|AAEL007042	0.112745098039216	A-AA	77-86
aaeg|AAEL007043	0.75241935483871	E-EE	462-473
aaeg|AAEL007205	0.0541237113402062	A-AA	28-37
aaeg|AAEL007360	0.788732394366197	A-AA	723-735
aaeg|AAEL007397	0.859471365638766	S-SS	970-983
aaeg|AAEL007397	0.906167400881057	S-SS	1025-1034
aaeg|AAEL007404	0.290276179516686	S-SS	501-510
aaeg|AAEL007476	0.0580046403712297	S-SS	21-31
aaeg|AAEL007539	0.0529100529100529	A-AS	57-65
aaeg|AAEL007565	0.988808664259928	S-SS	1366-1375
aaeg|AAEL007667	0.851369863013699	S-SS	617-628
aaeg|AAEL007682	0.613249776186213	A-AA	681-691
aaeg|AAEL007682	0.965532676812892	A-AA	1068-1091
aaeg|AAEL007694	0.599573257467994	D-DD	418-427
aaeg|AAEL007736	0.914841849148418	A-AA	373-381
aaeg|AAEL007827	0.766399416909621	A-AA	1047-1058
aaeg|AAEL007827	0.848396501457726	A-AA	1161-1169
aaeg|AAEL007827	0.907069970845481	S-SS	1241-1250
aaeg|AAEL007858	0.649484536082474	E-EE	374-384
aaeg|AAEL007987	0.737120211360634	A-AA	555-563
aaeg|AAEL008024	0.605208333333333	S-SS	287-296
aaeg|AAEL008036	0.0519675925925926	S-AS	220-231
aaeg|AAEL008084	0.903553299492386	S-SS	348-366
aaeg|AAEL008431	0.0641509433962264	S-SS	31-39
aaeg|AAEL008507	0.0534883720930233	A-AA	32-39
aaeg|AAEL008579	0.0423490875058493	S-SS	85-98
aaeg|AAEL008617	0.845403899721448	A-AA	907-916
aaeg|AAEL008662	0.206964892412231	S-SS	362-371
aaeg|AAEL008683	0.350903614457831	S-SS	346-355
aaeg|AAEL008738	0.91978021978022	A-AA	832-844
aaeg|AAEL008832	0.208725406330197	S-SS	241-249
aaeg|AAEL008952	0.644817073170732	E-EE	420-428
aaeg|AAEL008958	0.50650289017341	A-AA	347-356
aaeg|AAEL009061	0.0862068965517241	A-AA	91-101
aaeg|AAEL009061	0.988656987295826	E-EE	1086-1095
aaeg|AAEL009080	0.837606837606838	E-DE	879-887
aaeg|AAEL009080	0.837606837606838	E-EE	879-887
aaeg|AAEL009080	0.89696106362773	D-DD	938-953
aaeg|AAEL009294	0.145016077170418	S-SS	220-233
aaeg|AAEL009311	0.406889128094725	A-AA	372-386
aaeg|AAEL009381	0.820037541060535	S-SS	1744-1753
aaeg|AAEL009430	0.384310618066561	S-SS	2178-2189
aaeg|AAEL009584	0.2875	A-AA	156-168
aaeg|AAEL009614	0.068904593639576	S-SS	16-25
aaeg|AAEL009646	0.669535283993115	A-AA	385-395
aaeg|AAEL009666	0.00848356309650053	S-SS	18-32
aaeg|AAEL009723	0.589622641509434	S-SS	434-443
aaeg|AAEL009761	0.610687022900763	S-SS	467-495
aaeg|AAEL009766	0.279697624190065	S-AS	126-135
aaeg|AAEL009766	0.279697624190065	S-SS	126-135
aaeg|AAEL010078	0.397454031117397	S-SS	272-292
aaeg|AAEL010118	0.963582677165354	D-DD	482-499
aaeg|AAEL010118	0.963582677165354	D-DE	482-499
aaeg|AAEL010178	0.177592371871275	E-EE	139-161
aaeg|AAEL010178	0.772348033373063	E-EE	643-655
aaeg|AAEL010178	0.893921334922527	E-EE	743-759
aaeg|AAEL010221	0.0695020746887967	A-AA	30-39
aaeg|AAEL010226	0.442338072669826	A-AA	274-288
aaeg|AAEL010226	0.80173775671406	D-DD	504-513
aaeg|AAEL010364	0.289105447276362	S-SS	573-586
aaeg|AAEL010434	0.199115044247788	S-SS	417-440
aaeg|AAEL010434	0.234280391243596	S-SS	496-512
aaeg|AAEL010434	0.249184909175594	S-SS	520-552
aaeg|AAEL010434	0.942477876106195	S-SS	2007-2042
aaeg|AAEL010488	0.714659685863874	A-AA	543-551
aaeg|AAEL010488	0.904450261780105	A-AA	685-699
aaeg|AAEL010541	0.969953051643192	A-AA	1026-1042
aaeg|AAEL010757	0.0188095238095238	S-SS	71-89
aaeg|AAEL010757	0.663809523809524	A-AA	2784-2794
aaeg|AAEL010821	0.909235668789809	A-AA	279-294
aaeg|AAEL010854	0.569373942470389	S-SS	669-679
aaeg|AAEL010932	0.45405669599218	S-SS	455-476
aaeg|AAEL010974	0.212285456187895	S-SS	231-241
aaeg|AAEL010974	0.297651309846432	S-SS	318-343
aaeg|AAEL011055	0.807032590051458	S-AS	460-483
aaeg|AAEL011055	0.807032590051458	S-SS	460-483
aaeg|AAEL011083	0.510915002322341	S-SS	1097-1105
aaeg|AAEL011142	0.3798828125	S-SS	580-589
aaeg|AAEL011328	0.828140703517588	E-EE	819-831
aaeg|AAEL011347	0.645192307692308	S-SS	331-342
aaeg|AAEL011425	0.988292011019284	E-EE	715-722
aaeg|AAEL011564	0.945564516129032	E-DE	465-475
aaeg|AAEL011564	0.945564516129032	E-EE	465-475
aaeg|AAEL011586	0.180841539838854	S-SS	199-207
aaeg|AAEL011586	0.218889883616831	S-SS	239-252
aaeg|AAEL011779	0.49348109517601	A-AA	373-386
aaeg|AAEL011837	0.140503875968992	E-EE	67-80
aaeg|AAEL011837	0.201550387596899	E-EE	98-112
aaeg|AAEL012091	0.236693091732729	A-AA	206-214
aaeg|AAEL012203	0.967005909389363	A-AA	2941-2952
aaeg|AAEL012233	0.565934065934066	S-SS	356-367
aaeg|AAEL012409	0.0476653696498054	S-SS	21-30
aaeg|AAEL012446	0.739664347114204	A-AA	3610-3620
aaeg|AAEL012466	0.464366091522881	S-SS	610-630
aaeg|AAEL012708	0.609053497942387	S-SS	283-311
aaeg|AAEL012751	0.224811083123426	E-EE	352-364
aaeg|AAEL013075	0.541114058355438	D-DD	199-211
aaeg|AAEL013374	0.469276094276094	D-DD	554-563
aaeg|AAEL013473	0.714885954381753	S-SS	592-601
aaeg|AAEL013504	0.552854122621565	S-SS	257-268
aaeg|AAEL013534	0.743380855397149	E-EE	1092-1100
aaeg|AAEL013565	0.227064220183486	S-SS	93-107
aaeg|AAEL013600	0.614678899082569	S-SS	998-1014
aaeg|AAEL013600	0.848318042813456	S-SS	1383-1393
aaeg|AAEL013727	0.424006908462867	D-DD	241-252
aaeg|AAEL013846	0.439278937381404	S-SS	689-702
aaeg|AAEL013869	0.85678391959799	A-AA	338-346
aaeg|AAEL014000	0.645454545454546	E-EE	279-291
aaeg|AAEL014032	0.972136222910217	A-AA	311-319
aaeg|AAEL014125	0.33864118895966	A-AA	156-165
aaeg|AAEL014203	0.20928338762215	A-AA	124-135
aaeg|AAEL014378	0.919800884955752	D-DD	826-839
aaeg|AAEL014519	0.477839335180055	S-SS	512-525
aaeg|AAEL014519	0.511542012927054	A-AA	550-560
aaeg|AAEL014534	0.791580041580042	S-SS	758-767
aaeg|AAEL014965	0.739652870493992	A-AA	551-559
aaeg|AAEL015073	0.0280898876404494	A-AA	9-23
aaeg|AAEL015077	0.667372881355932	D-DD	467-480
aaeg|AAEL017229	0.456029011786038	A-AA	499-509
aaeg|AAEL017357	0.0165511932255581	S-SS	40-48
aaeg|AAEL017357	0.0879522709776751	S-SS	225-234
aaeg|AAEL018031	0.170524691358025	A-AA	107-116
aaeg|AAEL018039	0.816143497757848	A-AA	906-916
aaeg|AAEL018039	0.816143497757848	A-AS	906-916
aaeg|AAEL018056	0.303070761014686	E-EE	218-238
aaeg|AAEL018103	0.466280417149479	E-EE	2007-2019
aaeg|AAEL018212	0.924111948331539	S-SS	855-864
aaeg|AAEL018225	0.182269503546099	E-EE	254-262
aaeg|AAEL018226	0.98186889818689	S-SS	1402-1416
aaeg|AAEL018235	0.650657894736842	A-AA	986-994
aaeg|AAEL018244	0.736387782204515	E-EE	1103-1117
aaeg|AAEL018248	0.489697802197802	S-SS	352-363
aaeg|AAEL018320	0.138489946655724	S-SS	334-343
aaeg|AAEL018320	0.231432088633566	S-SS	560-570
aaeg|AAEL018342	0.670177383592018	A-AA	601-610
aaeg|AAEL019422	0.362254025044723	A-AA	402-410
aaeg|AAEL019447	0.922976501305483	A-AA	1411-1419
aaeg|AAEL019447	0.922976501305483	A-AS	1411-1419
aaeg|AAEL019483	0.158872077028886	S-SS	112-121
aaeg|AAEL019483	0.917469050894085	A-AA	660-676
aaeg|AAEL019508	0.913631022326674	E-EE	1552-1560
aaeg|AAEL019517	0.709347345132743	S-SS	1276-1291
aaeg|AAEL019556	0.794373744139317	A-AA	4739-4751
aaeg|AAEL019562	0.571428571428571	A-AA	452-462
aaeg|AAEL019586	0.34276256394824	E-EE	1131-1149
aaeg|AAEL019594	0.97661188369153	S-SS	3086-3096
aaeg|AAEL019616	0.107658959537572	A-AA	71-80
aaeg|AAEL019618	0.840394545213822	E-EE	6344-6353
aaeg|AAEL019627	0.888362652232747	D-DD	653-662
aaeg|AAEL019652	0.964779313419527	S-SS	2160-2170
aaeg|AAEL019662	0.0245202558635394	S-SS	17-31
aaeg|AAEL019662	0.0415778251599147	S-SS	35-45
aaeg|AAEL019664	0.327390599675851	S-SS	196-210
aaeg|AAEL019731	0.515257469802924	S-SS	808-815
aaeg|AAEL019740	0.288913162206445	S-SS	1049-1069
aaeg|AAEL019740	0.350354997269252	S-SS	1273-1295
aaeg|AAEL019740	0.370289459311851	S-SS	1350-1364
aaeg|AAEL019793	0.242547425474255	A-AA	1338-1349
aaeg|AAEL019793	0.705329719963866	A-AA	3899-3911
aaeg|AAEL019793	0.711382113821138	A-AA	3933-3944
aaeg|AAEL019793	0.745618789521229	A-AA	4124-4132
aaeg|AAEL019793	0.841463414634146	S-SS	4653-4664
aaeg|AAEL019793	0.84516711833785	A-AA	4674-4684
aaeg|AAEL019793	0.885907859078591	A-AA	4896-4913
aaeg|AAEL019793	0.993405600722674	A-AA	5487-5512
aaeg|AAEL019795	0.756465517241379	A-AA	698-708
aaeg|AAEL019795	0.984375	A-AA	910-919
aaeg|AAEL019808	0.0780141843971631	A-AA	38-52
aaeg|AAEL019808	0.860815602836879	A-AA	481-492
aaeg|AAEL019841	0.660744500846024	A-AA	386-397
aaeg|AAEL019844	0.334288990825688	A-AA	287-298
aaeg|AAEL019862	0.531410622501428	S-SS	1857-1867
aaeg|AAEL019939	0.335457348406989	S-SS	1629-1637
aaeg|AAEL019983	0.342941176470588	A-AA	579-589
aaeg|AAEL019987	0.0799163179916318	S-AS	92-101
aaeg|AAEL019987	0.0799163179916318	S-SS	92-101
aaeg|AAEL019990	0.952631578947368	A-AA	447-460
aaeg|AAEL020019	0.685880829015544	S-SS	526-535
aaeg|AAEL020073	0.353985793212313	S-SS	446-453
aaeg|AAEL020110	0.817559153175592	A-AA	653-662
aaeg|AAEL020238	0.882867132867133	A-AA	247-260
aaeg|AAEL020299	0.870817120622568	S-SS	1115-1125
aaeg|AAEL020359	0.0820610687022901	A-AA	60-71
aaeg|AAEL020583	0.873929008567931	S-SS	711-719
aaeg|AAEL020592	0.351679104477612	A-AA	939-948
aaeg|AAEL020615	0.272373540856031	A-AA	346-356
aaeg|AAEL020615	0.783657587548638	A-AA	999-1017
aaeg|AAEL020800	0.0165658311725727	S-SS	54-63
aaeg|AAEL020830	0.855015673981191	S-SS	540-553
aaeg|AAEL020847	0.466353677621283	A-AA	295-303
aaeg|AAEL021012	0.1131850675139	A-AA	137-150
aaeg|AAEL021012	0.801032565528197	A-AA	1003-1016
aaeg|AAEL021031	0.938735177865613	A-AA	471-481
aaeg|AAEL021082	0.0876944837340877	A-AS	55-71
aaeg|AAEL021126	0.968895800933126	A-AA	618-630
aaeg|AAEL021394	0.203584558823529	A-AA	431-457
aaeg|AAEL021394	0.391084558823529	S-SS	843-861
aaeg|AAEL021556	0.974727452923687	A-AA	2946-2957
aaeg|AAEL021645	0.609032846715328	S-SS	664-673
aaeg|AAEL021805	0.645254074784276	S-SS	667-681
aaeg|AAEL021805	0.664429530201342	S-SS	687-701
aaeg|AAEL021963	0.118724385245902	A-AA	461-468
aaeg|AAEL022046	0.938403041825095	S-SS	2465-2473
aaeg|AAEL022104	0.979468599033816	A-AA	402-411
aaeg|AAEL022105	0.026378896882494	S-AS	102-120
aaeg|AAEL022105	0.124340527577938	A-AA	513-526
aaeg|AAEL022105	0.975419664268585	D-DD	4064-4073
aaeg|AAEL022402	0.643211100099108	A-AA	643-657
aaeg|AAEL022413	0.716035634743875	A-AA	316-329
aaeg|AAEL022413	0.94988864142539	A-AA	422-433
aaeg|AAEL022509	0.895348837209302	S-SS	687-701
aaeg|AAEL022608	0.754774305555556	A-AA	866-875
aaeg|AAEL022611	0.538834951456311	D-DD	939-950
aaeg|AAEL023060	0.799637352674524	S-SS	879-887
aaeg|AAEL023182	0.90018315018315	S-SS	488-497
aaeg|AAEL023266	0.213817330210773	A-AA	453-462
aaeg|AAEL023347	0.926016260162602	A-AA	559-582
aaeg|AAEL023495	0.153988868274583	A-AA	80-88
aaeg|AAEL023495	0.813543599257885	A-AA	433-446
aaeg|AAEL023617	0.816528925619835	S-AS	487-503
aaeg|AAEL023617	0.816528925619835	S-SS	487-503
aaeg|AAEL023730	0.569296375266525	A-AA	263-273
aaeg|AAEL023730	0.947761194029851	A-AA	440-451
aaeg|AAEL023895	0.316392625809666	A-AA	1265-1277
aaeg|AAEL023895	0.631290483308421	D-DD	2529-2541
aaeg|AAEL023895	0.971101145989038	A-AA	3893-3905
aaeg|AAEL024153	0.185275080906149	S-SS	110-121
aaeg|AAEL024195	0.754015215553677	A-AA	889-897
aaeg|AAEL024560	0.415157292659676	S-AS	432-441
aaeg|AAEL024592	0.227272727272727	D-DD	109-123
aaeg|AAEL024653	0.91282620766241	S-SS	1641-1649
aaeg|AAEL024912	0.603607770582794	S-SS	649-658
aaeg|AAEL025151	0.737120211360634	A-AA	555-563
aaeg|AAEL025502	0.996630727762803	E-EE	3694-3703
aaeg|AAEL025520	0.876981392143349	S-SS	1269-1278
aaeg|AAEL025697	0.975373134328358	S-SS	649-660
aaeg|AAEL025818	0.962291870714985	A-AA	979-988
aaeg|AAEL025882	0.291887125220459	S-SS	162-171
aaeg|AAEL025903	0.189122807017544	S-SS	266-275
aaeg|AAEL025915	0.712195121951219	S-SS	726-736
aaeg|AAEL026175	0.405192456729527	E-EE	1564-1575
aaeg|AAEL026220	0.109178386380459	D-DE	144-153
aaeg|AAEL026220	0.32679496669134	S-SS	435-450
aaeg|AAEL026220	0.380088823094004	S-SS	509-520
aaeg|AAEL026439	0.226571113561191	D-DD	202-211
aaeg|AAEL026497	0.152956298200514	D-DD	56-65
aaeg|AAEL026668	0.759152215799615	E-EE	1178-1188
aaeg|AAEL026751	0.423230974632844	A-AA	311-325
aaeg|AAEL026846	0.663017982799062	A-AA	844-854
aaeg|AAEL026903	0.769566944775526	S-SS	1932-1944
aaeg|AAEL027096	0.675814751286449	S-SS	386-404
aaeg|AAEL027175	0.174427198817443	E-EE	231-243
aaeg|AAEL027175	0.497043606799704	E-EE	666-681
aaeg|AAEL027261	0.116225749559083	S-SS	318-343
aaeg|AAEL027307	0.394150417827298	A-AA	703-714
aaeg|AAEL027398	0.602296450939457	D-DD	284-295
aaeg|AAEL027465	0.395067264573991	E-EE	437-446
aaeg|AAEL027554	0.964028776978417	D-DD	398-408
aaeg|AAEL027566	0.184532924961715	S-SS	115-128
aaeg|AAEL027732	0.537643207855974	S-SS	653-663
aaeg|AAEL027751	0.211433756805808	D-DD	227-241
aaeg|AAEL027751	0.211433756805808	D-DE	227-241
aaeg|AAEL027751	0.26043557168784	S-SS	284-292
aaeg|AAEL027786	0.985368314833502	A-AA	1949-1959
aaeg|AAEL027786	0.985368314833502	A-AS	1949-1959
aaeg|AAEL028025	0.902747252747253	S-SS	817-828
aaeg|AAEL028220	0.779529816513762	S-SS	1355-1366
aaeg|AAEL029068	0.972750548646672	D-DD	2654-2667
aast|H257_00253	0.967289719626168	E-DE	512-525
aast|H257_00253	0.967289719626168	E-EE	512-525
aast|H257_00285	0.818060021436227	D-DD	1524-1531
aast|H257_00285	0.818060021436227	D-DE	1524-1531
aast|H257_00635	0.899692937563971	D-DD	873-887
aast|H257_00635	0.924257932446264	D-DD	899-909
aast|H257_00700	0.0325131810193322	A-AA	14-25
aast|H257_01817	0.232183908045977	D-DD	97-107
aast|H257_02059	0.915057915057915	D-DD	470-480
aast|H257_02063	0.920634920634921	A-AA	287-295
aast|H257_02499	0.615384615384615	D-DD	1061-1069
aast|H257_04369	0.587874659400545	E-EE	428-437
aast|H257_04369	0.769073569482289	D-DD	561-570
aast|H257_04369	0.769073569482289	D-DE	561-570
aast|H257_04540	0.0181818181818182	S-SS	7-21
aast|H257_04540	0.973426573426573	S-SS	679-715
aast|H257_05446	0.740671641791045	E-DE	392-404
aast|H257_05446	0.740671641791045	E-EE	392-404
aast|H257_05992	0.511324041811847	D-DD	290-299
aast|H257_06028	0.444636678200692	E-EE	382-391
aast|H257_06028	0.475778546712803	E-EE	409-418
aast|H257_06047	0.787489643744822	D-DE	947-956
aast|H257_06720	0.967382962394474	D-DD	1257-1266
aast|H257_06786	0.699728260869565	E-DE	759-788
aast|H257_06786	0.699728260869565	E-EE	759-788
aast|H257_08121	0.0959302325581395	D-DD	63-71
aast|H257_08121	0.0959302325581395	D-DE	63-71
aast|H257_08121	0.149709302325581	D-DD	100-108
aast|H257_08121	0.149709302325581	D-DE	100-108
aast|H257_08333	0.970643939393939	D-DD	510-517
aast|H257_08624	0.512422360248447	A-AA	2059-2068
aast|H257_09421	0.878359264497878	A-AA	1859-1869
aast|H257_09570	0.517970401691332	A-AA	240-252
aast|H257_09986	0.100484261501211	D-DD	76-92
aast|H257_09986	0.100484261501211	D-DE	76-92
aast|H257_09988	0.965163934426229	D-DD	232-241
aast|H257_10045	0.167872648335745	S-SS	112-122
aast|H257_10387	0.221649484536082	E-DE	59-72
aast|H257_10387	0.221649484536082	E-EE	59-72
aast|H257_10690	0.557663354411322	E-DE	1848-1858
aast|H257_10733	0.941970310391363	D-DD	694-704
aast|H257_10733	0.941970310391363	D-DE	694-704
aast|H257_11532	0.393847487001733	D-DD	448-463
aast|H257_11532	0.393847487001733	D-DE	448-463
aast|H257_11532	0.449740034662045	D-DD	515-525
aast|H257_11951	0.447183098591549	S-SS	377-387
aast|H257_12220	0.349206349206349	D-DD	259-271
aast|H257_12234	0.198285101822079	D-DD	181-191
aast|H257_12234	0.198285101822079	D-DE	181-191
aast|H257_13581	0.55	D-DE	410-417
aast|H257_13594	0.10752688172043	D-DD	45-57
aast|H257_14526	0.243063932448733	D-DD	199-206
aast|H257_15192	0.404451266308519	A-AA	1050-1060
aast|H257_15364	0.797802197802198	A-AA	359-369
aast|H257_15601	0.423263327948304	E-EE	257-269
aast|H257_16123	0.267844767844768	S-SS	382-393
aast|H257_16638	0.877777777777778	D-DE	549-559
aast|H257_16935	0.34	E-EE	276-287
aast|H257_17344	0.808510638297872	D-DE	1439-1451
aast|H257_17490	0.989922480620155	E-EE	634-645
acas|ACA1_031610	0.0387840670859539	S-SS	15-24
acas|ACA1_040720	0.81614859742229	A-AS	1071-1084
acas|ACA1_040730	0.993396226415094	S-SS	1575-1586
acas|ACA1_048080	0.308243727598566	D-DD	254-264
acas|ACA1_052790	0.400568181818182	D-DD	347-360
acas|ACA1_053110	0.840403337969402	E-EE	1205-1214
acas|ACA1_053110	0.871696801112656	E-EE	1249-1260
acas|ACA1_054510	0.473419540229885	E-EE	326-335
acas|ACA1_054610	0.126998223801066	S-SS	68-77
acas|ACA1_062590	0.200280603297089	A-AA	567-577
acas|ACA1_069690	0.578151060281153	A-AA	2423-2432
acas|ACA1_071050	0.334987137081955	S-SS	908-917
acas|ACA1_076930	0.574572930354796	E-EE	871-880
acas|ACA1_076930	0.596583442838371	D-DE	902-916
acas|ACA1_085040	0.188860435339309	S-SS	141-156
acas|ACA1_085040	0.217029449423816	S-SS	163-178
acas|ACA1_087360	0.31731843575419	E-EE	281-289
acas|ACA1_091380	0.81343669250646	E-DE	1570-1580
acas|ACA1_091380	0.81343669250646	E-EE	1570-1580
acas|ACA1_094690	0.968468468468468	D-DD	1177-1190
acas|ACA1_108810	0.553442028985507	S-AS	607-617
acas|ACA1_111900	0.89544235924933	D-DD	997-1009
acas|ACA1_111900	0.89544235924933	D-DE	997-1009
acas|ACA1_113910	0.228422619047619	E-EE	299-317
acas|ACA1_116500	0.479591836734694	S-SS	443-452
acas|ACA1_116610	0.560039129371484	S-SS	2286-2296
acas|ACA1_116610	0.597456590853509	E-DE	2439-2449
acas|ACA1_116610	0.597456590853509	E-EE	2439-2449
acas|ACA1_116610	0.71496698459281	A-AA	2921-2928
acas|ACA1_132360	0.253315649867374	A-AA	188-196
acas|ACA1_138320	0.802579365079365	E-DE	400-411
acas|ACA1_138320	0.910714285714286	E-DE	455-465
acas|ACA1_142350	0.954545454545455	D-DD	384-395
acas|ACA1_142350	0.954545454545455	D-DE	384-395
acas|ACA1_144020	0.0747232472324723	E-EE	37-46
acas|ACA1_145260	0.605855855855856	E-EE	398-411
acas|ACA1_149270	0.950503355704698	S-SS	550-585
acas|ACA1_149420	0.97	D-DD	239-248
acas|ACA1_149900	0.985316265060241	D-DD	1302-1317
acas|ACA1_149900	0.985316265060241	D-DE	1302-1317
acas|ACA1_164080	0.850415512465374	E-DE	611-619
acas|ACA1_173310	0.832720588235294	E-DE	1129-1138
acas|ACA1_173310	0.832720588235294	E-EE	1129-1138
acas|ACA1_174220	0.833426495248742	E-EE	1483-1501
acas|ACA1_174320	0.911337209302326	E-EE	624-632
acas|ACA1_174910	0.662337662337662	A-AA	201-209
acas|ACA1_178230	0.0708061002178649	E-DE	29-38
acas|ACA1_178230	0.0708061002178649	E-EE	29-38
acas|ACA1_180590	0.0778588807785888	A-AA	156-166
acas|ACA1_181230	0.161904761904762	E-EE	99-107
acas|ACA1_182530	0.259152215799615	A-AA	264-276
acas|ACA1_205910	0.310489510489511	E-EE	218-228
acas|ACA1_208400	0.134657836644592	D-DD	119-127
acas|ACA1_224690	0.816683831101957	A-AA	786-802
acas|ACA1_244770	0.0597498842056508	E-EE	125-135
acas|ACA1_244770	0.767716535433071	S-AS	1651-1666
acas|ACA1_244770	0.767716535433071	S-SS	1651-1666
acas|ACA1_244770	0.916628068550255	S-AS	1971-1989
acas|ACA1_244770	0.916628068550255	S-SS	1971-1989
acas|ACA1_244770	0.983325613710051	S-AS	2116-2132
acas|ACA1_244770	0.983325613710051	S-SS	2116-2132
acas|ACA1_244770	0.990968040759611	S-SS	2136-2145
acas|ACA1_252030	0.0444964871194379	E-EE	33-45
acas|ACA1_252030	0.226580796252927	E-EE	190-199
acas|ACA1_254440	0.107991360691145	S-SS	46-56
acas|ACA1_258230	0.81006006006006	S-SS	536-545
acas|ACA1_258480	0.0698967434471803	S-SS	78-100
acas|ACA1_266780	0.659149484536082	D-DD	506-519
acas|ACA1_269680	0.480846774193548	A-AA	235-244
acas|ACA1_271380	0.852134146341463	A-AA	275-286
acas|ACA1_271380	0.914634146341463	A-AA	297-305
acas|ACA1_271570	0.169387755102041	S-SS	79-89
acas|ACA1_273780	0.737987987987988	D-DE	489-496
acas|ACA1_275660	0.0942776735459662	S-SS	96-107
acas|ACA1_279630	0.310762331838565	D-DD	344-351
acas|ACA1_279630	0.310762331838565	D-DE	344-351
acas|ACA1_283320	0.708681135225376	E-EE	412-439
acas|ACA1_286600	0.509605662285136	E-EE	1005-1013
acas|ACA1_288380	0.975486903962391	D-DD	1449-1458
acas|ACA1_295370	0.418150975402884	D-DD	490-498
acas|ACA1_295800	0.255765199161426	A-AA	119-127
acas|ACA1_295800	0.255765199161426	A-AS	119-127
acas|ACA1_295800	0.293501048218029	S-AS	129-153
acas|ACA1_295800	0.293501048218029	S-SS	129-153
acas|ACA1_296380	0.562793427230047	E-EE	473-488
acas|ACA1_301860	0.0381143430290873	S-SS	35-43
acas|ACA1_321040	0.902227722772277	D-DE	725-735
acas|ACA1_322560	0.264054514480409	A-AA	307-315
acas|ACA1_322560	0.411413969335605	A-AA	477-491
acas|ACA1_331590	0.482645403377111	S-SS	509-522
acas|ACA1_343300	0.248576850094877	S-AS	259-267
acas|ACA1_353180	0.644086021505376	S-SS	293-308
acas|ACA1_364250	0.81453154875717	E-EE	422-432
acas|ACA1_364280	0.943312101910828	A-AA	737-746
acas|ACA1_364500	0.182785299806576	E-EE	91-100
acas|ACA1_366710	0.988125802310655	D-DD	1536-1545
acas|ACA1_366770	0.217444717444717	S-SS	262-271
acas|ACA1_368980	0.130348258706468	S-AS	119-145
acas|ACA1_370080	0.113696808510638	S-AS	79-94
acas|ACA1_376230	0.8140625	E-DE	516-528
acas|ACA1_376230	0.8140625	E-EE	516-528
acas|ACA1_389420	0.871896722939424	D-DD	875-883
acas|ACA1_389420	0.871896722939424	D-DE	875-883
acas|ACA1_389420	0.887288977159881	D-DD	888-901
acas|ACA1_389440	0.986111111111111	S-AS	246-253
acid|C1FAF5	0.519160583941606	A-AA	281-290
aful|O28217	0.0604719764011799	E-EE	17-26
aful|O28781	0.945266272189349	E-DE	312-329
aful|O28781	0.945266272189349	E-EE	312-329
aful|O29868	0.84321223709369	E-EE	438-446
afum|Afu1g02630	0.261552680221811	E-EE	138-147
afum|Afu1g03500	0.34704112337011	E-EE	342-352
afum|Afu1g03970	0.335988753514527	A-AA	354-365
afum|Afu1g09200	0.132871536523929	D-DD	103-110
afum|Afu1g10200	0.828148148148148	E-EE	554-566
afum|Afu1g10600	0.452479338842975	A-AA	325-334
afum|Afu1g14030	0.484615384615385	E-EE	154-163
afum|Afu1g16330	0.979669631512071	E-DE	756-788
afum|Afu1g16330	0.979669631512071	E-EE	756-788
afum|Afu2g02070	0.523424878836834	A-AA	321-329
afum|Afu2g06070	0.083778014941302	E-EE	75-84
afum|Afu2g10010	0.988061127029608	A-AA	1031-1040
afum|Afu2g11780	0.340425531914894	A-AA	141-149
afum|Afu2g12150	0.860987002437043	E-EE	4236-4245
afum|Afu2g15620	0.175236096537251	A-AA	163-173
afum|Afu2g16040	0.78665568369028	D-DE	1429-1438
afum|Afu2g16780	0.476071784646062	E-EE	474-483
afum|Afu3g05560	0.227868852459016	D-DE	205-214
afum|Afu3g07680	0.881235154394299	E-EE	360-384
afum|Afu3g07940	0.249615975422427	S-SS	158-169
afum|Afu3g08970	0.824832214765101	A-AA	612-619
afum|Afu3g11200	0.0506573859242073	D-DD	62-71
afum|Afu3g11200	0.0506573859242073	D-DE	62-71
afum|Afu4g03320	0.417590027700831	S-SS	298-307
afum|Afu4g06180	0.184573002754821	E-EE	61-75
afum|Afu4g07220	0.146694214876033	A-AA	68-76
afum|Afu4g07610	0.98155156102176	D-DD	1033-1044
afum|Afu4g07610	0.98155156102176	D-DE	1033-1044
afum|Afu4g08480	0.969271290605795	A-AA	1101-1109
afum|Afu4g08500	0.100283822138127	E-DE	102-112
afum|Afu4g08500	0.100283822138127	E-EE	102-112
afum|Afu4g12390	0.16030534351145	A-AA	60-68
afum|Afu5g11360	0.911520190023753	E-DE	764-773
afum|Afu5g11360	0.911520190023753	E-EE	764-773
afum|Afu5g11970	0.621719457013575	A-AA	683-693
afum|Afu5g14420	0.804455445544555	S-SS	483-494
afum|Afu6g06420	0.470668485675307	A-AA	342-350
afum|Afu6g11390	0.929324894514768	S-SS	436-447
afum|Afu6g12530	0.983681462140992	E-DE	750-759
afum|Afu6g12530	0.983681462140992	E-EE	750-759
afum|Afu6g13690	0.907963069821119	D-DD	1570-1579
afum|Afu7g03900	0.1	S-SS	46-55
afum|Afu8g04740	0.997961956521739	E-DE	2200-2209
afum|Afu8g04740	0.997961956521739	E-EE	2200-2209
afum|Afu8g05680	0.028175313059034	A-AS	28-37
agam|AGAP000002	0.850296442687747	E-EE	855-868
agam|AGAP000005	0.945175438596491	A-AA	427-437
agam|AGAP000017	0.12329561937917	A-AA	420-432
agam|AGAP000017	0.333188279663475	E-DE	1143-1156
agam|AGAP000017	0.333188279663475	E-EE	1143-1156
agam|AGAP000017	0.426747896721787	E-EE	1461-1483
agam|AGAP000058	0.16561734872333	A-AA	466-483
agam|AGAP000070	0.482551799345692	S-SS	439-448
agam|AGAP000158	0.812941176470588	S-SS	339-354
agam|AGAP000159	0.285082174462705	A-AA	220-233
agam|AGAP000222	0.575393006095605	S-SS	1785-1804
agam|AGAP000243	0.70828025477707	S-SS	553-561
agam|AGAP000314	0.387715517241379	S-SS	891-910
agam|AGAP000337	0.850315955766193	E-DE	1072-1083
agam|AGAP000337	0.850315955766193	E-EE	1072-1083
agam|AGAP000488	0.5	A-AA	295-304
agam|AGAP000520	0.0704107292539816	E-DE	76-94
agam|AGAP000520	0.974015088013412	E-EE	1149-1177
agam|AGAP000549	0.291044776119403	S-AS	132-143
agam|AGAP000549	0.291044776119403	S-SS	132-143
agam|AGAP000631	0.476304945054945	S-SS	690-699
agam|AGAP000668	0.746824480369515	E-EE	1286-1303
agam|AGAP000674	0.152662721893491	A-AA	122-138
agam|AGAP000702	0.1	E-DE	90-107
agam|AGAP000702	0.1	E-EE	90-107
agam|AGAP000727	0.898719707361683	E-EE	1961-1972
agam|AGAP000754	0.0517812758906379	D-DD	53-74
agam|AGAP000754	0.0517812758906379	D-DE	53-74
agam|AGAP000773	0.791595197255575	S-SS	920-928
agam|AGAP000815	0.144138755980861	S-SS	117-126
agam|AGAP000932	0.405211912943872	S-SS	704-713
agam|AGAP000961	0.863847045191193	S-SS	742-751
agam|AGAP000969	0.909512761020882	E-EE	388-398
agam|AGAP001213	0.190888119953864	E-EE	157-176
agam|AGAP001213	0.778546712802768	E-EE	670-682
agam|AGAP001213	0.899653979238754	E-EE	773-789
agam|AGAP001271	0.228942213516161	S-SS	464-473
agam|AGAP001287	0.88288119738073	E-EE	4716-4724
agam|AGAP001302	0.677304964539007	E-EE	376-390
agam|AGAP001330	0.7310243183493	S-SS	987-999
agam|AGAP001356	0.125679347826087	S-SS	88-99
agam|AGAP001433	0.113986013986014	D-DD	76-89
agam|AGAP001433	0.135664335664336	D-DD	93-103
agam|AGAP001433	0.153146853146853	E-EE	104-117
agam|AGAP001535	0.0077007700770077	S-SS	22-36
agam|AGAP001687	0.425176056338028	S-SS	476-492
agam|AGAP001782	0.291593695271454	S-SS	329-339
agam|AGAP001797	0.267515923566879	S-SS	205-217
agam|AGAP001877	0.839214908802538	S-SS	2113-2122
agam|AGAP001928	0.82843137254902	E-EE	334-344
agam|AGAP001986	0.203846153846154	A-AS	129-138
agam|AGAP001993	0.930630630630631	A-AA	513-522
agam|AGAP002030	0.61305544632324	D-DD	1554-1566
agam|AGAP002030	0.734565473849784	E-EE	1864-1874
agam|AGAP002030	0.773299252850963	D-DE	1961-1974
agam|AGAP002041	0.257885998893193	A-AA	461-473
agam|AGAP002041	0.775871610403985	S-SS	1394-1412
agam|AGAP002119	0.748650472334683	S-SS	1106-1115
agam|AGAP002119	0.942982456140351	S-SS	1393-1404
agam|AGAP002215	0.566896551724138	D-DD	1228-1240
agam|AGAP002235	0.0597014925373134	A-AA	28-38
agam|AGAP002261	0.915431560592851	A-AA	1044-1058
agam|AGAP002263	0.899641577060932	D-DD	499-507
agam|AGAP002263	0.899641577060932	D-DE	499-507
agam|AGAP002264	0.073943661971831	S-AS	29-57
agam|AGAP002264	0.073943661971831	S-SS	29-57
agam|AGAP002288	0.498374864572048	E-EE	456-466
agam|AGAP002335	0.761487964989059	A-AA	344-354
agam|AGAP002335	0.950765864332604	A-AA	430-441
agam|AGAP002350	0.95778364116095	E-EE	348-380
agam|AGAP002364	0.259060402684564	A-AA	189-199
agam|AGAP002404	0.144417475728155	S-SS	116-124
agam|AGAP002456	0.242110453648915	E-EE	242-251
agam|AGAP002687	0.161776691116544	E-DE	195-204
agam|AGAP002687	0.161776691116544	E-EE	195-204
agam|AGAP002741	0.146734693877551	A-AA	714-726
agam|AGAP002784	0.293015332197615	S-SS	168-178
agam|AGAP002807	0.480434782608696	S-SS	874-896
agam|AGAP002836	0.818201284796574	D-DD	1906-1917
agam|AGAP002896	0.696567862714509	A-AA	443-452
agam|AGAP002943	0.0700325732899023	A-AS	38-50
agam|AGAP002982	0.342024013722127	A-AA	993-1003
agam|AGAP003035	0.633959044368601	S-SS	738-750
agam|AGAP003118	0.85405872193437	A-AA	985-995
agam|AGAP003140	0.901791639017916	A-AS	2710-2728
agam|AGAP003157	0.958436724565757	S-SS	767-780
agam|AGAP003207	0.045662100456621	A-AA	13-29
agam|AGAP003349	0.915625	E-EE	1607-1618
agam|AGAP003397	0.0284872298624754	A-AA	11-20
agam|AGAP003402	0.706502636203866	A-AS	795-815
agam|AGAP003519	0.30300518134715	A-AA	1456-1470
agam|AGAP003519	0.973782383419689	A-AA	4693-4706
agam|AGAP003524	0.863125638406537	S-SS	842-850
agam|AGAP003556	0.977163461538462	A-AA	402-413
agam|AGAP003560	0.978859705317104	A-AS	1523-1535
agam|AGAP003616	0.606291118421053	S-SS	1470-1481
agam|AGAP003619	0.914967811158798	S-SS	1702-1711
agam|AGAP003643	0.862278042442616	A-AS	3971-3995
agam|AGAP003666	0.917633410672854	S-SS	788-796
agam|AGAP003914	0.576978939724038	A-AA	791-800
agam|AGAP003992	0.0383973288814691	D-DD	43-51
agam|AGAP004000	0.431934493346981	E-EE	1263-1271
agam|AGAP004032	0.929699842022117	S-SS	1172-1184
agam|AGAP004062	0.967727674624226	E-DE	1089-1102
agam|AGAP004063	0.975190839694656	S-SS	251-262
agam|AGAP004066	0.823936696340257	S-SS	1663-1671
agam|AGAP004078	0.0837166513339466	S-SS	85-99
agam|AGAP004186	0.529411764705882	S-SS	751-763
agam|AGAP004203	0.18390243902439	S-SS	365-391
agam|AGAP004203	0.224878048780488	S-SS	453-471
agam|AGAP004203	0.939268292682927	S-SS	1921-1932
agam|AGAP004288	0.236098450319052	S-SS	256-264
agam|AGAP004337	0.300759013282732	A-AA	155-164
agam|AGAP004661	0.966257668711656	A-AA	310-322
agam|AGAP004707	0.214621532675129	A-AA	453-462
agam|AGAP004824	0.248218527315914	D-DD	205-215
agam|AGAP004835	0.180096418732782	S-SS	258-267
agam|AGAP004874	0.534771410173857	S-SS	825-838
agam|AGAP005007	0.960526315789474	D-DD	498-526
agam|AGAP005007	0.960526315789474	D-DE	498-526
agam|AGAP005088	0.160361842105263	S-SS	92-105
agam|AGAP005115	0.193099897013388	D-DD	184-193
agam|AGAP005143	0.664141414141414	S-SS	784-796
agam|AGAP005187	0.972495894909688	A-AA	3550-3559
agam|AGAP005249	0.986062717770035	D-DD	846-854
agam|AGAP005287	0.944055944055944	S-SS	806-816
agam|AGAP005288	0.429437835316072	D-DD	1838-1846
agam|AGAP005322	0.0530973451327434	A-AA	37-49
agam|AGAP005359	0.365151515151515	S-SS	599-608
agam|AGAP005449	0.481717011128776	S-SS	590-624
agam|AGAP005533	0.836533665835411	A-AA	3351-3360
agam|AGAP005545	0.900534045393859	A-AA	667-684
agam|AGAP005896	0.489503816793893	S-SS	253-262
agam|AGAP005901	0.215490797546012	S-SS	275-289
agam|AGAP005902	0.931313131313131	A-AA	457-467
agam|AGAP005963	0.211407103825137	S-SS	303-318
agam|AGAP006018	0.361060329067642	A-AA	389-403
agam|AGAP006042	0.940890125173853	S-SS	673-682
agam|AGAP006127	0.1765625	S-SS	53-62
agam|AGAP006240	0.467724288840263	D-DD	424-433
agam|AGAP006240	0.467724288840263	D-DE	424-433
agam|AGAP006330	0.260674157303371	S-SS	111-123
agam|AGAP006340	0.703367875647668	S-SS	1083-1091
agam|AGAP006381	0.477642276422764	S-SS	701-711
agam|AGAP006601	0.315139701104613	D-DD	480-492
agam|AGAP006601	0.786549707602339	A-AA	1207-1216
agam|AGAP006655	0.573664825046041	S-SS	619-629
agam|AGAP006665	0.197271176805003	E-EE	335-361
agam|AGAP006702	0.349920382165605	S-SS	433-448
agam|AGAP006791	0.91143216080402	A-AA	720-733
agam|AGAP006888	0.713483146067416	A-AS	503-515
agam|AGAP006893	0.35254691689008	S-SS	127-138
agam|AGAP007128	0.177662037037037	E-DE	148-161
agam|AGAP007135	0.522962962962963	E-EE	701-713
agam|AGAP007204	0.942307692307692	A-AA	1001-1010
agam|AGAP007295	0.711630695443645	E-EE	590-599
agam|AGAP007299	0.784735812133072	D-DD	395-409
agam|AGAP007341	0.727062094531974	S-SS	781-790
agam|AGAP007342	0.86500754147813	S-SS	1144-1152
agam|AGAP007342	0.874434389140271	A-AA	1154-1167
agam|AGAP007361	0.720025510204082	A-AA	553-578
agam|AGAP007503	0.179098679098679	A-AA	450-474
agam|AGAP007563	0.398772040302267	E-EE	6328-6339
agam|AGAP007565	0.813432835820896	S-AS	476-507
agam|AGAP007565	0.813432835820896	S-SS	476-507
agam|AGAP007573	0.9557781201849	S-SS	3098-3107
agam|AGAP007596	0.295048143053645	A-AA	210-221
agam|AGAP007640	0.414276401564537	S-SS	1268-1276
agam|AGAP007653	0.0466867469879518	A-AA	11-22
agam|AGAP007874	0.781882591093117	S-SS	766-781
agam|AGAP008003	0.742527173913043	E-EE	1089-1099
agam|AGAP008017	0.0443658138268917	A-AA	158-170
agam|AGAP008017	0.223053892215569	A-AA	812-829
agam|AGAP008017	0.445971692977681	A-AA	1627-1652
agam|AGAP008017	0.962030484485574	S-SS	3531-3540
agam|AGAP008087	0.864819759679573	S-SS	1288-1305
agam|AGAP008136	0.921896792189679	S-SS	656-668
agam|AGAP008157	0.880503144654088	D-DD	272-290
agam|AGAP008157	0.880503144654088	D-DE	272-290
agam|AGAP008159	0.792086330935252	E-DE	546-557
agam|AGAP008159	0.792086330935252	E-EE	546-557
agam|AGAP008232	0.417741935483871	A-AA	514-524
agam|AGAP008263	0.191547749725576	A-AA	171-180
agam|AGAP008267	0.635678391959799	E-EE	375-386
agam|AGAP008331	0.79025641025641	S-SS	767-776
agam|AGAP008334	0.561271676300578	A-AA	479-494
agam|AGAP008482	0.720872727272727	A-AA	4948-4966
agam|AGAP008482	0.752290909090909	A-AA	5169-5177
agam|AGAP008482	0.810690909090909	A-AA	5570-5579
agam|AGAP008482	0.817454545454545	A-AA	5616-5626
agam|AGAP008482	0.841309090909091	A-AA	5780-5790
agam|AGAP008482	0.879054545454545	A-AA	6038-6051
agam|AGAP008482	0.993672727272727	A-AA	6821-6844
agam|AGAP008509	0.523318042813456	S-SS	681-690
agam|AGAP008563	0.0659536541889483	A-AA	30-46
agam|AGAP008563	0.833333333333333	A-AA	462-475
agam|AGAP008569	0.0346820809248555	A-AA	11-27
agam|AGAP008634	0.948687350835322	D-DD	394-403
agam|AGAP008635	0.711513583441138	E-DE	545-557
agam|AGAP008635	0.711513583441138	E-EE	545-557
agam|AGAP008698	0.016	S-SS	32-42
agam|AGAP008705	0.705152671755725	S-SS	366-375
agam|AGAP008748	0.955583756345178	E-EE	748-760
agam|AGAP008814	0.473058637083994	A-AA	295-304
agam|AGAP008814	0.802694136291601	D-DD	503-512
agam|AGAP008858	0.584463625154131	A-AS	945-953
agam|AGAP008858	0.841245376078915	A-AA	1360-1371
agam|AGAP008904	0.121024734982332	A-AA	66-73
agam|AGAP008967	0.967368421052632	A-AA	909-931
agam|AGAP009030	0.668388429752066	A-AA	644-652
agam|AGAP009036	0.0600732600732601	S-SS	79-87
agam|AGAP009042	0.516	S-SS	315-332
agam|AGAP009057	0.43	A-AA	1066-1086
agam|AGAP009066	0.788972089857046	A-AA	1152-1168
agam|AGAP009112	0.466292134831461	S-SS	531-550
agam|AGAP009160	0.556231003039514	A-AA	544-556
agam|AGAP009180	0.896551724137931	S-SS	1687-1695
agam|AGAP009258	0.732038834951456	S-SS	367-389
agam|AGAP009438	0.498789346246973	D-DD	406-420
agam|AGAP009438	0.498789346246973	D-DE	406-420
agam|AGAP009522	0.723875870804306	E-EE	1138-1150
agam|AGAP009542	0.130841121495327	A-AA	203-219
agam|AGAP009542	0.822741433021807	A-AA	1315-1328
agam|AGAP009638	0.0156548757170172	S-SS	62-71
agam|AGAP009638	0.068953154875717	S-SS	285-294
agam|AGAP009659	0.404304381245196	S-SS	521-533
agam|AGAP009880	0.953451043338684	E-DE	591-599
agam|AGAP009950	0.471327319587629	D-DD	725-740
agam|AGAP009957	0.439759036144578	A-AA	139-155
agam|AGAP009990	0.290006695681286	S-SS	1729-1738
agam|AGAP010017	0.12344398340249	S-SS	55-66
agam|AGAP010062	0.0991362387122104	A-AA	247-260
agam|AGAP010062	0.519434628975265	S-SS	1316-1332
agam|AGAP010202	0.138129496402878	A-AA	186-200
agam|AGAP010223	0.131118881118881	S-SS	69-83
agam|AGAP010340	0.86716621253406	S-SS	628-647
agam|AGAP010345	0.950086805555556	S-SS	1092-1099
agam|AGAP010382	0.399689762150982	S-SS	379-396
agam|AGAP010462	0.967437614120511	E-DE	1583-1598
agam|AGAP010462	0.967437614120511	E-EE	1583-1598
agam|AGAP010536	0.943866943866944	E-EE	905-913
agam|AGAP010539	0.115339578454333	D-DE	95-104
agam|AGAP010553	0.558641975308642	A-AA	358-368
agam|AGAP010553	0.736111111111111	A-AA	467-489
agam|AGAP010611	0.272212543554007	S-SS	309-318
agam|AGAP010611	0.306184668989547	S-AS	347-358
agam|AGAP010611	0.306184668989547	S-SS	347-358
agam|AGAP010787	0.507132132132132	E-EE	672-681
agam|AGAP010787	0.74512012012012	E-EE	989-998
agam|AGAP010800	0.782694198623402	S-SS	788-806
agam|AGAP010867	0.176948051948052	A-AA	103-117
agam|AGAP010876	0.973214285714286	S-SS	650-660
agam|AGAP010894	0.480886850152905	E-EE	311-320
agam|AGAP010895	0.893099068585944	A-AA	2105-2116
agam|AGAP011055	0.191322901849218	E-EE	130-141
agam|AGAP011084	0.0240223463687151	A-AA	18-27
agam|AGAP011085	0.590500641848524	E-EE	914-928
agam|AGAP011094	0.678040244969379	S-SS	768-784
agam|AGAP011095	0.580239520958084	S-SS	474-497
agam|AGAP011111	0.884615384615385	S-SS	352-363
agam|AGAP011122	0.258677685950413	S-SS	153-162
agam|AGAP011138	0.987372618520159	A-AS	2225-2234
agam|AGAP011149	0.0705645161290323	A-AA	47-60
agam|AGAP011149	0.0705645161290323	A-AS	47-60
agam|AGAP011170	0.228937728937729	E-EE	184-193
agam|AGAP011218	0.311138014527845	E-EE	254-262
agam|AGAP011417	0.108597285067873	A-AA	68-78
agam|AGAP011417	0.796380090497738	A-AA	523-535
agam|AGAP011446	0.11831550802139	A-AA	85-94
agam|AGAP011545	0.0446462353386303	S-SS	114-124
agam|AGAP011545	0.132803632236095	S-SS	341-363
agam|AGAP011722	0.881067961165049	A-AA	903-914
agam|AGAP011722	0.986407766990291	A-AA	1010-1024
agam|AGAP011751	0.195059625212947	D-DD	111-120
agam|AGAP012009	0.133534602879703	E-EE	283-294
agam|AGAP012045	0.927392739273927	A-AA	840-848
agam|AGAP012051	0.61541095890411	E-EE	884-915
agam|AGAP012057	0.222346368715084	S-SS	194-206
agam|AGAP012106	0.0546719681908549	A-AA	24-33
agam|AGAP012119	0.444983818770227	A-AA	268-284
agam|AGAP012134	0.971128608923885	D-DD	1473-1489
agam|AGAP012178	0.371372031662269	D-DD	278-287
agam|AGAP012249	0.218921892189219	E-EE	193-207
agam|AGAP013178	0.175994605529332	S-SS	256-268
agam|AGAP013233	0.039828431372549	S-SS	29-38
agam|AGAP013764	0.788450029922202	S-SS	1313-1324
agam|AGAP028184	0.772483940042827	S-SS	718-727
agam|AGAP028425	0.446100917431193	S-SS	372-408
agam|AGAP028559	0.228120516499283	S-SS	313-325
agam|AGAP028643	0.0178571428571429	S-SS	12-25
agam|AGAP028643	0.0418367346938776	S-SS	37-47
agam|AGAP028643	0.401530612244898	S-SS	389-400
agam|AGAP029123	0.86442220200182	D-DD	946-956
agam|AGAP029443	0.520637898686679	S-SS	828-839
agam|AGAP029444	0.254672897196262	S-SS	263-284
agam|AGAP029456	0.779245283018868	A-AA	408-420
agam|AGAP029469	0.610607117934403	A-AA	869-883
agam|AGAP029560	0.830910482019893	S-SS	1083-1091
agam|AGAP029560	0.883320581484315	S-SS	1151-1160
agam|AGAP029575	0.635089686098655	A-AA	562-573
agam|AGAP029575	0.704035874439462	A-AA	625-633
agam|AGAP029575	0.897982062780269	A-AA	795-809
agam|AGAP029578	0.223029045643154	A-AA	212-220
agam|AGAP029600	0.0963791267305644	A-AA	88-95
agam|AGAP029600	0.927582534611289	A-AA	865-879
agam|AGAP029637	0.121908127208481	E-EE	64-76
agam|AGAP029637	0.159010600706714	E-EE	87-95
agam|AGAP029656	0.892819979188345	S-SS	1711-1723
agam|AGAP029656	0.918054110301769	S-SS	1755-1776
agam|AGAP029657	0.0116883116883117	A-AA	26-39
agam|AGAP029760	0.519932432432432	A-AA	767-774
agam|AGAP029804	0.776821862348178	A-AA	764-773
agam|AGAP029804	0.962044534412955	A-AA	945-958
agam|AGAP029810	0.391185410334347	S-SS	640-649
apis|J9JJ84	0.541597337770383	S-SS	318-335
apis|J9JJN0	0.855411954765751	A-AA	526-535
apis|J9JJP6	0.79038854805726	A-AA	382-393
apis|J9JK48	0.396521739130435	A-AA	448-466
apis|J9JK48	0.447391304347826	A-AA	511-520
apis|J9JK61	0.93741935483871	S-SS	1449-1459
apis|J9JKD1	0.976662777129522	A-AA	832-844
apis|J9JLH2	0.256313131313131	S-SS	301-310
apis|J9JMK5	0.058955223880597	S-SS	33-48
apis|J9JMP1	0.0984804208065459	S-SS	165-174
apis|J9JN19	0.301610120759057	D-DD	521-530
apis|J9JN73	0.930446194225722	D-DD	350-361
apis|J9JN73	0.930446194225722	D-DE	350-361
apis|J9JNJ9	0.976090014064698	D-DD	691-699
apis|J9JNJ9	0.976090014064698	D-DE	691-699
apis|J9JP78	0.568557919621749	A-AA	236-247
apis|J9JPW0	0.732963988919668	D-DD	1315-1333
apis|J9JQ63	0.0357142857142857	S-SS	22-30
apis|J9JQA8	0.0884444444444445	S-SS	95-106
apis|J9JRG5	0.0885167464114833	A-AA	31-45
apis|J9JSE5	0.176229508196721	S-SS	124-136
apis|J9JSF0	0.0152786099460755	S-SS	21-32
apis|J9JT28	0.243969298245614	S-SS	219-228
apis|J9JTA2	0.993645291738879	D-DE	1716-1726
apis|J9JTC6	0.881410256410256	D-DD	272-280
apis|J9JTC6	0.881410256410256	D-DE	272-280
apis|J9JTC6	0.935897435897436	D-DD	285-301
apis|J9JTC6	0.935897435897436	D-DE	285-301
apis|J9JTM3	0.087962962962963	A-AA	32-46
apis|J9JUC2	0.256596306068602	A-AA	188-203
apis|J9JUY2	0.898757763975155	D-DD	721-728
apis|J9JVG1	0.911842105263158	D-DD	343-352
apis|J9JVH8	0.950402144772118	E-EE	337-374
apis|J9JVP1	0.167481662591687	S-SS	133-143
apis|J9JW70	0.0206839492553778	D-DD	34-43
apis|J9JW70	0.0206839492553778	D-DE	34-43
apis|J9JYB3	0.262700964630225	E-EE	405-414
apis|J9JYJ5	0.161716171617162	D-DD	93-105
apis|J9JYV4	0.123693379790941	D-DD	64-80
apis|J9JYV4	0.123693379790941	D-DE	64-80
apis|J9JZ13	0.683216168717047	S-SS	768-789
apis|J9JZ38	0.0577689243027888	A-AA	25-35
apis|J9JZG8	0.996062992125984	A-AA	4171-4180
apis|J9JZG8	0.996062992125984	A-AS	4171-4180
apis|J9K085	0.85243328100471	D-DD	539-549
apis|J9K1E7	0.224051211705533	S-SS	469-513
apis|J9K1K4	0.415142492556359	S-SS	961-993
apis|J9K1M7	0.676013513513513	S-SS	997-1006
apis|J9K1T1	0.054147465437788	A-AA	20-29
apis|J9K1T8	0.392753623188406	E-EE	132-141
apis|J9K3F3	0.623636363636364	E-EE	680-694
apis|J9K4E9	0.629823967501693	A-AA	1855-1868
apis|J9K4Y7	0.8671875	D-DD	1329-1337
apis|J9K4Y7	0.8671875	D-DE	1329-1337
apis|J9K565	0.881198347107438	A-AA	849-859
apis|J9K5D3	0.994111349036403	D-DD	926-933
apis|J9K5D3	0.994111349036403	D-DE	926-933
apis|J9K5G5	0.156149732620321	A-AA	142-152
apis|J9K5L3	0.648612181958365	E-EE	1676-1691
apis|J9K676	0.826689774696707	S-AS	471-485
apis|J9K676	0.826689774696707	S-SS	471-485
apis|J9K6E9	0.857945425361156	A-AA	531-540
apis|J9K6M1	0.543720190779014	A-AA	335-351
apis|J9K6Z1	0.139324487334138	S-SS	110-123
apis|J9K7C9	0.561461794019934	A-AA	334-344
apis|J9K7P2	0.351794071762871	S-SS	222-231
apis|J9K8H2	0.186835650040883	S-SS	225-234
apis|J9K9E2	0.729245283018868	D-DE	769-779
apis|J9K9K3	0.495440729483283	D-DD	483-497
apis|J9K9K3	0.495440729483283	D-DE	483-497
apis|J9K9K3	0.766464032421479	S-SS	737-778
apis|J9KAF5	0.90979381443299	S-SS	346-362
apis|J9KAS4	0.81573275862069	A-AA	375-384
apis|J9KAY6	0.09140625	D-DD	55-64
apis|J9KAY6	0.74296875	E-DE	470-483
apis|J9KAY6	0.74296875	E-EE	470-483
apis|J9KB16	0.379493464052288	D-DD	460-471
apis|J9KE46	0.266117478510029	S-SS	361-384
apis|J9KER3	0.325350036845984	A-AA	437-448
apis|X1WI62	0.740728900255754	S-SS	1153-1166
apis|X1WID6	0.945945945945946	D-DE	625-637
apis|X1WJ72	0.0736377025036819	S-SS	47-55
apis|X1WQD9	0.445469798657718	E-EE	261-272
apis|X1WW18	0.777131782945736	A-AA	397-407
apis|X1XTS3	0.118190904547726	E-DE	233-242
apis|X1XTS3	0.118190904547726	E-EE	233-242
apro|A0A087SF12	0.0885568513119534	E-EE	115-130
apro|A0A087SF12	0.511661807580175	E-DE	698-708
apro|A0A087SF12	0.511661807580175	E-EE	698-708
apro|A0A087SF48	0.870577281191806	A-AA	462-475
apro|A0A087SG25	0.717065868263473	A-AA	236-245
apro|A0A087SG63	0.802653399668325	A-AA	481-489
apro|A0A087SGE1	0.048811013767209	S-SS	35-45
apro|A0A087SH38	0.680703624733475	A-AA	635-644
apro|A0A087SIT9	0.175878405053296	A-AA	442-451
apro|A0A087SJX9	0.917483660130719	S-SS	545-580
apro|A0A087SK44	0.18707015130674	A-AA	133-141
apro|A0A087SKZ7	0.138413685847589	A-AA	83-97
apro|A0A087SKZ7	0.138413685847589	A-AS	83-97
apro|A0A087SMG8	0.0521276595744681	A-AA	20-31
apro|A0A087SPC2	0.994655581947744	A-AA	835-842
apro|A0A087SR99	0.794631710362047	A-AA	633-642
apro|A0A087SSH0	0.660598179453836	A-AA	497-521
apro|A0A087SSP5	0.879101899827288	S-SS	499-521
apro|A0A087STH6	0.778625954198473	A-AS	200-210
apro|A0A087STL2	0.64859437751004	E-EE	481-490
aque|A0A1X7TDE3	0.771074380165289	E-EE	461-474
aque|A0A1X7TJV7	0.137305699481865	E-DE	75-86
aque|A0A1X7TLQ0	0.626984126984127	D-DE	312-322
aque|A0A1X7TLY5	0.0423951048951049	E-DE	44-55
aque|A0A1X7TLY5	0.0423951048951049	E-EE	44-55
aque|A0A1X7TLY5	0.0559440559440559	E-DE	59-71
aque|A0A1X7TLY5	0.0559440559440559	E-EE	59-71
aque|A0A1X7TNR3	0.138084632516704	S-AS	120-130
aque|A0A1X7TXI7	0.0377358490566038	E-EE	10-24
aque|A0A1X7TXW4	0.576568265682657	E-EE	620-632
aque|A0A1X7TZS7	0.794906900328587	E-EE	1445-1460
aque|A0A1X7U0S4	0.417074497009244	E-EE	761-775
aque|A0A1X7U3L6	0.532921810699588	E-DE	382-397
aque|A0A1X7U3L6	0.532921810699588	E-EE	382-397
aque|A0A1X7U5P4	0.250378214826021	E-DE	161-172
aque|A0A1X7U5P4	0.250378214826021	E-EE	161-172
aque|A0A1X7U798	0.442468619246862	E-DE	630-641
aque|A0A1X7U7Q1	0.235422740524781	E-EE	158-167
aque|A0A1X7UAE0	0.0490566037735849	E-EE	87-97
aque|A0A1X7UAE0	0.391644204851752	E-EE	717-738
aque|A0A1X7UBX2	0.879032258064516	E-EE	705-714
aque|A0A1X7UCJ0	0.1678145087236	S-SS	358-375
aque|A0A1X7UEC0	0.556213017751479	E-EE	655-663
aque|A0A1X7UH08	0.0727748691099476	D-DD	66-75
aque|A0A1X7UH08	0.0727748691099476	D-DE	66-75
aque|A0A1X7UHI1	0.990072202166065	E-EE	545-554
aque|A0A1X7UHS4	0.772350993377483	E-DE	461-474
aque|A0A1X7UHS4	0.772350993377483	E-EE	461-474
aque|A0A1X7UK32	0.90650406504065	E-EE	217-231
aque|A0A1X7UK43	0.991561181434599	D-DD	936-946
aque|A0A1X7UKF8	0.443997856377278	D-DD	825-834
aque|A0A1X7UKF8	0.443997856377278	D-DE	825-834
aque|A0A1X7UKS5	0.274725274725275	E-EE	321-331
aque|A0A1X7ULX2	0.420049200492005	E-EE	338-347
aque|A0A1X7UNU1	0.708536585365854	S-AS	287-296
aque|A0A1X7URA6	0.141135972461274	E-DE	75-91
aque|A0A1X7URA6	0.141135972461274	E-EE	75-91
aque|A0A1X7URD9	0.906227758007117	E-EE	2543-2552
aque|A0A1X7UTL7	0.155	S-AS	42-53
aque|A0A1X7UWB0	0.990363232023721	E-EE	1329-1345
aque|A0A1X7UWV4	0.410085054678007	E-EE	330-347
aque|A0A1X7UWV4	0.430741190765492	E-DE	349-362
aque|A0A1X7UWV4	0.430741190765492	E-EE	349-362
aque|A0A1X7UYS3	0.0363408521303258	S-SS	11-20
aque|A0A1X7UYW4	0.697802197802198	E-DE	314-323
aque|A0A1X7UYW4	0.697802197802198	E-EE	314-323
aque|A0A1X7UYY5	0.261254019292605	E-EE	159-168
aque|A0A1X7UZB8	0.0165903890160183	E-EE	11-20
aque|A0A1X7V138	0.966202783300199	D-DD	483-491
aque|A0A1X7V2A9	0.251742160278746	S-AS	141-150
aque|A0A1X7V2A9	0.251742160278746	S-SS	141-150
aque|A0A1X7V314	0.990720524017467	D-DD	901-916
aque|A0A1X7V314	0.990720524017467	D-DE	901-916
aque|A0A1X7V3L0	0.110897435897436	S-SS	82-93
aque|A0A1X7V3Y9	0.326742976066597	D-DD	305-325
aque|A0A1X7V4B9	0.102962962962963	E-EE	65-76
aque|A0A1X7V5M5	0.957186544342508	S-SS	1875-1883
aque|A0A1X7V6X0	0.0529753265602322	E-EE	33-42
aque|A0A1X7V7P6	0.931972789115646	D-DD	270-280
aque|A0A1X7V7P6	0.931972789115646	D-DE	270-280
aque|A0A1X7V7P6	0.974489795918367	E-EE	281-294
aque|A0A1X7V9Q8	0.695726495726496	E-DE	403-413
aque|A0A1X7V9Q8	0.695726495726496	E-EE	403-413
aque|A0A1X7VA90	0.0803030303030303	E-EE	50-58
aque|A0A1X7VBP8	0.385507246376812	E-EE	127-141
aque|A0A1X7VBR6	0.902352941176471	E-EE	378-391
aque|A0A1X7VBR6	0.942352941176471	E-EE	396-407
aque|A0A1X7VBZ0	0.0488157134604275	E-DE	78-93
aque|A0A1X7VBZ0	0.0488157134604275	E-EE	78-93
aque|A0A1X7VBZ0	0.885326400924321	E-DE	1523-1544
aque|A0A1X7VBZ0	0.885326400924321	E-EE	1523-1544
aque|A0A1X7VC44	0.924738219895288	S-SS	703-712
aque|A0A1X7VC66	0.524074074074074	E-DE	420-431
aque|A0A1X7VC66	0.524074074074074	E-EE	420-431
aque|A0A1X7VCA9	0.242320819112628	E-EE	416-438
aque|A0A1X7VCP3	0.417788180222352	E-EE	708-722
aque|A0A1X7VCP3	0.619368051492101	E-EE	1051-1068
aque|A0A1X7VDC9	0.657507739938081	A-AA	846-855
aque|A0A1X7VDJ1	0.658876933422999	E-EE	1954-1967
aque|A0A1X7VDL6	0.827368421052632	S-SS	783-791
aque|A0A1X7VE11	0.806870229007634	E-DE	524-535
aque|A0A1X7VE11	0.806870229007634	E-EE	524-535
aque|A0A1X7VE32	0.851590106007067	A-AA	237-247
aque|A0A1X7VE90	0.344594594594595	E-EE	173-186
aque|A0A1X7VEQ4	0.976245654692932	E-EE	839-848
aque|A0A1X7VF12	0.328367875647668	E-EE	757-766
aque|A0A1X7VF12	0.599956822107081	E-EE	1386-1395
aque|A0A1X7VFY7	0.876582278481013	D-DD	410-423
aque|A0A1X7VFY7	0.876582278481013	D-DE	410-423
aque|A0A1X7VGA4	0.839678762641285	E-DE	1397-1428
aque|A0A1X7VGA4	0.839678762641285	E-EE	1397-1428
aque|A0A1X7VH98	0.725317492830807	S-SS	1767-1776
aque|A0A1X7VH98	0.854977468250717	E-EE	2082-2094
aque|A0A1X7VIA2	0.0114829396325459	E-EE	14-23
aque|A0A1X7VIA2	0.142060367454068	E-EE	213-222
aque|A0A1X7VJR0	0.017982017982018	E-DE	11-27
aque|A0A1X7VJR0	0.017982017982018	E-EE	11-27
aque|A0A1X7VJY1	0.145796847635727	A-AA	163-172
aque|A0A1X7VLP2	0.811233885819521	E-EE	437-446
aque|A0A1X7VMH3	0.0389105058365759	E-EE	16-26
aque|A0A1X7VMI8	0.32313829787234	E-DE	239-249
aque|A0A1X7VN41	0.012906309751434	E-EE	11-18
aque|A0A1X7VNJ2	0.94702842377261	E-DE	360-375
aque|A0A1X7VNJ2	0.94702842377261	E-EE	360-375
aque|A0A1X7VNS6	0.723214285714286	E-DE	356-375
aque|A0A1X7VNS6	0.723214285714286	E-EE	356-375
aque|A0A1X7VNY8	0.439897698209719	D-DD	341-349
aque|A0A1X7VQE5	0.22082096933729	D-DD	443-452
aque|A0A1X7VQJ1	0.0193065405831363	E-DE	21-30
aque|A0A1X7VQJ1	0.0193065405831363	E-EE	21-30
aque|A0A1X7VR39	0.826988155668359	E-DE	971-986
aque|A0A1X7VR39	0.826988155668359	E-EE	971-986
aque|A0A1X7VS48	0.479878511769172	E-DE	1258-1272
aque|A0A1X7VS98	0.540334855403349	D-DD	2482-2490
aque|A0A1X7VTH8	0.288174512055109	E-EE	247-257
aque|A0A1X7VUN1	0.102202643171806	D-DD	113-121
aque|A0A1X7VUP3	0.482397959183673	S-SS	942-951
aque|A0A1X7VUP7	0.0154686078252957	E-EE	14-22
aque|A0A1X7VVQ3	0.92257217847769	S-SS	346-359
aque|A0A1X7VW18	0.247058823529412	E-EE	143-153
atha|A0A1P8AWF9	0.108571428571429	E-EE	92-100
atha|A0A1P8B455	0.0912981455064194	E-EE	61-69
atha|A0A1P8B455	0.141940085592011	D-DD	92-109
atha|A0A1P8B4Y6	0.75480059084195	E-DE	504-520
atha|A0A1P8B4Y6	0.75480059084195	E-EE	504-520
atha|A5HEI1	0.984281842818428	D-DD	1813-1821
atha|A5HEI1	0.984281842818428	D-DE	1813-1821
atha|A8MS85	0.0367557715674362	E-EE	56-67
atha|A9LNK9	0.669047619047619	E-EE	414-431
atha|B9DFG3	0.0581196581196581	E-EE	64-74
atha|F4HW51	0.406968876860622	S-SS	598-607
atha|F4IG73	0.1375	A-AA	407-420
atha|F4IG73	0.624333333333333	A-AA	1869-1879
atha|F4IRR2	0.916265640038499	D-DD	948-958
atha|F4J9M5	0.938692098092643	E-EE	1030-1039
atha|F4J9M5	0.960490463215259	E-DE	1054-1063
atha|F4J9M5	0.960490463215259	E-EE	1054-1063
atha|F4JD14	0.0309278350515464	A-AA	56-66
atha|F4JL64	0.159851301115242	D-DD	83-91
atha|F4JLS1	0.822065150583897	A-AA	1334-1343
atha|F4JM19	0.813861386138614	A-AA	1230-1238
atha|F4JMJ3	0.0657596371882086	E-EE	55-63
atha|F4JTP6	0.971276595744681	D-DD	450-465
atha|F4K128	0.950141110065851	E-DE	1005-1017
atha|F4K128	0.950141110065851	E-EE	1005-1017
atha|F4K250	0.136181575433912	S-SS	96-110
atha|F4KIH8	0.409156976744186	A-AA	557-571
atha|O22281	0.368663594470046	E-EE	154-168
atha|O24600	0.0604838709677419	S-SS	54-68
atha|O49160	0.199666295884316	D-DD	176-185
atha|O49160	0.199666295884316	D-DE	176-185
atha|O65312	0.260901162790698	E-DE	176-185
atha|O80734	0.042332268370607	E-EE	23-32
atha|O80983	0.970670391061452	A-AA	685-707
atha|P24636	0.985327313769752	E-EE	432-443
atha|P29517	0.985327313769752	E-EE	432-443
atha|P30181	0.314207650273224	D-DD	284-293
atha|P36428	0.0399201596806387	S-AS	37-45
atha|P55034	0.533766233766234	A-AA	203-210
atha|P55217	0.223309608540925	A-AA	122-131
atha|P84634	0.0555555555555556	S-AS	89-102
atha|P93042	0.980649188514357	S-SS	782-791
atha|P93043	0.0234933605720123	E-DE	15-33
atha|P93043	0.0234933605720123	E-EE	15-33
atha|Q05196	0.0668135095447871	A-AA	41-52
atha|Q84W92	0.048689138576779	S-SS	23-31
atha|Q8GXJ4	0.0459290187891441	S-AS	40-50
atha|Q8GXJ4	0.0459290187891441	S-SS	40-50
atha|Q8H0T4	0.58039376538146	D-DD	2119-2128
atha|Q8H0T4	0.58039376538146	D-DE	2119-2128
atha|Q8H0U8	0.854077253218884	A-AA	990-1002
atha|Q8L746	0.976923076923077	S-SS	568-577
atha|Q8L7R2	0.424119241192412	A-AA	153-162
atha|Q8LB54	0.543785310734463	E-EE	189-198
atha|Q8RWQ8	0.0442122186495177	S-SS	25-32
atha|Q8RXC2	0.0832591273374889	A-AA	89-100
atha|Q8RY73	0.0773480662983425	S-SS	36-50
atha|Q8RY73	0.197974217311234	E-EE	104-113
atha|Q93XX3	0.141137855579869	S-AS	61-70
atha|Q94AI7	0.619469026548673	A-AA	696-706
atha|Q9C671	0.819554848966614	E-EE	511-522
atha|Q9C824	0.203889585947302	D-DD	158-169
atha|Q9CAT3	0.9814453125	A-AA	500-507
atha|Q9FFG3	0.0697896749521989	E-EE	33-42
atha|Q9FFH1	0.961901949202599	E-EE	1625-1634
atha|Q9FFT9	0.922764227642276	E-DE	678-686
atha|Q9FFT9	0.922764227642276	E-EE	678-686
atha|Q9FHT0	0.879245283018868	E-DE	463-471
atha|Q9FHT0	0.879245283018868	E-EE	463-471
atha|Q9FKM4	0.10077519379845	S-SS	62-70
atha|Q9FKN6	0.368663594470046	E-EE	154-168
atha|Q9FM80	0.162626262626263	D-DE	74-89
atha|Q9FXA2	0.0432835820895522	A-AA	20-40
atha|Q9LD55	0.899087221095335	A-AA	881-894
atha|Q9LKB9	0.814827127659574	A-AA	1222-1231
atha|Q9LUM3	0.022609819121447	S-AS	14-23
atha|Q9LYA9	0.104938271604938	S-SS	35-52
atha|Q9M086	0.943411264612115	D-DD	1772-1781
atha|Q9SAG7	0.980533926585095	S-SS	876-889
atha|Q9SHS7	0.450746268656716	A-AA	449-459
atha|Q9SI52	0.803543913713405	E-EE	518-527
atha|Q9SJF0	0.455752212389381	A-AA	460-469
atha|Q9SK34	0.873134328358209	E-DE	464-474
atha|Q9SK34	0.873134328358209	E-EE	464-474
atha|Q9SK74	0.917567567567568	D-DD	335-346
atha|Q9SL95	0.449450549450549	E-EE	202-209
atha|Q9SRY4	0.126106194690265	S-SS	54-62
atha|Q9STN3	0.025	E-DE	21-33
atha|Q9STN3	0.025	E-EE	21-33
atha|Q9XIP2	0.0446428571428571	S-SS	17-30
atha|Q9ZNZ7	0.0336212214682295	S-AS	50-61
atha|Q9ZRZ8	0.147842639593909	E-EE	113-122
atha|Q9ZUF6	0.00730411686586985	S-AS	3-10
atha|X5JA13	0.700849514563107	A-AA	572-585
atha|X5JB51	0.702294685990338	A-AA	576-589
bden|BDEG_00480	0.0271966527196653	A-AA	16-25
bden|BDEG_00936	0.931519699812383	E-EE	486-509
bden|BDEG_01129	0.566245259165613	A-AA	2234-2247
bden|BDEG_01397	0.468833960236432	D-DE	870-877
bden|BDEG_01729	0.531994047619048	D-DE	352-365
bden|BDEG_03513	0.887658227848101	A-AA	277-286
bden|BDEG_04446	0.982861806311208	A-AA	1803-1812
bden|BDEG_04853	0.700913242009132	E-DE	456-467
bden|BDEG_04853	0.700913242009132	E-EE	456-467
bden|BDEG_05248	0.38689407540395	D-DD	423-441
bden|BDEG_05248	0.38689407540395	D-DE	423-441
bden|BDEG_06152	0.67643391521197	S-SS	536-551
bden|BDEG_06469	0.604984504132231	D-DD	2336-2351
bdia|Q89EN5	0.0227272727272727	A-AA	16-24
bdia|Q89WR2	0.351941747572816	E-EE	284-298
bdia|Q89X64	0.242130750605327	A-AA	93-109
bflo|C3XPG2	0.0153256704980843	D-DD	1-9
bflo|C3XPG8	0.833872707659115	D-DD	770-778
bflo|C3XQA5	0.297899159663866	A-AA	348-363
bflo|C3XQA9	0.354669887278583	E-DE	437-446
bflo|C3XRA3	0.325966850828729	E-EE	233-241
bflo|C3XVJ9	0.0421139554087531	E-EE	47-57
bflo|C3XZ88	0.516300940438871	A-AS	820-829
bflo|C3Y0C2	0.49744081893794	E-EE	774-783
bflo|C3Y0C2	0.805502239283429	E-EE	1254-1266
bflo|C3Y1Q0	0.656484962406015	S-SS	695-704
bflo|C3Y1Q0	0.690789473684211	S-SS	730-742
bflo|C3Y230	0.748475609756098	E-DE	487-497
bflo|C3Y230	0.748475609756098	E-EE	487-497
bflo|C3Y2N8	0.42377434519812	S-SS	626-638
bflo|C3Y3D4	0.563469675599436	D-DD	396-405
bflo|C3Y3D4	0.563469675599436	D-DE	396-405
bflo|C3Y460	0.552631578947368	A-AA	269-279
bflo|C3Y4D1	0.0255292652552927	E-DE	17-26
bflo|C3Y4D1	0.0255292652552927	E-EE	17-26
bflo|C3Y4W7	0.529131985731272	E-EE	1332-1340
bflo|C3Y7Y5	0.844213649851632	A-AA	850-859
bflo|C3Y9W1	0.92080378250591	E-DE	379-402
bflo|C3Y9W1	0.92080378250591	E-EE	379-402
bflo|C3YA37	0.897240990990991	S-SS	1590-1599
bflo|C3YBI5	0.486857142857143	E-EE	422-432
bflo|C3YBN1	0.864257256687536	D-DD	1514-1525
bflo|C3YD45	0.292261251372119	E-EE	526-541
bflo|C3YDQ8	0.825268817204301	A-AA	454-469
bflo|C3YEL7	0.388682745825603	E-EE	206-215
bflo|C3YFQ2	0.895186335403727	A-AA	572-583
bflo|C3YH09	0.919237749546279	E-EE	1010-1018
bflo|C3YI34	0.571052631578947	E-EE	430-440
bflo|C3YK34	0.0154838709677419	S-SS	30-44
bflo|C3YLD4	0.443612774451098	E-DE	441-450
bflo|C3YLD4	0.443612774451098	E-EE	441-450
bflo|C3YLJ2	0.321382007822686	S-SS	490-498
bflo|C3YLR8	0.546428571428571	S-SS	379-388
bflo|C3YLS6	0.904095904095904	E-EE	900-912
bflo|C3YNT4	0.0577299412915851	S-SS	114-124
bflo|C3YNT4	0.1323385518591	D-DD	264-279
bflo|C3YP19	0.956239870340357	D-DD	587-595
bflo|C3YTK3	0.0127840909090909	A-AA	10-19
bflo|C3YTQ9	0.939	D-DD	465-476
bflo|C3YTQ9	0.939	D-DE	465-476
bflo|C3YVI5	0.914077669902913	D-DD	938-947
bflo|C3YVI5	0.914077669902913	D-DE	938-947
bflo|C3YX75	0.962585034013605	E-EE	987-996
bflo|C3YXT2	0.11382322713258	E-EE	213-232
bflo|C3YXT2	0.489979445015416	E-EE	949-960
bflo|C3YXT2	0.674203494347379	E-EE	1307-1319
bflo|C3YXT2	0.686279547790339	E-EE	1330-1343
bflo|C3YXT2	0.699383350462487	E-EE	1354-1370
bflo|C3YYS1	0.770220588235294	D-DD	415-425
bflo|C3YYS1	0.770220588235294	D-DE	415-425
bflo|C3YYS4	0.818350324374421	S-SS	875-893
bflo|C3YYU9	0.0283159463487332	S-AS	52-64
bflo|C3YZ74	0.413461538461538	E-EE	788-805
bflo|C3YZ79	0.867313915857605	D-DD	265-273
bflo|C3YZ79	0.867313915857605	D-DE	265-273
bflo|C3Z2B3	0.263418079096045	E-EE	369-379
bflo|C3Z2C3	0.102090032154341	E-EE	59-70
bflo|C3Z382	0.0280528052805281	E-DE	22-31
bflo|C3Z382	0.0280528052805281	E-EE	22-31
bflo|C3Z491	0.567796610169492	S-SS	231-240
bflo|C3Z7P9	0.981549815498155	D-DE	527-539
bflo|C3Z802	0.252118644067797	D-DD	294-303
bflo|C3Z802	0.296186440677966	E-EE	345-356
bflo|C3Z8G6	0.899885583524027	S-SS	783-792
bflo|C3Z8S3	0.755536626916525	E-EE	437-452
bflo|C3Z8S3	0.815161839863714	E-EE	475-484
bflo|C3Z9M7	0.248087710351861	D-DD	477-498
bflo|C3ZBW5	0.810693641618497	D-DD	1398-1409
bflo|C3ZCQ2	0.287735849056604	A-AA	180-188
bflo|C3ZFA3	0.847087378640777	S-SS	340-360
bflo|C3ZHW1	0.587635436583811	E-EE	919-927
bflo|C3ZKP1	0.716694772344013	E-DE	421-431
bflo|C3ZKP1	0.716694772344013	E-EE	421-431
bflo|C3ZMT5	0.362781954887218	E-EE	188-200
bflo|C3ZMT5	0.616541353383459	E-EE	324-334
bflo|C3ZR10	0.0342820181112548	E-DE	22-33
bflo|C3ZR10	0.0342820181112548	E-EE	22-33
bflo|C3ZXB5	0.859080188679245	D-DD	726-733
bflo|C3ZXZ1	0.418097754293263	S-SS	313-322
bflo|C3ZY97	0.204200700116686	S-AS	345-357
bflo|C3ZZF1	0.984177215189873	D-DD	308-316
bgla|BGLB000922	0.844090202177294	S-AS	1082-1091
bgla|BGLB001040	0.409653465346535	D-DD	824-833
bgla|BGLB001043	0.07421875	S-SS	44-53
bgla|BGLB001062	0.623544631306598	E-EE	960-970
bgla|BGLB001062	0.875485122897801	E-EE	1349-1360
bgla|BGLB002156	0.807142857142857	E-EE	223-231
bgla|BGLB002236	0.172749391727494	E-EE	208-220
bgla|BGLB002304	0.746192893401015	S-SS	1906-1918
bgla|BGLB002359	0.918823529411765	D-DD	383-400
bgla|BGLB002359	0.918823529411765	D-DE	383-400
bgla|BGLB002460	0.161375661375661	D-DD	88-97
bgla|BGLB002460	0.161375661375661	D-DE	88-97
bgla|BGLB002837	0.476489028213166	D-DD	149-157
bgla|BGLB002837	0.476489028213166	D-DE	149-157
bgla|BGLB003202	0.22180916976456	D-DD	176-184
bgla|BGLB003222	0.980477223427332	E-EE	901-909
bgla|BGLB003384	0.105749486652977	D-DD	99-109
bgla|BGLB005073	0.0397456279809221	E-DE	47-55
bgla|BGLB005073	0.0397456279809221	E-EE	47-55
bgla|BGLB005687	0.20871327254306	S-SS	409-417
bgla|BGLB006412	0.967806841046278	E-EE	478-486
bgla|BGLB006862	0.298994974874372	S-SS	412-423
bgla|BGLB006865	0.420969773299748	E-DE	665-674
bgla|BGLB006865	0.420969773299748	E-EE	665-674
bgla|BGLB007427	0.486830154405086	D-DD	531-543
bgla|BGLB007487	0.948916408668731	S-SS	916-925
bgla|BGLB007869	0.592672413793103	A-AA	132-145
bgla|BGLB008145	0.568452380952381	E-EE	473-484
bgla|BGLB008422	0.831896551724138	D-DD	286-295
bgla|BGLB008451	0.669026548672566	E-EE	373-385
bgla|BGLB008634	0.702490774907749	E-DE	756-769
bgla|BGLB008634	0.702490774907749	E-EE	756-769
bgla|BGLB008908	0.258871989860583	E-EE	405-414
bgla|BGLB009140	0.108695652173913	S-SS	105-117
bgla|BGLB009140	0.138833992094862	S-SS	136-147
bgla|BGLB009140	0.25098814229249	S-SS	251-259
bgla|BGLB009165	0.326334208223972	S-SS	367-381
bgla|BGLB009580	0.771775082690187	S-SS	697-705
bgla|BGLB009580	0.829658213891951	S-SS	749-758
bgla|BGLB010156	0.270983213429257	D-DD	109-119
bgla|BGLB010603	0.88801261829653	A-AA	278-287
bgla|BGLB010971	0.895461912479741	E-EE	549-558
bgla|BGLB010991	0.771276595744681	S-AS	282-300
bgla|BGLB010991	0.771276595744681	S-SS	282-300
bgla|BGLB011278	0.329241071428571	E-EE	141-156
bgla|BGLB012083	0.19758064516129	E-DE	118-129
bgla|BGLB012083	0.19758064516129	E-EE	118-129
bgla|BGLB012090	0.932785888077859	D-DD	1531-1538
bgla|BGLB012090	0.932785888077859	D-DE	1531-1538
bgla|BGLB012090	0.997566909975669	D-DD	1637-1645
bgla|BGLB012283	0.986486486486487	E-EE	435-443
bgla|BGLB012424	0.633696309739867	E-EE	1043-1054
bgla|BGLB012902	0.902506963788301	E-EE	644-654
bgla|BGLB013518	0.777993779160187	E-EE	997-1006
bgla|BGLB014025	0.380475594493116	E-EE	298-312
bgla|BGLB014025	0.463704630788486	E-EE	366-377
bgla|BGLB014120	0.975279449699054	D-DD	2265-2274
bgla|BGLB016365	0.357277882797732	E-EE	185-195
bgla|BGLB016365	0.61531190926276	E-EE	322-331
bgla|BGLB016365	0.737240075614367	E-EE	386-396
bgla|BGLB016473	0.149670065986803	E-EE	243-258
bgla|BGLB016473	0.591781643671266	E-EE	980-995
bgla|BGLB016473	0.83623275344931	E-EE	1385-1405
bgla|BGLB016473	0.852729454109178	E-EE	1414-1431
bgla|BGLB016877	0.714971209213052	S-SS	742-750
bgla|BGLB016877	0.743761996161228	S-SS	770-782
bgla|BGLB017070	0.90962288686606	S-SS	696-705
bgla|BGLB017126	0.958469055374593	E-EE	585-594
bgla|BGLB017168	0.627296587926509	S-SS	953-961
bgla|BGLB017316	0.62734521575985	D-DD	1332-1345
bgla|BGLB017324	0.620707070707071	A-AA	611-620
bgla|BGLB017523	0.657317073170732	S-SS	801-818
bgla|BGLB017571	0.428859060402685	S-SS	955-964
bgla|BGLB018054	0.584953940634596	A-AA	568-577
bgla|BGLB018165	0.982104121475054	D-DD	903-910
bgla|BGLB021166	0.408275462962963	S-SS	702-711
bgla|BGLB022112	0.356399583766909	S-SS	339-348
bgla|BGLB023444	0.311229946524064	S-AS	578-588
bgla|BGLB026196	0.421996879875195	A-AS	267-276
bgla|BGLB026899	0.511578044596912	E-EE	593-602
bgla|BGLB031157	0.833333333333333	S-SS	1279-1288
bgla|BGLB033585	0.0462062256809339	D-DD	45-52
bgla|BGLB037844	0.386861313868613	D-DD	155-165
bgla|BGLB038320	0.908713692946058	S-SS	435-443
bgla|BGLB040090	0.344336569579288	A-AA	529-537
bgla|BGLB040120	0.481169871794872	E-DE	593-610
bgla|BGLB040120	0.481169871794872	E-EE	593-610
bgla|BGLB040161	0.387853107344633	E-EE	684-691
bova|BOVATA_003700	0.956032719836401	D-DD	463-474
bova|BOVATA_003700	0.956032719836401	D-DE	463-474
bova|BOVATA_012710	0.900641025641026	A-AA	276-288
bova|BOVATA_024040	0.312238055322716	S-SS	369-378
bova|BOVATA_028560	0.580196399345336	E-EE	1414-1424
bova|BOVATA_035190	0.851809172620419	E-EE	3692-3702
bova|BOVATA_035190	0.883037566259507	A-AA	3828-3837
bpli|A0A3M7P385	0.831380208333333	E-EE	635-644
bpli|A0A3M7P5R3	0.986152324431256	S-SS	994-1002
bpli|A0A3M7P6M9	0.0335329341317365	S-AS	23-35
bpli|A0A3M7P9P5	0.825174825174825	S-SS	347-363
bpli|A0A3M7PB43	0.968645484949833	S-SS	1155-1164
bpli|A0A3M7PEY5	0.943807339449541	S-SS	406-419
bpli|A0A3M7PIC5	0.0606531881804044	S-SS	33-47
bpli|A0A3M7PZ94	0.960880999342538	S-SS	1458-1467
bpli|A0A3M7Q483	0.215986394557823	S-AS	56-73
bpli|A0A3M7Q483	0.215986394557823	S-SS	56-73
bpli|A0A3M7Q4L9	0.430461538461538	E-EE	696-705
bpli|A0A3M7QE95	0.216981132075472	S-SS	110-122
bpli|A0A3M7QFV2	0.160601265822785	S-SS	96-109
bpli|A0A3M7QFX7	0.36787072243346	E-EE	188-201
bpli|A0A3M7QGA0	0.201973684210526	A-AA	149-160
bpli|A0A3M7QGA0	0.530263157894737	A-AA	398-410
bpli|A0A3M7QKP9	0.688311688311688	S-SS	739-747
bpli|A0A3M7QLR7	0.532132201055772	D-DD	2312-2327
bpli|A0A3M7QLR7	0.532132201055772	D-DE	2312-2327
bpli|A0A3M7QLR7	0.566674317190728	D-DD	2465-2475
bpli|A0A3M7QLR7	0.566674317190728	D-DE	2465-2475
bpli|A0A3M7QMR2	0.706075533661741	E-DE	426-436
bpli|A0A3M7QMR2	0.706075533661741	E-EE	426-436
bpli|A0A3M7QMR2	0.969622331691297	A-AS	586-597
bpli|A0A3M7QMY3	0.421976592977893	A-AA	321-330
bpli|A0A3M7QN95	0.0343473994111874	E-EE	28-44
bpli|A0A3M7QPL4	0.58739837398374	E-EE	428-441
bpli|A0A3M7QPZ7	0.791432584269663	A-AA	560-569
bpli|A0A3M7QPZ7	0.791432584269663	A-AS	560-569
bpli|A0A3M7QQE0	0.532301480484522	E-DE	391-402
bpli|A0A3M7QQE0	0.532301480484522	E-EE	391-402
bpli|A0A3M7QR85	0.648359486447932	A-AA	451-460
bpli|A0A3M7QUX1	0.318370165745856	E-EE	227-236
bpli|A0A3M7QWM7	0.0999538319482918	D-DD	213-222
bpli|A0A3M7QWM7	0.0999538319482918	D-DE	213-222
bpli|A0A3M7QWM7	0.110803324099723	D-DE	236-246
bpli|A0A3M7R7G9	0.85223642172524	S-SS	530-539
bpli|A0A3M7R7G9	0.88258785942492	S-SS	548-559
bpli|A0A3M7R8E9	0.132096069868996	S-SS	55-68
bpli|A0A3M7R8Q8	0.918604651162791	D-DE	233-243
bpli|A0A3M7RFV8	0.905569007263923	E-EE	371-379
bpli|A0A3M7RPJ5	0.892508143322476	A-AA	269-281
bpli|A0A3M7RSJ5	0.15562613430127	A-AA	168-177
bpli|A0A3M7RSJ5	0.830308529945553	A-AA	912-920
bpli|A0A3M7RVH2	0.647134302822926	S-SS	753-762
bpli|A0A3M7RXG6	0.060530679933665	S-SS	67-81
bpli|A0A3M7S0M5	0.300362976406534	S-SS	162-171
bpli|A0A3M7S3Z3	0.613662456946039	D-DD	1063-1077
bpli|A0A3M7S6D1	0.855932203389831	E-DE	451-460
bpli|A0A3M7S6D1	0.855932203389831	E-EE	451-460
bpli|A0A3M7S8T2	0.511826544021025	D-DD	386-395
bpli|A0A3M7S8T2	0.511826544021025	D-DE	386-395
bpli|A0A3M7SFQ7	0.245098039215686	E-EE	94-108
bpli|A0A3M7SI00	0.61028192371476	E-EE	359-379
bpli|A0A3M7SJC1	0.046943231441048	E-DE	17-28
bpli|A0A3M7SJC1	0.046943231441048	E-EE	17-28
bpli|A0A3M7SMK9	0.63273727647868	S-SS	457-465
bpli|A0A3M7SU89	0.136945071482318	S-SS	178-188
bpli|A0A3M7SUV0	0.448497854077253	E-EE	205-215
bpli|A0A3M7SWT4	0.044607190412783	S-SS	29-40
bpli|A0A3M7SZV5	0.305485232067511	D-DE	355-371
bpli|A0A3M7T345	0.328301886792453	A-AA	168-182
bpli|A0A3M7T7R7	0.0693181818181818	S-SS	27-36
bsal|BSAL_01655	0.924485125858124	D-DD	804-814
bsal|BSAL_01655	0.924485125858124	D-DE	804-814
bsal|BSAL_02045	0.867247565351102	E-DE	3381-3389
bsal|BSAL_04300	0.281653746770026	A-AA	104-116
bsal|BSAL_04300	0.338501291989664	A-AA	127-137
bsal|BSAL_04550	0.844781144781145	D-DD	1249-1262
bsal|BSAL_04550	0.844781144781145	D-DE	1249-1262
bsal|BSAL_08215	0.273987206823028	A-AA	125-134
bsal|BSAL_08215	0.273987206823028	A-AS	125-134
bsal|BSAL_08820	0.298154555940023	A-AA	254-265
bsal|BSAL_11895	0.386288998357964	D-DD	467-476
bsal|BSAL_11895	0.386288998357964	D-DE	467-476
bsal|BSAL_13955	0.127118644067797	E-DE	63-74
bsal|BSAL_18940	0.103885335228619	A-AA	434-445
bsal|BSAL_20040	0.428999144568007	E-EE	496-509
bsal|BSAL_20275	0.683391003460208	E-EE	388-404
bsal|BSAL_26355	0.055352798053528	A-AA	37-56
bsal|BSAL_27970	0.21334214002642	S-SS	152-173
bsal|BSAL_35585	0.608494921514312	D-DE	655-665
bsal|BSAL_38850	0.542948717948718	D-DD	420-429
bsal|BSAL_38850	0.542948717948718	D-DE	420-429
bsal|BSAL_38850	0.980769230769231	D-DD	760-772
bsal|BSAL_38850	0.980769230769231	D-DE	760-772
bsal|BSAL_41775	0.664686825053996	A-AA	610-623
bsal|BSAL_49150	0.331952920662598	A-AA	758-767
bsal|BSAL_49150	0.979511769834351	A-AA	2243-2253
bsal|BSAL_49615	0.855477855477855	S-SS	729-741
bsal|BSAL_50035	0.955792682926829	A-AS	936-947
bsal|BSAL_59430	0.968819599109131	D-DD	423-449
bsal|BSAL_59430	0.968819599109131	D-DE	423-449
bsal|BSAL_61190	0.135819521178637	S-SS	145-152
bsal|BSAL_66030	0.799771167048055	S-SS	346-355
bsal|BSAL_69550	0.0598958333333333	E-EE	20-28
bsal|BSAL_70910	0.050369685767098	E-EE	50-61
bsal|BSAL_75505	0.949614271938284	D-DD	1965-1976
bsal|BSAL_75505	0.967936354869817	D-DE	2004-2013
bsal|BSAL_82995	0.92206390328152	A-AA	4268-4276
bsal|BSAL_92045	0.721411192214112	A-AA	590-598
bsal|BSAL_92930	0.820855614973262	E-DE	609-621
bsal|BSAL_92930	0.820855614973262	E-EE	609-621
btau|BOS_10062	0.975888324873096	S-SS	381-390
btau|BOS_10079	0.973508771929825	S-SS	2771-2780
btau|BOS_1009	0.291432145090682	E-EE	459-475
btau|BOS_10118	0.671985815602837	A-AA	187-194
btau|BOS_10144	0.0229508196721311	A-AA	2-14
btau|BOS_10146	0.817612687813022	E-EE	967-994
btau|BOS_10180	0.882034632034632	A-AA	401-416
btau|BOS_10191	0.258267716535433	E-EE	161-169
btau|BOS_10200	0.310671256454389	E-EE	177-186
btau|BOS_10232	0.270547945205479	S-SS	115-124
btau|BOS_10268	0.469498910675381	A-AA	427-437
btau|BOS_10268	0.516339869281046	A-AA	467-483
btau|BOS_10274	0.522135416666667	A-AA	398-406
btau|BOS_10290	0.950743494423792	E-EE	507-518
btau|BOS_10290	0.984200743494424	D-DD	527-534
btau|BOS_1050	0.217348927875244	A-AA	108-117
btau|BOS_1050	0.217348927875244	A-AS	108-117
btau|BOS_10556	0.804450571090981	S-AS	2036-2051
btau|BOS_10556	0.804450571090981	S-SS	2036-2051
btau|BOS_10556	0.985624261520284	D-DD	2499-2508
btau|BOS_10556	0.985624261520284	D-DE	2499-2508
btau|BOS_10631	0.391416220666941	E-EE	1899-1906
btau|BOS_10631	0.726430629888843	E-EE	3526-3534
btau|BOS_10639	0.420172084130019	E-DE	435-446
btau|BOS_10639	0.420172084130019	E-EE	435-446
btau|BOS_10685	0.0217391304347826	A-AA	11-22
btau|BOS_10685	0.23632538569425	S-SS	162-177
btau|BOS_10743	0.1	A-AA	43-51
btau|BOS_10753	0.429054054054054	E-DE	503-515
btau|BOS_10753	0.429054054054054	E-EE	503-515
btau|BOS_10758	0.945686900958466	A-AA	1475-1487
btau|BOS_1078	0.537895511405445	S-SS	726-738
btau|BOS_10789	0.908585055643879	A-AA	568-577
btau|BOS_10801	0.26686807653575	S-SS	262-270
btau|BOS_1082	0.215577889447236	S-SS	211-220
btau|BOS_10897	0.80764163372859	E-EE	605-623
btau|BOS_11015	0.0111940298507463	A-AA	2-12
btau|BOS_11072	0.921364985163205	S-SS	307-316
btau|BOS_11095	0.02994555353902	E-EE	30-38
btau|BOS_11099	0.811252771618625	S-SS	1460-1469
btau|BOS_11102	0.734871794871795	E-EE	713-722
btau|BOS_11111	0.0984141791044776	S-SS	207-217
btau|BOS_11145	0.588077336197637	S-SS	544-553
btau|BOS_11190	0.953738910012674	S-SS	748-759
btau|BOS_11197	0.117723156532988	A-AA	85-99
btau|BOS_11213	0.0668449197860963	A-AA	35-42
btau|BOS_11245	0.138501742160279	E-EE	76-85
btau|BOS_11263	0.214598540145985	E-EE	143-153
btau|BOS_11293	0.67152466367713	E-EE	296-305
btau|BOS_11307	0.342985318107667	S-SS	412-431
btau|BOS_11307	0.548531810766721	S-SS	669-678
btau|BOS_11395	0.956834532374101	E-DE	393-407
btau|BOS_11395	0.956834532374101	E-EE	393-407
btau|BOS_11407	0.00406184486373166	E-EE	11-22
btau|BOS_11433	0.345077720207254	A-AA	1660-1672
btau|BOS_11481	0.752895752895753	E-EE	191-201
btau|BOS_11485	0.0559105431309904	A-AA	14-23
btau|BOS_11602	0.982295482295482	E-EE	802-809
btau|BOS_11638	0.0188405797101449	A-AA	3-12
btau|BOS_11685	0.836538461538462	E-EE	1430-1443
btau|BOS_11700	0.0705307262569832	E-EE	47-56
btau|BOS_11702	0.391242937853107	S-SS	133-146
btau|BOS_11740	0.70850651149903	E-DE	2553-2563
btau|BOS_11740	0.70850651149903	E-EE	2553-2563
btau|BOS_11838	0.865111561866126	S-SS	423-432
btau|BOS_11861	0.101762114537445	A-AA	112-121
btau|BOS_11886	0.786858974358974	S-SS	243-250
btau|BOS_11890	0.809201623815967	E-EE	589-609
btau|BOS_11891	0.0914972273567468	E-EE	45-56
btau|BOS_11898	0.469634230503796	A-AA	674-689
btau|BOS_1194	0.704054054054054	A-AA	256-267
btau|BOS_12034	0.47037037037037	A-AA	184-199
btau|BOS_12089	0.806733167082294	S-SS	642-654
btau|BOS_12102	0.975728155339806	S-SS	699-710
btau|BOS_1213	0.031390134529148	E-EE	17-27
btau|BOS_1213	0.0605381165919283	E-EE	31-52
btau|BOS_12171	0.35286783042394	A-AA	138-147
btau|BOS_12174	0.965277777777778	A-AA	344-353
btau|BOS_12177	0.302253116011505	S-SS	627-636
btau|BOS_12177	0.851390220517737	S-SS	1772-1782
btau|BOS_12185	0.954110898661568	E-DE	495-505
btau|BOS_12185	0.954110898661568	E-EE	495-505
btau|BOS_12201	0.857899807321773	E-EE	883-900
btau|BOS_12359	0.0134843581445523	A-AA	9-18
btau|BOS_12397	0.616112084063047	S-SS	1755-1765
btau|BOS_12414	0.476225854383358	S-SS	317-326
btau|BOS_12449	0.583831341301461	S-SS	1755-1764
btau|BOS_12549	0.105473965287049	S-SS	73-87
btau|BOS_12551	0.324324324324324	A-AA	175-187
btau|BOS_12556	0.270408163265306	S-SS	102-112
btau|BOS_12581	0.585074626865672	A-AA	192-202
btau|BOS_12648	0.220338983050847	E-EE	99-111
btau|BOS_12665	0.683862433862434	A-AA	254-265
btau|BOS_12680	0.0588235294117647	A-AA	25-33
btau|BOS_12680	0.19327731092437	A-AA	89-97
btau|BOS_12680	0.96218487394958	A-AA	455-463
btau|BOS_12749	0.423456790123457	D-DD	512-519
btau|BOS_12749	0.423456790123457	D-DE	512-519
btau|BOS_12752	0.798270893371758	E-EE	274-282
btau|BOS_12778	0.323976608187135	D-DD	273-283
btau|BOS_12778	0.323976608187135	D-DE	273-283
btau|BOS_1281	0.94601677148847	E-EE	897-910
btau|BOS_1281	0.967505241090147	E-EE	919-929
btau|BOS_12886	0.760710553814002	E-EE	1452-1462
btau|BOS_12908	0.188541666666667	A-AA	87-96
btau|BOS_12951	0.921777777777778	E-EE	1031-1045
btau|BOS_12961	0.640365448504983	E-EE	382-391
btau|BOS_13120	0.0904159132007233	E-EE	95-107
btau|BOS_13159	0.114018691588785	A-AA	57-67
btau|BOS_13220	0.480113636363636	A-AA	250-259
btau|BOS_13239	0.67994966442953	A-AA	806-817
btau|BOS_13246	0.424621804903495	E-EE	810-820
btau|BOS_13277	0.0495049504950495	A-AA	67-75
btau|BOS_13293	0.123665480427046	E-EE	66-75
btau|BOS_13357	0.532345013477089	E-DE	390-402
btau|BOS_13357	0.532345013477089	E-EE	390-402
btau|BOS_13416	0.509852216748768	S-SS	203-213
btau|BOS_13530	0.759226713532513	E-EE	429-437
btau|BOS_13543	0.234303912647862	E-EE	253-264
btau|BOS_13590	0.552238805970149	D-DD	330-338
btau|BOS_1362	0.665590008613264	S-SS	1542-1551
btau|BOS_13660	0.559546313799622	A-AA	292-302
btau|BOS_13863	0.0657439446366782	E-EE	15-25
btau|BOS_13876	0.9093387866394	A-AA	2664-2674
btau|BOS_14026	0.54755094744369	S-SS	1528-1537
btau|BOS_14026	0.631212012870933	A-AA	1762-1771
btau|BOS_14049	0.78503937007874	A-AA	495-504
btau|BOS_14117	0.975806451612903	D-DD	237-249
btau|BOS_14132	0.155991165102153	E-EE	276-291
btau|BOS_14295	0.457100591715976	S-SS	151-160
btau|BOS_14298	0.0864197530864197	A-AA	57-71
btau|BOS_14315	0.669142857142857	E-DE	582-591
btau|BOS_14315	0.669142857142857	E-EE	582-591
btau|BOS_14368	0.0408653846153846	A-AA	13-23
btau|BOS_14447	0.710416666666667	S-SS	338-346
btau|BOS_14451	0.118333333333333	D-DD	33-40
btau|BOS_14466	0.783602150537634	S-SS	288-297
btau|BOS_14519	0.615506329113924	E-EE	969-978
btau|BOS_14541	0.394477317554241	E-EE	195-207
btau|BOS_14602	0.717548948513416	S-SS	986-995
btau|BOS_14625	0.230878186968839	E-EE	158-170
btau|BOS_14951	0.992688679245283	A-AA	2101-2110
btau|BOS_15016	0.0651515151515152	A-AA	38-50
btau|BOS_15042	0.262350299401198	S-SS	347-356
btau|BOS_15096	0.908119658119658	E-EE	419-433
btau|BOS_15139	0.55360824742268	A-AA	265-274
btau|BOS_15139	0.620618556701031	S-SS	296-308
btau|BOS_15180	0.00941780821917808	A-AA	2-11
btau|BOS_1522	0.0201238390092879	A-AA	4-11
btau|BOS_15402	0.0817174515235457	A-AA	55-65
btau|BOS_15402	0.29016620498615	E-EE	207-214
btau|BOS_15673	0.124301675977654	E-EE	86-94
btau|BOS_15797	0.712882096069869	S-SS	323-332
btau|BOS_15832	0.386659129451668	E-EE	680-690
btau|BOS_15848	0.953781512605042	E-EE	1017-1028
btau|BOS_15881	0.163087248322148	E-EE	118-127
btau|BOS_1597	0.92046396023198	A-AA	1106-1118
btau|BOS_15999	0.820621468926554	S-SS	1158-1168
btau|BOS_16002	0.37012987012987	E-EE	281-291
btau|BOS_16002	0.393506493506494	E-EE	296-312
btau|BOS_16013	0.0780608052588332	S-SS	278-294
btau|BOS_16034	0.962135922330097	E-EE	987-997
btau|BOS_16040	0.737127371273713	E-EE	810-824
btau|BOS_16044	0.142040038131554	A-AA	294-304
btau|BOS_16051	0.891848264729621	E-EE	1100-1112
btau|BOS_16124	0.117686170212766	E-EE	85-94
btau|BOS_16180	0.83467571004663	D-DE	1965-1975
btau|BOS_1618	0.192957746478873	E-EE	64-75
btau|BOS_16181	0.116689750692521	S-SS	165-174
btau|BOS_16184	0.600504625735913	E-EE	711-719
btau|BOS_16194	0.633903133903134	S-SS	218-229
btau|BOS_1626	0.283922752683029	E-EE	9494-9503
btau|BOS_1626	0.995381303996891	S-SS	33293-33302
btau|BOS_16291	0.173218673218673	S-SS	67-76
btau|BOS_1637	0.497870074547391	E-DE	461-476
btau|BOS_1637	0.497870074547391	E-EE	461-476
btau|BOS_1637	0.756123535676251	S-SS	704-718
btau|BOS_1637	0.777955271565495	S-SS	727-736
btau|BOS_16394	0.712014725568942	S-SS	2124-2133
btau|BOS_16413	0.234905660377358	S-SS	245-255
btau|BOS_16430	0.855987762237762	E-DE	1952-1967
btau|BOS_16430	0.855987762237762	E-EE	1952-1967
btau|BOS_16433	0.138170652876535	E-EE	421-436
btau|BOS_16435	0.287001897533207	S-SS	297-310
btau|BOS_16487	0.900630914826498	A-AA	282-291
btau|BOS_16504	0.613636363636364	D-DD	223-238
btau|BOS_16505	0.822815533980582	E-EE	673-685
btau|BOS_16532	0.796099290780142	E-EE	219-232
btau|BOS_16544	0.0296662546353523	S-SS	19-31
btau|BOS_16548	0.810850439882698	A-AA	274-281
btau|BOS_16552	0.0529411764705882	A-AA	12-26
btau|BOS_1659	0.537533512064343	E-EE	197-206
btau|BOS_16595	0.30237003058104	E-EE	390-403
btau|BOS_16610	0.869888475836431	E-EE	465-473
btau|BOS_1662	0.265292553191489	S-SS	193-208
btau|BOS_16672	0.0459905660377358	E-EE	53-66
btau|BOS_16672	0.0668238993710692	E-EE	79-93
btau|BOS_16673	0.374431531076301	A-AA	738-746
btau|BOS_16673	0.501263264274886	E-EE	988-998
btau|BOS_16673	0.538655886811521	S-SS	1062-1072
btau|BOS_16673	0.548762001010611	E-EE	1082-1092
btau|BOS_16691	0.982905982905983	E-EE	793-819
btau|BOS_16711	0.873994638069705	E-EE	649-657
btau|BOS_16721	0.831120943952802	S-SS	560-569
btau|BOS_16750	0.977958697378872	S-SS	2458-2469
btau|BOS_16762	0.811036789297659	E-EE	481-491
btau|BOS_16780	0.422480620155039	S-SS	378-387
btau|BOS_1689	0.543360433604336	A-AA	196-207
btau|BOS_1698	0.345238095238095	A-AA	109-125
btau|BOS_17022	0.276173285198556	E-EE	378-389
btau|BOS_17022	0.330685920577617	E-EE	455-463
btau|BOS_1704	0.240625	A-AA	113-120
btau|BOS_1704	0.573958333333333	A-AA	272-281
btau|BOS_1704	0.957291666666667	A-AA	452-469
btau|BOS_17100	0.67205169628433	S-SS	409-425
btau|BOS_17111	0.774193548387097	S-SS	308-318
btau|BOS_17137	0.630794701986755	A-AA	186-197
btau|BOS_17139	0.125748502994012	A-AA	58-70
btau|BOS_17139	0.42814371257485	E-EE	211-220
btau|BOS_17139	0.894211576846307	A-AA	445-453
btau|BOS_17183	0.863255033557047	E-DE	508-523
btau|BOS_17183	0.863255033557047	E-EE	508-523
btau|BOS_17201	0.752602359472588	S-SS	2142-2198
btau|BOS_17201	0.912387231089521	A-AA	2625-2636
btau|BOS_17205	0.150414937759336	A-AA	69-78
btau|BOS_17207	0.594594594594595	E-EE	260-270
btau|BOS_17319	0.368334430546412	S-SS	552-569
btau|BOS_17333	0.156335460346399	S-SS	166-179
btau|BOS_17355	0.0357142857142857	E-EE	16-25
btau|BOS_17377	0.374479063306212	E-EE	1874-1902
btau|BOS_17377	0.407322881524112	E-EE	2049-2058
btau|BOS_17377	0.731891248263544	E-EE	3684-3694
btau|BOS_17439	0.783633841886269	E-EE	2248-2274
btau|BOS_17496	0.043026706231454	A-AA	11-20
btau|BOS_17535	0.88623595505618	S-SS	311-322
btau|BOS_17537	0.984415584415584	E-EE	375-385
btau|BOS_17645	0.514947683109118	A-AA	339-352
btau|BOS_17645	0.569506726457399	S-SS	377-387
btau|BOS_17645	0.588938714499253	S-SS	390-400
btau|BOS_1770	0.231172069825436	A-AA	460-469
btau|BOS_1770	0.231172069825436	A-AS	460-469
btau|BOS_17725	0.810836501901141	E-EE	421-434
btau|BOS_17728	0.825287356321839	E-EE	715-723
btau|BOS_17751	0.663339382940109	S-SS	362-371
btau|BOS_17775	0.920928402832415	S-SS	1168-1175
btau|BOS_17780	0.194058154235145	S-SS	150-159
btau|BOS_17782	0.359215017064846	S-SS	205-218
btau|BOS_17784	0.847161572052402	E-EE	967-975
btau|BOS_17850	0.514005602240896	E-EE	362-374
btau|BOS_17850	0.792717086834734	E-EE	562-572
btau|BOS_17850	0.984593837535014	E-EE	699-709
btau|BOS_17851	0.612676056338028	A-AA	388-397
btau|BOS_17851	0.835680751173709	A-AA	531-539
btau|BOS_17887	0.250184229918939	E-EE	335-346
btau|BOS_17887	0.641857037582903	S-SS	865-879
btau|BOS_17887	0.792925571112749	E-EE	1069-1085
btau|BOS_1796	0.600415512465374	D-DD	1295-1308
btau|BOS_1796	0.600415512465374	D-DE	1295-1308
btau|BOS_1802	0.279094827586207	A-AA	249-271
btau|BOS_18130	0.405	A-AA	199-208
btau|BOS_18134	0.0963566634707574	S-SS	93-110
btau|BOS_18174	0.927234042553192	A-AA	2176-2184
btau|BOS_18273	0.00962772785622593	A-AA	2-15
btau|BOS_18308	0.556140350877193	S-SS	313-323
btau|BOS_18403	0.0904628330995792	A-AA	58-73
btau|BOS_18403	0.0904628330995792	A-AS	58-73
btau|BOS_18403	0.820476858345021	A-AA	582-590
btau|BOS_18403	0.838008415147265	A-AA	593-604
btau|BOS_18411	0.317460317460317	E-EE	177-185
btau|BOS_18546	0.496	E-EE	183-191
btau|BOS_18547	0.445038167938931	E-EE	287-298
btau|BOS_18555	0.117581187010078	E-EE	102-110
btau|BOS_18581	0.546695402298851	S-SS	375-388
btau|BOS_18584	0.737261146496815	S-SS	459-469
btau|BOS_1860	0.881506849315069	S-SS	638-651
btau|BOS_18649	0.144486692015209	A-AA	71-83
btau|BOS_18649	0.144486692015209	A-AS	71-83
btau|BOS_18710	0.633995037220844	E-EE	250-263
btau|BOS_18729	0.563218390804598	E-EE	338-350
btau|BOS_18746	0.1617050067659	E-EE	110-131
btau|BOS_18748	0.796860986547085	E-EE	880-899
btau|BOS_18748	0.82152466367713	E-EE	902-932
btau|BOS_18757	0.0942460317460317	S-SS	85-107
btau|BOS_18757	0.627480158730159	E-DE	623-644
btau|BOS_18757	0.627480158730159	E-EE	623-644
btau|BOS_18759	0.150172117039587	E-EE	172-179
btau|BOS_18832	0.245995893223819	A-AA	595-605
btau|BOS_18832	0.801848049281314	S-SS	1949-1958
btau|BOS_18839	0.0966921119592875	A-AA	30-48
btau|BOS_18859	0.138743455497382	E-EE	76-85
btau|BOS_18865	0.106118546845124	A-AA	52-61
btau|BOS_18884	0.751560062402496	E-EE	960-969
btau|BOS_18895	0.374576271186441	E-EE	328-337
btau|BOS_18982	0.647637795275591	S-SS	481-508
btau|BOS_19007	0.175453047775947	E-EE	104-111
btau|BOS_19007	0.259472817133443	E-EE	154-163
btau|BOS_19027	0.303930530164534	S-SS	327-340
btau|BOS_19027	0.956581352833638	A-AA	1042-1053
btau|BOS_19046	0.633423180592992	E-EE	228-244
btau|BOS_19049	0.576209677419355	A-AA	711-720
btau|BOS_1907	0.0253555967841682	A-AA	36-48
btau|BOS_19138	0.140522875816993	S-SS	80-94
btau|BOS_19145	0.808132147395172	S-SS	1266-1280
btau|BOS_19147	0.224409448818898	E-EE	82-91
btau|BOS_19178	0.0113154172560113	A-AA	2-16
btau|BOS_19221	0.572207958921695	E-EE	887-898
btau|BOS_19245	0.0449810606060606	E-EE	43-54
btau|BOS_19263	0.422029702970297	E-EE	338-346
btau|BOS_19299	0.525423728813559	E-EE	581-599
btau|BOS_1930	0.618169398907104	S-SS	449-458
btau|BOS_19301	0.984126984126984	S-SS	738-752
btau|BOS_19307	0.613636363636364	E-EE	495-506
btau|BOS_19426	0.502746092099704	E-EE	1186-1196
btau|BOS_19426	0.879594423320659	S-SS	2076-2090
btau|BOS_19455	0.207939508506616	S-SS	102-120
btau|BOS_19548	0.866915422885572	S-SS	340-359
btau|BOS_19570	0.00810810810810811	A-AA	2-9
btau|BOS_19620	0.425469483568075	D-DD	359-368
btau|BOS_19626	0.605015673981191	E-EE	381-393
btau|BOS_19672	0.585324232081911	D-DD	161-184
btau|BOS_19676	0.967680608365019	D-DD	249-262
btau|BOS_19699	0.449152542372881	E-EE	209-217
btau|BOS_19750	0.281872509960159	S-SS	421-430
btau|BOS_1984	0.114819004524887	E-DE	92-113
btau|BOS_1984	0.114819004524887	E-EE	92-113
btau|BOS_19879	0.168803418803419	A-AA	194-203
btau|BOS_19879	0.228632478632479	A-AA	264-273
btau|BOS_19879	0.335897435897436	A-AA	388-400
btau|BOS_19927	0.256875687568757	E-EE	230-239
btau|BOS_19954	0.0694736842105263	A-AA	29-39
btau|BOS_20025	0.902849740932642	E-EE	344-355
btau|BOS_20100	0.400979706088174	D-DD	569-579
btau|BOS_20160	0.465159377316531	E-EE	624-633
btau|BOS_20178	0.202189781021898	E-EE	135-144
btau|BOS_20206	0.650294695481336	S-SS	327-337
btau|BOS_20206	0.860510805500982	S-SS	429-449
btau|BOS_20231	0.324046920821114	E-EE	107-116
btau|BOS_20261	0.733619763694952	A-AA	677-691
btau|BOS_20265	0.198245614035088	D-DD	109-119
btau|BOS_20272	0.951086956521739	S-SS	519-533
btau|BOS_20362	0.818295739348371	A-AA	323-332
btau|BOS_20369	0.138781431334623	A-AA	140-149
btau|BOS_20399	0.83125	S-SS	577-622
btau|BOS_2041	0.616279069767442	A-AA	182-191
btau|BOS_20465	0.739979177511713	E-EE	1419-1426
btau|BOS_20474	0.454486345903771	E-EE	345-356
btau|BOS_20487	0.315068493150685	E-EE	134-144
btau|BOS_20488	0.589903181189488	E-EE	423-432
btau|BOS_20522	0.0212765957446809	A-AA	6-14
btau|BOS_20565	0.589485458612975	E-EE	521-535
btau|BOS_20609	0.840909090909091	S-SS	437-453
btau|BOS_20639	0.477812995245642	E-EE	298-307
btau|BOS_20639	0.613312202852615	A-AA	384-392
btau|BOS_20677	0.615384615384615	A-AA	236-246
btau|BOS_20706	0.863255033557047	S-SS	511-520
btau|BOS_20765	0.38255033557047	E-EE	277-295
btau|BOS_20773	0.116778523489933	S-SS	83-93
btau|BOS_20775	0.383825944170772	E-EE	463-474
btau|BOS_20775	0.828407224958949	S-SS	1002-1018
btau|BOS_20797	0.0342857142857143	S-SS	26-36
btau|BOS_20809	0.179148311306902	A-AA	117-129
btau|BOS_20829	0.385427135678392	E-DE	1144-1159
btau|BOS_20829	0.385427135678392	E-EE	1144-1159
btau|BOS_20867	0.705093833780161	E-EE	258-270
btau|BOS_20901	0.0215827338129496	A-AA	16-28
btau|BOS_20901	0.732271325796506	S-AS	707-720
btau|BOS_20901	0.732271325796506	S-SS	707-720
btau|BOS_21001	0.142405063291139	E-EE	64-73
btau|BOS_21008	0.74171270718232	A-AA	265-274
btau|BOS_21018	0.179245283018868	E-EE	214-225
btau|BOS_21045	0.390238313473877	E-EE	847-858
btau|BOS_21060	0.328667413213886	A-AA	290-299
btau|BOS_21061	0.940903054448871	D-DD	1413-1423
btau|BOS_21093	0.441275167785235	E-EE	652-665
btau|BOS_21115	0.769329896907217	A-AA	892-901
btau|BOS_2112	0.561392405063291	E-EE	440-449
btau|BOS_2115	0.131639722863741	E-EE	53-63
btau|BOS_21212	0.836879432624113	S-SS	467-479
btau|BOS_21215	0.460344827586207	S-SS	664-673
btau|BOS_2125	0.793405676126878	S-SS	946-957
btau|BOS_21285	0.605756358768407	E-DE	438-469
btau|BOS_21285	0.605756358768407	E-EE	438-469
btau|BOS_21286	0.0922787193973635	A-AA	46-54
btau|BOS_21287	0.622817955112219	E-EE	492-509
btau|BOS_21287	0.980673316708229	S-SS	777-798
btau|BOS_21331	0.00761772853185596	A-AA	2-11
btau|BOS_21332	0.687203791469194	S-SS	432-440
btau|BOS_21334	0.447826086956522	E-EE	203-211
btau|BOS_2136	0.114285714285714	E-EE	135-147
btau|BOS_21376	0.351990049751244	E-EE	418-433
btau|BOS_21408	0.149903288201161	A-AA	71-86
btau|BOS_21411	0.215925394548063	E-EE	448-457
btau|BOS_21538	0.800084175084175	E-EE	947-956
btau|BOS_21546	0.807964601769911	E-EE	1365-1376
btau|BOS_21614	0.136685552407932	S-SS	93-102
btau|BOS_21660	0.326340326340326	A-AA	137-145
btau|BOS_21665	0.130747126436782	E-EE	133-142
btau|BOS_21672	0.730483271375465	E-EE	388-400
btau|BOS_21672	0.79182156133829	E-EE	422-432
btau|BOS_21678	0.286053412462908	A-AA	476-490
btau|BOS_21678	0.467359050445104	E-EE	775-802
btau|BOS_21889	0.117647058823529	E-EE	41-49
btau|BOS_21954	0.0551948051948052	A-AA	22-31
btau|BOS_21991	0.665129151291513	E-DE	357-366
btau|BOS_21991	0.665129151291513	E-EE	357-366
btau|BOS_22120	0.501057977147694	A-AA	1180-1190
btau|BOS_2214	0.260083449235049	D-DD	182-194
btau|BOS_2214	0.276773296244784	E-EE	195-205
btau|BOS_2214	0.34144645340751	D-DD	242-251
btau|BOS_2214	0.363004172461752	D-DD	258-266
btau|BOS_2214	0.379694019471488	E-EE	267-281
btau|BOS_22165	0.449512534818941	S-SS	642-651
btau|BOS_22170	0.928571428571429	S-SS	588-597
btau|BOS_2222	0.0269636576787808	S-SS	18-30
btau|BOS_22285	0.830615942028985	A-AA	452-467
btau|BOS_22327	0.281487101669196	D-DD	182-191
btau|BOS_22327	0.281487101669196	D-DE	182-191
btau|BOS_22327	0.298179059180577	E-DE	192-203
btau|BOS_22327	0.298179059180577	E-EE	192-203
btau|BOS_22378	0.439441692931112	E-EE	969-985
btau|BOS_2238	0.50464135021097	A-AA	593-605
btau|BOS_22382	0.332080200501253	A-AA	261-271
btau|BOS_22389	0.0640776699029126	A-AA	29-39
btau|BOS_22440	0.271381578947368	S-SS	79-88
btau|BOS_22440	0.324013157894737	S-SS	93-106
btau|BOS_22440	0.379934210526316	S-SS	108-125
btau|BOS_22727	0.186354935739677	S-SS	678-687
btau|BOS_22762	0.0597713097713098	S-AS	53-64
btau|BOS_22762	0.0597713097713098	S-SS	53-64
btau|BOS_22792	0.202108963093146	S-SS	336-356
btau|BOS_22792	0.611892208553017	S-SS	1031-1060
btau|BOS_22792	0.800527240773287	E-EE	1361-1374
btau|BOS_22792	0.80697129466901	S-SS	1373-1384
btau|BOS_22809	0.375	E-EE	378-395
btau|BOS_22838	0.0383386581469649	E-EE	8-18
btau|BOS_22910	0.621983914209115	A-AA	224-242
btau|BOS_22919	0.885430463576159	A-AA	666-673
btau|BOS_23047	0.902654867256637	S-SS	609-617
btau|BOS_23068	0.0471551052221356	S-SS	57-66
btau|BOS_23114	0.955161626694473	S-SS	910-924
btau|BOS_23115	0.304493307839388	S-SS	315-324
btau|BOS_23119	0.854490209318028	E-EE	1258-1275
btau|BOS_23137	0.0473815461346633	E-EE	35-43
btau|BOS_23157	0.873232323232323	S-SS	2590-2599
btau|BOS_23157	0.891414141414141	S-SS	2618-2679
btau|BOS_23269	0.838926174496644	E-EE	1496-1506
btau|BOS_23269	0.977348993288591	S-SS	1743-1754
btau|BOS_23313	0.904882154882155	A-AA	534-543
btau|BOS_23321	0.328550932568149	A-AA	225-235
btau|BOS_23361	0.286786786786787	S-SS	188-196
btau|BOS_23370	0.186192468619247	A-AA	83-97
btau|BOS_23374	0.100250626566416	E-EE	77-85
btau|BOS_23379	0.31635581061693	S-SS	218-225
btau|BOS_23379	0.677905308464849	S-SS	469-478
btau|BOS_23407	0.760928961748634	A-AA	272-287
btau|BOS_23433	0.0671052631578947	E-EE	47-57
btau|BOS_23453	0.808906882591093	E-DE	996-1004
btau|BOS_23453	0.808906882591093	E-EE	996-1004
btau|BOS_23476	0.869069069069069	S-SS	1439-1457
btau|BOS_23476	0.896396396396396	S-SS	1482-1505
btau|BOS_23478	0.81063122923588	A-AA	240-250
btau|BOS_2348	0.530038759689923	E-EE	269-280
btau|BOS_23484	0.267142857142857	E-EE	88-101
btau|BOS_23493	0.576322115384615	E-EE	956-964
btau|BOS_23507	0.711740041928721	A-AA	672-688
btau|BOS_23532	0.900214592274678	D-DD	416-425
btau|BOS_23569	0.678678678678679	A-AA	221-233
btau|BOS_23633	0.0165165165165165	A-AA	2-11
btau|BOS_23765	0.329847908745247	S-SS	167-182
btau|BOS_23802	0.309441423628275	E-EE	622-632
btau|BOS_23831	0.102941176470588	S-SS	130-145
btau|BOS_23909	0.395389191869113	E-EE	787-810
btau|BOS_23909	0.540654437283094	E-EE	1087-1096
btau|BOS_24021	0.154005524861878	A-AA	108-117
btau|BOS_24032	0.193341869398207	S-SS	148-156
btau|BOS_24041	0.214721586575133	E-EE	277-288
btau|BOS_24041	0.416475972540046	E-EE	540-554
btau|BOS_24041	0.975591151792525	S-SS	1275-1285
btau|BOS_24105	0.527033609352168	E-DE	1067-1099
btau|BOS_24105	0.527033609352168	E-EE	1067-1099
btau|BOS_24105	0.657574281539211	E-EE	1345-1357
btau|BOS_24105	0.679006332196785	E-EE	1391-1399
btau|BOS_24108	0.269014084507042	A-AA	280-295
btau|BOS_24112	0.0421428571428571	A-AA	26-35
btau|BOS_24112	0.366428571428571	S-SS	253-262
btau|BOS_24173	0.0151975683890578	A-AA	2-10
btau|BOS_24174	0.0339055793991416	S-SS	33-48
btau|BOS_24236	0.110504774897681	A-AA	78-86
btau|BOS_2425	0.923076923076923	E-EE	453-461
btau|BOS_24259	0.334419431279621	S-SS	561-570
btau|BOS_2431	0.0142694063926941	A-AA	7-20
btau|BOS_2431	0.0142694063926941	A-AS	7-20
btau|BOS_24316	0.341216216216216	D-DD	452-459
btau|BOS_24337	0.0129482071713147	A-AA	3-12
btau|BOS_24430	0.679725759059745	E-EE	691-699
btau|BOS_24434	0.00420168067226891	A-AA	2-12
btau|BOS_24434	0.608193277310924	E-EE	865-874
btau|BOS_24470	0.252057613168724	S-SS	609-618
btau|BOS_2448	0.527027027027027	D-DD	2726-2736
btau|BOS_24585	0.474424552429668	E-EE	182-191
btau|BOS_24595	0.936305732484076	E-EE	433-451
btau|BOS_24620	0.302030456852792	A-AA	176-183
btau|BOS_24687	0.808066083576288	E-EE	828-837
btau|BOS_24695	0.345300261096606	E-EE	261-270
btau|BOS_2473	0.0318029650884744	S-AS	62-73
btau|BOS_2473	0.0318029650884744	S-SS	62-73
btau|BOS_2473	0.0724533715925395	A-AA	147-158
btau|BOS_2473	0.757771401243424	E-EE	1581-1590
btau|BOS_24781	0.106951871657754	E-EE	75-87
btau|BOS_24801	0.148863636363636	A-AA	127-137
btau|BOS_24826	0.807262569832402	E-DE	717-730
btau|BOS_24826	0.807262569832402	E-EE	717-730
btau|BOS_24856	0.799168975069252	A-AA	282-297
btau|BOS_24865	0.454176804541768	E-DE	556-566
btau|BOS_24865	0.454176804541768	E-EE	556-566
btau|BOS_24866	0.0253077975376197	E-EE	32-44
btau|BOS_24895	0.51373182552504	E-EE	314-324
btau|BOS_24898	0.2514033680834	S-SS	310-319
btau|BOS_24938	0.0189003436426117	A-AA	2-11
btau|BOS_24965	0.655027932960894	A-AA	231-240
btau|BOS_25000	0.074295010845987	S-SS	65-74
btau|BOS_25001	0.937074829931973	E-EE	273-280
btau|BOS_25020	0.0745033112582782	A-AA	14-33
btau|BOS_25088	0.91038961038961	E-EE	347-356
btau|BOS_25147	0.168079096045198	E-EE	52-69
btau|BOS_25177	0.0525139664804469	S-SS	43-53
btau|BOS_25177	0.139106145251397	S-SS	122-129
btau|BOS_25191	0.772647574517826	E-EE	1319-1327
btau|BOS_25294	0.104525862068966	A-AA	46-53
btau|BOS_25386	0.012012012012012	A-AA	5-13
btau|BOS_25459	0.381656804733728	E-EE	125-135
btau|BOS_25479	0.276243093922652	A-AA	547-555
btau|BOS_25479	0.792064289301858	A-AA	1573-1583
btau|BOS_25577	0.488486842105263	A-AA	294-302
btau|BOS_2559	0.303030303030303	A-AA	127-135
btau|BOS_25594	0.0659203980099503	A-AA	47-61
btau|BOS_25666	0.393057110862262	E-EE	699-707
btau|BOS_25677	0.102870813397129	A-AA	124-136
btau|BOS_25677	0.176236044657097	A-AA	218-226
btau|BOS_25709	0.471388888888889	S-SS	845-854
btau|BOS_25714	0.449775112443778	E-DE	296-306
btau|BOS_25714	0.449775112443778	E-EE	296-306
btau|BOS_25788	0.582929782082324	E-EE	1441-1450
btau|BOS_25796	0.75327868852459	S-SS	453-468
btau|BOS_25853	0.358129649309245	E-EE	333-343
btau|BOS_25883	0.980276134122288	E-DE	1985-1993
btau|BOS_25883	0.980276134122288	E-EE	1985-1993
btau|BOS_25897	0.182595573440644	E-EE	175-190
btau|BOS_25924	0.880333951762523	S-SS	469-482
btau|BOS_25966	0.766064257028112	E-EE	1130-1161
btau|BOS_25985	0.3254662004662	E-EE	554-565
btau|BOS_26011	0.557270233196159	E-DE	2434-2443
btau|BOS_26011	0.557270233196159	E-EE	2434-2443
btau|BOS_26062	0.343023255813953	E-EE	379-390
btau|BOS_26062	0.819320214669052	E-EE	912-922
btau|BOS_26078	0.00909090909090909	A-AA	9-17
btau|BOS_26297	0.496932515337423	E-EE	315-335
btau|BOS_26298	0.851690821256039	E-EE	875-890
btau|BOS_26316	0.233009708737864	S-SS	109-133
btau|BOS_26437	0.222960151802657	A-AA	108-129
btau|BOS_26437	0.222960151802657	A-AS	108-129
btau|BOS_2765	0.514270032930845	E-EE	462-477
btau|BOS_2822	0.966763005780347	A-AA	331-340
btau|BOS_2827	0.580924855491329	S-SS	398-408
btau|BOS_2835	0.334932821497121	S-SS	165-186
btau|BOS_2853	0.681411974977659	E-EE	1521-1531
btau|BOS_2874	0.0120307988450433	A-AA	9-18
btau|BOS_2883	0.815715292459478	E-EE	1153-1164
btau|BOS_2885	0.803763440860215	S-SS	445-454
btau|BOS_3024	0.283649052841476	E-EE	280-291
btau|BOS_3065	0.959302325581395	D-DD	408-419
btau|BOS_3100	0.851836734693878	E-EE	1039-1050
btau|BOS_3201	0.939876670092497	E-EE	2740-2749
btau|BOS_3214	0.941099476439791	A-AA	356-365
btau|BOS_3231	0.878405650857719	S-SS	867-876
btau|BOS_3281	0.869377162629758	E-EE	495-512
btau|BOS_3304	0.696078431372549	E-EE	527-540
btau|BOS_3328	0.570707070707071	A-AA	279-288
btau|BOS_3441	0.68025078369906	S-SS	213-223
btau|BOS_3447	0.174852652259332	E-EE	83-97
btau|BOS_3509	0.6125	A-AA	290-300
btau|BOS_3509	0.976041666666667	A-AA	463-476
btau|BOS_3544	0.0617977528089888	A-AA	29-39
btau|BOS_3554	0.126506024096386	E-EE	144-152
btau|BOS_3554	0.137263339070568	D-DD	153-168
btau|BOS_3582	0.400420489296636	S-SS	1044-1053
btau|BOS_3597	0.109302325581395	E-DE	90-100
btau|BOS_3597	0.109302325581395	E-EE	90-100
btau|BOS_3666	0.714	E-EE	354-362
btau|BOS_3705	0.0719257540603248	A-AA	27-37
btau|BOS_3779	0.821316614420063	S-SS	781-793
btau|BOS_3783	0.474512743628186	E-EE	630-638
btau|BOS_3932	0.986842105263158	E-EE	334-343
btau|BOS_4023	0.814990512333966	A-AA	423-438
btau|BOS_4103	0.159846547314578	S-SS	122-130
btau|BOS_4166	0.787278415015641	S-SS	752-760
btau|BOS_4169	0.138297872340426	E-EE	87-97
btau|BOS_422	0.214693295292439	E-EE	147-156
btau|BOS_4305	0.178571428571429	E-EE	54-68
btau|BOS_4334	0.566666666666667	A-AA	172-187
btau|BOS_4395	0.168838219326819	A-AA	150-163
btau|BOS_4398	0.124570118456248	E-EE	320-334
btau|BOS_4398	0.980512036683225	E-EE	2561-2573
btau|BOS_4417	0.227605118829982	E-EE	120-131
btau|BOS_4418	0.0252051582649472	E-EE	18-27
btau|BOS_4434	0.0466578424884183	A-AA	67-76
btau|BOS_4444	0.761390887290168	S-SS	308-329
btau|BOS_4500	0.117370892018779	E-EE	143-159
btau|BOS_4543	0.355805243445693	E-EE	186-196
btau|BOS_4604	0.25	D-DD	183-194
btau|BOS_4606	0.551143200962696	E-EE	454-464
btau|BOS_4724	0.595045045045045	S-SS	657-666
btau|BOS_4743	0.0755451713395639	D-DD	45-54
btau|BOS_4743	0.0755451713395639	D-DE	45-54
btau|BOS_4767	0.215401785714286	E-EE	189-199
btau|BOS_4770	0.0600600600600601	A-AA	16-26
btau|BOS_4811	0.513541666666667	A-AA	243-252
btau|BOS_4830	0.0123927550047664	A-AA	8-20
btau|BOS_4868	0.783446232006774	S-SS	1847-1856
btau|BOS_4886	0.2515625	E-EE	77-86
btau|BOS_4893	0.238095238095238	E-EE	87-95
btau|BOS_4978	0.0554140127388535	S-SS	40-49
btau|BOS_4986	0.964730290456432	E-EE	228-239
btau|BOS_5004	0.144053601340034	S-SS	82-92
btau|BOS_5017	0.851473922902494	E-EE	371-382
btau|BOS_5054	0.778925619834711	S-SS	561-572
btau|BOS_5199	0.923677884615385	S-SS	765-774
btau|BOS_5318	0.77488986784141	A-AA	876-885
btau|BOS_5319	0.0133689839572193	A-AA	1-11
btau|BOS_5458	0.186980609418283	E-EE	63-74
btau|BOS_5515	0.179331306990881	E-EE	55-65
btau|BOS_5572	0.945828144458281	E-EE	756-765
btau|BOS_5608	0.494565217391304	S-SS	543-551
btau|BOS_5621	0.532128514056225	E-EE	262-270
btau|BOS_5638	0.0579268292682927	S-SS	25-34
btau|BOS_5661	0.983546617915905	E-EE	531-547
btau|BOS_5771	0.617571059431525	E-EE	951-963
btau|BOS_5792	0.513428120063191	E-EE	320-332
btau|BOS_5798	0.0823529411764706	E-EE	37-49
btau|BOS_5989	0.47971259509721	S-SS	564-573
btau|BOS_5994	0.822299651567944	A-AA	468-478
btau|BOS_5995	0.414972273567468	E-EE	221-230
btau|BOS_5996	0.119570905285191	A-AA	224-235
btau|BOS_6096	0.037037037037037	A-AA	19-27
btau|BOS_6096	0.037037037037037	A-AS	19-27
btau|BOS_6118	0.563202247191011	E-EE	992-1015
btau|BOS_6137	0.158777120315582	A-AA	78-85
btau|BOS_6151	0.0327910523640061	A-AA	61-70
btau|BOS_6203	0.649828767123288	E-DE	366-395
btau|BOS_6203	0.649828767123288	E-EE	366-395
btau|BOS_6281	0.118292682926829	E-EE	88-108
btau|BOS_635	0.205705705705706	E-EE	63-76
btau|BOS_6356	0.3318759936407	E-EE	414-423
btau|BOS_6404	0.300637958532695	E-EE	374-382
btau|BOS_6498	0.0249584026622296	A-AA	9-23
btau|BOS_6550	0.104231166150671	E-EE	95-109
btau|BOS_656	0.294253632760898	E-EE	443-450
btau|BOS_658	0.713111888111888	E-EE	2036-2045
btau|BOS_6595	0.836440677966102	A-AA	489-500
btau|BOS_6602	0.593283582089552	E-EE	315-323
btau|BOS_6645	0.56950895819509	S-SS	1713-1722
btau|BOS_6728	0.331938633193863	E-EE	226-252
btau|BOS_6797	0.21358024691358	A-AA	82-93
btau|BOS_6810	0.322410147991543	E-EE	148-159
btau|BOS_6816	0.0137772675086108	A-AA	32-42
btau|BOS_6816	0.80673555300421	S-SS	2105-2113
btau|BOS_6890	0.147945205479452	S-SS	49-61
btau|BOS_6890	0.345205479452055	S-SS	119-135
btau|BOS_6890	0.383561643835616	A-AA	134-148
btau|BOS_6948	0.839137380191693	E-EE	2623-2632
btau|BOS_7002	0.979872525997987	E-EE	2916-2928
btau|BOS_7013	0.146115466856736	S-SS	202-210
btau|BOS_7119	0.0138888888888889	A-AA	2-17
btau|BOS_7123	0.817351598173516	E-EE	889-903
btau|BOS_7142	0.0453172205438066	E-EE	11-21
btau|BOS_7183	0.917027417027417	E-EE	631-642
btau|BOS_7188	0.469672131147541	E-EE	566-582
btau|BOS_7204	0.356986100950988	S-SS	484-494
btau|BOS_7204	0.958302852962692	A-AA	1307-1315
btau|BOS_7204	0.958302852962692	A-AS	1307-1315
btau|BOS_7212	0.119047619047619	S-SS	159-168
btau|BOS_7214	0.253955696202532	E-EE	157-166
btau|BOS_7216	0.254815630159604	E-EE	459-469
btau|BOS_7409	0.467984934086629	A-AA	246-253
btau|BOS_7415	0.924772036474164	E-EE	605-614
btau|BOS_7422	0.962740384615385	E-DE	397-406
btau|BOS_7422	0.962740384615385	E-EE	397-406
btau|BOS_748	0.471246006389776	E-DE	144-153
btau|BOS_748	0.471246006389776	E-EE	144-153
btau|BOS_7515	0.363636363636364	E-EE	249-265
btau|BOS_7538	0.963667820069204	E-EE	274-285
btau|BOS_7574	0.752100840336134	A-AA	443-454
btau|BOS_7608	0.410536159600997	E-EE	655-664
btau|BOS_7608	0.957294264339152	E-EE	1530-1543
btau|BOS_7682	0.689685314685315	S-SS	388-403
btau|BOS_7693	0.244545454545455	S-SS	128-143
btau|BOS_7705	0.947265625	E-EE	480-492
btau|BOS_774	0.0472901168969182	E-EE	41-50
btau|BOS_7801	0.56975138121547	S-SS	409-418
btau|BOS_7813	0.996035242290749	S-SS	1128-1135
btau|BOS_7821	0.0804166666666667	A-AA	93-102
btau|BOS_7835	0.168081494057725	A-AA	94-106
btau|BOS_7903	0.212895377128954	S-SS	168-184
btau|BOS_7944	0.105095541401274	E-EE	62-72
btau|BOS_7944	0.157643312101911	E-EE	96-104
btau|BOS_7986	0.381139489194499	E-EE	191-199
btau|BOS_8030	0.600943396226415	A-AA	316-323
btau|BOS_8042	0.950320512820513	S-SS	292-303
btau|BOS_8075	0.230050933786078	E-EE	131-142
btau|BOS_8081	0.0106761565836299	A-AA	2-12
btau|BOS_8100	0.221666666666667	E-EE	130-138
btau|BOS_8100	0.849166666666667	A-AA	506-515
btau|BOS_8170	0.146950092421442	S-SS	76-85
btau|BOS_817	0.395449620801733	E-EE	726-736
btau|BOS_8197	0.340850515463918	E-EE	260-271
btau|BOS_8270	0.338926174496644	S-SS	97-107
btau|BOS_8331	0.930191972076789	E-EE	530-538
btau|BOS_8332	0.0640394088669951	E-EE	86-98
btau|BOS_8437	0.774077407740774	E-DE	854-868
btau|BOS_8437	0.774077407740774	E-EE	854-868
btau|BOS_8596	0.280045351473923	A-AA	118-131
btau|BOS_8665	0.301236749116608	S-SS	149-194
btau|BOS_8665	0.679328621908127	S-SS	381-390
btau|BOS_873	0.0667107001321004	S-SS	48-55
btau|BOS_8813	0.957179652285898	E-EE	1482-1493
btau|BOS_8829	0.769539810080351	E-EE	1050-1059
btau|BOS_8864	0.246376811594203	A-AA	114-126
btau|BOS_8895	0.823061630218688	E-EE	1237-1249
btau|BOS_8897	0.530401034928849	A-AA	406-416
btau|BOS_8987	0.459677419354839	A-AA	165-179
btau|BOS_9005	0.380989180834621	A-AA	242-253
btau|BOS_9080	0.626041666666667	E-EE	296-307
btau|BOS_9093	0.57258064516129	E-EE	524-543
btau|BOS_9116	0.776237623762376	E-EE	388-398
btau|BOS_9171	0.571810287241149	E-EE	852-862
btau|BOS_9305	0.254201680672269	S-SS	115-129
btau|BOS_9370	0.994127516778524	D-DD	1182-1190
btau|BOS_938	0.870495495495496	S-SS	383-392
btau|BOS_9481	0.0320987654320988	A-AA	22-32
btau|BOS_9494	0.332330180567498	D-DD	383-392
btau|BOS_9544	0.802083333333333	A-AA	266-275
btau|BOS_9544	0.882440476190476	A-AA	293-302
btau|BOS_9562	0.585324232081911	D-DD	161-184
btau|BOS_9591	0.70873786407767	E-EE	507-517
btau|BOS_9591	0.794036061026352	E-EE	567-580
btau|BOS_9591	0.986130374479889	E-EE	706-718
btau|BOS_9614	0.0673076923076923	A-AA	21-30
btau|BOS_9654	0.991436100131752	E-EE	750-757
btau|BOS_9662	0.103194726166329	E-EE	198-211
btau|BOS_9662	0.494168356997972	E-EE	969-982
btau|BOS_9732	0.0147058823529412	S-SS	5-14
btau|BOS_9787	0.737574552683897	S-SS	737-749
btau|BOS_9848	0.821195652173913	S-SS	752-761
btau|BOS_9881	0.781851700122901	D-DD	1905-1914
btau|BOS_9899	0.940386230058774	E-EE	1116-1126
btau|BOS_9980	0.720807969009408	E-EE	1298-1309
cang|A0A1Y2H7U1	0.588532110091743	A-AS	636-649
cang|A0A1Y2H8I3	0.0502466091245376	S-SS	77-88
cang|A0A1Y2H8Z7	0.19404915912031	A-AA	146-156
cang|A0A1Y2H9N9	0.834971098265896	A-AA	1441-1450
cang|A0A1Y2HBK9	0.0144181256436663	A-AA	9-21
cang|A0A1Y2HCE0	0.87677304964539	A-AA	490-501
cang|A0A1Y2HEZ9	0.763025210084034	A-AA	449-461
cang|A0A1Y2HEZ9	0.763025210084034	A-AS	449-461
cang|A0A1Y2HF28	0.284379671150972	D-DD	376-387
cang|A0A1Y2HF28	0.284379671150972	D-DE	376-387
cang|A0A1Y2HF96	0.0252774352651048	E-DE	38-46
cang|A0A1Y2HF96	0.63347718865598	A-AA	1023-1034
cang|A0A1Y2HGF6	0.753731343283582	D-DD	400-410
cang|A0A1Y2HGF6	0.753731343283582	D-DE	400-410
cang|A0A1Y2HHJ9	0.923262548262548	D-DD	953-962
cang|A0A1Y2HHJ9	0.992760617760618	A-AA	1025-1034
cang|A0A1Y2HHZ6	0.0736775818639799	S-SS	56-63
cang|A0A1Y2HK63	0.831325301204819	A-AA	202-214
cang|A0A1Y2HKE2	0.131909547738693	A-AA	154-163
cang|A0A1Y2HM56	0.921245421245421	A-AA	246-259
cang|A0A1Y2HMI6	0.147457627118644	A-AA	40-49
cang|A0A1Y2HNC6	0.440875912408759	S-AS	298-308
cang|A0A1Y2HP48	0.229048006509357	A-AA	278-287
cang|A0A1Y2HP48	0.387306753458096	A-AA	471-483
cang|A0A1Y2HPS4	0.470588235294118	D-DD	388-398
cang|A0A1Y2HRE2	0.0646616541353384	A-AA	40-48
cang|A0A1Y2HSC0	0.0842274678111588	A-AA	75-84
cang|A0A1Y2HSC0	0.857832618025751	A-AA	795-806
cang|A0A1Y2HSN7	0.170844327176781	A-AA	124-137
cang|A0A1Y2HSN9	0.482284667073916	D-DD	786-795
cang|A0A1Y2HSN9	0.482284667073916	D-DE	786-795
cang|A0A1Y2HT58	0.554969879518072	A-AA	365-374
cang|A0A1Y2HT58	0.554969879518072	A-AS	365-374
cang|A0A1Y2HWR5	0.0110544217687075	A-AA	3-12
cang|A0A1Y2HWW5	0.0388548057259714	A-AA	16-24
cang|A0A1Y2HZV9	0.110232558139535	S-AS	113-126
cang|A0A1Y2HZV9	0.110232558139535	S-SS	113-126
cang|A0A1Y2HZZ4	0.869762174405436	A-AA	764-774
cang|A0A1Y2I4W5	0.415655339805825	A-AA	339-348
cang|A0A1Y2I5G4	0.0365358592692828	D-DD	24-32
cang|A0A1Y2I6E6	0.27928870292887	A-AA	124-145
cang|A0A1Y2I6E6	0.27928870292887	A-AS	124-145
cang|A0A1Y2I6E6	0.452928870292887	A-AA	212-223
cbra|A0A388JM37	0.401041666666667	S-AS	226-238
cbra|A0A388JMC9	0.0841897233201581	D-DD	103-112
cbra|A0A388JMC9	0.158893280632411	E-EE	197-207
cbra|A0A388JN48	0.359056806002144	E-EE	329-343
cbra|A0A388JN64	0.616959064327485	E-EE	207-217
cbra|A0A388JNJ6	0.611216730038023	E-DE	625-663
cbra|A0A388JNJ6	0.611216730038023	E-EE	625-663
cbra|A0A388JNJ6	0.908745247148289	D-DD	946-968
cbra|A0A388JNJ6	0.908745247148289	D-DE	946-968
cbra|A0A388JNP9	0.729095074455899	A-AA	631-644
cbra|A0A388JNQ7	0.446923076923077	A-AA	578-586
cbra|A0A388JNQ7	0.507692307692308	A-AA	656-666
cbra|A0A388JNQ7	0.615	A-AA	796-805
cbra|A0A388JRE1	0.25709219858156	S-SS	430-442
cbra|A0A388JRY1	0.621396054628225	E-EE	397-424
cbra|A0A388JSE5	0.176342525399129	A-AA	116-129
cbra|A0A388JUQ8	0.0653710247349823	E-EE	25-51
cbra|A0A388JVX1	0.267361111111111	D-DD	225-239
cbra|A0A388JVX1	0.703125	E-EE	599-618
cbra|A0A388JW48	0.567883895131086	A-AA	603-612
cbra|A0A388JW64	0.803625377643505	E-DE	525-541
cbra|A0A388JW64	0.803625377643505	E-EE	525-541
cbra|A0A388JWF6	0.0327287066246057	A-AA	38-47
cbra|A0A388JWI8	0.380635838150289	E-EE	655-664
cbra|A0A388JXE2	0.117529880478088	A-AA	55-65
cbra|A0A388JZV8	0.135483870967742	S-AS	57-71
cbra|A0A388K0T0	0.121376811594203	E-DE	64-72
cbra|A0A388K3F3	0.0544933078393881	A-AA	23-36
cbra|A0A388K3F3	0.0544933078393881	A-AS	23-36
cbra|A0A388K3G0	0.193351424694708	E-DE	139-148
cbra|A0A388K3H9	0.202396804260985	E-DE	149-157
cbra|A0A388K4D0	0.221102863202545	S-AS	204-215
cbra|A0A388K5K3	0.181535269709544	D-DD	172-180
cbra|A0A388K6N1	0.610970996216898	S-SS	480-491
cbra|A0A388K833	0.99197247706422	E-DE	1289-1308
cbra|A0A388K867	0.326985532919988	A-AA	1101-1116
cbra|A0A388K8C0	0.701321279554937	A-AA	1004-1015
cbra|A0A388K8U7	0.155051150895141	S-SS	234-253
cbra|A0A388K9B0	0.451103160405486	E-EE	752-763
cbra|A0A388KAV2	0.209847036328872	S-AS	215-226
cbra|A0A388KC53	0.772441538848378	E-EE	3068-3078
cbra|A0A388KCF5	0.0426190476190476	E-DE	86-95
cbra|A0A388KCF5	0.0426190476190476	E-EE	86-95
cbra|A0A388KCF5	0.115952380952381	E-EE	240-249
cbra|A0A388KD51	0.849891225525743	A-AA	1161-1185
cbra|A0A388KD51	0.911167512690355	A-AA	1253-1262
cbra|A0A388KE16	0.189709347996858	A-AA	238-247
cbra|A0A388KG71	0.78789323164919	D-DD	821-834
cbra|A0A388KGB8	0.0476956055734191	E-EE	39-52
cbra|A0A388KGM0	0.32843137254902	S-SS	228-243
cbra|A0A388KHW0	0.320742637644046	A-AA	247-256
cbra|A0A388KIM9	0.222222222222222	S-SS	151-167
cbra|A0A388KIN2	0.577272727272727	D-DD	1203-1212
cbra|A0A388KIZ9	0.337807606263982	S-SS	146-158
cbra|A0A388KJ43	0.705291005291005	E-DE	664-671
cbra|A0A388KJN6	0.251288659793814	D-DE	93-104
cbra|A0A388KLN4	0.712335692618807	E-EE	2811-2827
cbra|A0A388KMU5	0.0445278969957082	E-EE	37-48
cbra|A0A388KMU5	0.092274678111588	D-DD	75-99
cbra|A0A388KMU5	0.219420600858369	E-EE	200-211
cbra|A0A388KMU5	0.719420600858369	E-EE	663-680
cbra|A0A388KNL3	0.606748726655348	E-DE	2850-2870
cbra|A0A388KNL3	0.606748726655348	E-EE	2850-2870
cbra|A0A388KNV0	0.534982935153584	E-DE	624-632
cbra|A0A388KPI7	0.0987654320987654	S-SS	67-79
cbra|A0A388KPK3	0.94169835234474	D-DD	738-750
cbra|A0A388KQ88	0.0334242837653479	D-DD	21-30
cbra|A0A388KRJ6	0.365384615384615	E-EE	157-168
cbra|A0A388KS91	0.363346104725415	E-EE	280-291
cbra|A0A388KTT0	0.603825136612022	E-DE	1321-1333
cbra|A0A388KU75	0.118913196894848	S-SS	160-179
cbra|A0A388KU98	0.0704387990762125	S-SS	57-67
cbra|A0A388KVB1	0.977865754903725	E-EE	5425-5445
cbra|A0A388KWG9	0.611771700356718	E-EE	511-520
cbra|A0A388KXP2	0.770392749244713	E-EE	504-518
cbra|A0A388KXQ7	0.341770969549785	E-DE	1821-1840
cbra|A0A388KXR4	0.927038626609442	D-DD	635-663
cbra|A0A388KY68	0.841791044776119	E-DE	1123-1135
cbra|A0A388KY68	0.841791044776119	E-EE	1123-1135
cbra|A0A388KZE1	0.392857142857143	S-SS	335-349
cbra|A0A388L0A2	0.166071428571429	A-AA	89-99
cbra|A0A388L0D0	0.120073327222731	E-EE	127-137
cbra|A0A388L0D0	0.87121906507791	E-EE	948-955
cbra|A0A388L0D0	0.890467461044913	D-DD	968-977
cbra|A0A388L0D0	0.890467461044913	D-DE	968-977
cbra|A0A388L353	0.474053295932679	E-DE	329-349
cbra|A0A388L353	0.474053295932679	E-EE	329-349
cbra|A0A388L353	0.585553997194951	D-DD	414-423
cbra|A0A388L353	0.585553997194951	D-DE	414-423
cbra|A0A388L489	0.0368271954674221	A-AA	10-18
cbra|A0A388L4V7	0.458841463414634	A-AA	447-458
cbra|A0A388L5L5	0.14543630892678	E-EE	140-152
cbra|A0A388L5P6	0.79679802955665	A-AA	644-652
cbra|A0A388L5X4	0.338129496402878	A-AA	230-242
cbra|A0A388L5Z3	0.214657980456026	E-EE	326-335
cbra|A0A388L6T4	0.0509877202349172	S-SS	90-103
cbra|A0A388L7I6	0.52472647702407	A-AA	1195-1205
cbra|A0A388L7J7	0.254409769335142	A-AA	183-194
cbra|A0A388L8W4	0.0385321100917431	E-DE	28-58
cbra|A0A388L8W4	0.0385321100917431	E-EE	28-58
cbra|A0A388L907	0.127705627705628	S-SS	54-66
cbra|A0A388L907	0.214285714285714	S-SS	91-109
cbra|A0A388LAB5	0.325627476882431	S-SS	242-253
cbra|A0A388LAU7	0.144867549668874	E-EE	82-95
cbra|A0A388LB77	0.15251572327044	D-DD	138-155
cbra|A0A388LB77	0.398846960167715	E-DE	376-387
cbra|A0A388LB77	0.398846960167715	E-EE	376-387
cbra|A0A388LB77	0.463312368972746	D-DD	433-453
cbra|A0A388LB77	0.463312368972746	D-DE	433-453
cbra|A0A388LBB4	0.956607495069034	E-EE	481-491
cbra|A0A388LBG9	0.690540540540541	E-EE	763-772
cbra|A0A388LBL0	0.734775641025641	E-DE	454-465
cbra|A0A388LBL0	0.734775641025641	E-EE	454-465
cbra|A0A388LBR6	0.37185534591195	A-AA	232-243
cbra|A0A388LD00	0.341280653950954	E-EE	248-255
cbra|A0A388LEI9	0.0361788617886179	A-AA	39-52
cbra|A0A388LFK7	0.261672095548317	S-SS	236-248
cbra|A0A388LGN6	0.214189643577673	E-EE	310-329
cbra|A0A388LGN6	0.238063214525891	E-DE	346-364
cbra|A0A388LGN6	0.238063214525891	E-EE	346-364
cbra|A0A388LHF3	0.272763262074426	E-EE	340-351
cbra|A0A388LHF5	0.980812641083521	E-EE	431-440
cbra|A0A388LHS9	0.0996230479267636	S-SS	176-196
cbra|A0A388LIT5	0.091358024691358	D-DE	68-82
cbra|A0A388LND0	0.0065843621399177	A-AA	2-16
cbra|A0A388LP26	0.0634796238244514	A-AA	37-46
cbra|A0A388LP88	0.836397925506836	S-SS	1769-1781
cbra|A0A388LPF4	0.987191429902189	E-DE	2116-2125
cbra|A0A388LPF4	0.987191429902189	E-EE	2116-2125
cbra|A0A388LQW4	0.854029062087186	E-EE	640-655
cbra|A0A388LR60	0.260364842454395	A-AA	308-322
cbra|A0A388LRH2	0.977558348294434	A-AA	1085-1095
cbra|A0A388LRU6	0.298858294157152	A-AS	439-453
cbra|A0A388LS50	0.921857619577308	A-AA	1654-1663
cbra|A0A388LSM6	0.674830444611907	E-EE	891-902
cbra|A0A388LVQ9	0.197147037307974	S-SS	263-278
cbra|A0A388LX69	0.142857142857143	E-EE	97-111
cbra|A0A388LXU2	0.851969504447268	E-EE	667-676
cbra|A0A388LYE0	0.242173112338858	S-SS	124-141
cbra|A0A388M176	0.559728183118741	E-EE	776-791
cbra|A0A388M297	0.174185463659148	E-EE	205-214
cbra|A0A388M2Q8	0.529490616621984	A-AA	1181-1191
cbra|A0A388M4N2	0.665101156069364	D-DD	918-925
cbra|A0A388M4N2	0.789017341040462	E-EE	1086-1100
cbra|A0A388M4V2	0.426190476190476	D-DD	712-722
cbra|A0A388M562	0.0829015544041451	E-EE	172-182
cbra|A0A388M5Y6	0.165715838087476	E-EE	606-616
cbra|A0A388M5Y6	0.183917413746265	E-EE	674-682
cbra|A0A388M680	0.980812641083521	E-EE	431-440
cbra|A0A388M6A7	0.980812641083521	E-EE	431-440
cbra|A0A388M6L2	0.427134724857685	A-AA	1121-1132
cbra|A0A388M8A7	0.696307094266278	A-AA	712-723
cbra|A0A388M927	0.313136456211813	E-EE	301-316
cbra|A0A388M927	0.39867617107943	E-EE	389-396
cbra|A0A388M9H7	0.7398753894081	A-AA	233-244
cbra|A0A388MAY2	0.0124333925399645	A-AA	2-14
cbra|A0A388MB93	0.79469387755102	E-EE	969-980
ccin|CC1G_00099	0.090612777053455	E-DE	66-75
ccin|CC1G_00099	0.090612777053455	E-EE	66-75
ccin|CC1G_00177	0.732758620689655	E-DE	379-388
ccin|CC1G_00177	0.732758620689655	E-EE	379-388
ccin|CC1G_00617	0.8125	E-EE	536-545
ccin|CC1G_00617	0.860692771084337	E-DE	567-578
ccin|CC1G_00617	0.860692771084337	E-EE	567-578
ccin|CC1G_02312	0.0685279187817259	A-AA	37-46
ccin|CC1G_02601	0.71684350132626	D-DD	537-546
ccin|CC1G_02704	0.889945652173913	D-DE	324-333
ccin|CC1G_03004	0.981075150850247	A-AA	1784-1795
ccin|CC1G_03004	0.981075150850247	A-AS	1784-1795
ccin|CC1G_03269	0.761904761904762	A-AA	220-230
ccin|CC1G_03456	0.0239596469104666	S-SS	16-24
ccin|CC1G_03601	0.788617886178862	E-EE	577-589
ccin|CC1G_03723	0.750964010282776	E-EE	1164-1175
ccin|CC1G_03723	0.86086118251928	D-DD	1336-1345
ccin|CC1G_03723	0.86086118251928	D-DE	1336-1345
ccin|CC1G_03723	0.905848329048843	D-DD	1406-1415
ccin|CC1G_04208	0.0332258064516129	E-DE	48-57
ccin|CC1G_04208	0.0332258064516129	E-EE	48-57
ccin|CC1G_04208	0.047741935483871	E-DE	68-82
ccin|CC1G_04208	0.047741935483871	E-EE	68-82
ccin|CC1G_04213	0.16281512605042	S-SS	307-315
ccin|CC1G_04478	0.0597222222222222	D-DD	83-91
ccin|CC1G_04478	0.0597222222222222	D-DE	83-91
ccin|CC1G_05280	0.93974461292897	D-DD	1174-1183
ccin|CC1G_05280	0.93974461292897	D-DE	1174-1183
ccin|CC1G_05421	0.216666666666667	S-SS	84-100
ccin|CC1G_05439	0.496975806451613	D-DD	244-251
ccin|CC1G_05787	0.0437608318890815	S-SS	46-57
ccin|CC1G_05840	0.919437340153453	D-DD	355-366
ccin|CC1G_06267	0.801282051282051	E-EE	746-756
ccin|CC1G_06267	0.946047008547009	E-DE	880-893
ccin|CC1G_06267	0.946047008547009	E-EE	880-893
ccin|CC1G_06267	0.984508547008547	E-DE	914-931
ccin|CC1G_06267	0.984508547008547	E-EE	914-931
ccin|CC1G_06861	0.275821596244131	E-EE	232-240
ccin|CC1G_06871	0.993349455864571	D-DD	818-827
ccin|CC1G_06894	0.981981981981982	S-SS	651-659
ccin|CC1G_07572	0.922391857506361	A-AA	357-370
ccin|CC1G_07970	0.720283533260633	E-EE	655-668
ccin|CC1G_08234	0.81353591160221	A-AA	286-305
ccin|CC1G_08871	0.012853470437018	D-DD	11-21
ccin|CC1G_08871	0.0389888603256213	D-DD	42-51
ccin|CC1G_08871	0.0389888603256213	D-DE	42-51
ccin|CC1G_09069	0.0157048940832725	S-SS	18-27
ccin|CC1G_09108	0.652321630804077	S-SS	572-582
ccin|CC1G_09166	0.720472440944882	S-SS	637-646
ccin|CC1G_09336	0.984633569739953	E-EE	413-422
ccin|CC1G_09429	0.0441176470588235	E-EE	18-26
ccin|CC1G_10184	0.668060200668896	E-DE	393-408
ccin|CC1G_10184	0.668060200668896	E-EE	393-408
ccin|CC1G_10286	0.369127516778524	E-EE	217-225
ccin|CC1G_10295	0.868843683083512	E-EE	806-819
ccin|CC1G_10319	0.995231607629428	D-DD	728-735
ccin|CC1G_10334	0.0344673231871083	E-EE	35-44
ccin|CC1G_11196	0.0872340425531915	E-DE	58-67
ccin|CC1G_11196	0.156737588652482	D-DE	107-116
ccin|CC1G_12014	0.983947119924457	A-AA	1035-1051
ccin|CC1G_13652	0.74416135881104	E-DE	340-363
ccin|CC1G_13652	0.74416135881104	E-EE	340-363
ccin|CC1G_14224	0.0377697841726619	S-SS	28-37
ccin|CC1G_14370	0.989024390243902	D-DD	403-410
ccin|CC1G_14370	0.989024390243902	D-DE	403-410
ccin|CC1G_14570	0.261570247933884	E-EE	313-322
ccin|CC1G_14673	0.94824100283057	A-AA	2341-2351
ccor|A0A137NSW4	0.353613569321534	E-EE	956-964
ccor|A0A137NSY6	0.436068193926478	E-DE	816-823
ccor|A0A137NZB5	0.12589928057554	D-DD	206-216
ccor|A0A137P083	0.267092411720511	D-DD	352-361
ccor|A0A137P083	0.267092411720511	D-DE	352-361
ccor|A0A137P189	0.605477855477855	D-DE	516-525
ccor|A0A137P243	0.878313253012048	A-AA	725-735
ccor|A0A137P2G4	0.93186372745491	D-DD	461-471
ccor|A0A137P2P3	0.0235342691990091	E-DE	25-34
ccor|A0A137P2P3	0.0235342691990091	E-EE	25-34
ccor|A0A137P2P3	0.055739058629232	E-EE	64-73
ccor|A0A137P6C3	0.0198776758409786	E-EE	16-25
ccor|A0A137P965	0.406181015452539	D-DD	358-380
ccor|A0A137P965	0.406181015452539	D-DE	358-380
ccor|A0A137PAV8	0.626811594202899	E-EE	429-438
ccor|A0A137PD97	0.435364727608495	D-DD	468-477
ccor|A0A137PD97	0.435364727608495	D-DE	468-477
ccor|A0A137PF56	0.626881720430107	E-DE	284-301
ccor|A0A137PF56	0.626881720430107	E-EE	284-301
ccor|A0A137PG18	0.676079734219269	E-EE	200-209
ccor|A0A137PJ16	0.939716312056738	A-AA	394-403
ccor|A0A137PJ16	0.939716312056738	A-AS	394-403
ccor|A0A137PJ28	0.774951706374759	E-EE	1200-1209
cele|A0A061AD72	0.841874578556979	E-EE	1245-1254
cele|A9D4S6	0.978552278820375	S-SS	721-741
cele|G5EBZ4	0.0166849015317287	E-EE	27-36
cele|G5EBZ4	0.645787746170678	E-EE	1176-1187
cele|G5EEN4	0.142857142857143	A-AA	82-90
cele|G8JY81	0.348618784530387	S-AS	628-636
cele|H2KZV9	0.80187074829932	S-SS	469-476
cele|O01485	0.588192771084337	D-DD	1215-1228
cele|O16997	0.978369384359401	S-AS	585-593
cele|O45718	0.673199152542373	E-DE	632-641
cele|O45718	0.673199152542373	E-EE	632-641
cele|O45718	0.689088983050847	E-DE	643-660
cele|O45718	0.689088983050847	E-EE	643-660
cele|O45718	0.716101694915254	E-DE	673-681
cele|O45718	0.716101694915254	E-EE	673-681
cele|O61815	0.0736648250460405	E-EE	36-46
cele|O61845	0.842043155765341	A-AS	2492-2505
cele|O61845	0.941166554281861	A-AA	2786-2799
cele|P34305	0.129468177855275	E-DE	146-153
cele|P34305	0.129468177855275	E-EE	146-153
cele|P34611	0.221176470588235	S-SS	181-197
cele|P49583	0.905817174515235	E-DE	323-333
cele|P49583	0.905817174515235	E-EE	323-333
cele|P90922	0.0336617405582923	D-DD	17-26
cele|Q17336	0.783482142857143	S-SS	696-710
cele|Q17336	0.807477678571429	S-SS	718-731
cele|Q19753	0.916491596638655	D-DD	869-878
cele|Q20168	0.905405405405405	E-DE	901-910
cele|Q20168	0.905405405405405	E-EE	901-910
cele|Q21338	0.043910521955261	D-DD	49-59
cele|Q21338	0.043910521955261	D-DE	49-59
cele|Q21875	0.447552447552448	S-AS	763-775
cele|Q21875	0.447552447552448	S-SS	763-775
cele|Q22469	0.715430861723447	E-EE	354-362
cele|Q93382	0.89320987654321	S-AS	720-729
cele|Q93382	0.988271604938272	S-SS	795-808
cele|Q93572	0.911575562700965	A-AA	276-293
cele|Q93712	0.441935483870968	E-EE	201-212
cele|Q93971	0.56080748399803	S-SS	1130-1150
cele|Q965N8	0.930607651912978	D-DD	1237-1246
cele|Q9GYI4	0.883458646616541	S-SS	346-361
cele|Q9TXN6	0.984782608695652	E-EE	903-911
cele|Q9XW10	0.481167218543046	A-AA	1158-1169
cele|U4PBY0	0.595004780114723	D-DD	2485-2496
cele|V6CLA2	0.670192670948243	D-DD	1770-1780
cfas|CFAC1_010012800	0.753091508656224	A-AA	1824-1832
cfas|CFAC1_010013600	0.218790218790219	A-AA	165-177
cfas|CFAC1_020007900	0.562822719449225	A-AA	323-333
cfas|CFAC1_020012800	0.545503211991435	A-AA	506-515
cfas|CFAC1_020012900	0.374136229022705	S-SS	375-385
cfas|CFAC1_020014000	0.312440795705715	A-AA	986-995
cfas|CFAC1_020014900	0.204613095238095	A-AA	134-143
cfas|CFAC1_020016700	0.549507516848108	A-AA	1054-1068
cfas|CFAC1_020020500	0.248241912798875	E-EE	172-183
cfas|CFAC1_020020600	0.362475442043222	D-DD	181-190
cfas|CFAC1_030012400	0.567870632672332	S-SS	2400-2413
cfas|CFAC1_040012400	0.0737777125238585	S-SS	498-509
cfas|CFAC1_060009100	0.0547147846332945	A-AS	91-99
cfas|CFAC1_060012500	0.153969526864475	S-SS	185-201
cfas|CFAC1_070007000	0.416837782340862	A-AA	403-411
cfas|CFAC1_080009500	0.139697322467986	A-AS	834-848
cfas|CFAC1_080012500	0.0710659898477157	S-SS	25-33
cfas|CFAC1_080012500	0.336294416243655	D-DD	129-138
cfas|CFAC1_080014000	0.0249569707401033	A-AA	11-20
cfas|CFAC1_080022600	0.705970149253731	A-AA	233-242
cfas|CFAC1_090014000	0.633058984910837	A-AA	456-469
cfas|CFAC1_090022200	0.690751445086705	E-EE	594-603
cfas|CFAC1_100024900	0.871268656716418	S-SS	1392-1412
cfas|CFAC1_110012100	0.232456140350877	E-EE	234-245
cfas|CFAC1_110012600	0.32396449704142	A-AA	104-117
cfas|CFAC1_110028100	0.594412331406551	E-EE	610-626
cfas|CFAC1_120009500	0.621008403361345	A-AS	365-376
cfas|CFAC1_130009800	0.782955499580185	A-AA	929-938
cfas|CFAC1_130011900	0.658270173874276	A-AA	1472-1483
cfas|CFAC1_130011900	0.995764600980829	A-AA	2227-2242
cfas|CFAC1_130024000	0.0565991102323282	E-EE	107-124
cfas|CFAC1_130024000	0.400889767671775	A-AA	805-819
cfas|CFAC1_130024000	0.969846762234305	E-EE	1950-1976
cfas|CFAC1_130029200	0.658555729984301	S-SS	415-426
cfas|CFAC1_140020800	0.753859348198971	S-SS	873-887
cfas|CFAC1_140021500	0.278859527121001	A-AA	197-206
cfas|CFAC1_140021600	0.288751714677641	A-AA	207-216
cfas|CFAC1_150019000	0.103204642947262	A-AA	405-415
cfas|CFAC1_160028600	0.767434420985285	A-AA	1195-1206
cfas|CFAC1_170008000	0.047244094488189	E-EE	15-23
cfas|CFAC1_170009000	0.976621417797888	E-EE	642-655
cfas|CFAC1_170009800	0.811669128508124	A-AA	546-555
cfas|CFAC1_170010100	0.0611510791366906	A-AA	22-31
cfas|CFAC1_170011100	0.927536231884058	E-EE	314-328
cfas|CFAC1_170012400	0.269334532374101	S-SS	895-904
cfas|CFAC1_170016800	0.0252032520325203	A-AA	12-21
cfas|CFAC1_170027400	0.559701492537313	A-AA	559-568
cfas|CFAC1_180018600	0.518046198267565	S-SS	1072-1083
cfas|CFAC1_180022200	0.207996406109614	A-AA	227-238
cfas|CFAC1_190008100	0.870817843866171	D-DD	457-482
cfas|CFAC1_190009400	0.0679501698754247	S-SS	54-68
cfas|CFAC1_190010800	0.370247148288973	E-EE	386-395
cfas|CFAC1_190024800	0.365085536547434	S-SS	466-475
cfas|CFAC1_210034350	0.621052631578947	E-EE	586-596
cfas|CFAC1_210034350	0.727894736842105	D-DD	688-697
cfas|CFAC1_210035200	0.844300822561692	D-DD	715-724
cfas|CFAC1_210035200	0.844300822561692	D-DE	715-724
cfas|CFAC1_210038900	0.362745098039216	S-SS	293-301
cfas|CFAC1_210038900	0.531862745098039	A-AS	430-440
cfas|CFAC1_220020700	0.0457142857142857	A-AA	18-32
cfas|CFAC1_220032600	0.645242070116861	E-EE	383-392
cfas|CFAC1_220033900	0.407518796992481	A-AA	268-276
cfas|CFAC1_220035400	0.223944875107666	A-AA	253-269
cfas|CFAC1_220044000	0.0278770550393138	S-SS	36-44
cfas|CFAC1_220046200	0.226835009629788	A-AA	1056-1066
cfas|CFAC1_230012900	0.214652014652015	S-SS	289-299
cfas|CFAC1_230014700	0.566382978723404	A-AA	662-671
cfas|CFAC1_230015200	0.362672322375398	S-SS	338-348
cfas|CFAC1_230021100	0.96048632218845	D-DD	1576-1586
cfas|CFAC1_230027600	0.27948402948403	D-DD	223-234
cfas|CFAC1_230031000	0.150568181818182	A-AA	76-85
cfas|CFAC1_230036000	0.91358024691358	A-AA	293-301
cfas|CFAC1_230036100	0.91358024691358	A-AA	293-301
cfas|CFAC1_240011400	0.551068883610451	A-AA	229-237
cfas|CFAC1_240042400	0.173483779971791	A-AA	119-129
cfas|CFAC1_240044200	0.67029702970297	S-SS	2027-2037
cfas|CFAC1_240045800	0.227758007117438	S-SS	188-198
cfas|CFAC1_250010700	0.0739329268292683	S-SS	45-54
cfas|CFAC1_250017300	0.00928936367858802	A-AA	37-45
cfas|CFAC1_250017300	0.00928936367858802	A-AS	37-45
cfas|CFAC1_250018900	0.58935546875	E-EE	600-609
cfas|CFAC1_250040100	0.283613445378151	A-AA	127-145
cfas|CFAC1_250040100	0.422268907563025	A-AA	195-209
cfas|CFAC1_250040100	0.422268907563025	A-AS	195-209
cfas|CFAC1_250040100	0.452731092436975	A-AA	212-221
cfas|CFAC1_250040100	0.452731092436975	A-AS	212-221
cfas|CFAC1_250050600	0.339019189765458	A-AA	474-482
cfas|CFAC1_260011900	0.25587044534413	A-AA	313-321
cfas|CFAC1_260016450	0.763853904282116	A-AA	602-613
cfas|CFAC1_260034000	0.715336134453782	E-DE	337-346
cfas|CFAC1_260034000	0.715336134453782	E-EE	337-346
cfas|CFAC1_270039600	0.445411392405063	A-AA	559-569
cfas|CFAC1_270068200	0.423963133640553	E-EE	455-467
cfas|CFAC1_280057200	0.835664335664336	A-AA	235-245
cfas|CFAC1_290051400	0.654388714733542	S-SS	1245-1262
cfas|CFAC1_290057100	0.754320987654321	E-EE	301-312
cfas|CFAC1_290060300	0.889636608344549	A-AA	657-667
cfas|CFAC1_300037000	0.637785800240674	S-SS	526-536
cfas|CFAC1_300037000	0.943441636582431	S-SS	778-792
cfas|CFAC1_300040500	0.348984771573604	A-AA	130-147
cfas|CFAC1_300045800	0.125970359915314	A-AA	533-540
cfas|CFAC1_300065200	0.229650386976248	A-AA	857-866
cfas|CFAC1_300072200	0.406623235613464	D-DD	371-380
cfas|CFAC1_300085200	0.693029490616622	S-SS	508-528
cfas|CFAC1_300100100	0.381889763779528	A-AA	142-151
cint|A0A1W2WF05	0.464516129032258	D-DD	140-150
cint|A0A1W2WF05	0.464516129032258	D-DE	140-150
cint|C4B8X4	0.363117870722433	E-EE	184-200
cint|C4B8X4	0.613117870722434	E-EE	319-328
cint|F6QGB1	0.743093922651934	A-AA	266-274
cint|F6QIX3	0.42504835589942	E-DE	436-445
cint|F6QIX3	0.42504835589942	E-EE	436-445
cint|F6R2U8	0.741290322580645	S-SS	571-580
cint|F6R4F4	0.955729166666667	D-DD	364-372
cint|F6REI3	0.34375	E-EE	222-231
cint|F6RW91	0.0408823529411765	S-SS	66-75
cint|F6S4V6	0.15177065767285	D-DD	86-96
cint|F6S9F0	0.894329896907217	S-SS	339-357
cint|F6SH39	0.585565476190476	A-AA	390-399
cint|F6T2M3	0.702160493827161	D-DD	679-688
cint|F6TQ69	0.890243902439024	D-DD	945-955
cint|F6U602	0.908235294117647	E-DE	382-392
cint|F6U602	0.908235294117647	E-EE	382-392
cint|F6U9S1	0.361538461538462	S-SS	326-334
cint|F6UM48	0.104301075268817	E-EE	190-200
cint|F6UM48	0.643817204301075	E-EE	1194-1203
cint|F6VII3	0.085197934595525	E-EE	45-56
cint|F6W170	0.412364945978391	E-EE	339-350
cint|F6WD89	0.218824940047962	A-AA	179-188
cint|F6WNB2	0.00844277673545966	E-DE	4-16
cint|F6WNB2	0.00844277673545966	E-EE	4-16
cint|F6WXT4	0.0380658436213992	E-DE	31-45
cint|F6WXT4	0.0380658436213992	E-EE	31-45
cint|F6XN27	0.562281722933644	D-DD	2410-2422
cint|F6XN27	0.562281722933644	D-DE	2410-2422
cint|F6XT42	0.770833333333333	S-SS	440-450
cint|F6XY03	0.947295423023578	E-EE	678-690
cint|F6YQR4	0.959495351925631	E-EE	718-729
cint|F6YXI8	0.054140127388535	E-EE	39-48
cint|F6ZF50	0.383241758241758	D-DE	136-145
cint|F6ZZP5	0.892578125	E-DE	222-237
cint|F7A4A9	0.769590643274854	S-SS	652-666
cint|F7AVY6	0.0965909090909091	E-EE	64-74
cint|F7B658	0.952815829528158	E-DE	621-633
cint|F7B658	0.952815829528158	E-EE	621-633
cint|F7B875	0.537012113055182	D-DD	396-404
cint|F7B875	0.537012113055182	D-DE	396-404
cint|H2XN51	0.411852589641434	S-SS	822-834
cint|H2XNG1	0.956666666666667	E-DE	428-435
cint|H2XNG1	0.956666666666667	E-EE	428-435
cint|H2XRH2	0.00950570342205323	S-SS	4-13
cint|H2XVM9	0.829937304075235	A-AA	526-535
cint|H2XWZ3	0.449659863945578	E-EE	327-336
cint|H2XWZ3	0.587074829931973	E-DE	428-437
cint|H2XWZ3	0.587074829931973	E-EE	428-437
cint|H2XYU1	0.599734042553192	S-SS	447-457
cint|H2XYU1	0.980718085106383	S-SS	727-750
cint|H2Y307	0.990925589836661	S-SS	542-552
cint|Q95YJ5	0.219325153374233	E-EE	139-149
clup|A0A140T8E8	0.928571428571429	E-EE	530-538
clup|A0A5F4BP40	0.35059880239521	S-SS	582-591
clup|A0A5F4BPA6	0.0403337969401947	A-AA	26-34
clup|A0A5F4BPF2	0.951067615658363	E-EE	1063-1077
clup|A0A5F4BPM4	0.949074074074074	E-EE	919-928
clup|A0A5F4BPT8	0.662820512820513	A-AA	254-265
clup|A0A5F4BQN1	0.151791135397693	E-EE	247-255
clup|A0A5F4BRD9	0.037751677852349	A-AA	14-33
clup|A0A5F4BRF3	0.670503597122302	A-AA	462-472
clup|A0A5F4BT38	0.658730158730159	S-SS	451-464
clup|A0A5F4BTG8	0.00826446280991736	A-AA	9-17
clup|A0A5F4BTQ9	0.58519820971867	S-SS	1827-1836
clup|A0A5F4BU36	0.994298051372896	S-SS	26938-26947
clup|A0A5F4BU82	0.441424196018377	A-AA	572-583
clup|A0A5F4BUK9	0.813876651982379	A-AA	367-374
clup|A0A5F4BUN6	0.0943396226415094	A-AA	62-70
clup|A0A5F4BUN6	0.312772133526851	E-EE	213-220
clup|A0A5F4BUV5	0.281705539358601	S-SS	383-392
clup|A0A5F4BV55	0.905625	S-SS	721-730
clup|A0A5F4BV76	0.585324232081911	D-DD	161-184
clup|A0A5F4BVH1	0.970461095100865	E-EE	669-680
clup|A0A5F4BW25	0.907756813417191	A-AA	429-439
clup|A0A5F4BWN6	0.493138936535163	A-AA	284-293
clup|A0A5F4BWR8	0.81078506097561	S-SS	2121-2136
clup|A0A5F4BWR8	0.98608993902439	D-DD	2584-2593
clup|A0A5F4BWR8	0.98608993902439	D-DE	2584-2593
clup|A0A5F4BWT1	0.990920881971466	S-SS	761-769
clup|A0A5F4BXK5	0.322829131652661	A-AA	225-238
clup|A0A5F4BY54	0.400286944045911	E-EE	549-569
clup|A0A5F4BY54	0.435796269727403	E-EE	605-612
clup|A0A5F4BYV1	0.233226837060703	E-EE	141-153
clup|A0A5F4BYV1	0.75	E-EE	467-474
clup|A0A5F4BZ66	0.707377049180328	E-EE	428-437
clup|A0A5F4BZB3	0.261142418032787	E-EE	1016-1025
clup|A0A5F4BZU3	0.345963756177924	S-SS	189-233
clup|A0A5F4BZU3	0.699341021416804	S-SS	420-431
clup|A0A5F4C0J2	0.0649671052631579	S-SS	36-45
clup|A0A5F4C0Q8	0.530989583333333	S-SS	1015-1026
clup|A0A5F4C0T8	0.651368760064412	A-AA	401-410
clup|A0A5F4C0T8	0.703703703703704	S-SS	432-444
clup|A0A5F4C0U6	0.641778523489933	S-SS	376-391
clup|A0A5F4C1D3	0.667752442996743	E-EE	393-429
clup|A0A5F4C1D3	0.742671009771987	E-EE	453-461
clup|A0A5F4C1D3	0.840390879478827	E-DE	511-523
clup|A0A5F4C2M5	0.484271156402304	E-EE	1089-1099
clup|A0A5F4C2M5	0.511962782454586	E-EE	1141-1172
clup|A0A5F4C2R4	0.154784240150094	A-AA	160-172
clup|A0A5F4C2R4	0.813789868667917	S-AS	863-874
clup|A0A5F4C2R4	0.813789868667917	S-SS	863-874
clup|A0A5F4C2Z6	0.627962085308057	S-SS	1055-1067
clup|A0A5F4C329	0.197969543147208	A-AA	109-127
clup|A0A5F4C329	0.197969543147208	A-AS	109-127
clup|A0A5F4C379	0.235496558505408	S-SS	236-245
clup|A0A5F4C3G5	0.608310626702997	E-EE	438-457
clup|A0A5F4C3P8	0.52639751552795	E-EE	336-344
clup|A0A5F4C4B6	0.0450507614213198	A-AA	32-41
clup|A0A5F4C4J5	0.770916334661355	E-EE	1544-1554
clup|A0A5F4C4J5	0.975846613545817	S-SS	1956-1965
clup|A0A5F4C4R1	0.973508771929825	S-SS	2771-2780
clup|A0A5F4C6S0	0.198519515477793	A-AA	145-152
clup|A0A5F4C6Z7	0.625	E-EE	560-567
clup|A0A5F4C786	0.483666666666667	S-SS	722-731
clup|A0A5F4C7A9	0.23953488372093	E-EE	150-161
clup|A0A5F4C7E0	0.874273255813954	A-AA	599-606
clup|A0A5F4C7F9	0.101234567901235	S-SS	202-210
clup|A0A5F4C7H5	0.579475308641975	E-EE	745-759
clup|A0A5F4C7M3	0.956888888888889	S-SS	1073-1082
clup|A0A5F4C7S2	0.377932551319648	E-EE	508-525
clup|A0A5F4C7S2	0.756964809384164	E-EE	1030-1037
clup|A0A5F4C7S3	0.184531059683313	S-SS	148-157
clup|A0A5F4C840	0.829265873015873	S-SS	4176-4185
clup|A0A5F4C8M8	0.530593607305936	E-EE	577-587
clup|A0A5F4C957	0.833761782347901	E-EE	968-980
clup|A0A5F4C9U3	0.67724358974359	D-DD	2110-2118
clup|A0A5F4C9X9	0.0249900039984006	E-EE	59-68
clup|A0A5F4C9X9	0.571571371451419	S-SS	1425-1436
clup|A0A5F4C9Y0	0.871609403254973	D-DD	477-489
clup|A0A5F4CA04	0.228597449908925	E-DE	118-135
clup|A0A5F4CA04	0.228597449908925	E-EE	118-135
clup|A0A5F4CAD5	0.939255884586181	E-EE	1231-1245
clup|A0A5F4CAL4	0.374920229738354	E-EE	581-596
clup|A0A5F4CAS6	0.3152	E-DE	1178-1188
clup|A0A5F4CAS6	0.3152	E-EE	1178-1188
clup|A0A5F4CAT9	0.262404580152672	A-AA	547-555
clup|A0A5F4CAT9	0.802003816793893	A-AA	1677-1687
clup|A0A5F4CBA4	0.589154411764706	A-AA	317-326
clup|A0A5F4CC21	0.632434301521438	E-EE	908-923
clup|A0A5F4CC52	0.545908183632735	E-EE	544-552
clup|A0A5F4CC52	0.55938123752495	E-EE	556-567
clup|A0A5F4CCP0	0.0615609348914858	S-SS	144-153
clup|A0A5F4CCT5	0.436708860759494	E-EE	438-461
clup|A0A5F4CCT5	0.800389483933788	E-EE	818-828
clup|A0A5F4CD60	0.800431034482759	E-EE	923-936
clup|A0A5F4CDF0	0.875387263339071	S-SS	2528-2560
clup|A0A5F4CDF0	0.903270223752151	S-SS	2604-2646
clup|A0A5F4CDV1	0.114797864225782	S-SS	147-156
clup|A0A5F4CE47	0.992097701149425	A-AA	2068-2077
clup|A0A5F4CE74	0.759316770186335	E-EE	240-251
clup|A0A5F4CED2	0.830308529945553	A-AA	451-466
clup|A0A5F4CF88	0.403903903903904	E-EE	532-546
clup|A0A5F4CFP4	0.512720156555773	E-EE	256-270
clup|A0A5F4CFY0	0.182775996335318	E-DE	394-406
clup|A0A5F4CFY0	0.182775996335318	E-EE	394-406
clup|A0A5F4CFZ7	0.779248505550811	S-SS	909-918
clup|A0A5F4CG67	0.231780167264038	D-DD	190-200
clup|A0A5F4CG76	0.0142694063926941	A-AA	7-20
clup|A0A5F4CG76	0.0142694063926941	A-AS	7-20
clup|A0A5F4CGL9	0.167485265225933	S-SS	167-176
clup|A0A5F4CGL9	0.242632612966601	S-SS	244-252
clup|A0A5F4CH54	0.428474576271186	E-EE	624-642
clup|A0A5F4CH93	0.238882329791421	A-AA	603-613
clup|A0A5F4CH93	0.810901219992129	S-SS	2057-2066
clup|A0A5F4CHI7	0.683908045977011	A-AA	293-304
clup|A0A5F4CI04	0.966763005780347	A-AA	331-340
clup|A0A5F4CI72	0.431058495821727	S-SS	612-628
clup|A0A5F4CIC4	0.960187353629977	E-EE	1226-1236
clup|A0A5F4CIK3	0.883736559139785	S-SS	652-665
clup|A0A5F4CJD1	0.704545454545455	S-SS	384-393
clup|A0A5F4CK75	0.208461066830166	E-EE	336-346
clup|A0A5F4CKA5	0.510385756676558	A-AA	339-351
clup|A0A5F4CKA5	0.566023738872404	S-SS	377-388
clup|A0A5F4CKA5	0.586053412462908	S-SS	391-401
clup|A0A5F4CKB4	0.109177215189873	S-SS	31-40
clup|A0A5F4CKN0	0.665076335877863	S-SS	340-359
clup|A0A5F4CKQ2	0.586206896551724	E-EE	606-620
clup|A0A5F4CL47	0.124433249370277	A-AA	243-253
clup|A0A5F4CLD6	0.319972826086957	A-AA	232-241
clup|A0A5F4CN28	0.605015673981191	E-EE	381-393
clup|A0A5F4CN74	0.0266457680250784	A-AA	22-31
clup|A0A5F4CN94	0.00339389099620683	E-EE	11-25
clup|A0A5F4CPF6	0.00418702023726448	A-AA	2-12
clup|A0A5F4CPF6	0.610956036287509	E-EE	872-881
clup|A0A5F4CPP8	0.616427432216906	A-AA	383-392
clup|A0A5F4CQ65	0.442015209125475	A-AA	461-471
clup|A0A5F4CRD7	0.292259786476868	S-SS	325-334
clup|A0A5F4CRH8	0.839974293059126	E-DE	1955-1968
clup|A0A5F4CRH8	0.839974293059126	E-EE	1955-1968
clup|A0A5F4CRJ4	0.400658616904501	E-EE	726-736
clup|A0A5F4CS14	0.069300518134715	A-AA	50-59
clup|A0A5F4CS14	0.109455958549223	A-AA	81-90
clup|A0A5F4CSB0	0.840195016251354	E-EE	1546-1558
clup|A0A5F4CSB0	0.978060671722644	S-SS	1800-1813
clup|A0A5F4CSC0	0.383977900552486	E-EE	272-286
clup|A0A5F4CSD3	0.0463378176382661	A-AA	28-36
clup|A0A5F4CSL0	0.110696517412935	E-EE	130-139
clup|A0A5F4CSL0	0.127280265339967	E-EE	150-159
clup|A0A5F4CSP6	0.592818428184282	D-DD	1307-1320
clup|A0A5F4CSP6	0.592818428184282	D-DE	1307-1320
clup|A0A5F4CT25	0.161577608142494	E-EE	186-197
clup|A0A5F4CT46	0.0928171641791045	A-AA	96-105
clup|A0A5F4CT46	0.158115671641791	A-AA	166-175
clup|A0A5F4CT46	0.275186567164179	A-AA	290-302
clup|A0A5F4CTF3	0.467465753424658	A-AA	676-691
clup|A0A5F4CTN5	0.231172069825436	A-AA	460-469
clup|A0A5F4CTN5	0.231172069825436	A-AS	460-469
clup|A0A5F4CU31	0.398324275362319	E-EE	875-886
clup|A0A5F4CUV6	0.82183908045977	S-SS	853-865
clup|A0A5F4CV58	0.830135440180587	E-EE	729-744
clup|A0A5F4CVY9	0.964483906770255	S-SS	2602-2614
clup|A0A5F4CWM8	0.874045801526718	A-AA	340-349
clup|A0A5F4CWQ6	0.606125356125356	S-SS	422-431
clup|A0A5F4CWX3	0.709840810419682	A-AA	977-987
clup|A0A5F4CWY7	0.980072463768116	A-AA	1078-1088
clup|A0A5F4CX73	0.280487804878049	S-SS	111-121
clup|A0A5F4CXQ8	0.0160349854227405	A-AA	2-11
clup|A0A5F4CXR5	0.856255178127589	E-EE	1030-1039
clup|A0A5F4CXS4	0.997519841269841	E-EE	2007-2017
clup|A0A5F4CXY4	0.711857379767827	A-AA	855-864
clup|A0A5F4CYA1	0.407360406091371	D-DD	479-486
clup|A0A5F4CYA1	0.407360406091371	D-DE	479-486
clup|A0A5F4CZ75	0.828547990155865	S-SS	1003-1019
clup|A0A5F4CZN1	0.13939492517892	E-EE	421-438
clup|A0A5F4CZU0	0.448356807511737	E-EE	473-484
clup|A0A5F4CZU0	0.482159624413146	S-SS	510-519
clup|A0A5F4D0E6	0.124613003095975	E-EE	76-87
clup|A0A5F4D180	0.660590277777778	E-EE	375-388
clup|A0A5F4D1I3	0.345988538681948	E-EE	477-491
clup|A0A5F4D1U3	0.0689873417721519	E-EE	51-60
clup|A0A5F4D1U3	0.313924050632911	A-AS	245-253
clup|A0A5F4D289	0.561977715877437	D-DD	399-410
clup|A0A5F4D2L5	0.327380952380952	A-AA	216-226
clup|A0A5F4D2Q9	0.270157938487116	A-AA	647-655
clup|A0A5F4D308	0.42351598173516	E-EE	182-191
clup|A0A5F4D343	0.510893854748603	E-EE	908-923
clup|A0A5F4D3A3	0.651756129887343	E-EE	980-989
clup|A0A5F4D3I7	0.110270700636943	E-EE	134-145
clup|A0A5F4D3P8	0.776566757493188	S-SS	564-578
clup|A0A5F4D4Q6	0.341802492809204	A-AA	353-362
clup|A0A5F4D4R0	0.257873210633947	S-SS	627-636
clup|A0A5F4D4Z5	0.404921020656136	E-EE	663-672
clup|A0A5F4D4Z5	0.957776427703524	E-EE	1571-1584
clup|A0A5F4D675	0.546688382193268	S-SS	500-509
clup|A0A5F4D6M6	0.155973451327434	A-AA	137-147
clup|A0A5F4D6Q8	0.0455357142857143	A-AA	22-31
clup|A0A5F4D6Q8	0.0455357142857143	A-AS	22-31
clup|A0A5F4D6Q8	0.583928571428571	A-AA	323-333
clup|A0A5F4D6S3	0.94	E-EE	2746-2755
clup|A0A5F4D737	0.239608076009501	S-SS	398-411
clup|A0A5F4D967	0.508787346221441	S-SS	576-584
clup|A0A5F4D9Y1	0.950592885375494	E-EE	957-969
clup|A0A5F4D9Y9	0.597444089456869	S-SS	371-379
clup|A0A5F4DA46	0.628708551483421	S-SS	717-726
clup|A0A5F4DAL0	0.0428954423592493	E-DE	37-61
clup|A0A5F4DAL0	0.0428954423592493	E-EE	37-61
clup|A0A5F4DAR3	0.0944148936170213	A-AA	32-41
clup|A0A5F4DBM0	0.504833040421793	E-EE	566-585
clup|A0A5F4DBV8	0.203345070422535	A-AA	111-122
clup|A0A5F4DBV8	0.292253521126761	A-AA	160-174
clup|A0A5F4DBW1	0.76001013684744	S-SS	1496-1505
clup|A0A5F4DBX9	0.802992518703242	E-EE	318-328
clup|A0A5F4DC83	0.623779050185248	S-SS	1848-1858
clup|A0A5F4DCC8	0.00561224489795918	A-AA	2-11
clup|A0A5F4DCG2	0.863930885529158	E-EE	393-409
clup|A0A5F4DCU7	0.774124374553252	E-EE	1079-1089
clup|A0A5F4DEK3	0.785177228786251	E-EE	728-736
clup|A0A5F4DF39	0.589957474648348	S-SS	1800-1809
clup|A0A5F4DF42	0.720247295208655	E-DE	463-471
clup|A0A5F4DF42	0.720247295208655	E-EE	463-471
clup|A0A5F4DF44	0.768636363636364	E-EE	842-851
clup|A0A5F4DF76	0.263023057216055	S-SS	304-314
clup|A0A5F4DFW7	0.850746268656716	D-DD	1365-1373
clup|A0A5F4DFW7	0.850746268656716	D-DE	1365-1373
clup|A0A5F4DG09	0.143051771117166	S-SS	203-219
clup|A0A5F4DGB0	0.850234009360374	A-AA	540-552
clup|A0A5F4DGE4	0.572784810126582	S-SS	261-284
clup|A0A5F4DH40	0.660977859778598	E-EE	713-722
clup|A0A5F4DH40	0.695571955719557	E-EE	745-765
clup|A0A5F4DH73	0.36142061281337	E-EE	254-267
clup|A0A5F4DHB2	0.533333333333333	S-SS	379-391
clup|A0A5F4DHN9	0.810657596371882	D-DD	2499-2508
clup|A0A5F4DHN9	0.810657596371882	D-DE	2499-2508
clup|A0A5F4DJF4	0.106090373280943	S-SS	50-60
clup|A0A5F4DJF4	0.222986247544204	E-EE	110-119
clup|A0A5F4DJH9	0.38739946380697	E-EE	430-439
clup|A0A5F4DJP0	0.479463307776561	S-SS	872-881
clup|A0A5F4DJP0	0.811610076670318	S-SS	1479-1487
clup|A0A5F4DJY7	0.123126338329764	E-EE	53-64
clup|A0A5F4DMC9	0.244245524296675	A-AA	280-295
clup|A0A5F4DN85	0.0465481171548117	E-EE	41-50
clup|B5RHS5	0.186206896551724	A-AA	78-86
clup|C4TGH8	0.976010101010101	S-SS	383-392
clup|E2QRW4	0.955741626794258	E-DE	393-408
clup|E2QRW4	0.955741626794258	E-EE	393-408
clup|E2QS96	0.810803324099723	S-SS	1459-1470
clup|E2QTB2	0.531853281853282	E-EE	272-281
clup|E2QU22	0.102941176470588	S-SS	130-145
clup|E2QUC0	0.678678678678679	A-AA	221-233
clup|E2QUH1	0.817127564674398	E-EE	887-947
clup|E2QUM8	0.735113268608414	E-EE	2267-2278
clup|E2QW82	0.486263736263736	E-EE	262-271
clup|E2QW89	0.251807228915663	A-AA	205-215
clup|E2QW92	0.359351988217968	S-SS	484-494
clup|E2QW92	0.958026509572901	A-AA	1298-1306
clup|E2QWQ2	0.144486692015209	A-AA	71-83
clup|E2QWQ2	0.144486692015209	A-AS	71-83
clup|E2QWV4	0.249622926093514	E-EE	162-171
clup|E2QWW0	0.473841554559043	E-EE	631-639
clup|E2QX02	0.462553191489362	S-SS	539-550
clup|E2QX30	0.424360980699009	E-DE	809-820
clup|E2QX30	0.424360980699009	E-EE	809-820
clup|E2QX48	0.55198973042362	A-AA	427-435
clup|E2QX66	0.27124773960217	E-EE	296-306
clup|E2QX95	0.867330016583748	A-AA	520-528
clup|E2QXU5	0.714	E-EE	354-362
clup|E2QXY4	0.420844327176781	E-EE	143-178
clup|E2QXZ3	0.5946088794926	S-SS	559-568
clup|E2QY96	0.373348017621145	S-SS	166-175
clup|E2QYG3	0.115646258503401	E-EE	94-112
clup|E2QZ31	0.150742115027829	S-SS	150-177
clup|E2QZ31	0.658163265306122	D-DE	702-719
clup|E2QZ59	0.155266757865937	A-AA	110-119
clup|E2QZQ9	0.149175412293853	S-SS	96-105
clup|E2QZX4	0.100250626566416	E-EE	77-85
clup|E2QZY6	0.121776504297994	A-AA	39-48
clup|E2R0F3	0.113216266173752	S-SS	114-133
clup|E2R0G4	0.83479020979021	E-EE	1428-1439
clup|E2R0K6	0.00237879474399637	A-AA	5-18
clup|E2R0K6	0.745242410512007	S-SS	3286-3295
clup|E2R0N5	0.837761674718196	S-SS	1037-1046
clup|E2R0N8	0.509857612267251	E-EE	462-471
clup|E2R0U9	0.761390887290168	S-SS	308-329
clup|E2R0W1	0.0548973143759874	E-EE	66-75
clup|E2R0W1	0.0778041074249605	E-EE	95-104
clup|E2R0W1	0.125592417061611	E-EE	152-168
clup|E2R0W3	0.65389369592089	E-EE	518-542
clup|E2R0W3	0.80655129789864	S-SS	649-658
clup|E2R0Z5	0.409877800407332	A-AA	802-810
clup|E2R0Z5	0.535132382892057	S-SS	1045-1059
clup|E2R0Z5	0.55091649694501	E-EE	1077-1089
clup|E2R0Z5	0.598014256619145	S-SS	1171-1180
clup|E2R0Z5	0.607942973523422	E-EE	1191-1199
clup|E2R108	0.78728813559322	S-SS	459-472
clup|E2R114	0.562300319488818	A-AA	171-183
clup|E2R1M2	0.549900199600798	S-SS	822-833
clup|E2R1N4	0.623046875	S-SS	475-484
clup|E2R1N4	0.640625	S-SS	488-498
clup|E2R1Q3	0.978286384976526	S-SS	2496-2507
clup|E2R1Q4	0.633456334563346	S-SS	510-522
clup|E2R1Q4	0.65990159901599	S-SS	532-543
clup|E2R1V7	0.178787878787879	E-EE	55-65
clup|E2R2B8	0.258196721311475	E-DE	149-168
clup|E2R2B8	0.258196721311475	E-EE	149-168
clup|E2R2W0	0.921364985163205	S-SS	307-316
clup|E2R3C8	0.324287652645862	E-EE	226-254
clup|E2R3G2	0.915016501650165	E-EE	552-559
clup|E2R3I1	0.774161735700197	E-EE	388-399
clup|E2R3M7	0.5528	E-EE	340-353
clup|E2R3P0	0.927248677248677	E-DE	695-709
clup|E2R3P0	0.927248677248677	E-EE	695-709
clup|E2R3R6	0.0140495867768595	S-SS	5-14
clup|E2R3T3	0.178571428571429	E-EE	54-68
clup|E2R430	0.250783699059561	E-EE	77-85
clup|E2R440	0.450106157112527	E-EE	209-217
clup|E2R4N3	0.855571454122697	E-EE	4781-4788
clup|E2R4P0	0.698482932996207	S-SS	1099-1113
clup|E2R4P0	0.807206068268015	S-SS	1271-1285
clup|E2R4U0	0.138297872340426	S-SS	80-91
clup|E2R4V7	0.585324232081911	D-DD	161-184
clup|E2R4W7	0.353413654618474	E-EE	257-273
clup|E2R4W7	0.378179384203481	E-EE	278-289
clup|E2R4X0	0.276479750778816	A-AA	175-182
clup|E2R4Z4	0.63150867823765	S-SS	457-491
clup|E2R4Z6	0.980544747081712	E-EE	500-510
clup|E2R5F1	0.15495867768595	A-AA	108-119
clup|E2R5J2	0.150326797385621	S-SS	42-52
clup|E2R5P6	0.333431777909037	S-SS	561-570
clup|E2R5U7	0.594237695078031	E-EE	485-507
clup|E2R5V7	0.0660377358490566	A-AA	25-33
clup|E2R5V7	0.216981132075472	A-AA	89-97
clup|E2R5V9	0.180659670164918	A-AA	117-126
clup|E2R5V9	0.443778110944528	A-AA	293-301
clup|E2R5V9	0.487256371814093	A-AA	322-330
clup|E2R5V9	0.52023988005997	A-AA	344-352
clup|E2R5Y1	0.306970509383378	A-AA	112-119
clup|E2R6C3	0.0252051582649472	E-EE	18-27
clup|E2R6I2	0.252813504823151	S-SS	311-320
clup|E2R6S8	0.325263157894737	E-EE	150-161
clup|E2R7H1	0.264735264735265	S-SS	262-270
clup|E2R7I5	0.629353233830846	E-EE	248-260
clup|E2R7P6	0.821316614420063	S-SS	781-793
clup|E2R7V0	0.77247191011236	E-EE	272-280
clup|E2R7X5	0.176904176904177	S-SS	67-79
clup|E2R800	0.540632054176072	A-AA	234-247
clup|E2R800	0.765237020316027	A-AA	335-345
clup|E2R800	0.802483069977427	A-AA	351-362
clup|E2R851	0.0507462686567164	E-EE	11-25
clup|E2R867	0.940552016985138	E-EE	437-451
clup|E2R899	0.359657039711191	E-EE	396-403
clup|E2R8B9	0.302655677655678	S-SS	325-338
clup|E2R8B9	0.958333333333333	A-AA	1042-1053
clup|E2R8C0	0.207399103139013	E-EE	270-287
clup|E2R8C0	0.43423019431988	S-SS	574-590
clup|E2R8C0	0.70067264573991	E-EE	934-943
clup|E2R8N9	0.795900178253119	E-EE	2225-2242
clup|E2R8Y5	0.431743421052632	E-EE	247-280
clup|E2R911	0.972222222222222	D-DD	292-305
clup|E2R922	0.394710578842315	E-EE	787-797
clup|E2R922	0.535678642714571	E-EE	1070-1079
clup|E2R969	0.105376344086022	A-AA	46-54
clup|E2R970	0.390400310921104	S-SS	1001-1010
clup|E2R9H7	0.14624808575804	A-AA	91-102
clup|E2R9M5	0.224409448818898	E-EE	82-91
clup|E2RA29	0.888143176733781	A-AA	394-402
clup|E2RAR0	0.0712799167533819	S-AS	65-74
clup|E2RAR0	0.0712799167533819	S-SS	65-74
clup|E2RAR6	0.503526093088858	S-SS	354-362
clup|E2RAW5	0.154150197628458	A-AA	75-83
clup|E2RAX2	0.164985590778098	E-EE	112-119
clup|E2RAX2	0.18371757925072	E-EE	124-133
clup|E2RAY1	0.244332493702771	A-AA	94-102
clup|E2RB77	0.795208655332303	S-SS	511-520
clup|E2RBC5	0.126815492200108	E-EE	458-487
clup|E2RBC5	0.208310919849381	A-AA	768-783
clup|E2RBD1	0.314527503526093	S-SS	218-230
clup|E2RBD1	0.683356840620592	S-SS	481-490
clup|E2RBD1	0.7475317348378	S-SS	526-536
clup|E2RBG7	0.157643312101911	E-EE	96-104
clup|E2RBH7	0.928571428571429	S-SS	588-597
clup|E2RBW9	0.105309734513274	A-AA	56-65
clup|E2RBY0	0.281321184510251	E-DE	120-129
clup|E2RBY0	0.281321184510251	E-EE	120-129
clup|E2RBZ0	0.617571059431525	E-EE	951-963
clup|E2RC12	0.0247875354107649	E-EE	14-23
clup|E2RCB0	0.701446280991736	S-SS	337-344
clup|E2RCF7	0.807760663507109	E-EE	1360-1369
clup|E2RCG0	0.80751708428246	S-SS	351-360
clup|E2RCH6	0.232558139534884	E-EE	187-195
clup|E2RCL6	0.585152838427948	E-EE	531-543
clup|E2RD92	0.800347222222222	E-EE	225-238
clup|E2RDK8	0.748017924853499	S-SS	2143-2199
clup|E2RDK8	0.912443984832816	A-AA	2642-2654
clup|E2RDY9	0.96358066712049	E-EE	2826-2838
clup|E2RE06	0.638709677419355	S-SS	194-204
clup|E2RE56	0.0298136645962733	S-SS	19-31
clup|E2RE72	0.852817272248552	S-SS	1614-1627
clup|E2RE73	0.156586021505376	D-DD	113-122
clup|E2REF0	0.788878842676311	A-AA	869-878
clup|E2REG4	0.36426116838488	E-DE	208-218
clup|E2REG4	0.36426116838488	E-EE	208-218
clup|E2REK3	0.986288848263254	E-EE	534-547
clup|E2RER3	0.0879237288135593	S-SS	37-48
clup|E2REU7	0.420172084130019	E-DE	435-446
clup|E2REU7	0.420172084130019	E-EE	435-446
clup|E2RF02	0.528125602003468	D-DD	2737-2748
clup|E2RF04	0.903191489361702	E-EE	419-432
clup|E2RF16	0.99375	E-EE	554-561
clup|E2RFB4	0.558011049723757	E-EE	299-309
clup|E2RFE2	0.0913284132841328	E-EE	45-56
clup|E2RFJ2	0.711267605633803	E-EE	447-464
clup|E2RFL4	0.0130890052356021	A-AA	9-18
clup|E2RFM7	0.389802631578947	S-SS	349-364
clup|E2RFM7	0.538377192982456	S-SS	487-497
clup|E2RFM7	0.929824561403509	A-AA	845-853
clup|E2RFY3	0.616279069767442	A-AA	182-191
clup|E2RG01	0.286195286195286	S-SS	251-261
clup|E2RG26	0.867549668874172	S-SS	1433-1451
clup|E2RG26	0.896146899458158	S-SS	1478-1501
clup|E2RGC2	0.970175438596491	E-EE	274-281
clup|E2RGF5	0.965049928673324	S-SS	673-682
clup|E2RH90	0.889830508474576	A-AA	574-583
clup|E2RHA0	0.115229450327786	A-AA	224-235
clup|E2RHC4	0.411164465786315	E-EE	338-349
clup|E2RHM6	0.0700416088765603	E-EE	47-56
clup|E2RHM6	0.587378640776699	E-EE	418-431
clup|E2RHN2	0.107594936708861	A-AA	55-66
clup|E2RIB8	0.303333333333333	E-EE	223-234
clup|E2RIJ3	0.0268410185822436	A-AA	35-45
clup|E2RIU0	0.0579819277108434	E-EE	35-44
clup|E2RJ13	0.235955056179775	S-SS	109-145
clup|E2RJ46	0.494615384615385	E-EE	313-332
clup|E2RJ53	0.178433268858801	E-EE	177-194
clup|E2RJH9	0.518005540166205	E-EE	369-381
clup|E2RJH9	0.795013850415512	E-EE	570-580
clup|E2RJH9	0.984764542936288	E-EE	707-717
clup|E2RJR7	0.991866769945778	E-EE	1277-1286
clup|E2RJT5	0.221615201900238	E-EE	463-472
clup|E2RJV1	0.842712177121771	A-AA	909-920
clup|E2RJV1	0.879612546125461	A-AA	946-963
clup|E2RJW0	0.63915857605178	A-AA	193-204
clup|E2RJX2	0.852371732817038	E-EE	875-888
clup|E2RKJ9	0.551126516464471	S-SS	314-324
clup|E2RKK6	0.601679104477612	E-EE	313-334
clup|E2RL15	0.180834621329212	D-DD	113-123
clup|E2RL62	0.180589680589681	E-EE	216-227
clup|E2RL65	0.807046979865772	E-DE	716-729
clup|E2RL65	0.807046979865772	E-EE	716-729
clup|E2RL93	0.1875	E-EE	229-238
clup|E2RLB1	0.0265200517464424	A-AA	15-28
clup|E2RLD1	0.374570446735395	E-EE	321-335
clup|E2RLL0	0.626553672316384	S-SS	551-560
clup|E2RLU4	0.0164835164835165	A-AA	17-27
clup|E2RLU4	0.101648351648352	A-AA	124-137
clup|E2RLU4	0.928963893249607	A-AA	1180-1189
clup|E2RLY8	0.666137985725615	E-EE	1675-1687
clup|E2RM28	0.349673202614379	A-AA	371-380
clup|E2RMC8	0.737848347375243	S-SS	1135-1144
clup|E2RMG0	0.574307304785894	A-AA	223-235
clup|E2RMK2	0.339233038348083	A-AA	108-124
clup|E2RMP6	0.637894736842105	A-AA	297-311
clup|E2RMP6	0.774736842105263	A-AA	359-379
clup|E2RMP6	0.852631578947368	A-AA	401-411
clup|E2RMQ4	0.331758034026465	A-AA	167-186
clup|E2RMY1	0.517571884984026	A-AA	159-167
clup|E2RMY1	0.797124600638978	A-AA	241-260
clup|E2RMY7	0.341472577009767	D-DD	451-460
clup|E2RN39	0.807754442649435	E-EE	996-1006
clup|E2RN73	0.285500747384155	S-SS	188-196
clup|E2RN92	0.368440502586844	E-EE	495-504
clup|E2RNG5	0.0133206470028544	A-AA	8-22
clup|E2RNN7	0.180821917808219	E-EE	54-80
clup|E2RNS2	0.443243243243243	E-EE	160-170
clup|E2RNS8	0.413123844731978	E-EE	220-229
clup|E2RNY3	0.887483355525965	A-AA	662-673
clup|E2RNZ5	0.833333333333333	S-SS	444-453
clup|E2RNZ5	0.856610800744879	S-SS	456-466
clup|E2RP14	0.381622516556291	E-EE	228-235
clup|E2RP36	0.545964125560538	E-EE	241-248
clup|E2RP92	0.107394366197183	E-DE	57-67
clup|E2RP92	0.107394366197183	E-EE	57-67
clup|E2RP93	0.101769911504425	A-AA	43-51
clup|E2RPC3	0.47037037037037	A-AA	184-199
clup|E2RPD2	0.0210378681626928	A-AA	10-22
clup|E2RPD2	0.23632538569425	S-SS	162-177
clup|E2RPH7	0.40414878397711	E-DE	276-291
clup|E2RPH7	0.40414878397711	E-EE	276-291
clup|E2RPM5	0.291994750656168	E-EE	216-231
clup|E2RPR0	0.0966921119592875	A-AA	30-48
clup|E2RPS6	0.375	A-AA	113-120
clup|E2RPS6	0.894480519480519	A-AA	272-281
clup|E2RQ76	0.356770833333333	E-EE	264-286
clup|E2RQE0	0.117861482381531	E-EE	88-108
clup|E2RQE5	0.457100591715976	S-SS	151-160
clup|E2RQL0	0.12037037037037	E-DE	85-99
clup|E2RQL0	0.12037037037037	E-EE	85-99
clup|E2RQM3	0.606875934230194	E-EE	403-411
clup|E2RQR0	0.675251256281407	E-EE	534-543
clup|E2RQV7	0.887755102040816	E-EE	476-483
clup|E2RQY5	0.125527426160338	E-EE	55-66
clup|E2RR69	0.708805031446541	E-EE	560-569
clup|E2RRA5	0.040625	A-AA	16-25
clup|E2RRF5	0.743550051599587	E-EE	716-727
clup|E2RRG1	0.147945205479452	S-SS	49-61
clup|E2RRG1	0.346575342465753	S-SS	119-136
clup|E2RRG1	0.391780821917808	A-AA	137-151
clup|E2RRM0	0.977055449330784	S-SS	505-519
clup|E2RRW1	0.248177842565598	S-SS	337-346
clup|E2RRY1	0.0627157652474108	A-AA	51-60
clup|E2RS73	0.877320954907162	E-EE	656-669
clup|E2RSA6	0.123665480427046	E-EE	66-75
clup|E2RSD7	0.655027932960894	A-AA	231-240
clup|E2RSE9	0.291074249605055	E-EE	356-383
clup|E2RSF7	0.624165554072096	E-EE	463-474
clup|E2RSH9	0.113228208497591	S-AS	254-265
clup|E2RSH9	0.113228208497591	S-SS	254-265
clup|E2RSH9	0.150459921156373	A-AA	339-350
clup|E2RSH9	0.77814279456855	E-EE	1773-1782
clup|E2RSK4	0.604672897196262	A-AA	320-329
clup|E2RSQ7	0.753731343283582	E-EE	300-308
clup|E2RSZ0	0.748397435897436	S-SS	453-483
clup|E2RT29	0.472885032537961	D-DD	213-225
clup|E2RT29	0.472885032537961	D-DE	213-225
clup|E2RT62	0.106600314300681	E-EE	198-211
clup|E2RT62	0.477475117862755	E-EE	906-919
clup|E2RT71	0.121125611745514	E-EE	145-154
clup|E2RT71	0.129690048939641	D-DD	155-165
clup|E2RT71	0.129690048939641	D-DE	155-165
clup|E2RT71	0.153752039151713	D-DD	185-194
clup|E2RT75	0.427908937605396	E-DE	500-517
clup|E2RT75	0.427908937605396	E-EE	500-517
clup|E2RT79	0.814857582755966	E-DE	1055-1064
clup|E2RT79	0.814857582755966	E-EE	1055-1064
clup|E2RT79	0.834872979214781	E-DE	1081-1090
clup|E2RT79	0.834872979214781	E-EE	1081-1090
clup|E2RT89	0.679245283018868	E-EE	1508-1518
clup|E2RTB1	0.585324232081911	D-DD	161-184
clup|E2RTI2	0.0964068825910931	A-AA	184-199
clup|E2RTI2	0.210779352226721	E-EE	412-423
clup|F1P669	0.849090909090909	S-SS	463-473
clup|F1P684	0.167770419426049	A-AA	71-83
clup|F1P6A5	0.47027027027027	A-AA	1040-1050
clup|F1P6B3	0.0141342756183746	E-EE	13-21
clup|F1P6F3	0.693513513513514	S-SS	637-648
clup|F1P6F3	0.70972972972973	S-SS	652-663
clup|F1P743	0.612866817155756	E-EE	269-276
clup|F1P771	0.100269179004038	S-SS	68-83
clup|F1P7F9	0.740740740740741	E-EE	856-866
clup|F1P7M7	0.0369978858350951	A-AA	13-24
clup|F1P7W8	0.725961538461538	S-SS	827-836
clup|F1P7Y7	0.838926174496644	E-EE	2621-2631
clup|F1P830	0.0138888888888889	A-AA	2-17
clup|F1P840	0.0695067264573991	A-AA	27-37
clup|F1P8B4	0.894915254237288	E-EE	525-533
clup|F1P8J0	0.309175019275251	S-SS	396-408
clup|F1P8J2	0.879381443298969	D-DD	421-434
clup|F1P8K1	0.107095046854083	E-EE	75-87
clup|F1P8P9	0.949673202614379	E-EE	721-734
clup|F1P8V7	0.114634146341463	A-AA	43-53
clup|F1P973	0.447013487475915	D-DD	228-238
clup|F1P9F4	0.791784702549575	A-AA	553-567
clup|F1P9F9	0.940863787375415	D-DD	1412-1422
clup|F1P9G4	0.0349854227405248	E-EE	8-18
clup|F1PA33	0.463775510204082	A-AA	450-461
clup|F1PA66	0.67205169628433	S-SS	409-425
clup|F1PA70	0.0157232704402516	A-AA	2-10
clup|F1PAC9	0.386685552407932	E-EE	264-284
clup|F1PAI8	0.022075055187638	A-AA	5-17
clup|F1PAQ4	0.274784482758621	A-AA	124-133
clup|F1PB02	0.414893617021277	A-AA	328-337
clup|F1PB26	0.807848443843031	E-EE	589-607
clup|F1PB65	0.0163710777626194	E-DE	20-30
clup|F1PB65	0.0163710777626194	E-EE	20-30
clup|F1PB73	0.609315589353612	A-AA	317-326
clup|F1PBF9	0.54755094744369	S-SS	1528-1537
clup|F1PBF9	0.631212012870933	A-AA	1762-1771
clup|F1PBG8	0.0498737373737374	E-EE	35-46
clup|F1PBL9	0.783278553820871	D-DD	1903-1912
clup|F1PCJ7	0.638461538461538	A-AA	371-378
clup|F1PD49	0.485724482512491	E-EE	676-687
clup|F1PD69	0.547215496368039	S-SS	449-457
clup|F1PD91	0.947443181818182	E-EE	330-339
clup|F1PDC9	0.245033112582781	E-EE	144-154
clup|F1PDC9	0.270695364238411	E-EE	160-169
clup|F1PDC9	0.750827814569536	A-AA	450-459
clup|F1PDL7	0.165825977301387	S-SS	127-138
clup|F1PDM8	0.303030303030303	A-AA	127-135
clup|F1PDV2	0.367751060820368	E-EE	252-270
clup|F1PDW7	0.489451476793249	A-AA	344-354
clup|F1PDX8	0.632596685082873	E-EE	225-235
clup|F1PEB9	0.142405063291139	E-DE	64-73
clup|F1PEB9	0.142405063291139	E-EE	64-73
clup|F1PED2	0.251108647450111	E-EE	223-232
clup|F1PEI2	0.14453781512605	A-AA	81-93
clup|F1PF22	0.777624309392265	S-SS	278-287
clup|F1PF36	0.665499805523143	E-EE	1708-1716
clup|F1PFL8	0.851461427886919	S-SS	1773-1783
clup|F1PFV4	0.273738872403561	E-EE	180-191
clup|F1PG67	0.276824034334764	E-EE	301-346
clup|F1PG67	0.625321888412017	S-SS	726-733
clup|F1PG84	0.478136882129278	A-AA	248-257
clup|F1PGB7	0.483388704318937	A-AA	288-296
clup|F1PGL2	0.132564841498559	E-EE	134-144
clup|F1PH16	0.52365308804205	A-AA	395-404
clup|F1PHA4	0.381993330863283	D-DD	1028-1036
clup|F1PHI8	0.990777338603426	A-AA	749-757
clup|F1PHI9	0.46039603960396	E-EE	183-191
clup|F1PI62	0.818815331010453	A-AA	466-476
clup|F1PIA0	0.0272727272727273	A-AA	13-28
clup|F1PIC8	0.851629502572899	E-EE	489-506
clup|F1PIQ5	0.0473433242506812	E-EE	66-75
clup|F1PIQ5	0.580722070844687	S-SS	843-864
clup|F1PIS0	0.374329958308517	E-EE	1874-1899
clup|F1PIS0	0.407087552114354	E-EE	2047-2056
clup|F1PIS0	0.731784792535239	E-EE	3682-3692
clup|F1PIV4	0.627659574468085	S-SS	498-507
clup|F1PJ16	0.458385481852315	E-EE	726-741
clup|F1PJ16	0.468085106382979	E-EE	745-753
clup|F1PJ26	0.467845659163987	E-DE	142-151
clup|F1PJ26	0.467845659163987	E-EE	142-151
clup|F1PJA5	0.01071761416589	A-AA	9-16
clup|F1PJL2	0.391964470150795	E-EE	1895-1902
clup|F1PJL2	0.726812642016112	E-EE	3515-3524
clup|F1PJN4	0.803413400758534	E-DE	631-642
clup|F1PJN4	0.803413400758534	E-EE	631-642
clup|F1PJP1	0.00830013280212483	E-EE	34-43
clup|F1PJS6	0.00753498385360603	A-AA	9-21
clup|F1PK45	0.243589743589744	D-DD	82-91
clup|F1PKC1	0.584807073954984	E-EE	1450-1462
clup|F1PKX5	0.0939704939063502	E-EE	143-152
clup|F1PKX5	0.945477870429763	A-AA	1469-1481
clup|F1PL08	0.752747252747253	A-AA	271-279
clup|F1PL43	0.337430610626487	E-EE	423-430
clup|F1PL79	0.0798059964726631	A-AA	87-96
clup|F1PL79	0.0798059964726631	A-AS	87-96
clup|F1PLB6	0.646793134598013	E-DE	711-723
clup|F1PLB6	0.646793134598013	E-EE	711-723
clup|F1PLE5	0.0209656925031766	A-AA	12-23
clup|F1PLE5	0.163913595933926	S-SS	126-134
clup|F1PLN6	0.0656934306569343	A-AA	68-78
clup|F1PLX7	0.326340326340326	A-AA	137-145
clup|F1PM06	0.743498817966903	S-SS	311-320
clup|F1PM07	0.704063604240283	S-SS	392-407
clup|F1PM07	0.877208480565371	S-SS	489-506
clup|F1PM58	0.19453734671126	S-SS	168-183
clup|F1PMA6	0.417501927525058	E-EE	528-557
clup|F1PMC6	0.809032258064516	E-EE	618-638
clup|F1PMJ3	0.953914141414141	S-SS	751-762
clup|F1PMN8	0.4609375	E-EE	701-717
clup|F1PMU1	0.841383812010444	S-SS	623-668
clup|F1PN38	0.331065522294327	A-AA	1577-1588
clup|F1PN47	0.194083694083694	E-EE	126-145
clup|F1PN47	0.220779220779221	E-EE	149-159
clup|F1PNB5	0.386659436008677	S-SS	353-362
clup|F1PNC9	0.0101351351351351	A-AA	2-12
clup|F1PNF3	0.318243243243243	E-EE	465-479
clup|F1PNG2	0.208612975391499	S-SS	183-192
clup|F1PNP2	0.424693520140105	E-EE	481-491
clup|F1PNY1	0.782192945176371	S-SS	1836-1847
clup|F1PPD2	0.0118733509234828	A-AA	6-14
clup|F1PPS4	0.473756906077348	E-EE	168-177
clup|F1PPT2	0.370017846519929	E-EE	618-628
clup|F1PQ44	0.676021798365123	E-EE	1237-1246
clup|F1PQ44	0.714441416893733	E-EE	1306-1318
clup|F1PQA7	0.297991071428571	S-SS	130-139
clup|F1PQM0	0.805772230889236	A-AA	2063-2071
clup|F1PQM0	0.889625585023401	S-SS	2275-2289
clup|F1PR86	0.0357142857142857	E-EE	16-25
clup|F1PRG3	0.316176470588235	E-EE	851-871
clup|F1PRK6	0.946649029982363	E-EE	1070-1079
clup|F1PRR5	0.551995163240629	E-EE	451-464
clup|F1PRR6	0.0746770025839793	E-EE	141-150
clup|F1PRW1	0.740963855421687	E-EE	424-439
clup|F1PRZ6	0.65625	S-SS	384-395
clup|F1PS62	0.740616246498599	E-EE	1319-1327
clup|F1PSM3	0.919937205651491	S-SS	1167-1179
clup|F1PSQ4	0.571034482758621	S-SS	411-419
clup|F1PTH2	0.155524861878453	E-EE	275-290
clup|F1PU39	0.0661654135338346	A-AA	38-52
clup|F1PUB3	0.475954738330976	S-SS	640-708
clup|F1PUB9	0.0391865079365079	D-DD	34-47
clup|F1PUB9	0.0391865079365079	D-DE	34-47
clup|F1PUD6	0.519417475728155	A-AA	264-273
clup|F1PUD6	0.796116504854369	A-AA	407-415
clup|F1PUF6	0.091588785046729	A-AA	46-54
clup|F1PUR0	0.576276276276276	E-EE	956-965
clup|F1PUX4	0.919303797468354	A-AA	287-296
clup|F1PV13	0.539585547290117	E-EE	1010-1023
clup|F1PV34	0.132250580046404	A-AS	54-62
clup|F1PVV8	0.402564102564103	E-EE	305-325
clup|F1PVV8	0.430128205128205	E-EE	332-341
clup|F1PVV8	0.463461538461538	E-EE	358-367
clup|F1PWC5	0.522977501196745	E-DE	1067-1120
clup|F1PWC5	0.522977501196745	E-EE	1067-1120
clup|F1PWC5	0.660363810435615	E-EE	1367-1394
clup|F1PWC5	0.684538056486357	E-EE	1427-1435
clup|F1PWD8	0.911322645290581	A-AA	2725-2734
clup|F1PWD8	0.911322645290581	A-AS	2725-2734
clup|F1PWG5	0.0657439446366782	E-EE	15-25
clup|F1PWM9	0.866559485530547	S-SS	265-276
clup|F1PWN7	0.916848418756816	E-EE	1667-1698
clup|F1PXD6	0.141644908616188	S-SS	105-114
clup|F1PXQ0	0.715136745193609	E-DE	2637-2647
clup|F1PXQ0	0.715136745193609	E-EE	2637-2647
clup|F1PXW0	0.0271800679501699	A-AA	18-32
clup|F1PYC1	0.114690721649485	A-AA	38-53
clup|F1PYC1	0.199742268041237	A-AA	73-84
clup|F1PYC1	0.318298969072165	A-AA	116-133
clup|F1PYC1	0.520618556701031	A-AA	198-208
clup|F1PYK7	0.214721586575133	E-EE	277-288
clup|F1PYK7	0.416475972540046	E-EE	540-554
clup|F1PYK7	0.975591151792525	S-SS	1275-1285
clup|F1PYL5	0.777397260273973	E-DE	564-573
clup|F1PYL5	0.777397260273973	E-EE	564-573
clup|F1PZL7	0.382903981264637	D-DD	323-333
clup|F1PZL7	0.382903981264637	D-DE	323-333
clup|F1PZM1	0.251744765702891	S-SS	247-260
clup|F1Q014	0.734939759036145	E-EE	300-312
clup|F1Q043	0.297403619197482	E-EE	375-383
clup|F1Q0E3	0.0346020761245675	S-SS	26-36
clup|F1Q0F4	0.783458021612635	E-EE	940-947
clup|F1Q0F4	0.994181213632585	D-DD	1193-1201
clup|F1Q117	0.0504943502824859	A-AA	68-77
clup|F1Q174	0.876160990712074	S-SS	561-573
clup|F1Q178	0.936399217221135	S-SS	1430-1443
clup|F1Q180	0.946153846153846	E-EE	488-498
clup|F1Q188	0.335331050228311	E-EE	584-593
clup|F1Q1B2	0.798733286418015	S-SS	1131-1141
clup|F1Q1R5	0.157510729613734	E-EE	180-189
clup|F1Q2N0	0.359912899211945	E-EE	1732-1741
clup|F1Q2W7	0.961643835616438	A-AA	346-358
clup|F1Q3E3	0.0196374622356495	A-AA	2-13
clup|F1Q3H1	0.658632562715199	S-SS	2675-2683
clup|F1Q3T1	0.277777777777778	S-SS	124-138
clup|F1Q3W0	0.0851990049751244	E-EE	65-74
clup|F1Q3X8	0.472190692395006	A-AA	412-422
clup|F1Q3Z2	0.912680756395996	E-EE	817-826
clup|F1Q443	0.726123595505618	E-EE	772-781
clup|F1Q4C2	0.384375	S-SS	119-129
clup|F1Q4G7	0.143055555555556	S-SS	149-162
clup|F1Q4G8	0.31390977443609	S-SS	159-177
clup|F1Q4I0	0.516160310277957	S-SS	795-804
clup|F1Q4K4	0.421720733427362	S-SS	292-308
clup|F6ULP0	0.0131810193321617	A-AA	2-15
clup|F6UMN8	0.202639296187683	S-SS	336-357
clup|F6UMN8	0.575366568914956	E-EE	975-989
clup|F6UMN8	0.613196480938416	S-SS	1031-1062
clup|F6UMN8	0.800879765395894	E-EE	1360-1373
clup|F6UMN8	0.80733137829912	S-SS	1372-1383
clup|F6UPH0	0.807742782152231	E-EE	610-623
clup|F6UPH0	0.837270341207349	E-EE	633-645
clup|F6UPL6	0.70891364902507	E-EE	505-515
clup|F6UPL6	0.793871866295265	E-EE	565-577
clup|F6UQ63	0.840306834030683	S-SS	599-608
clup|F6USR8	0.627659574468085	A-AA	291-301
clup|F6UZI3	0.948136142625608	D-DE	581-591
clup|F6V1W0	0.939267015706806	S-SS	892-904
clup|F6V263	0.643953068592058	S-SS	710-719
clup|F6V592	0.323684210526316	E-EE	181-190
clup|F6V6A9	0.779005524861878	S-SS	560-570
clup|F6X406	0.0392156862745098	S-SS	20-50
clup|F6X8K0	0.0327635327635328	A-AA	31-40
clup|F6X907	0.145714285714286	S-SS	227-234
clup|F6XBT7	0.627994011976048	E-EE	414-427
clup|F6XEW2	0.271381578947368	S-SS	79-88
clup|F6XEW2	0.324013157894737	S-SS	93-106
clup|F6XEW2	0.379934210526316	S-SS	108-125
clup|F6XFT8	0.0421472937000887	E-EE	43-54
clup|F6XHY4	0.518397383483238	A-AA	629-641
clup|F6XLN1	0.796787148594377	S-SS	1980-1990
clup|F6XM35	0.115052296498408	S-SS	502-512
clup|F6XM35	0.55968622100955	E-DE	2458-2467
clup|F6XM35	0.55968622100955	E-EE	2458-2467
clup|F6XMI1	0.816756756756757	S-SS	752-761
clup|F6XMT1	0.286359077231695	E-EE	281-292
clup|F6XPH4	0.693722943722944	A-AA	312-331
clup|F6XQD6	0.355922330097087	A-AA	913-922
clup|F6XRD6	0.953445065176909	E-EE	509-517
clup|F6XTT5	0.271378708551483	A-AA	151-162
clup|F6XTT5	0.5	A-AA	280-295
clup|F6XTT5	0.777486910994764	A-AA	441-452
clup|F6XU71	0.39848643006263	E-EE	758-771
clup|F6XVW9	0.855769230769231	S-SS	613-635
clup|F6Y1U6	0.0967741935483871	A-AA	63-71
clup|F6Y1U6	0.0967741935483871	A-AS	63-71
clup|F6Y1W5	0.577586206896552	E-EE	232-239
clup|F6Y2W8	0.647556390977444	E-EE	684-696
clup|J9JH96	0.929264349232013	A-AA	1142-1159
clup|J9JHK9	0.455655004068348	E-DE	556-566
clup|J9JHK9	0.455655004068348	E-EE	556-566
clup|J9NRQ8	0.618169398907104	S-SS	449-458
clup|J9NRZ6	0.199598393574297	A-AA	245-254
clup|J9NS86	0.0374787052810903	E-EE	40-50
clup|J9NSJ4	0.801063829787234	S-SS	370-385
clup|J9NSR7	0.258250825082508	E-EE	153-162
clup|J9NTC0	0.18013698630137	S-SS	654-663
clup|J9NTP8	0.679110105580694	S-SS	895-908
clup|J9NTX3	0.633802816901408	S-SS	219-233
clup|J9NUM3	0.067816091954023	E-EE	55-65
clup|J9NUM3	0.105747126436782	E-EE	85-101
clup|J9NV01	0.337098692033294	D-DD	279-290
clup|J9NV01	0.337098692033294	D-DE	279-290
clup|J9NV98	0.804281345565749	A-AA	523-531
clup|J9NV98	0.823394495412844	A-AA	534-545
clup|J9NVW3	0.141393442622951	S-SS	62-78
clup|J9NWC2	0.995426829268293	S-SS	1301-1313
clup|J9NXB8	0.211305007587253	E-EE	269-290
clup|J9NXB8	0.627465857359636	S-SS	821-835
clup|J9NXB8	0.786418816388467	E-EE	1029-1046
clup|J9NXH0	0.225826972010178	E-EE	174-183
clup|J9NXI6	0.661552346570397	S-SS	362-373
clup|J9NXP5	0.724930747922438	S-SS	1305-1314
clup|J9NXQ2	0.121419676214197	A-AA	91-106
clup|J9NXQ2	0.121419676214197	A-AS	91-106
clup|J9NXT2	0.431146359048306	E-EE	595-603
clup|J9NY16	0.990044247787611	E-EE	1340-1347
clup|J9NYG9	0.608108108108108	E-EE	489-503
clup|J9NYK8	0.85876326381266	S-SS	2342-2354
clup|J9NYK8	0.879436516648372	S-SS	2373-2436
clup|J9NYN7	0.796657381615599	S-SS	280-294
clup|J9NYY3	0.0379013571665012	E-EE	111-120
clup|J9NZ07	0.949107142857143	E-EE	527-538
clup|J9NZ07	0.971428571428571	E-EE	541-549
clup|J9NZ49	0.600883652430044	D-DD	405-413
clup|J9P005	0.708683473389356	E-EE	755-765
clup|J9P005	0.721755368814192	E-EE	767-781
clup|J9P044	0.553536664503569	E-EE	848-860
clup|J9P0C0	0.479508196721311	A-AA	348-356
clup|J9P0C4	0.236910994764398	E-EE	84-99
clup|J9P0F6	0.689572586588062	E-DE	1868-1877
clup|J9P0F6	0.689572586588062	E-EE	1868-1877
clup|J9P0I6	0.878367670364501	E-EE	1103-1116
clup|J9P0I9	0.326417004048583	S-SS	319-328
clup|J9P100	0.940159574468085	A-AA	350-359
clup|J9P170	0.390438247011952	A-AA	193-201
clup|J9P192	0.946652719665272	E-EE	900-912
clup|J9P192	0.968096234309623	E-EE	922-931
clup|J9P272	0.649912587412587	A-AA	740-749
clup|J9P273	0.387005649717514	S-SS	133-143
clup|J9P287	0.0498585572842999	A-AA	67-76
clup|J9P2B5	0.47714552238806	A-AA	508-517
clup|J9P2C3	0.069364161849711	E-EE	68-78
clup|J9P2L5	0.281152647975078	S-SS	177-186
clup|J9P2Z3	0.935247747747748	E-EE	827-836
clup|J9P326	0.801446945337621	A-AA	495-504
clup|J9P3M2	0.931277860326895	E-EE	1250-1259
clup|J9P448	0.880630630630631	A-AA	386-398
clup|J9P4S4	0.32527693856999	A-AA	313-335
clup|J9P4T1	0.287626628075253	E-EE	386-411
clup|J9P4T1	0.366136034732272	E-EE	497-517
clup|J9P4X0	0.91038961038961	E-EE	347-356
clup|J9P5A5	0.0982309124767225	S-SS	207-217
clup|J9P5P2	0.95772409408773	E-EE	1502-1513
clup|J9P5W1	0.304588607594937	E-EE	185-202
clup|J9P5W1	0.333069620253165	E-EE	207-216
clup|J9P650	0.170189098998888	E-EE	150-158
clup|J9P650	0.588987764182425	A-AA	526-535
clup|J9P6D5	0.629876796714579	S-SS	1224-1232
clup|J9P6E7	0.200584795321637	E-EE	169-176
clup|J9P6G5	0.356792144026187	S-SS	213-225
clup|J9P6G7	0.0592436974789916	E-EE	65-78
clup|J9P6Z1	0.0113154172560113	A-AA	2-16
clup|J9P776	0.150859678313921	S-SS	269-277
clup|J9P7L9	0.710582010582011	S-SS	668-677
clup|J9P7V6	0.477884615384615	A-AA	245-254
clup|J9P845	0.393724696356275	E-EE	190-201
clup|J9P865	0.709862385321101	S-SS	615-625
clup|J9P8J8	0.157965194109772	E-EE	110-128
clup|J9P8N2	0.0706984667802385	E-EE	37-48
clup|J9P8R2	0.887640449438202	S-SS	312-322
clup|J9P8S1	0.176345609065156	A-AA	117-134
clup|J9P9I9	0.21614301191766	S-SS	196-205
clup|J9P9J1	0.471885336273429	E-DE	423-435
clup|J9P9J1	0.471885336273429	E-EE	423-435
clup|J9P9J1	0.74090407938258	S-SS	666-680
clup|J9P9J1	0.763506063947078	S-SS	689-698
clup|J9P9J1	0.778390297684675	S-SS	701-713
clup|J9P9P7	0.0265151515151515	E-EE	20-31
clup|J9P9T1	0.81063122923588	A-AA	240-250
clup|J9PAE4	0.418241758241758	E-EE	948-957
clup|J9PAE4	0.427692307692308	E-EE	968-980
clup|J9PAE8	0.265292553191489	S-SS	193-208
clup|J9PAH9	0.295021186440678	A-AA	276-283
clup|J9PAL1	0.435449358059914	S-SS	607-616
clup|J9PAN8	0.914171656686627	E-EE	453-465
clup|J9PAU7	0.853238866396761	E-EE	1258-1273
clup|J9PAW3	0.12152466367713	S-SS	133-140
clup|J9PAW6	0.0184	A-AA	9-16
clup|J9PAW6	0.896	S-SS	557-565
clup|J9PBG8	0.898243801652893	S-SS	866-875
clup|P12637	0.943765281173594	D-DD	381-393
clup|P24643	0.89527027027027	E-EE	527-535
clup|P41148	0.945828144458281	E-EE	756-765
clup|P43698	0.804054054054054	A-AA	294-303
clup|P51666	0.144053601340034	S-SS	82-92
clup|P79148	0.894067796610169	D-DD	419-427
clup|P79149	0.841968911917098	S-SS	629-673
clup|Q0Q0E4	0.280045351473923	A-AA	118-131
clup|Q32KH7	0.928321678321678	E-EE	528-536
clup|Q5TJE1	0.606657608695652	E-EE	438-457
clup|Q5TJE1	0.653532608695652	E-EE	478-486
clup|Q5TJE2	0.681533646322379	S-SS	431-442
clup|Q5TJE5	0.0609756097560976	E-EE	44-53
clup|Q5TJF0	0.00761772853185596	A-AA	2-11
clup|Q5TJF7	0.0930451127819549	A-AA	46-55
clup|Q5TJG6	0.622817955112219	E-EE	492-509
clup|Q5TJG6	0.980673316708229	S-SS	777-798
clup|Q64HP0	0.937074829931973	E-EE	273-280
clup|Q7YR70	0.132488479262673	E-EE	53-64
clup|Q861Q9	0.108499095840868	A-AA	55-67
clup|Q863A2	0.0907172995780591	A-AA	58-73
clup|Q863A2	0.0907172995780591	A-AS	58-73
clup|Q863A2	0.821378340365682	A-AA	581-589
clup|Q863A2	0.838959212376934	A-AA	592-603
clup|Q8WN22	0.648805213613324	S-SS	2685-2693
clup|Q9TU19	0.0141843971631206	E-EE	2-16
clup|Q9TU19	0.0425531914893617	E-EE	20-30
clup|Q9XSR3	0.83756345177665	A-AA	490-502
cmer|M1UTQ6	0.213888888888889	S-SS	182-205
cmer|M1V3P5	0.791428571428571	D-DD	1242-1253
cmer|M1V3P5	0.980952380952381	D-DD	1542-1550
cmer|M1V4M3	0.218908629441624	A-AA	169-178
cmer|M1V5X6	0.828307620383357	S-AS	3540-3549
cmer|M1V5X6	0.832982702197288	A-AA	3560-3569
cmer|M1V624	0.358943862987631	S-AS	751-760
cmer|M1V6K5	0.907757805108798	D-DD	955-966
cmer|M1V6X9	0.132208922742111	S-SS	118-127
cmer|M1V7X3	0.938162544169611	A-AA	791-804
cmer|M1V8Z1	0.870967741935484	A-AA	914-924
cmer|M1V9S9	0.551969365426696	D-DD	502-509
cmer|M1VAH5	0.855191256830601	A-AA	1718-1727
cmer|M1VAH5	0.855191256830601	A-AS	1718-1727
cmer|M1VAP0	0.749299719887955	A-AA	1065-1077
cmer|M1VCC7	0.286950732356858	A-AA	212-221
cmer|M1VCD3	0.489583333333333	A-AA	232-240
cmer|M1VCU1	0.754208754208754	A-AA	219-231
cmer|M1VE26	0.854052197802198	D-DE	1240-1249
cmer|M1VFZ3	0.626075147125396	A-AA	1378-1390
cmer|M1VGI1	0.66533409480297	A-AS	1161-1171
cmer|M1VGL7	0.945358187134503	A-AA	2583-2592
cmer|M1VI03	0.118127786032689	A-AA	76-85
cmer|M1VI31	0.954372623574145	A-AA	1252-1260
cmer|M1VLQ6	0.903780068728522	D-DD	520-534
cmer|M1VLQ6	0.903780068728522	D-DE	520-534
cneo|CNA00180	0.703305785123967	E-EE	421-432
cneo|CNA06210	0.0721112076455256	D-DD	77-91
cneo|CNA06210	0.0721112076455256	D-DE	77-91
cneo|CNA07420	0.629239766081871	E-EE	535-543
cneo|CNB01420	0.991758241758242	E-EE	538-547
cneo|CNB02570	0.726571113561191	E-DE	654-666
cneo|CNB02570	0.726571113561191	E-EE	654-666
cneo|CNB05450	0.777633289986996	E-DE	595-603
cneo|CNB05450	0.777633289986996	E-EE	595-603
cneo|CNC01960	0.684761904761905	E-DE	355-366
cneo|CNC01960	0.684761904761905	E-EE	355-366
cneo|CNC05530	0.720985691573927	E-EE	449-460
cneo|CND00130	0.620734908136483	A-AA	467-481
cneo|CND02650	0.196338383838384	E-DE	152-161
cneo|CND02650	0.196338383838384	E-EE	152-161
cneo|CND03210	0.880893300248139	E-EE	349-363
cneo|CND03840	0.838425381903643	E-DE	708-721
cneo|CND05640	0.252094972067039	A-AA	177-186
cneo|CND05640	0.880586592178771	E-DE	625-638
cneo|CND05640	0.880586592178771	E-EE	625-638
cneo|CND06010	0.979481641468683	A-AA	1811-1819
cneo|CNE00700	0.880555555555556	E-EE	628-642
cneo|CNE04830	0.836594911937378	E-EE	843-869
cneo|CNF01810	0.579716563330381	D-DD	652-659
cneo|CNF04330	0.110878661087866	E-DE	235-244
cneo|CNF04330	0.110878661087866	E-EE	235-244
cneo|CNG00300	0.895498392282958	A-AA	274-285
cneo|CNG03090	0.684873949579832	E-DE	399-418
cneo|CNG03090	0.684873949579832	E-EE	399-418
cneo|CNG03850	0.611669242658423	E-DE	786-799
cneo|CNH01320	0.273395721925134	E-EE	201-210
cneo|CNH03190	0.627615062761506	A-AA	295-307
cneo|CNI01070	0.0836087243886319	D-DD	124-131
cneo|CNI01910	0.106565176022835	D-DD	107-119
cneo|CNI03280	0.304864864864865	E-EE	279-287
cneo|CNI04340	0.768041237113402	A-AA	220-229
cneo|CNJ01510	0.943441064638783	E-DE	989-998
cneo|CNJ02230	0.6375	E-EE	405-413
cneo|CNM01750	0.422985074626866	D-DE	705-714
cowc|A0A0D2TZQ1	0.0157232704402516	A-AA	11-21
cowc|A0A0D2TZQ1	0.348008385744235	D-DD	327-339
cowc|A0A0D2TZQ1	0.348008385744235	D-DE	327-339
cowc|A0A0D2U0E0	0.470338983050847	A-AA	215-231
cowc|A0A0D2U214	0.0629664179104478	A-AA	64-73
cowc|A0A0D2U214	0.881063432835821	A-AA	940-951
cowc|A0A0D2U3E9	0.837481698389458	D-DD	568-578
cowc|A0A0D2U3E9	0.86090775988287	D-DD	583-595
cowc|A0A0D2U3E9	0.86090775988287	D-DE	583-595
cowc|A0A0D2U3E9	0.972913616398243	E-DE	661-670
cowc|A0A0D2U3S1	0.0180288461538462	S-SS	10-22
cowc|A0A0D2U4V8	0.115435356200528	D-DD	83-94
cowc|A0A0D2U683	0.146288209606987	A-AS	60-76
cowc|A0A0D2U923	0.441934345217084	D-DD	1249-1257
cowc|A0A0D2U9I7	0.044256120527307	A-AA	17-32
cowc|A0A0D2U9X2	0.239502762430939	A-AA	429-440
cowc|A0A0D2UAY7	0.793293718166384	A-AA	930-941
cowc|A0A0D2UBG8	0.736334405144695	S-SS	912-922
cowc|A0A0D2UBJ7	0.860279441117764	S-SS	425-439
cowc|A0A0D2UCE9	0.749741468459152	A-AA	722-730
cowc|A0A0D2UCR7	0.507976071784646	D-DD	1003-1037
cowc|A0A0D2UCR7	0.507976071784646	D-DE	1003-1037
cowc|A0A0D2UCY7	0.761330409356725	E-EE	1035-1050
cowc|A0A0D2UDH7	0.416666666666667	A-AS	285-297
cowc|A0A0D2UDH7	0.602011494252874	A-AA	414-426
cowc|A0A0D2UDP2	0.233558178752108	D-DD	127-152
cowc|A0A0D2UDP2	0.233558178752108	D-DE	127-152
cowc|A0A0D2UED5	0.376172090457805	A-AA	678-688
cowc|A0A0D2UED5	0.385824600110314	A-AA	691-710
cowc|A0A0D2UF01	0.206168831168831	D-DE	123-133
cowc|A0A0D2UF44	0.0494791666666667	S-AS	25-34
cowc|A0A0D2UF71	0.514521640091116	S-SS	901-908
cowc|A0A0D2UF71	0.881548974943052	S-SS	1540-1558
cowc|A0A0D2UF71	0.896640091116173	S-SS	1566-1585
cowc|A0A0D2UG65	0.142434033387184	A-AA	257-274
cowc|A0A0D2UGF9	0.411792014856082	S-AS	1325-1338
cowc|A0A0D2UH30	0.0285053929121726	S-SS	16-23
cowc|A0A0D2UHJ2	0.0580304806565064	A-AA	96-104
cowc|A0A0D2UHL3	0.414535246412976	A-AA	661-670
cowc|A0A0D2UHL3	0.414535246412976	A-AS	661-670
cowc|A0A0D2UI80	0.0427756653992395	S-SS	19-28
cowc|A0A0D2UJ65	0.883574879227053	D-DE	911-920
cowc|A0A0D2UJC6	0.348901098901099	D-DD	1012-1022
cowc|A0A0D2UJC6	0.354223901098901	D-DE	1025-1040
cowc|A0A0D2UKX0	0.0264598540145985	A-AA	9-22
cowc|A0A0D2UKX0	0.985401459854015	A-AA	535-547
cowc|A0A0D2UL39	0.0789141414141414	A-AA	57-70
cowc|A0A0D2UL84	0.0318181818181818	A-AA	19-32
cowc|A0A0D2UMQ5	0.643298969072165	S-SS	307-319
cowc|A0A0D2UPB0	0.24373576309795	A-AA	531-541
cowc|A0A0D2UQX2	0.0821812596006144	A-AA	103-113
cowc|A0A0D2UQX2	0.0821812596006144	A-AS	103-113
cowc|A0A0D2UQX2	0.337941628264209	A-AA	437-445
cowc|A0A0D2URP6	0.0774767146486029	A-AA	85-100
cowc|A0A0D2URW9	0.839673913043478	A-AA	460-469
cowc|A0A0D2US04	0.853057199211045	S-SS	427-440
cowc|A0A0D2US27	0.0762548262548263	D-DD	36-45
cowc|A0A0D2US27	0.0762548262548263	D-DE	36-45
cowc|A0A0D2UTD3	0.0676229508196721	A-AA	29-39
cowc|A0A0D2VGC7	0.988275862068966	D-DD	710-725
cowc|A0A0D2VGC7	0.988275862068966	D-DE	710-725
cowc|A0A0D2VGE8	0.0216763005780347	A-AA	55-67
cowc|A0A0D2VHN9	0.0916784203102962	D-DD	60-72
cowc|A0A0D2VHN9	0.157263751763047	D-DD	107-118
cowc|A0A0D2VHN9	0.26657263751763	D-DD	181-199
cowc|A0A0D2VHN9	0.26657263751763	D-DE	181-199
cowc|A0A0D2VI71	0.252911813643927	A-AA	148-158
cowc|A0A0D2VJM3	0.204361054766734	S-SS	190-215
cowc|A0A0D2VJM3	0.385395537525355	S-SS	375-387
cowc|A0A0D2VJX9	0.115452930728242	D-DD	61-71
cowc|A0A0D2VJX9	0.115452930728242	D-DE	61-71
cowc|A0A0D2VJZ5	0.0193409742120344	S-SS	23-33
cowc|A0A0D2VK99	0.171021377672209	S-AS	65-81
cowc|A0A0D2VL75	0.00209599664640537	A-AA	5-17
cowc|A0A0D2VL75	0.158876545797527	A-AA	753-765
cowc|A0A0D2VL75	0.210438063299099	A-AA	998-1012
cowc|A0A0D2VL75	0.938272898763362	A-AA	4472-4483
cowc|A0A0D2VM30	0.152902453620586	S-SS	251-262
cowc|A0A0D2VM81	0.384765625	D-DE	686-695
cowc|A0A0D2VM81	0.763113839285714	S-SS	1362-1375
cowc|A0A0D2VN42	0.313494809688581	A-AA	440-468
cowc|A0A0D2VN54	0.855555555555556	D-DD	997-1007
cowc|A0A0D2VPV4	0.310282258064516	A-AA	1535-1545
cowc|A0A0D2VQR7	0.835269865067466	A-AS	2225-2234
cowc|A0A0D2VQX3	0.0242759795570698	S-SS	22-37
cowc|A0A0D2VR09	0.0569782330345711	A-AA	40-51
cowc|A0A0D2VRH3	0.0599832214765101	D-DD	68-77
cowc|A0A0D2VRH3	0.0675335570469799	E-DE	78-85
cowc|A0A0D2VRH3	0.0675335570469799	E-EE	78-85
cowc|A0A0D2VRW3	0.0912518853695324	S-SS	57-66
cowc|A0A0D2VS19	0.119798234552333	A-AS	91-101
cowc|A0A0D2VSQ3	0.414673913043478	D-DD	375-390
cowc|A0A0D2VSQ3	0.414673913043478	D-DE	375-390
cowc|A0A0D2VSQ8	0.809941520467836	D-DE	1243-1252
cowc|A0A0D2VTT2	0.434191176470588	E-EE	588-595
cowc|A0A0D2VUK7	0.198317307692308	D-DD	319-343
cowc|A0A0D2VUK7	0.198317307692308	D-DE	319-343
cowc|A0A0D2VV85	0.296823658269441	D-DE	268-276
cowc|A0A0D2VWU0	0.0696409140369967	S-SS	59-71
cowc|A0A0D2VXF2	0.872811534500515	A-AS	840-857
cowc|A0A0D2VYJ3	0.251830161054173	A-AA	169-177
cowc|A0A0D2VZC1	0.941176470588235	S-SS	555-567
cowc|A0A0D2W0B3	0.130317092034029	S-SS	164-175
cowc|A0A0D2W1H9	0.665008123476848	S-SS	3271-3280
cowc|A0A0D2WGZ6	0.391666666666667	A-AS	207-218
cowc|A0A0D2WH18	0.0565217391304348	S-SS	26-41
cowc|A0A0D2WIH6	0.485131396957123	A-AA	698-707
cowc|A0A0D2WIH6	0.547717842323652	A-AA	786-800
cowc|A0A0D2WJU5	0.0614035087719298	A-AS	91-100
cowc|A0A0D2WJV9	0.135862068965517	A-AS	95-104
cowc|A0A0D2WJZ2	0.0779510022271715	S-SS	172-180
cowc|A0A0D2WK40	0.506037735849057	S-AS	664-679
cowc|A0A0D2WK52	0.890444810543657	A-AA	537-546
cowc|A0A0D2WKA3	0.0543378295524218	S-SS	350-361
cowc|A0A0D2WKC4	0.249099639855942	D-DE	411-421
cowc|A0A0D2WKX1	0.091786355475763	D-DD	198-213
cowc|A0A0D2WKX1	0.824730700179533	D-DD	1831-1846
cowc|A0A0D2WL35	0.96824686940966	E-EE	2162-2170
cowc|A0A0D2WL93	0.147859922178988	A-AS	70-84
cowc|A0A0D2WLQ8	0.592610364683301	A-AA	613-624
cowc|A0A0D2WLQ8	0.728406909788868	A-AA	755-765
cowc|A0A0D2WLT9	0.549751243781095	D-DD	326-339
cowc|A0A0D2WLT9	0.549751243781095	D-DE	326-339
cowc|A0A0D2WM38	0.0257186081694402	A-AA	11-25
cowc|A0A0D2WM74	0.967484662576687	E-EE	785-794
cowc|A0A0D2WMI4	0.5	S-AS	418-431
cowc|A0A0D2WMW9	0.110373647984267	A-AS	218-233
cowc|A0A0D2WN55	0.0119904076738609	A-AA	5-17
cowc|A0A0D2WNN8	0.0859073359073359	S-SS	38-53
cowc|A0A0D2WNY0	0.903556034482759	D-DD	835-844
cowc|A0A0D2WNY0	0.903556034482759	D-DE	835-844
cowc|A0A0D2WP13	0.270457697642164	A-AA	190-202
cowc|A0A0D2WP15	0.295708955223881	A-AA	472-481
cowc|A0A0D2WPG1	0.853393981805458	D-DE	1212-1229
cowc|A0A0D2WPZ5	0.0778739184177998	D-DD	59-69
cowc|A0A0D2WPZ5	0.0778739184177998	D-DE	59-69
cowc|A0A0D2WPZ5	0.150803461063041	D-DD	115-131
cowc|A0A0D2WPZ5	0.150803461063041	D-DE	115-131
cowc|A0A0D2WQB0	0.153803131991051	D-DD	134-143
cowc|A0A0D2WQE2	0.0346074380165289	D-DD	27-42
cowc|A0A0D2WQE2	0.0346074380165289	D-DE	27-42
cowc|A0A0D2WQE2	0.0475206611570248	E-DE	43-51
cowc|A0A0D2WQE2	0.0475206611570248	E-EE	43-51
cowc|A0A0D2WQE2	0.0924586776859504	D-DD	86-95
cowc|A0A0D2WQE2	0.102789256198347	E-DE	96-105
cowc|A0A0D2WQE2	0.102789256198347	E-EE	96-105
cowc|A0A0D2WQP0	0.441101694915254	A-AS	517-526
cowc|A0A0D2WQR3	0.0496838301716351	A-AA	51-61
cowc|A0A0D2WQW1	0.803030303030303	A-AS	419-431
cowc|A0A0D2WQW7	0.723865877712032	S-SS	362-374
cowc|A0A0D2WQW8	0.697674418604651	D-DD	263-279
cowc|A0A0D2WQW8	0.697674418604651	D-DE	263-279
cowc|A0A0D2WR37	0.396699758518916	S-SS	1471-1488
cowc|A0A0D2WRP3	0.884615384615385	A-AA	892-904
cowc|A0A0D2WRP3	0.937869822485207	D-DD	947-957
cowc|A0A0D2WRS0	0.187594553706505	A-AA	121-129
cowc|A0A0D2WRW8	0.734674329501916	D-DD	761-775
cowc|A0A0D2WRW8	0.734674329501916	D-DE	761-775
cowc|A0A0D2WRZ1	0.0672888015717092	A-AS	56-83
cowc|A0A0D2WS79	0.521739130434783	D-DD	1005-1013
cowc|A0A0D2WSG8	0.785143769968051	A-AA	488-497
cowc|A0A0D2WSL0	0.232314410480349	A-AA	262-272
cowc|A0A0D2WSL0	0.232314410480349	A-AS	262-272
cowc|A0A0D2WSS8	0.0386138613861386	D-DD	55-64
cowc|A0A0D2WSS8	0.0386138613861386	D-DE	55-64
cowc|A0A0D2WSS8	0.355775577557756	D-DD	530-550
cowc|A0A0D2WSS8	0.355775577557756	D-DE	530-550
cowc|A0A0D2WSV6	0.0233208955223881	A-AA	6-21
cowc|A0A0D2WSW2	0.864075537988581	A-AA	1965-1972
cowc|A0A0D2WTG1	0.364107883817427	D-DD	524-531
cowc|A0A0D2WTG1	0.364107883817427	D-DE	524-531
cowc|A0A0D2WTG1	0.97372060857538	D-DE	1404-1414
cowc|A0A0D2WTI9	0.105354058721934	D-DD	56-68
cowc|A0A0D2WTJ6	0.0162538699690402	A-AS	28-37
cowc|A0A0D2WTJ6	0.0415376676986584	D-DE	77-86
cowc|A0A0D2WU78	0.0643203883495146	A-AA	20-35
cowc|A0A0D2WUK1	0.781159420289855	D-DD	536-544
cowc|A0A0D2WUK1	0.781159420289855	D-DE	536-544
cowc|A0A0D2WUQ6	0.0474947807933194	D-DE	42-51
cowc|A0A0D2WV36	0.84280303030303	D-DD	1106-1121
cowc|A0A0D2WV36	0.88030303030303	D-DD	1156-1170
cowc|A0A0D2WV61	0.732346241457859	A-AS	315-330
cowc|A0A0D2WVB2	0.992753623188406	D-DE	1022-1035
cowc|A0A0D2WVH3	0.752961082910321	A-AS	435-457
cowc|A0A0D2WVK1	0.0904872389791183	S-SS	32-48
cowc|A0A0D2WVQ9	0.512635379061372	E-EE	419-435
cowc|A0A0D2WVV0	0.134840871021776	D-DE	76-87
cowc|A0A0D2WW26	0.130904183535762	A-AS	91-105
cowc|A0A0D2WW30	0.117429837518464	D-DD	74-87
cowc|A0A0D2WWJ2	0.122533748701973	D-DD	114-124
cowc|A0A0D2WWJ2	0.911214953271028	D-DD	871-886
cowc|A0A0D2WWJ2	0.911214953271028	D-DE	871-886
cowc|A0A0D2WWW0	0.177120141342756	D-DD	192-211
cowc|A0A0D2WWW0	0.435070671378092	D-DD	486-501
cowc|A0A0D2WWW0	0.472173144876325	D-DD	523-548
cowc|A0A0D2WWW0	0.472173144876325	D-DE	523-548
cowc|A0A0D2WWX7	0.741113744075829	A-AA	621-632
cowc|A0A0D2WXJ0	0.828993055555556	A-AA	951-961
cowc|A0A0D2WXL7	0.067	A-AA	27-42
cowc|A0A0D2WXS1	0.45072217502124	E-EE	527-536
cowc|A0A0D2WXS6	0.119603859827324	S-SS	232-241
cowc|A0A0D2WXS6	0.151091924834942	S-SS	293-304
cowc|A0A0D2WXY0	0.308939096267191	S-AS	310-321
cowc|A0A0D2WYR0	0.0878048780487805	A-AS	32-42
cowc|A0A0D2WYT9	0.0300632911392405	S-SS	26-33
cowc|A0A0D2X0E1	0.594111969111969	A-AA	610-623
cowc|A0A0D2X0Y9	0.112124463519313	A-AA	94-117
cowc|A0A0D2X187	0.588360237892948	S-SS	689-698
cowc|A0A0D2X187	0.641886151231946	D-DD	752-761
cowc|A0A0D2X192	0.896435156730178	D-DD	1455-1464
cowc|A0A0D2X1B5	0.0534069981583794	A-AA	24-36
cowc|A0A0D2X1B5	0.114180478821363	A-AA	59-67
cowc|A0A0D2X1C1	0.647406891750783	A-AA	1856-1866
cowc|A0A0D2X1C1	0.752349460494257	A-AA	2156-2169
cowc|A0A0D2X1C8	0.193725099601594	D-DD	191-200
cowc|A0A0D2X1R4	0.291133844842285	D-DD	338-347
cowc|A0A0D2X1R4	0.695652173913043	D-DD	811-823
cowc|A0A0D2X1R4	0.695652173913043	D-DE	811-823
cowc|A0A0D2X1R4	0.710997442455243	E-DE	824-846
cowc|A0A0D2X1R4	0.710997442455243	E-EE	824-846
cowc|A0A0D2X1Z8	0.02	A-AA	10-21
cowc|A0A0D2X256	0.682971014492754	A-AA	562-571
cowc|A0A0D2X277	0.327385892116183	D-DD	391-400
cowc|A0A0D2X277	0.327385892116183	D-DE	391-400
cowc|A0A0D2X2B0	0.072041166380789	D-DD	72-98
cowc|A0A0D2X2B0	0.072041166380789	D-DE	72-98
cowc|A0A0D2X2J6	0.212464589235127	E-EE	144-158
cowc|A0A0D2X2P2	0.0625	A-AA	17-28
cowc|A0A0D2X2V2	0.150442477876106	D-DD	127-147
cowc|A0A0D2X2V2	0.258849557522124	D-DD	231-239
cowc|A0A0D2X2V2	0.258849557522124	D-DE	231-239
cowc|A0A0D2X2X6	0.113729508196721	A-AA	51-62
cowc|A0A0D2X2X6	0.113729508196721	A-AS	51-62
cowc|A0A0D2X309	0.102389078498294	A-AA	117-125
cowc|A0A0D2X309	0.145904436860068	S-AS	167-177
cowc|A0A0D2X309	0.145904436860068	S-SS	167-177
cowc|A0A0D2X309	0.228668941979522	A-AA	264-274
cowc|A0A0D2X334	0.109756097560976	A-AA	86-96
cowc|A0A0D2X3H1	0.861111111111111	D-DD	344-371
cowc|A0A0D2X3H6	0.0244870946393117	A-AA	31-45
cowc|A0A0D2X3W4	0.447951273532669	A-AA	401-410
cowc|A0A0D2X457	0.399145299145299	E-EE	230-239
cowc|A0A0D2X478	0.0827272727272727	S-SS	42-51
cowc|A0A0D2X480	0.69035846724351	A-AA	1113-1123
cowc|A0A0D2X4E6	0.937110187110187	D-DD	898-907
cowc|A0A0D2X4E6	0.937110187110187	D-DE	898-907
cowc|A0A0D2X4F4	0.643545994065282	A-AA	864-873
cowc|A0A0D2X4V9	0.322736030828516	D-DE	329-343
cowc|A0A0D2X4Z3	0.962129527991218	A-AA	872-883
cowc|A0A0D2X531	0.948717948717949	S-SS	1661-1671
cowc|A0A0D2X586	0.359642591213701	D-DD	471-497
cowc|A0A0D2X586	0.359642591213701	D-DE	471-497
cowc|A0A0D2X586	0.406180193596426	D-DD	537-556
cowc|A0A0D2X586	0.406180193596426	D-DE	537-556
cowc|A0A0D2X586	0.421072226358898	D-DD	561-572
cowc|A0A0D2X586	0.421072226358898	D-DE	561-572
cowc|A0A0D2X5A4	0.0912636505460218	A-AA	51-68
cowc|E9C7C1	0.959225280326198	D-DD	934-950
cpar|cgd1_1330	0.0998759305210918	S-SS	77-86
cpar|cgd3_3850	0.93036750483559	S-SS	475-489
cpar|cgd4_2090	0.117697594501718	E-EE	65-74
cpar|cgd4_3770	0.201636188642926	S-SS	204-217
cpar|cgd4_3770	0.23339749759384	S-SS	235-252
cpar|cgd4_3770	0.987006737247353	S-AS	1021-1032
cpar|cgd4_780	0.979398663697105	E-DE	1754-1766
cpar|cgd5_4090	0.450903377847604	E-EE	559-591
cpar|cgd6_240	0.736216730038023	E-DE	772-779
cpar|cgd6_240	0.736216730038023	E-EE	772-779
cpar|cgd6_4550	0.813586956521739	S-AS	743-756
cpar|cgd6_4550	0.813586956521739	S-SS	743-756
cpar|cgd6_4650	0.030506721820062	E-EE	23-38
cpar|cgd6_4840	0.587301587301587	S-SS	774-782
cpar|cgd7_1930	0.940379403794038	D-DD	1035-1049
cpar|cgd7_1930	0.940379403794038	D-DE	1035-1049
cpar|cgd7_440	0.755165289256198	E-DE	357-376
cpar|cgd7_440	0.755165289256198	E-EE	357-376
cpar|cgd7_520	0.106821106821107	D-DE	80-88
cpar|cgd8_1240	0.882838283828383	E-EE	2402-2415
cpar|cgd8_2300	0.977272727272727	E-EE	1631-1639
cpar|cgd8_2300	0.98444976076555	E-EE	1643-1651
cpar|cgd8_2330	0.857705779334501	S-AS	973-988
cpar|cgd8_2770	0.957153787299158	E-EE	1239-1265
cpar|cgd8_4460	0.0796915167095116	S-SS	26-38
cqui|CPIJ000068	0.0169204737732657	S-SS	7-15
cqui|CPIJ000119	0.9677734375	D-DD	487-506
cqui|CPIJ000119	0.9677734375	D-DE	487-506
cqui|CPIJ000181	0.275974025974026	S-SS	549-558
cqui|CPIJ000286	0.971428571428571	S-SS	710-720
cqui|CPIJ000422	0.892945544554455	S-SS	714-731
cqui|CPIJ000485	0.0820559062218215	A-AA	86-98
cqui|CPIJ000485	0.990982867448151	E-EE	1096-1104
cqui|CPIJ000538	0.869380315917375	S-SS	713-720
cqui|CPIJ000710	0.756013745704467	S-SS	651-671
cqui|CPIJ000742	0.189922480620155	E-EE	168-177
cqui|CPIJ001326	0.409626719056974	S-SS	412-424
cqui|CPIJ001355	0.949152542372881	E-EE	387-399
cqui|CPIJ001357	0.189318073438245	S-SS	375-421
cqui|CPIJ001357	0.234620886981402	S-SS	484-502
cqui|CPIJ001357	0.252265140677158	S-SS	515-545
cqui|CPIJ001357	0.935622317596567	S-SS	1953-1973
cqui|CPIJ001357	0.946351931330472	S-SS	1975-1996
cqui|CPIJ001358	0.192011549566891	S-SS	377-423
cqui|CPIJ001358	0.237728585178056	S-SS	486-504
cqui|CPIJ001358	0.25553416746872	S-SS	517-547
cqui|CPIJ001358	0.945139557266602	S-SS	1955-1975
cqui|CPIJ001358	0.95548604427334	S-SS	1977-1996
cqui|CPIJ001478	0.81981460023175	S-SS	696-721
cqui|CPIJ001519	0.845755182625864	S-SS	1706-1723
cqui|CPIJ001569	0.0123574144486692	S-SS	42-51
cqui|CPIJ001569	0.0653177620858229	S-SS	237-246
cqui|CPIJ001692	0.889432485322896	S-SS	451-460
cqui|CPIJ001907	0.702072538860104	S-SS	401-414
cqui|CPIJ001937	0.0392541707556428	S-AS	76-86
cqui|CPIJ001937	0.0392541707556428	S-SS	76-86
cqui|CPIJ001937	0.188665358194308	A-AA	381-390
cqui|CPIJ001965	0.669879518072289	S-SS	266-292
cqui|CPIJ002038	0.907616361071932	D-DD	640-649
cqui|CPIJ002045	0.0272727272727273	A-AA	14-24
cqui|CPIJ002045	0.0272727272727273	A-AS	14-24
cqui|CPIJ002078	0.44893899204244	S-SS	335-344
cqui|CPIJ002096	0.847742555235351	E-DE	879-888
cqui|CPIJ002096	0.847742555235351	E-EE	879-888
cqui|CPIJ002096	0.90537944284342	D-DD	939-948
cqui|CPIJ002165	0.132631578947368	A-AA	59-69
cqui|CPIJ002689	0.736116910229645	A-AA	3522-3532
cqui|CPIJ002709	0.0230465320456541	A-AA	47-60
cqui|CPIJ002709	0.402546093064091	D-DD	911-925
cqui|CPIJ002709	0.965539947322212	A-AA	2193-2208
cqui|CPIJ002710	0.61322869955157	A-AA	543-553
cqui|CPIJ002829	0.236595174262735	S-SS	169-186
cqui|CPIJ002906	0.736635220125786	E-EE	465-474
cqui|CPIJ002909	0.0180533751962323	A-AA	8-17
cqui|CPIJ002953	0.640990371389271	D-DD	463-471
cqui|CPIJ002953	0.988308115543329	E-EE	714-725
cqui|CPIJ003055	0.560103626943005	S-SS	537-546
cqui|CPIJ003096	0.743728813559322	E-EE	1094-1102
cqui|CPIJ003108	0.312698412698413	S-SS	1572-1582
cqui|CPIJ003160	0.0760233918128655	S-SS	86-98
cqui|CPIJ003160	0.199665831244779	S-SS	236-244
cqui|CPIJ003181	0.135294117647059	S-SS	73-90
cqui|CPIJ003203	0.198412698412698	D-DD	81-96
cqui|CPIJ003218	0.496330275229358	A-AA	268-275
cqui|CPIJ003218	0.813761467889908	S-SS	440-449
cqui|CPIJ003312	0.376675603217158	S-SS	276-288
cqui|CPIJ003369	0.640845070422535	S-SS	314-325
cqui|CPIJ003403	0.410394265232975	S-SS	340-349
cqui|CPIJ003439	0.954918032786885	E-EE	1161-1171
cqui|CPIJ003442	0.950674536256324	S-SS	1123-1134
cqui|CPIJ003506	0.245481372187385	A-AA	1327-1337
cqui|CPIJ003506	0.727037993360384	A-AA	3937-3949
cqui|CPIJ003506	0.733216525267429	A-AA	3971-3982
cqui|CPIJ003506	0.761895979343416	A-AA	4128-4136
cqui|CPIJ003506	0.847381040206566	S-SS	4591-4600
cqui|CPIJ003506	0.849409811877536	A-AA	4602-4611
cqui|CPIJ003506	0.991423828845444	A-AA	5372-5381
cqui|CPIJ003506	0.99409811877536	A-AA	5383-5399
cqui|CPIJ003506	0.99409811877536	A-AS	5383-5399
cqui|CPIJ003594	0.782826086956522	S-SS	1798-1805
cqui|CPIJ003594	0.962173913043478	S-AS	2210-2218
cqui|CPIJ003599	0.739091718610864	A-AA	824-838
cqui|CPIJ003652	0.334975369458128	S-SS	198-212
cqui|CPIJ003685	0.330067822155237	A-AA	435-443
cqui|CPIJ003685	0.472871137905049	E-EE	624-633
cqui|CPIJ003711	0.982195845697329	A-AA	985-1003
cqui|CPIJ003738	0.961182994454713	A-AA	513-529
cqui|CPIJ003766	0.502218934911243	A-AA	336-345
cqui|CPIJ003888	0.176595744680851	S-SS	243-257
cqui|CPIJ003938	0.229816513761468	S-SS	245-258
cqui|CPIJ003938	0.318807339449541	S-SS	343-354
cqui|CPIJ003947	0.847363945578231	S-SS	993-1002
cqui|CPIJ003947	0.876700680272109	S-SS	1028-1036
cqui|CPIJ004049	0.366943866943867	A-AA	173-182
cqui|CPIJ004077	0.416666666666667	A-AA	372-385
cqui|CPIJ004172	0.0336676217765043	A-AA	20-29
cqui|CPIJ004371	0.360294117647059	S-SS	483-499
cqui|CPIJ004371	0.821323529411765	S-SS	1112-1124
cqui|CPIJ004454	0.973214285714286	S-SS	649-661
cqui|CPIJ004609	0.606232294617564	A-AA	425-433
cqui|CPIJ004677	0.321666666666667	S-SS	91-104
cqui|CPIJ004692	0.989590811198851	S-SS	1374-1385
cqui|CPIJ004714	0.0207123010861329	S-SS	77-89
cqui|CPIJ004714	0.654331901995453	A-AA	2585-2598
cqui|CPIJ004806	0.095959595959596	S-SS	44-53
cqui|CPIJ004921	0.422141119221411	S-SS	170-179
cqui|CPIJ005144	0.670108695652174	A-AA	613-622
cqui|CPIJ005175	0.140120967741935	S-SS	66-75
cqui|CPIJ005190	0.785917496443812	A-AA	550-557
cqui|CPIJ005259	0.231158605174353	S-SS	202-211
cqui|CPIJ005267	0.69731977818854	A-AA	750-761
cqui|CPIJ005267	0.803142329020333	A-AA	866-874
cqui|CPIJ005267	0.877541589648798	S-SS	946-955
cqui|CPIJ005381	0.861275088547816	A-AA	725-736
cqui|CPIJ005448	0.733368532206969	S-SS	691-700
cqui|CPIJ005603	0.187741935483871	A-AA	138-155
cqui|CPIJ005628	0.656481481481481	S-SS	351-360
cqui|CPIJ005705	0.205456570155902	E-EE	181-190
cqui|CPIJ005719	0.976940565118545	S-SS	3004-3014
cqui|CPIJ005780	0.921342134213421	E-EE	834-843
cqui|CPIJ005812	0.424870466321244	A-AA	322-336
cqui|CPIJ005831	0.654513888888889	E-EE	373-383
cqui|CPIJ005846	0.312220566318927	S-SS	206-215
cqui|CPIJ005884	0.400918635170604	D-DD	605-619
cqui|CPIJ005884	0.400918635170604	D-DE	605-619
cqui|CPIJ005947	0.315184049079755	E-EE	200-213
cqui|CPIJ006034	0.0873362445414847	S-SS	54-68
cqui|CPIJ006141	0.204347826086957	S-SS	114-123
cqui|CPIJ006186	0.0465172917681442	S-SS	92-101
cqui|CPIJ006192	0.114197530864198	E-EE	85-102
cqui|CPIJ006206	0.497178329571106	E-EE	437-446
cqui|CPIJ006265	0.589285714285714	S-SS	392-402
cqui|CPIJ006272	0.862142857142857	A-AA	598-611
cqui|CPIJ006276	0.690697674418605	D-DD	442-451
cqui|CPIJ006330	0.730865224625624	S-SS	874-885
cqui|CPIJ006330	0.784109816971714	S-AS	938-949
cqui|CPIJ006334	0.638519134775374	S-SS	761-776
cqui|CPIJ006378	0.808575803981623	A-AA	521-537
cqui|CPIJ006382	0.734790874524715	A-AA	381-394
cqui|CPIJ006385	0.337639965546942	A-AA	389-397
cqui|CPIJ006496	0.577878103837472	A-AA	253-261
cqui|CPIJ006531	0.152605459057072	D-DD	57-68
cqui|CPIJ006599	0.974093264248705	S-SS	371-383
cqui|CPIJ006690	0.15554231227652	S-SS	117-146
cqui|CPIJ006891	0.761020881670534	S-SS	324-334
cqui|CPIJ006948	0.937647058823529	A-AA	395-404
cqui|CPIJ007009	0.757502420135528	S-SS	778-789
cqui|CPIJ007096	0.450168918918919	S-SS	529-539
cqui|CPIJ007142	0.271609042553192	S-SS	405-414
cqui|CPIJ007143	0.636431784107946	S-AS	419-432
cqui|CPIJ007145	0.111066398390342	E-EE	268-286
cqui|CPIJ007145	0.224346076458753	E-EE	552-565
cqui|CPIJ007223	0.751497005988024	S-SS	248-256
cqui|CPIJ007467	0.601156069364162	A-AA	306-320
cqui|CPIJ007488	0.981152993348115	A-AA	439-448
cqui|CPIJ007500	0.769675925925926	A-AA	661-671
cqui|CPIJ007500	0.769675925925926	A-AS	661-671
cqui|CPIJ007549	0.246438746438746	S-SS	770-789
cqui|CPIJ007549	0.311807534029756	S-SS	973-999
cqui|CPIJ007549	0.336498892054448	S-SS	1057-1071
cqui|CPIJ007662	0.201326100060277	S-SS	321-349
cqui|CPIJ007849	0.0066079295154185	S-SS	3-11
cqui|CPIJ007851	0.578125	A-AA	255-265
cqui|CPIJ007960	0.757995735607676	S-SS	1060-1075
cqui|CPIJ007963	0.844144144144144	S-SS	932-944
cqui|CPIJ007963	0.898648648648649	S-SS	993-1004
cqui|CPIJ007969	0.362863217576187	S-SS	508-518
cqui|CPIJ008058	0.745522388059702	E-EE	496-505
cqui|CPIJ008170	0.52751677852349	S-SS	387-401
cqui|CPIJ008348	0.0539499036608863	A-AA	22-36
cqui|CPIJ008493	0.141496598639456	E-DE	100-110
cqui|CPIJ008493	0.141496598639456	E-EE	100-110
cqui|CPIJ008493	0.191156462585034	E-EE	136-147
cqui|CPIJ008517	0.786786786786787	E-DE	519-531
cqui|CPIJ008611	0.498299319727891	A-AA	436-445
cqui|CPIJ008611	0.934240362811791	S-SS	816-834
cqui|CPIJ008670	0.907242693773825	S-SS	710-720
cqui|CPIJ008670	0.95425667090216	S-SS	748-756
cqui|CPIJ008747	0.680487804878049	S-SS	555-563
cqui|CPIJ008897	0.782216494845361	S-SS	604-612
cqui|CPIJ008968	0.42601246105919	S-SS	270-279
cqui|CPIJ009247	0.068904593639576	S-SS	16-25
cqui|CPIJ009271	0.466666666666667	E-EE	2010-2024
cqui|CPIJ009309	0.840949033391916	D-DE	954-962
cqui|CPIJ009378	0.547619047619048	D-DD	197-219
cqui|CPIJ009449	0.919454770755886	S-SS	733-753
cqui|CPIJ009452	0.294085432639649	S-SS	265-274
cqui|CPIJ009501	0.904458598726115	A-AA	276-294
cqui|CPIJ009505	0.934754521963824	D-DD	720-729
cqui|CPIJ009511	0.479582971329279	D-DD	549-557
cqui|CPIJ009647	0.264767932489451	A-AA	122-131
cqui|CPIJ009673	0.747981157469717	E-EE	1108-1117
cqui|CPIJ009719	0.589118198874296	A-AA	311-319
cqui|CPIJ009721	0.0208481402511253	A-AS	82-96
cqui|CPIJ009721	0.114783226723525	A-AA	478-493
cqui|CPIJ009743	0.947222222222222	E-EE	323-361
cqui|CPIJ009773	0.659023668639053	A-AA	442-451
cqui|CPIJ009773	0.981508875739645	A-AA	659-670
cqui|CPIJ009795	0.545878693623639	S-SS	347-357
cqui|CPIJ009814	0.0588235294117647	S-SS	18-26
cqui|CPIJ009816	0.630984643179765	S-SS	692-707
cqui|CPIJ009934	0.704841713221601	S-SS	1128-1145
cqui|CPIJ009957	0.0538461538461538	A-AA	32-40
cqui|CPIJ010190	0.160514813016027	S-SS	312-351
cqui|CPIJ010190	0.206410879067508	S-SS	420-432
cqui|CPIJ010190	0.220009713453133	S-SS	439-469
cqui|CPIJ010190	0.929577464788732	S-SS	1904-1926
cqui|CPIJ010190	0.939048081593006	S-SS	1928-1941
cqui|CPIJ010191	0.18175355450237	S-SS	367-402
cqui|CPIJ010191	0.225592417061611	S-SS	471-483
cqui|CPIJ010191	0.238388625592417	S-SS	490-518
cqui|CPIJ010191	0.931279620853081	S-SS	1955-1977
cqui|CPIJ010191	0.940521327014218	S-SS	1979-1992
cqui|CPIJ010275	0.830662393162393	A-AA	773-784
cqui|CPIJ010431	0.353963083604777	S-SS	316-338
cqui|CPIJ010510	0.789005235602094	S-SS	750-759
cqui|CPIJ010575	0.648066783831283	S-SS	734-743
cqui|CPIJ010596	0.879480840543881	A-AA	707-718
cqui|CPIJ010615	0.127753303964758	D-DD	84-92
cqui|CPIJ010615	0.152716593245228	D-DD	100-110
cqui|CPIJ010615	0.176211453744493	E-EE	111-131
cqui|CPIJ010621	0.0256892230576441	A-AA	17-26
cqui|CPIJ010630	0.682068965517241	S-SS	489-502
cqui|CPIJ010634	0.634730538922156	S-SS	303-335
cqui|CPIJ010867	0.926006528835691	S-SS	847-857
cqui|CPIJ010870	0.806282722513089	S-SS	457-469
cqui|CPIJ010899	0.391373801916933	S-SS	237-255
cqui|CPIJ010965	0.295207956600362	S-SS	319-336
cqui|CPIJ010997	0.811936936936937	D-DD	717-727
cqui|CPIJ011192	0.594758064516129	A-AA	1766-1776
cqui|CPIJ011216	0.644047619047619	A-AA	265-278
cqui|CPIJ011445	0.726123595505618	E-EE	255-264
cqui|CPIJ011771	0.588486140724947	S-SS	272-282
cqui|CPIJ011943	0.874600638977636	S-SS	1091-1101
cqui|CPIJ011984	0.385874649204864	S-SS	407-420
cqui|CPIJ011984	0.453227315247895	S-SS	480-491
cqui|CPIJ012122	0.362367661212705	S-SS	371-384
cqui|CPIJ012122	0.431665062560154	S-SS	444-455
cqui|CPIJ012129	0.347826086956522	S-SS	116-126
cqui|CPIJ012192	0.201174743024963	A-AA	133-143
cqui|CPIJ012271	0.603423680456491	D-DD	419-429
cqui|CPIJ012457	0.596885813148789	E-EE	342-350
cqui|CPIJ012512	0.921841541755889	A-AA	856-868
cqui|CPIJ012535	0.324358974358974	A-AA	121-134
cqui|CPIJ012613	0.0273541114058355	A-AA	77-90
cqui|CPIJ012613	0.198275862068966	A-AA	594-604
cqui|CPIJ012613	0.224801061007958	A-AA	674-684
cqui|CPIJ012613	0.467175066312997	A-AA	1405-1415
cqui|CPIJ012613	0.953912466843501	S-SS	2874-2882
cqui|CPIJ012633	0.461430575035063	A-AA	323-337
cqui|CPIJ012662	0.857142857142857	A-AA	339-347
cqui|CPIJ012736	0.962698412698413	A-AA	604-611
cqui|CPIJ012803	0.0428994082840237	A-AA	11-20
cqui|CPIJ012821	0.704753199268739	E-EE	382-391
cqui|CPIJ012871	0.243478260869565	A-AA	81-89
cqui|CPIJ012914	0.291208791208791	S-SS	341-350
cqui|CPIJ013200	0.458646616541353	A-AA	299-313
cqui|CPIJ013403	0.257331799884991	S-SS	441-456
cqui|CPIJ013403	0.937032777458309	A-AA	1627-1634
cqui|CPIJ013436	0.150239234449761	D-DD	153-163
cqui|CPIJ013436	0.207655502392345	S-SS	214-222
cqui|CPIJ013454	0.710491367861886	A-AA	531-541
cqui|CPIJ013454	0.729747675962815	A-AA	546-555
cqui|CPIJ013492	0.843205574912892	D-DD	238-248
cqui|CPIJ013527	0.697327852004111	S-SS	675-684
cqui|CPIJ013590	0.483078162771958	S-SS	596-605
cqui|CPIJ013638	0.78783000643915	S-SS	1220-1229
cqui|CPIJ013665	0.757142857142857	A-AA	340-351
cqui|CPIJ013899	0.854092526690391	A-AA	236-246
cqui|CPIJ014023	0.0673712021136063	A-AA	48-56
cqui|CPIJ014043	0.942048517520216	A-AA	343-358
cqui|CPIJ014131	0.2275	D-DD	269-279
cqui|CPIJ014140	0.5	S-SS	440-449
cqui|CPIJ014157	0.690097799511002	S-SS	561-570
cqui|CPIJ014382	0.0371621621621622	A-AA	40-50
cqui|CPIJ014395	0.0941358024691358	D-DD	57-67
cqui|CPIJ014431	0.380366492146597	A-AA	721-734
cqui|CPIJ014506	0.0507575757575758	S-AS	30-39
cqui|CPIJ014506	0.559090909090909	A-AA	365-375
cqui|CPIJ014506	0.737878787878788	A-AA	479-497
cqui|CPIJ014720	0.646666666666667	A-AA	481-491
cqui|CPIJ014720	0.684	A-AA	510-518
cqui|CPIJ014720	0.892	A-AA	663-677
cqui|CPIJ014802	0.0812693498452012	A-AA	49-58
cqui|CPIJ014802	0.0812693498452012	A-AS	49-58
cqui|CPIJ015111	0.976489028213166	A-AA	618-630
cqui|CPIJ015121	0.107738998482549	E-EE	208-220
cqui|CPIJ015133	0.946808510638298	A-AA	572-587
cqui|CPIJ015160	0.932153392330384	S-SS	310-324
cqui|CPIJ015173	0.257078142695357	S-SS	223-233
cqui|CPIJ015173	0.297848244620612	S-SS	259-269
cqui|CPIJ015188	0.971163245356794	A-AA	990-999
cqui|CPIJ015259	0.884223918575064	E-DE	335-362
cqui|CPIJ015259	0.884223918575064	E-EE	335-362
cqui|CPIJ015319	0.801209677419355	A-AA	990-999
cqui|CPIJ015393	0.901889534883721	A-AA	611-632
cqui|CPIJ015400	0.922907488986784	A-AA	415-425
cqui|CPIJ015425	0.101123595505618	S-SS	69-77
cqui|CPIJ015425	0.92064606741573	A-AA	650-663
cqui|CPIJ015459	0.1672	S-SS	97-114
cqui|CPIJ015787	0.741187384044527	S-SS	394-407
cqui|CPIJ016033	0.06553911205074	A-AA	28-36
cqui|CPIJ016185	0.776485788113695	A-AA	898-907
cqui|CPIJ016410	0.925024826216485	A-AA	927-938
cqui|CPIJ016478	0.654022988505747	E-EE	280-291
cqui|CPIJ016647	0.338551859099804	A-AA	169-179
cqui|CPIJ016663	0.830788804071247	A-AA	324-331
cqui|CPIJ016708	0.298828125	A-AA	224-237
cqui|CPIJ016804	0.50976290097629	A-AA	361-372
cqui|CPIJ016844	0.36780258519389	A-AA	310-318
cqui|CPIJ016844	0.479435957696827	A-AA	402-416
cqui|CPIJ017213	0.943362831858407	A-AA	529-539
cqui|CPIJ017240	0.87396694214876	S-SS	630-641
cqui|CPIJ017287	0.891057312252964	E-EE	1793-1816
cqui|CPIJ017320	0.548498845265589	S-SS	709-718
cqui|CPIJ017320	0.852963818321786	S-SS	1102-1116
cqui|CPIJ017333	0.317460317460317	A-AA	155-167
cqui|CPIJ017513	0.938089622641509	S-SS	791-802
cqui|CPIJ017517	0.899350649350649	A-AA	412-421
cqui|CPIJ017606	0.478683966635774	S-SS	510-525
cqui|CPIJ017755	0.720825852782765	A-AA	395-410
cqui|CPIJ017757	0.838335607094134	S-SS	610-621
cqui|CPIJ017807	0.176028481012658	S-SS	219-228
cqui|CPIJ017856	0.803655660377358	D-DD	678-687
cqui|CPIJ017893	0.906896551724138	S-SS	653-664
cqui|CPIJ018169	0.541639767591995	S-SS	833-847
cqui|CPIJ018471	0.933333333333333	S-SS	697-705
cqui|CPIJ018552	0.485681557846506	A-AA	421-429
cqui|CPIJ018577	0.0866141732283465	S-SS	51-61
cqui|CPIJ018657	0.658371040723982	D-DD	286-298
cqui|CPIJ018791	0.102377807133421	D-DD	75-82
cqui|CPIJ018791	0.102377807133421	D-DE	75-82
cqui|CPIJ019404	0.246165644171779	D-DD	155-168
cqui|CPIJ019404	0.246165644171779	D-DE	155-168
cqui|CPIJ019525	0.159863945578231	S-SS	90-100
cqui|CPIJ019621	0.839924670433145	A-AA	443-451
cqui|CPIJ019706	0.764593908629442	A-AA	600-607
cqui|CPIJ019866	0.905852417302799	S-SS	348-366
cqui|CPIJ020009	0.733640081799591	D-DD	1432-1440
cqui|CPIJ020047	0.911352040816326	S-SS	710-721
crei|A0A2K3CQB8	0.95374449339207	A-AA	430-438
crei|A0A2K3CQS9	0.962729912875121	A-AA	983-1008
crei|A0A2K3CQW3	0.889548693586698	S-AS	371-380
crei|A0A2K3CS58	0.285306704707561	A-AA	393-409
crei|A0A2K3CSG3	0.986290322580645	A-AA	609-616
crei|A0A2K3CTD1	0.654332129963899	A-AA	1083-1094
crei|A0A2K3CTP8	0.84025974025974	A-AA	319-330
crei|A0A2K3CU24	0.716273187183811	A-AA	844-857
crei|A0A2K3CU29	0.807048984468339	E-DE	672-681
crei|A0A2K3CU29	0.807048984468339	E-EE	672-681
crei|A0A2K3CUQ3	0.532615384615385	A-AA	861-872
crei|A0A2K3CUQ3	0.553846153846154	A-AA	897-905
crei|A0A2K3CUQ3	0.585846153846154	A-AA	949-957
crei|A0A2K3CUS5	0.766603415559772	A-AA	804-814
crei|A0A2K3CVC9	0.317766853932584	A-AA	448-459
crei|A0A2K3CVC9	0.85814606741573	A-AA	1213-1233
crei|A0A2K3CVJ5	0.527746947835738	E-EE	472-481
crei|A0A2K3CW82	0.0417052826691381	A-AA	42-50
crei|A0A2K3CXC4	0.498434564809017	A-AA	791-803
crei|A0A2K3CY54	0.252469813391877	A-AA	226-236
crei|A0A2K3CY54	0.484632272228321	A-AA	439-446
crei|A0A2K3CY97	0.52593085106383	A-AA	2368-2380
crei|A0A2K3CYE9	0.16527446300716	A-AA	686-701
crei|A0A2K3CYM5	0.697443181818182	A-AA	242-251
crei|A0A2K3CZ51	0.892926356589147	A-AA	917-928
crei|A0A2K3CZA0	0.739147909967846	A-AA	915-926
crei|A0A2K3D029	0.938264058679707	A-AA	764-773
crei|A0A2K3D0H6	0.791164658634538	A-AA	386-404
crei|A0A2K3D1K8	0.919025157232704	A-AA	579-592
crei|A0A2K3D1T9	0.138257575757576	A-AA	179-188
crei|A0A2K3D1X2	0.0546448087431694	A-AA	82-100
crei|A0A2K3D256	0.250722543352601	A-AA	340-356
crei|A0A2K3D2H5	0.600965759438104	A-AA	681-690
crei|A0A2K3D2H5	0.760316066725198	E-EE	861-873
crei|A0A2K3D2Q6	0.972682119205298	A-AA	584-593
crei|A0A2K3D3M7	0.70655487804878	E-DE	457-472
crei|A0A2K3D3M7	0.70655487804878	E-EE	457-472
crei|A0A2K3D464	0.792270531400966	A-AS	817-825
crei|A0A2K3D4J8	0.199074074074074	A-AA	118-142
crei|A0A2K3D4J8	0.199074074074074	A-AS	118-142
crei|A0A2K3D4J8	0.247685185185185	A-AA	153-170
crei|A0A2K3D4U7	0.236949846468782	A-AA	228-237
crei|A0A2K3D4X4	0.302392344497608	A-AA	1577-1585
crei|A0A2K3D5Q6	0.784172661870504	A-AA	760-768
crei|A0A2K3D5Q6	0.819116135662898	D-DD	794-802
crei|A0A2K3D5Q6	0.819116135662898	D-DE	794-802
crei|A0A2K3D5Q6	0.901849948612539	D-DD	875-882
crei|A0A2K3D5V4	0.0577165685449958	A-AA	270-281
crei|A0A2K3D5V4	0.242115222876367	A-AA	1148-1157
crei|A0A2K3D5V4	0.919365012615643	A-AA	4369-4378
crei|A0A2K3D6L9	0.233900364520049	A-AA	188-199
crei|A0A2K3D701	0.905442804428044	D-DD	976-989
crei|A0A2K3D701	0.905442804428044	D-DE	976-989
crei|A0A2K3D7J0	0.0363164721141375	E-EE	23-35
crei|A0A2K3D8F4	0.152854006586169	A-AA	271-288
crei|A0A2K3D8H2	0.608391608391608	A-AA	517-529
crei|A0A2K3D8H2	0.70979020979021	A-AA	605-615
crei|A0A2K3D8H9	0.395394736842105	A-AA	294-309
crei|A0A2K3D8S5	0.973706896551724	A-AA	1126-1135
crei|A0A2K3D959	0.155172413793103	E-EE	140-150
crei|A0A2K3D959	0.235452586206897	E-EE	215-224
crei|A0A2K3D9M6	0.0993589743589744	A-AS	56-70
crei|A0A2K3D9V1	0.532848837209302	A-AA	908-927
crei|A0A2K3DBM5	0.914634146341463	A-AS	333-344
crei|A0A2K3DD08	0.0483668341708543	S-SS	35-44
crei|A0A2K3DDD4	0.974320241691843	S-SS	638-654
crei|A0A2K3DDH3	0.690292758089368	A-AS	1339-1351
crei|A0A2K3DDU4	0.929442508710801	A-AA	528-541
crei|A0A2K3DE29	0.346153846153846	A-AS	820-829
crei|A0A2K3DEX5	0.552482269503546	S-SS	378-403
crei|A0A2K3DF40	0.121293800539084	A-AA	40-52
crei|A0A2K3DF59	0.0446179587283882	E-EE	77-85
crei|A0A2K3DFY6	0.427667269439421	E-EE	467-481
crei|A0A2K3DFZ5	0.846480582524272	A-AA	694-703
crei|A0A2K3DI13	0.649513212795549	A-AA	461-475
crei|A0A2K3DIG8	0.576612903225806	D-DD	1212-1221
crei|A0A2K3DIM4	0.254109589041096	E-EE	181-192
crei|A0A2K3DJW1	0.126543209876543	A-AA	139-150
crei|A0A2K3DJW1	0.215608465608466	A-AA	240-251
crei|A0A2K3DKG5	0.73525721455458	D-DD	583-591
crei|A0A2K3DKG5	0.73525721455458	D-DE	583-591
crei|A0A2K3DKU8	0.747933884297521	E-EE	1075-1099
crei|A0A2K3DKU8	0.792011019283747	E-DE	1144-1158
crei|A0A2K3DKU8	0.792011019283747	E-EE	1144-1158
crei|A0A2K3DLR9	0.897822445561139	A-AA	531-543
crei|A0A2K3DML4	0.0382955771305286	S-SS	27-46
crei|A0A2K3DML4	0.948220064724919	S-SS	875-885
crei|A0A2K3DML4	0.962243797195254	S-SS	888-898
crei|A0A2K3DMX2	0.317596566523605	A-AA	290-304
crei|A0A2K3DMY4	0.879054054054054	A-AA	647-656
crei|A0A2K3DNJ8	0.0828698553948832	E-EE	70-81
crei|A0A2K3DNJ8	0.204115684093437	E-DE	178-191
crei|A0A2K3DNJ8	0.204115684093437	E-EE	178-191
crei|A0A2K3DNR0	0.71210407239819	E-EE	626-635
crei|A0A2K3DRZ9	0.771303901437372	A-AA	1499-1508
crei|A0A2K3DT16	0.14629388816645	E-DE	109-118
crei|A0A2K3DTD5	0.0271512113617377	S-SS	29-38
crei|A0A2K3DTD5	0.378863826232247	A-AA	448-461
crei|A0A2K3DTG6	0.364353312302839	A-AA	343-352
crei|A0A2K3DU20	0.166240409207161	E-EE	191-201
crei|A0A2K3DUP7	0.216467958271237	A-AS	287-296
crei|A0A2K3DUR3	0.555327868852459	A-AS	268-276
crei|A0A2K3DW12	0.601210121012101	E-EE	540-555
crei|A0A2K3DW12	0.897139713971397	E-DE	812-821
crei|A0A2K3DW12	0.897139713971397	E-EE	812-821
crei|A0A2K3DW88	0.27079107505071	A-AS	128-141
crei|A0A2K3DW88	0.48580121703854	A-AA	232-249
crei|A0A2K3DWB3	0.0898876404494382	A-AA	57-73
crei|A0A2K3DWB3	0.0898876404494382	A-AS	57-73
crei|A0A2K3DWG3	0.0357040845472722	S-SS	243-259
crei|A0A2K3DWI1	0.176977290524667	A-AA	673-685
crei|A0A2K3DWI9	0.196124763705104	A-AA	204-213
crei|A0A2K3DX36	0.809160305343511	A-AA	525-537
crei|A0A2K3DX56	0.484567901234568	A-AS	232-241
crei|A0A2K3DX78	0.824427480916031	A-AA	428-438
crei|A0A2K3DXG2	0.402698863636364	A-AS	280-289
crei|A0A2K3DXQ0	0.490730643402399	A-AS	446-456
crei|A0A2K3DY65	0.116279069767442	A-AS	85-97
crei|A0A2K3DZ57	0.0974226804123711	A-AA	88-103
crei|A0A2K3E0D8	0.360675512665863	A-AA	588-610
crei|A0A2K3E0D8	0.512364294330519	A-AA	846-855
crei|A0A2K3E0D8	0.615199034981906	D-DD	1016-1026
crei|A0A2K3E0J5	0.832097457627119	A-AS	777-796
crei|A0A2K3E138	0.194778706914134	A-AS	951-961
crei|A0A2K3E138	0.689271874362635	A-AS	3371-3390
crei|A0A2K3E1C7	0.853923205342237	A-AA	1019-1029
crei|A0A2K3E2G1	0.20497311827957	A-AS	147-160
crei|A0A2K3E2V3	0.13719512195122	A-AS	64-73
crei|A0A2K3E392	0.938172043010753	A-AA	518-531
crei|A0A2K3E3Q1	0.208400646203554	A-AA	254-264
crei|A0A2K3E417	0.497255762897914	A-AA	447-461
crei|A0A2K3E486	0.0438448566610455	A-AA	176-190
crei|A0A2K3E486	0.0438448566610455	A-AS	176-190
crei|A0A2K3E5M6	0.942260442260442	D-DD	381-388
crei|A0A2K3E5T0	0.915194346289753	A-AA	255-265
crei|A0A2K3E604	0.246296296296296	A-AA	193-208
crei|A0A2K3E7A5	0.846798780487805	A-AA	548-565
crei|A0A2K3E7C0	0.204997160704145	E-EE	357-367
crei|A0A2K3E7C0	0.855763770584895	A-AS	1504-1512
crei|A0A2K3E7W9	0.476608187134503	A-AA	241-250
crei|A8I826	0.407563025210084	A-AA	142-151
crei|A8ITS8	0.379732739420935	A-AA	164-179
crei|A8J0V5	0.62292817679558	E-EE	222-231
crei|A8J1U1	0.327414772727273	E-EE	227-236
crei|A8J7C8	0.0872881355932203	A-AA	48-57
crei|A8JEP4	0.353476821192053	A-AA	210-219
crei|A8JGS8	0.958205912334353	E-EE	937-945
crei|Q4VGM5	0.0442144873000941	S-SS	42-54
ddis|P22685	0.879934210526316	A-AA	264-273
ddis|P36413	0.490536277602524	S-AS	301-323
ddis|P36413	0.490536277602524	S-SS	301-323
ddis|P51173	0.0888888888888889	E-EE	27-39
ddis|Q1ZXD2	0.186786296900489	S-SS	220-240
ddis|Q1ZXF6	0.240384615384615	D-DD	146-156
ddis|Q1ZXF6	0.240384615384615	D-DE	146-156
ddis|Q54BC9	0.193107221006565	S-AS	170-185
ddis|Q54BH3	0.152020202020202	D-DD	146-157
ddis|Q54CE0	0.106505102040816	S-SS	78-91
ddis|Q54CI4	0.98155737704918	E-EE	1187-1210
ddis|Q54CT2	0.0563829787234043	S-SS	21-34
ddis|Q54CT3	0.849236641221374	D-DD	440-452
ddis|Q54CU3	0.810450819672131	S-SS	392-401
ddis|Q54D60	0.794412607449857	D-DD	549-562
ddis|Q54D60	0.794412607449857	D-DE	549-562
ddis|Q54D60	0.831661891117478	D-DD	577-586
ddis|Q54D60	0.831661891117478	D-DE	577-586
ddis|Q54DA5	0.923387096774194	D-DD	336-353
ddis|Q54E28	0.19469696969697	E-EE	123-136
ddis|Q54G37	0.266877637130802	S-SS	123-132
ddis|Q54G75	0.73501326259947	S-SS	1379-1394
ddis|Q54G78	0.925855513307985	D-DD	484-492
ddis|Q54GG4	0.611784140969163	E-EE	551-562
ddis|Q54HA7	0.359116022099448	D-DD	451-461
ddis|Q54HA7	0.359116022099448	D-DE	451-461
ddis|Q54HA7	0.643646408839779	D-DE	810-823
ddis|Q54HJ2	0.824963072378139	E-EE	552-567
ddis|Q54HT2	0.219308700834327	E-DE	164-206
ddis|Q54HT2	0.219308700834327	E-EE	164-206
ddis|Q54I56	0.0152027027027027	E-EE	14-24
ddis|Q54I56	0.0958614864864865	D-DD	108-121
ddis|Q54I56	0.0958614864864865	D-DE	108-121
ddis|Q54IS0	0.237341772151899	D-DD	109-118
ddis|Q54KS4	0.801302931596091	E-EE	488-498
ddis|Q54LL9	0.676424050632911	E-EE	424-433
ddis|Q54LV0	0.0321782178217822	E-DE	33-60
ddis|Q54LV0	0.0321782178217822	E-EE	33-60
ddis|Q54MH3	0.0778280542986425	S-AS	79-95
ddis|Q54MH3	0.0778280542986425	S-SS	79-95
ddis|Q54MH4	0.148989898989899	S-SS	204-211
ddis|Q54NX0	0.519831730769231	D-DE	428-439
ddis|Q54P29	0.701897669949556	S-SS	2895-2951
ddis|Q54PG9	0.246740220661986	E-EE	243-251
ddis|Q54PG9	0.348545636910732	E-DE	338-359
ddis|Q54PG9	0.348545636910732	E-EE	338-359
ddis|Q54PQ6	0.110486891385768	E-DE	84-95
ddis|Q54PQ6	0.110486891385768	E-EE	84-95
ddis|Q54Q16	0.118475991649269	S-SS	222-234
ddis|Q54Q16	0.855949895615866	D-DD	1636-1646
ddis|Q54Q16	0.855949895615866	D-DE	1636-1646
ddis|Q54QA0	0.261508325171401	S-AS	254-282
ddis|Q54QG5	0.716207013959823	S-SS	4203-4213
ddis|Q54R56	0.394293125810636	D-DD	298-312
ddis|Q54R56	0.394293125810636	D-DE	298-312
ddis|Q54RC3	0.133408071748879	S-SS	114-126
ddis|Q54RC3	0.322869955156951	E-EE	284-294
ddis|Q54RD4	0.831231609920135	D-DE	1974-1983
ddis|Q54RF3	0.986543909348442	D-DD	691-704
ddis|Q54RF3	0.986543909348442	D-DE	691-704
ddis|Q54RJ1	0.962783171521036	E-EE	588-604
ddis|Q54RM2	0.283333333333333	D-DD	174-185
ddis|Q54S03	0.149750415973378	E-EE	86-96
ddis|Q54S43	0.986461251167134	S-SS	1046-1069
ddis|Q54SA5	0.875921375921376	D-DD	354-361
ddis|Q54SY2	0.577944572748268	S-AS	497-506
ddis|Q54T05	0.645873320537428	D-DD	332-343
ddis|Q54T05	0.645873320537428	D-DE	332-343
ddis|Q54T05	0.756238003838772	E-EE	390-400
ddis|Q54TJ4	0.177749360613811	E-DE	132-148
ddis|Q54TJ4	0.177749360613811	E-EE	132-148
ddis|Q54TR7	0.356589147286822	S-AS	178-192
ddis|Q54TR7	0.356589147286822	S-SS	178-192
ddis|Q54TS6	0.431161647203442	E-EE	698-707
ddis|Q54TY2	0.346432889963724	D-DE	569-579
ddis|Q54TZ0	0.214841578654808	E-EE	375-400
ddis|Q54UC0	0.66379711493718	S-SS	2846-2862
ddis|Q54UC9	0.327181208053691	S-AS	385-397
ddis|Q54UZ8	0.102866779089376	E-EE	240-250
ddis|Q54VL8	0.200345423143351	S-AS	110-124
ddis|Q54VT4	0.114678899082569	E-EE	59-68
ddis|Q54W95	0.969871794871795	D-DD	751-764
ddis|Q54WA7	0.496173469387755	S-AS	384-396
ddis|Q54WF2	0.772570937231298	E-EE	894-905
ddis|Q54WX4	0.221932114882507	S-SS	73-99
ddis|Q54X97	0.013903743315508	S-SS	9-19
ddis|Q54XB2	0.929561573178594	E-EE	2880-2889
ddis|Q54XH4	0.347977684797768	D-DD	246-255
ddis|Q54XH4	0.347977684797768	D-DE	246-255
ddis|Q54XP6	0.417624521072797	A-AA	432-442
ddis|Q54XP6	0.417624521072797	A-AS	432-442
ddis|Q54XT3	0.474609375	D-DE	845-858
ddis|Q54YA7	0.550909090909091	E-EE	447-464
ddis|Q54Z23	0.674050632911392	S-SS	729-764
ddis|Q550L8	0.118275607958733	S-AS	157-166
ddis|Q550L8	0.231761238025055	D-DD	311-320
ddis|Q550L8	0.231761238025055	D-DE	311-320
ddis|Q551S9	0.243377483443709	E-DE	216-227
ddis|Q551U4	0.268463073852295	S-AS	265-275
ddis|Q553B1	0.819130434782609	E-EE	939-947
ddis|Q553T4	0.87943143812709	S-AS	2627-2634
ddis|Q554U0	0.0595482546201232	S-SS	19-41
ddis|Q554U9	0.96958174904943	E-EE	506-516
ddis|Q555V7	0.545357524012807	E-EE	494-530
ddis|Q556J8	0.675700090334237	E-DE	742-756
ddis|Q556J8	0.675700090334237	E-EE	742-756
ddis|Q557E6	0.07	E-EE	21-30
ddis|Q558U1	0.468985378821444	S-SS	1055-1064
ddis|Q558U1	0.53810367744794	D-DD	1211-1220
ddis|Q558U1	0.53810367744794	D-DE	1211-1220
ddis|Q55AW0	0.721524288107203	D-DE	855-870
ddis|Q55C32	0.45856438693777	D-DD	1485-1494
ddis|Q55CI8	0.116502683363148	D-DD	257-266
ddis|Q55CI8	0.116502683363148	D-DE	257-266
ddis|Q55CQ7	0.42258064516129	D-DD	390-398
ddis|Q55DE2	0.779470198675497	E-EE	583-596
ddis|Q55DJ3	0.685064935064935	E-EE	207-217
ddis|Q55DJ3	0.845779220779221	D-DD	255-268
ddis|Q55DJ3	0.845779220779221	D-DE	255-268
ddis|Q55E58	0.412975180647188	S-SS	1308-1323
ddis|Q55G70	0.281926406926407	S-SS	257-266
ddis|Q55G70	0.687770562770563	D-DD	630-643
ddis|Q55G70	0.687770562770563	D-DE	630-643
ddis|Q55G70	0.977813852813853	S-SS	900-909
ddis|Q55G93	0.318458417849899	E-EE	466-478
ddis|Q55GS2	0.8435960591133	D-DD	681-691
ddis|Q55GU9	0.227164416203336	D-DD	278-296
ddis|Q55GU9	0.227164416203336	D-DE	278-296
ddis|Q76P07	0.674879807692308	S-AS	558-567
ddis|Q869E1	0.415617128463476	E-EE	490-502
ddis|Q869N9	0.945588235294118	D-DD	319-326
ddis|Q869N9	0.945588235294118	D-DE	319-326
ddis|Q869Q0	0.95042194092827	E-EE	444-459
ddis|Q86HN7	0.0593654042988741	S-SS	54-64
ddis|Q86IX1	0.548233695652174	S-AS	399-410
ddis|Q86IZ9	0.143178410794603	D-DD	90-103
ddis|Q86IZ9	0.143178410794603	D-DE	90-103
ddis|Q86KD1	0.277687954729184	E-DE	340-349
ddis|Q86KD1	0.277687954729184	E-EE	340-349
ddis|Q8I7C6	0.193848354792561	E-EE	128-145
ddis|Q8MMR8	0.210691823899371	S-AS	131-139
ddis|Q8T2A4	0.0974289580514208	E-EE	65-81
dind|E6W0T0	0.0388059701492537	A-AA	9-19
dmel|A0A0B4K765	0.195399515738499	A-AA	398-411
dmel|A0A0B4K7Q6	0.165171898355755	S-SS	328-337
dmel|A0A0B4K7V4	0.903472222222222	D-DD	647-656
dmel|A0A0B4KEZ2	0.262566137566138	A-AA	193-206
dmel|A0A0B4KFB8	0.336898395721925	A-AA	375-383
dmel|A0A0B4KFS5	0.142929292929293	E-EE	137-148
dmel|A0A0B4KFS5	0.183333333333333	E-EE	178-187
dmel|A0A0B4KGL0	0.8431744312026	S-SS	1553-1562
dmel|A0A0B4KGW2	0.301574803149606	A-AS	377-391
dmel|A0A0B4KGY6	0.792682926829268	A-AA	614-623
dmel|A0A0B4KHI4	0.863157894736842	A-AA	652-662
dmel|A0A0B4KHJ4	0.00222469410456062	A-AA	7-15
dmel|A0A0B4KHT3	0.571058917197452	S-SS	1431-1440
dmel|A0A1W5PXH3	0.741909385113269	A-AA	910-926
dmel|A0A499JF18	0.257781324820431	A-AS	318-330
dmel|A0A499JF18	0.399042298483639	A-AA	497-505
dmel|A0A499JF18	0.89584996009577	A-AA	1115-1132
dmel|A0A4D6K2F2	0.325316455696203	S-SS	767-777
dmel|A0A4D6K881	0.476502082093992	A-AA	797-807
dmel|A0A4P7VA97	0.178571428571429	S-SS	194-203
dmel|A1Z7P5	0.976525821596244	A-AA	620-630
dmel|A1Z7T9	0.681350114416476	A-AA	593-600
dmel|A1Z8P9	0.729211087420043	S-SS	1704-1718
dmel|A1Z8R1	0.4345703125	A-AA	442-450
dmel|A1Z909	0.165730337078652	E-EE	141-156
dmel|A1Z909	0.256741573033708	D-DD	223-236
dmel|A1Z920	0.353114754098361	D-DD	535-544
dmel|A1ZAK8	0.896356783919598	A-AA	708-721
dmel|A1ZAW3	0.506480558325025	S-SS	505-513
dmel|A1ZBA1	0.321382428940568	S-SS	494-503
dmel|A1ZBE8	0.571208622016936	A-AA	1480-1490
dmel|A1ZBJ6	0.470246734397678	S-SS	645-653
dmel|A8DY75	0.38125	S-SS	208-221
dmel|A8DY77	0.052007299270073	A-AA	25-34
dmel|A8DY77	0.98448905109489	E-EE	535-546
dmel|A8DYA3	0.0305111821086262	A-AA	92-101
dmel|A8DYA3	0.076038338658147	A-AA	234-244
dmel|A8DYA3	0.486261980830671	A-AA	1518-1528
dmel|A8JPX0	0.075591985428051	A-AA	39-46
dmel|A8JUR1	0.709429824561403	S-SS	1612-1625
dmel|B7YZV4	0.960384153661465	A-AA	795-807
dmel|B7YZW3	0.201890450799806	A-AA	412-423
dmel|B7YZW3	0.212069801260301	A-AA	434-443
dmel|B7Z002	0.741569978245105	A-AA	4086-4097
dmel|B7Z002	0.987490935460479	A-AA	5444-5452
dmel|B7Z0W9	0.122539682539683	E-EE	190-198
dmel|E1JIT7	0.338125	D-DD	537-547
dmel|M9NFI9	0.0209594783418724	A-AA	37-55
dmel|M9PBZ2	0.453879941434846	A-AA	304-318
dmel|M9PCE3	0.158421052631579	S-SS	297-307
dmel|M9PDE6	0.145043398812243	S-SS	313-324
dmel|M9PF79	0.706730769230769	A-AA	657-668
dmel|M9PF84	0.63219094247246	A-AA	512-523
dmel|M9PGG2	0.0992529348986126	A-AA	87-101
dmel|M9PGH9	0.299502642213242	A-AA	959-970
dmel|M9PHQ2	0.406545741324921	A-AA	510-523
dmel|M9PI45	0.855359765051395	S-SS	579-588
dmel|M9PJ12	0.502052785923754	A-AA	852-862
dmel|M9PJG1	0.164137931034483	S-SS	116-124
dmel|M9PJG1	0.452413793103448	A-AA	323-335
dmel|O16797	0.975903614457831	A-AA	401-411
dmel|O46036	0.873684210526316	A-AA	409-423
dmel|O62609	0.885714285714286	A-AA	677-689
dmel|O76324	0.739179954441913	A-AA	319-332
dmel|O97159	0.121403331650681	E-DE	235-248
dmel|O97159	0.121403331650681	E-EE	235-248
dmel|O97159	0.647147905098435	E-EE	1279-1287
dmel|P11584	0.145562130177515	S-SS	115-133
dmel|P12080	0.667025089605735	S-SS	927-936
dmel|P13055	0.899362154500354	S-SS	1259-1281
dmel|P13709	0.166421207658321	A-AA	330-350
dmel|P13709	0.53460972017673	S-SS	1079-1101
dmel|P14083	0.54688995215311	A-AA	568-577
dmel|P14083	0.572727272727273	A-AA	596-603
dmel|P16914	0.0560165975103734	A-AA	24-32
dmel|P18488	0.678427419354839	A-AA	334-341
dmel|P19351	0.955808080808081	E-EE	362-397
dmel|P20659	0.151543624161074	D-DD	561-570
dmel|P21461	0.15814696485623	S-SS	46-55
dmel|P22270	0.0341666666666667	A-AA	17-26
dmel|P22814	0.703339882121807	A-AA	355-363
dmel|P25822	0.444843342036554	A-AA	674-691
dmel|P25822	0.612924281984334	A-AA	934-946
dmel|P25822	0.612924281984334	A-AS	934-946
dmel|P25822	0.66742819843342	A-AA	1018-1029
dmel|P25822	0.688642297650131	A-AA	1050-1062
dmel|P25822	0.700718015665796	A-AA	1068-1081
dmel|P25932	0.229211087420043	A-AA	101-116
dmel|P29617	0.180376028202115	A-AA	304-312
dmel|P29993	0.39443073669369	A-AS	1116-1124
dmel|P30189	0.181771369721936	S-SS	170-185
dmel|P30189	0.19773429454171	S-SS	188-198
dmel|P32027	0.898422090729783	A-AA	452-461
dmel|P35500	0.223239436619718	A-AA	472-481
dmel|P40427	0.346666666666667	A-AA	127-135
dmel|P49657	0.82800441014333	A-AA	747-757
dmel|P49657	0.82800441014333	A-AS	747-757
dmel|P49657	0.921168687982359	S-SS	832-841
dmel|P91928	0.279810298102981	A-AA	203-212
dmel|Q05319	0.342239185750636	S-SS	264-276
dmel|Q05825	0.0595238095238095	A-AA	26-36
dmel|Q07436	0.814866760168303	A-AA	1158-1168
dmel|Q0E8J0	0.279322328410078	D-DD	318-327
dmel|Q0E8J0	0.480451781059948	D-DD	549-559
dmel|Q0E8N6	0.881618381618382	S-SS	877-890
dmel|Q0E8T7	0.692557442557443	S-SS	1382-1393
dmel|Q0E938	0.0420326223337516	S-SS	28-41
dmel|Q23972	0.531563126252505	S-SS	527-536
dmel|Q24266	0.828149300155521	S-SS	528-539
dmel|Q24423	0.448694029850746	A-AA	235-248
dmel|Q24423	0.728544776119403	A-AA	386-397
dmel|Q24423	0.95615671641791	A-AA	510-517
dmel|Q24573	0.501648351648352	A-AA	453-462
dmel|Q27237	0.885356454720617	A-AS	456-465
dmel|Q29R10	0.970358814352574	A-AA	1240-1250
dmel|Q2PDP6	0.292424242424242	S-SS	286-295
dmel|Q5LJZ2	0.555487804878049	S-SS	906-918
dmel|Q7JQG5	0.868364030335861	S-SS	798-807
dmel|Q7K0L4	0.988076311605723	S-SS	619-626
dmel|Q7K3G5	0.545362903225806	A-AA	265-278
dmel|Q7K4L9	0.654327424400417	A-AA	624-633
dmel|Q7KNF1	0.976244343891403	S-SS	1290-1301
dmel|Q7KQN5	0.765883376849434	A-AA	877-885
dmel|Q7YZH1	0.43070987654321	S-SS	1389-1404
dmel|Q8I0D4	0.352260778128286	D-DD	331-341
dmel|Q8IMS8	0.117693522906793	A-AA	71-80
dmel|Q8IMS8	0.680094786729858	A-AA	427-436
dmel|Q8IMS8	0.87914691943128	A-AA	552-563
dmel|Q8IMX4	0.659914712153518	A-AA	306-315
dmel|Q8IMX4	0.947761194029851	A-AA	441-450
dmel|Q8IN89	0.286876907426246	S-SS	279-287
dmel|Q8IN89	0.333672431332655	A-AA	325-333
dmel|Q8IN94	0.985082872928177	A-AS	2669-2682
dmel|Q8MQJ9	0.0868725868725869	S-SS	76-106
dmel|Q8T6B9	0.512578616352201	A-AA	322-332
dmel|Q8T6B9	0.731132075471698	A-AA	461-471
dmel|Q9BJZ5	0.93944099378882	A-AA	904-913
dmel|Q9BJZ5	0.975155279503106	A-AA	938-948
dmel|Q9I7H8	0.594462540716612	A-AA	179-188
dmel|Q9I7J1	0.41826381059752	A-AA	368-376
dmel|Q9V3X5	0.499466382070438	S-SS	458-480
dmel|Q9V5N8	0.718837339295696	S-SS	2567-2579
dmel|Q9V9K7	0.404989384288747	S-SS	378-387
dmel|Q9V9S7	0.775603217158177	S-SS	1443-1452
dmel|Q9VAQ0	0.146298472385429	S-SS	121-130
dmel|Q9VAV5	0.653179759795235	E-EE	3313-3324
dmel|Q9VC96	0.692066337965038	D-DD	1539-1551
dmel|Q9VC96	0.81981174361273	E-DE	1824-1836
dmel|Q9VC96	0.81981174361273	E-EE	1824-1836
dmel|Q9VC96	0.844912595248767	D-DE	1882-1890
dmel|Q9VCN7	0.215536105032823	A-AA	193-203
dmel|Q9VD28	0.866093366093366	S-SS	345-362
dmel|Q9VDD0	0.968112244897959	D-DD	376-385
dmel|Q9VDD0	0.968112244897959	D-DE	376-385
dmel|Q9VE69	0.258308157099698	A-AA	163-181
dmel|Q9VEC1	0.348673946957878	S-SS	220-229
dmel|Q9VF03	0.788493377483444	A-AA	949-958
dmel|Q9VF53	0.623427672955975	A-AA	790-798
dmel|Q9VFD5	0.69079939668175	S-SS	454-464
dmel|Q9VFG8	0.909090909090909	E-EE	1166-1176
dmel|Q9VFI0	0.828547990155865	S-SS	1007-1015
dmel|Q9VFP2	0.195048309178744	A-AA	156-169
dmel|Q9VGN4	0.191113490364026	E-EE	162-197
dmel|Q9VGZ5	0.923959827833572	A-AA	641-649
dmel|Q9VHA0	0.776826484018265	S-AS	677-686
dmel|Q9VHA0	0.776826484018265	S-SS	677-686
dmel|Q9VJ86	0.982636428065202	S-SS	1383-1392
dmel|Q9VJ87	0.00865312264860798	S-SS	8-17
dmel|Q9VJ87	0.710684725357412	S-SS	941-950
dmel|Q9VJ87	0.728743416102333	S-SS	962-977
dmel|Q9VK42	0.619585253456221	S-SS	1338-1353
dmel|Q9VKJ1	0.622253720765415	S-AS	871-887
dmel|Q9VKJ1	0.622253720765415	S-SS	871-887
dmel|Q9VKJ1	0.694897236002835	A-AA	977-986
dmel|Q9VKQ7	0.193197278911565	S-SS	135-151
dmel|Q9VM14	0.346379647749511	A-AA	173-183
dmel|Q9VM14	0.346379647749511	A-AS	173-183
dmel|Q9VM15	0.012962962962963	S-SS	7-16
dmel|Q9VM77	0.924832214765101	A-AA	686-694
dmel|Q9VM87	0.251231527093596	S-SS	146-162
dmel|Q9VMR2	0.860967184801382	A-AA	495-504
dmel|Q9VMR2	0.883419689119171	A-AA	508-517
dmel|Q9VMU5	0.236805555555556	S-AS	167-176
dmel|Q9VPA1	0.144716692189893	S-SS	186-194
dmel|Q9VPB1	0.141791044776119	S-SS	71-83
dmel|Q9VPQ6	0.357142857142857	A-AA	421-431
dmel|Q9VQ30	0.980928689883914	A-AA	586-599
dmel|Q9VQ56	0.374590163934426	A-AA	225-234
dmel|Q9VQK5	0.174534161490683	A-AA	137-146
dmel|Q9VR99	0.11682892906815	S-SS	78-92
dmel|Q9VSD6	0.842557251908397	E-EE	880-888
dmel|Q9VTX7	0.0829596412556054	A-AA	46-67
dmel|Q9VU91	0.572446555819477	A-AA	237-247
dmel|Q9VUH9	0.107040913415794	S-SS	219-233
dmel|Q9VUR4	0.817610062893082	D-DD	256-266
dmel|Q9VVC8	0.889830508474576	S-SS	469-478
dmel|Q9VW15	0.350561797752809	A-AA	776-786
dmel|Q9VWH7	0.195804195804196	S-SS	133-149
dmel|Q9VWJ7	0.227154046997389	S-SS	84-92
dmel|Q9VWP5	0.511670020120724	S-SS	1266-1279
dmel|Q9VX94	0.474550898203593	A-AA	152-167
dmel|Q9VXF1	0.982847341337907	A-AA	569-579
dmel|Q9VXF6	0.79153605015674	A-AA	501-511
dmel|Q9VXF6	0.851097178683386	E-EE	537-551
dmel|Q9VXT5	0.145043731778426	S-SS	93-108
dmel|Q9VXW2	0.800490596892886	A-AA	971-989
dmel|Q9VXW2	0.821749795584628	A-AA	998-1014
dmel|Q9VXY2	0.35885741718675	S-SS	744-753
dmel|Q9VXY3	0.281995661605206	S-AS	125-137
dmel|Q9VXY3	0.281995661605206	S-SS	125-137
dmel|Q9VY98	0.955583756345178	S-SS	749-759
dmel|Q9VZ04	0.0341981132075472	A-AA	22-38
dmel|Q9VZ77	0.683280109489051	A-AA	2992-3001
dmel|Q9VZP5	0.386264216972878	A-AA	435-450
dmel|Q9VZP5	0.436570428696413	D-DD	492-508
dmel|Q9VZP5	0.436570428696413	D-DE	492-508
dmel|Q9VZV5	0.0948905109489051	S-AS	32-48
dmel|Q9VZV5	0.0948905109489051	S-SS	32-48
dmel|Q9W002	0.274451097804391	A-AA	408-419
dmel|Q9W0L7	0.524736147757256	S-SS	792-801
dmel|Q9W0Q1	0.863330843913368	S-SS	1151-1163
dmel|Q9W0Q1	0.87378640776699	A-AA	1164-1178
dmel|Q9W0S2	0.588260375213189	S-SS	2066-2075
dmel|Q9W1A2	0.041507024265645	A-AA	28-39
dmel|Q9W1D3	0.642857142857143	E-EE	446-465
dmel|Q9W1D3	0.775813295615276	E-EE	539-560
dmel|Q9W261	0.18733850129199	S-SS	138-154
dmel|Q9W268	0.466275659824047	A-AA	471-485
dmel|Q9W268	0.879276637341153	A-AA	897-904
dmel|Q9W2F2	0.00874918988982502	A-AA	10-19
dmel|Q9W2F2	0.981529488010369	D-DD	1511-1520
dmel|Q9W3M7	0.925317796610169	A-AA	866-883
dmel|Q9W3R9	0.0970970970970971	S-SS	93-103
dmel|Q9W3X0	0.957752613240418	A-AA	1094-1107
dmel|Q9W420	0.00628415300546448	E-EE	8-17
dmel|Q9W4E2	0.143001443001443	A-AA	489-504
dmel|Q9W4E2	0.143001443001443	A-AS	489-504
dmel|Q9W4E2	0.147907647907648	A-AA	508-519
dmel|Q9W517	0.0350574712643678	A-AA	57-67
dmel|Q9W539	0.240606460118655	A-AA	361-371
dmel|Q9XYR0	0.135051546391753	S-SS	62-71
dmel|Q9XYZ6	0.909509202453988	S-SS	589-599
dmel|Q9XYZ6	0.942484662576687	S-SS	610-621
dmel|X2JAM4	0.357900552486188	S-SS	1617-1624
dmel|X2JF73	0.550194174757282	D-DD	2823-2846
dmel|X2JF73	0.550194174757282	D-DE	2823-2846
drer|A0A0G2KCY3	0.703703703703704	E-EE	471-481
drer|A0A0G2KCY3	0.846666666666667	S-SS	567-578
drer|A0A0G2KS58	0.397952655150352	E-EE	619-627
drer|A0A0G2KWG8	0.750683371298405	S-SS	3292-3301
drer|A0A0G2KXJ0	0.927365728900256	E-DE	1808-1820
drer|A0A0G2KY41	0.460118168389956	E-DE	620-628
drer|A0A0G2KY41	0.460118168389956	E-EE	620-628
drer|A0A0G2KYI1	0.538914490527394	E-EE	1048-1059
drer|A0A0G2KYP4	0.617332382310984	E-DE	1727-1737
drer|A0A0G2KYP4	0.617332382310984	E-EE	1727-1737
drer|A0A0G2KYP4	0.954885877318117	S-SS	2672-2685
drer|A0A0G2KYP4	0.96558487874465	E-DE	2705-2712
drer|A0A0G2L8C2	0.708080808080808	E-DE	696-708
drer|A0A0G2L8C2	0.708080808080808	E-EE	696-708
drer|A0A0G2L8C2	0.778787878787879	E-DE	767-777
drer|A0A0G2L8C2	0.778787878787879	E-EE	767-777
drer|A0A0G2L9F7	0.163656069364162	E-EE	222-233
drer|A0A0G2LAQ7	0.899422174070061	S-SS	2481-2502
drer|A0A0N4STX9	0.738049713193117	A-AA	382-392
drer|A0A0R4I9I2	0.0167652859960552	A-AA	5-14
drer|A0A0R4I9L7	0.0417398945518453	S-SS	44-53
drer|A0A0R4I9N9	0.113263785394933	A-AA	73-81
drer|A0A0R4IA72	0.736462093862816	E-EE	3669-3677
drer|A0A0R4IA72	0.74709185720016	E-EE	3720-3732
drer|A0A0R4IA72	0.851083032490975	E-EE	4240-4249
drer|A0A0R4IAE4	0.0216779279279279	S-SS	30-49
drer|A0A0R4IAG2	0.223086124401914	E-EE	182-193
drer|A0A0R4IAU4	0.894077448747153	D-DE	390-397
drer|A0A0R4ICL0	0.441694915254237	S-SS	647-658
drer|A0A0R4IDE0	0.862734864300626	A-AA	823-832
drer|A0A0R4IDE1	0.0321469575200918	S-SS	24-34
drer|A0A0R4IDU6	0.599430018999367	S-SS	943-952
drer|A0A0R4IEP9	0.555972952667168	S-SS	735-747
drer|A0A0R4IGN6	0.729213483146067	S-SS	321-330
drer|A0A0R4IH56	0.616306027820711	D-DD	787-810
drer|A0A0R4IH56	0.616306027820711	D-DE	787-810
drer|A0A0R4IH56	0.651854714064915	D-DD	840-849
drer|A0A0R4IHF0	0.731632653061224	D-DE	355-364
drer|A0A0R4IHJ4	0.306844547563805	S-SS	261-270
drer|A0A0R4IHX2	0.713184931506849	E-EE	412-423
drer|A0A0R4IIN0	0.859821428571429	S-SS	957-971
drer|A0A0R4IIW2	0.699582027168234	S-SS	666-675
drer|A0A0R4IJ04	0.355855855855856	A-AA	193-204
drer|A0A0R4IJ04	0.556756756756757	A-AA	305-315
drer|A0A0R4IJ26	0.237919272313815	S-SS	413-426
drer|A0A0R4IJ89	0.0649317837291561	D-DD	125-134
drer|A0A0R4IJ89	0.0649317837291561	D-DE	125-134
drer|A0A0R4IJW4	0.589385474860335	E-EE	410-436
drer|A0A0R4IKC9	0.731254932912392	A-AA	922-933
drer|A0A0R4IKE0	0.83786231884058	D-DD	374-553
drer|A0A0R4IKT5	0.859475507174666	S-SS	1733-1743
drer|A0A0R4IKU1	0.0286486486486486	A-AA	22-33
drer|A0A0R4IL29	0.941105769230769	E-DE	384-401
drer|A0A0R4ILY0	0.558027079303675	A-AA	285-294
drer|A0A0R4IMU4	0.197432762836186	A-AA	155-170
drer|A0A0R4IN87	0.792440318302387	S-SS	595-602
drer|A0A0R4IPD5	0.481226533166458	E-EE	379-392
drer|A0A0R4IPU2	0.391979301423027	D-DD	300-308
drer|A0A0R4IQI7	0.711607142857143	S-SS	794-802
drer|A0A0R4IQS2	0.624461670973299	A-AA	719-733
drer|A0A0R4IQU7	0.0690172543135784	S-SS	88-98
drer|A0A0R4IQW7	0.321518080916577	E-EE	895-903
drer|A0A0R4IR86	0.120689655172414	D-DD	212-224
drer|A0A0R4IR86	0.120689655172414	D-DE	212-224
drer|A0A0R4IRU2	0.0752405949256343	E-EE	83-91
drer|A0A0R4IRU2	0.240594925634296	E-EE	272-280
drer|A0A0R4IRU2	0.297025371828521	D-DE	332-349
drer|A0A0R4ISP1	0.0439145165493875	E-EE	165-174
drer|A0A0R4ISV1	0.961709486166008	S-SS	1943-1952
drer|A0A0R4IT71	0.0924721189591078	S-SS	96-105
drer|A0A0R4IW44	0.167036625971143	A-AA	145-158
drer|A0A0R4IWL6	0.490443092962641	A-AA	561-570
drer|A0A0R4IWW7	0.772468714448237	S-SS	674-686
drer|A0A0R4IXF1	0.779310344827586	E-DE	559-573
drer|A0A0R4IXF1	0.779310344827586	E-EE	559-573
drer|A0A0R4IXG2	0.367036011080332	E-EE	260-272
drer|A0A0R4IYA4	0.67359413202934	S-SS	537-567
drer|A0A0R4IYL8	0.825359864521592	E-EE	1945-1956
drer|A0A0R4IYN3	0.0734485467399843	S-SS	90-99
drer|A0A0R4IZF6	0.971544715447154	S-SS	595-602
drer|A0A0R4IZG6	0.589041095890411	A-AA	298-306
drer|A0A0R4IZH9	0.987846824122908	D-DD	4305-4313
drer|A0A0R4J6S2	0.654401154401154	S-SS	449-460
drer|A0A0R4J7R2	0.974113330615573	S-SS	2385-2396
drer|A0A0R4J7S6	0.76957695769577	E-EE	852-860
drer|A0A140LGL5	0.724464579901153	E-EE	875-886
drer|A0A140LGY7	0.705267234701782	S-SS	1817-1827
drer|A0A1D5NSI1	0.673182957393484	S-SS	1339-1349
drer|A0A1D6UPT1	0.834355828220859	S-SS	538-552
drer|A0A1L1QZ85	0.0338137472283814	D-DD	27-36
drer|A0A286Y8D8	0.787548138639281	S-SS	610-619
drer|A0A286Y903	0.7786391042205	D-DD	1805-1813
drer|A0A286Y951	0.927745664739884	E-EE	465-500
drer|A0A286Y9D1	0.233296823658269	D-DD	209-219
drer|A0A286YA66	0.122041420118343	E-DE	159-173
drer|A0A286YA66	0.122041420118343	E-EE	159-173
drer|A0A286YA75	0.907258064516129	A-AA	334-343
drer|A0A286YAE5	0.813878080415045	S-SS	623-634
drer|A0A286YAP4	0.925182481751825	E-EE	757-766
drer|A0A286YAU5	0.289047619047619	S-SS	300-309
drer|A0A286YB74	0.10450563204005	E-EE	80-89
drer|A0A286YBU7	0.0506681514476615	E-EE	41-52
drer|A0A2R8PW20	0.394967177242888	D-DD	357-367
drer|A0A2R8PW20	0.394967177242888	D-DE	357-367
drer|A0A2R8PX07	0.721608832807571	E-EE	454-463
drer|A0A2R8PXF2	0.699582027168234	S-SS	666-675
drer|A0A2R8PXX5	0.574661810613944	S-SS	1099-1112
drer|A0A2R8PY80	0.949685534591195	A-AA	1505-1517
drer|A0A2R8PYC7	0.609946476360392	S-SS	1359-1378
drer|A0A2R8PZ81	0.414662084765178	D-DD	358-368
drer|A0A2R8PZ81	0.414662084765178	D-DE	358-368
drer|A0A2R8Q0B7	0.667707150964813	S-SS	1173-1182
drer|A0A2R8Q1V2	0.887318255250404	S-SS	1094-1105
drer|A0A2R8Q3B4	0.0810885101704233	A-AA	141-156
drer|A0A2R8Q3W2	0.899425287356322	E-EE	622-632
drer|A0A2R8Q3W2	0.984913793103448	E-EE	681-692
drer|A0A2R8Q450	0.988204456094364	S-SS	749-761
drer|A0A2R8Q492	0.377551020408163	S-SS	422-431
drer|A0A2R8Q4C2	0.805243445692884	S-SS	1931-1941
drer|A0A2R8Q5K5	0.821995464852608	S-SS	1074-1103
drer|A0A2R8Q6U9	0.573094867807154	S-SS	365-374
drer|A0A2R8Q7Y8	0.382258064516129	S-SS	115-124
drer|A0A2R8Q8A6	0.584255842558426	E-EE	469-483
drer|A0A2R8Q9M8	0.304905239687848	S-SS	270-279
drer|A0A2R8Q9Z9	0.407552083333333	S-SS	465-476
drer|A0A2R8QAV3	0.809825673534073	D-DD	507-517
drer|A0A2R8QAV3	0.809825673534073	D-DE	507-517
drer|A0A2R8QBG3	0.808284457478006	S-SS	1089-1118
drer|A0A2R8QC86	0.394725956566701	E-EE	1905-1914
drer|A0A2R8QCF1	0.155990016638935	E-EE	184-193
drer|A0A2R8QDF9	0.402920962199313	S-SS	232-239
drer|A0A2R8QDF9	0.689862542955326	S-SS	395-410
drer|A0A2R8QF71	0.987269534679543	E-EE	1121-1130
drer|A0A2R8QFE1	0.994186046511628	E-EE	1536-1544
drer|A0A2R8QG18	0.295233463035019	S-SS	300-309
drer|A0A2R8QGL1	0.744060475161987	E-EE	686-694
drer|A0A2R8QHQ3	0.283136278780336	D-DD	448-464
drer|A0A2R8QHQ3	0.663347853142502	A-AA	1062-1072
drer|A0A2R8QHT3	0.528905645784996	D-DD	2731-2742
drer|A0A2R8QJS6	0.522664835164835	S-SS	373-390
drer|A0A2R8QJZ9	0.608048021342819	S-SS	1359-1378
drer|A0A2R8QK29	0.185149601976393	S-SS	671-680
drer|A0A2R8QKJ2	0.993673388691182	E-EE	2509-2519
drer|A0A2R8QLP7	0.583228247162673	E-EE	455-472
drer|A0A2R8QM71	0.612028301886792	S-SS	775-784
drer|A0A2R8QMA2	0.424278846153846	E-EE	171-184
drer|A0A2R8QN47	0.78513612950699	S-SS	1064-1072
drer|A0A2R8QN47	0.803164091243561	S-SS	1079-1106
drer|A0A2R8QPZ9	0.163212435233161	S-SS	182-198
drer|A0A2R8QQI8	0.152972027972028	S-SS	168-184
drer|A0A2R8QSQ5	0.834598355471221	A-AA	1316-1325
drer|A0A2R8QST4	0.87826420890937	S-SS	1140-1149
drer|A0A2R8QST5	0.0879120879120879	S-SS	92-102
drer|A0A2R8QT01	0.643847487001733	D-DD	368-377
drer|A0A2R8QTI0	0.979951690821256	E-EE	2025-2034
drer|A0A2R8QUA7	0.375065342394145	E-EE	714-723
drer|A0A2R8QUZ1	0.818069306930693	D-DD	658-666
drer|A0A2R8QUZ1	0.818069306930693	D-DE	658-666
drer|A0A2R8RJQ6	0.130628717077315	E-EE	303-314
drer|A0A2R8RPJ0	0.103174603174603	A-AA	49-57
drer|A0A2R8RPX2	0.584664536741214	E-EE	361-373
drer|A0A2R8RPX2	0.610223642172524	D-DE	377-389
drer|A0A2R8RQ90	0.809537088678193	S-SS	1448-1457
drer|A0A2R8RQQ3	0.273405698778833	S-SS	198-207
drer|A0A2R8RSE1	0.884305210918114	S-SS	1422-1431
drer|A0A2R8RSE1	0.892059553349876	S-SS	1434-1444
drer|A0A2R8RSE1	0.935794044665012	E-EE	1505-1514
drer|A0A2R8RSE1	0.94758064516129	E-EE	1520-1537
drer|A0A2R8RSS8	0.97005444646098	S-SS	525-546
drer|A0A2R8RT66	0.791351805205709	S-SS	1875-1897
drer|A0A2R8RV42	0.827702702702703	A-AA	854-863
drer|A0A2R8RX91	0.888978930307942	A-AA	545-554
drer|A0A2R8RYK6	0.771034482758621	S-SS	1111-1127
drer|A0A2R8RZ26	0.138474295190713	D-DD	80-89
drer|A0A2R8RZ26	0.138474295190713	D-DE	80-89
drer|A0A2R8RZ26	0.197346600331675	D-DD	116-124
drer|A0A2R8RZ26	0.197346600331675	D-DE	116-124
drer|A0A2R8S028	0.0777777777777778	S-SS	98-107
drer|A0A2R8S0G2	0.212981744421907	S-SS	416-426
drer|A0A2R9YJL3	0.11130039750142	E-EE	191-203
drer|A0A2R9YJL3	0.60221465076661	E-EE	1057-1066
drer|A0A2R9YJL7	0.94921875	E-EE	1088-1101
drer|A0JME2	0.406019656019656	A-AA	327-336
drer|A0JMQ0	0.0850515463917526	D-DD	59-75
drer|A0JMQ0	0.0850515463917526	D-DE	59-75
drer|A1L2C7	0.415198237885463	D-DD	184-195
drer|A1XQX8	0.856721698113208	D-DD	1448-1460
drer|A1XQY1	0.851928783382789	D-DD	1430-1443
drer|A2BE84	0.589032258064516	E-EE	441-474
drer|A2BEA6	0.742530755711775	A-AA	417-430
drer|A2BEA6	0.979789103690685	S-SS	554-563
drer|A2BEN4	0.145131086142322	E-EE	72-85
drer|A2BFQ2	0.633701188455008	S-SS	741-754
drer|A2BG45	0.684245660881175	S-AS	507-520
drer|A2BI20	0.929252782193959	S-SS	580-591
drer|A2BIB3	0.968413978494624	S-SS	714-729
drer|A2BIL7	0.619869706840391	E-EE	949-956
drer|A2BIL7	0.83257328990228	E-EE	1274-1284
drer|A2CF31	0.882088208820882	A-AA	977-985
drer|A2CG09	0.365924276169265	E-EE	818-827
drer|A2CG09	0.414031180400891	D-DD	926-935
drer|A2CG09	0.421158129175947	E-EE	942-951
drer|A2CG09	0.810244988864143	S-SS	1815-1825
drer|A2RRV6	0.874067164179104	S-SS	460-479
drer|A2RV40	0.952922077922078	S-SS	288-301
drer|A2VCZ5	0.695621132793908	S-SS	1458-1467
drer|A2VCZ5	0.712279866730129	S-SS	1493-1502
drer|A2VD24	0.920825335892514	E-DE	956-965
drer|A2VD24	0.920825335892514	E-EE	956-965
drer|A3RK74	0.178955453149002	A-AA	113-122
drer|A4QNR8	0.522076372315036	S-SS	432-445
drer|A4UU10	0.344155844155844	A-AA	129-138
drer|A4VCH4	0.0592515592515593	S-AS	53-63
drer|A4VCH4	0.0592515592515593	S-SS	53-63
drer|A5PM68	0.608938547486033	A-AA	324-332
drer|A5PMM5	0.209363957597173	D-DD	115-124
drer|A5PN48	0.981146304675716	S-SS	642-661
drer|A7MBP4	0.31331592689295	D-DD	114-128
drer|A7YT51	0.785194174757282	E-DE	641-655
drer|A7YT51	0.785194174757282	E-EE	641-655
drer|A8B6E8	0.488904299583911	D-DE	1051-1066
drer|A8CYR1	0.61497005988024	S-SS	508-521
drer|A8CYR1	0.981437125748503	S-SS	810-831
drer|A8E7C9	0.636270491803279	E-EE	617-627
drer|A8WGC6	0.0823643410852713	A-AA	39-48
drer|A8WIP5	0.265562248995984	A-AA	526-534
drer|A8WIP5	0.797690763052209	A-AA	1585-1595
drer|A9UH06	0.313238770685579	A-AA	128-139
drer|B0R122	0.821897810218978	A-AA	560-568
drer|B0R1B8	0.811418685121107	E-EE	463-477
drer|B0R1B8	0.855536332179931	E-EE	479-512
drer|B0S553	0.613128491620112	E-EE	434-446
drer|B0S553	0.64804469273743	E-EE	461-469
drer|B0S5M8	0.822294022617124	S-SS	505-515
drer|B0S6B9	0.0889908256880734	E-EE	91-105
drer|B0S6Q6	0.232889733840304	S-SS	119-128
drer|B0S750	0.806650246305419	S-SS	649-663
drer|B0S7C3	0.986768802228412	S-SS	705-714
drer|B0S8H1	0.686395759717314	S-SS	383-396
drer|B0UXN0	0.772200772200772	E-EE	595-607
drer|B0UXW2	0.105263157894737	D-DD	53-65
drer|B0UXW2	0.105263157894737	D-DE	53-65
drer|B0UXY9	0.149851632047478	S-SS	97-107
drer|B0UYH2	0.34804753820034	E-DE	200-212
drer|B1H1H9	0.0710862619808307	E-EE	38-53
drer|B3DIV6	0.526113671274962	A-AA	339-348
drer|B3DIV6	0.526113671274962	A-AS	339-348
drer|B3DJR5	0.0296296296296296	A-AA	19-31
drer|B3DJR5	0.548765432098765	A-AA	440-451
drer|B5RHZ3	0.180909090909091	D-DD	96-105
drer|B7ZCQ7	0.237047898338221	A-AA	236-251
drer|B7ZVL5	0.81023102310231	S-SS	733-742
drer|B8A474	0.167325428194993	E-EE	123-133
drer|B8A474	0.241765480895916	E-EE	177-192
drer|B8A521	0.7481426448737	S-SS	500-509
drer|B8A5M6	0.947653429602888	D-DD	519-533
drer|B8JIV1	0.698648648648649	A-AA	255-264
drer|B8JJ08	0.381002087682672	S-SS	179-188
drer|B8JKI7	0.177685950413223	S-SS	212-220
drer|B8JKP6	0.63086038124678	S-SS	1216-1235
drer|B8JKQ1	0.220899470899471	D-DD	164-172
drer|B8JKQ1	0.220899470899471	D-DE	164-172
drer|B8JKS6	0.832122093023256	A-AA	569-578
drer|B8JL63	0.265895953757225	S-SS	87-99
drer|B8JL75	0.409023668639053	E-EE	273-282
drer|B8JMA3	0.298672566371681	E-EE	197-210
drer|B8JMD7	0.298153454313913	S-SS	930-945
drer|B8JMD7	0.566857688634193	S-SS	1777-1786
drer|E7EXJ5	0.164074074074074	E-EE	218-227
drer|E7EXJ5	0.235185185185185	S-SS	314-323
drer|E7EYJ5	0.266169154228856	E-EE	156-167
drer|E7EYL3	0.947938144329897	E-EE	916-925
drer|E7EZ03	0.946428571428571	E-EE	845-853
drer|E7EZ29	0.951704545454545	D-DD	499-508
drer|E7EZ29	0.951704545454545	D-DE	499-508
drer|E7EZ31	0.398424769147203	A-AA	728-741
drer|E7EZD1	0.619953286619953	S-SS	1854-1864
drer|E7EZH0	0.872663551401869	A-AA	370-379
drer|E7F020	0.706869009584665	E-EE	437-450
drer|E7F0C5	0.783783783783784	S-SS	488-500
drer|E7F0F4	0.633842443729904	S-SS	783-796
drer|E7F0K2	0.204495614035088	S-SS	183-192
drer|E7F1A0	0.774623803009576	S-SS	1129-1138
drer|E7F1L8	0.145676691729323	A-AA	72-85
drer|E7F1L8	0.145676691729323	A-AS	72-85
drer|E7F2F9	0.778015921616656	S-SS	1263-1280
drer|E7F2R4	0.760697305863708	S-SS	476-486
drer|E7F2W9	0.504515599343186	E-EE	609-622
drer|E7F2X3	0.955521472392638	S-SS	931-940
drer|E7F349	0.366393442622951	D-DD	442-454
drer|E7F349	0.366393442622951	D-DE	442-454
drer|E7F349	0.42827868852459	E-DE	519-528
drer|E7F349	0.42827868852459	E-EE	519-528
drer|E7F349	0.454508196721311	D-DD	550-561
drer|E7F349	0.454508196721311	D-DE	550-561
drer|E7F349	0.605737704918033	D-DD	736-744
drer|E7F349	0.605737704918033	D-DE	736-744
drer|E7F366	0.896997929606625	A-AA	2592-2609
drer|E7F4E5	0.0481758652946679	E-EE	49-56
drer|E7F4E7	0.845418326693227	D-DE	1058-1066
drer|E7F4I8	0.0378079864061172	E-DE	41-50
drer|E7F4I8	0.0378079864061172	E-EE	41-50
drer|E7F4P8	0.659836065573771	S-SS	721-730
drer|E7F597	0.214801444043321	E-EE	116-124
drer|E7F5R3	0.704327775807024	E-EE	1980-1993
drer|E7F640	0.831791907514451	S-SS	716-725
drer|E7F723	0.667615106052768	S-SS	1287-1296
drer|E7F7F5	0.0525568181818182	S-AS	32-44
drer|E7F7W5	0.0151267375306623	S-SS	31-45
drer|E7F7W5	0.708503679476697	S-AS	1707-1761
drer|E7F7W5	0.708503679476697	S-SS	1707-1761
drer|E7F7W5	0.993867538838921	S-AS	2426-2438
drer|E7F7W5	0.993867538838921	S-SS	2426-2438
drer|E7F869	0.870060790273556	S-SS	569-578
drer|E7F8Q5	0.993690851735016	E-EE	2516-2526
drer|E7FA45	0.513279445727483	E-EE	441-450
drer|E7FAM5	0.0498177399756987	S-SS	37-47
drer|E7FAZ7	0.91279366700715	S-SS	3571-3580
drer|E7FBR4	0.634876543209877	S-SS	1023-1036
drer|E7FBY0	0.47338065661047	E-EE	530-539
drer|E7FC21	0.99375	E-EE	554-561
drer|E7FCT0	0.649183572488867	S-SS	1308-1318
drer|E7FCT7	0.84788029925187	A-AA	677-685
drer|E7FCX4	0.522155688622755	D-DD	430-444
drer|E7FE29	0.969092331768388	S-SS	2472-2484
drer|E7FE43	0.785897435897436	S-SS	607-621
drer|E7FFF0	0.918181818181818	E-EE	952-969
drer|E7FFH9	0.404136572554169	S-SS	612-621
drer|E7FFI2	0.914285714285714	S-SS	764-774
drer|E7FFW3	0.0711493354182955	S-SS	85-99
drer|E7FFY5	0.596507352941177	S-SS	643-657
drer|E7FFZ4	0.827536231884058	A-AA	853-862
drer|E7FG55	0.770535714285714	A-AA	859-869
drer|E9QEX9	0.816385264773599	S-SS	2124-2133
drer|E9QG95	0.274911816578483	D-DD	620-629
drer|E9QGQ0	0.609458259325044	S-SS	1364-1383
drer|E9QHC8	0.58671646638519	S-SS	1803-1812
drer|E9QHV5	0.177484787018256	E-EE	81-96
drer|E9QJ97	0.805155210643016	S-SS	1449-1458
drer|E9QJC3	0.165805340223945	E-EE	189-198
drer|E9QJC3	0.239018087855297	E-EE	274-283
drer|E9QJC3	0.304909560723514	E-EE	351-359
drer|E9QJC3	0.637812230835487	S-SS	738-745
drer|F1Q4L8	0.347298787210584	S-SS	308-324
drer|F1Q4W7	0.631452167928424	S-SS	913-924
drer|F1Q505	0.843160377358491	S-SS	711-721
drer|F1Q597	0.0093039283252929	A-AA	9-20
drer|F1Q5E8	0.9002849002849	E-EE	628-638
drer|F1Q5E8	0.985042735042735	E-EE	687-698
drer|F1Q5H3	0.26157595450853	E-EE	317-329
drer|F1Q5H5	0.300061804697157	S-SS	475-498
drer|F1Q5H5	0.316440049443758	S-SS	508-518
drer|F1Q5N2	0.543537414965986	S-SS	395-406
drer|F1Q607	0.0978398983481576	S-SS	148-162
drer|F1Q693	0.860881542699725	S-AS	619-633
drer|F1Q693	0.860881542699725	S-SS	619-633
drer|F1Q6B3	0.470842824601367	E-DE	1030-1039
drer|F1Q6K1	0.400954198473282	S-SS	1047-1056
drer|F1Q6T6	0.800084889643463	S-SS	1875-1897
drer|F1Q750	0.299278178789561	A-AA	536-544
drer|F1Q750	0.784008883953359	A-AA	1408-1418
drer|F1Q833	0.294928335170893	S-SS	264-273
drer|F1Q8J2	0.549212598425197	S-SS	1531-1540
drer|F1Q8J2	0.632963493199714	A-AA	1765-1774
drer|F1Q8J8	0.212480252764613	E-EE	131-140
drer|F1Q8W0	0.223021582733813	S-SS	181-193
drer|F1Q8W8	0.943509615384615	E-DE	379-408
drer|F1Q8W8	0.943509615384615	E-EE	379-408
drer|F1Q929	0.0645645645645646	A-AA	39-49
drer|F1Q929	0.234234234234234	E-EE	151-163
drer|F1Q9K1	0.805606617647059	A-AA	873-882
drer|F1QA84	0.105870020964361	S-SS	46-57
drer|F1QAK5	0.992869875222816	E-EE	554-562
drer|F1QAP6	0.805283757338552	S-SS	1231-1240
drer|F1QAS4	0.669675090252708	S-SS	367-377
drer|F1QBV5	0.388072357263991	E-EE	683-692
drer|F1QBY1	0.888695652173913	S-SS	2546-2566
drer|F1QCK4	0.377593360995851	E-EE	1903-1921
drer|F1QCK4	0.734044655206481	E-EE	3711-3721
drer|F1QCR7	0.631485849056604	E-EE	532-541
drer|F1QCR7	0.650353773584906	E-EE	548-557
drer|F1QCY5	0.633625410733844	E-EE	576-583
drer|F1QD11	0.979558462796402	E-DE	1189-1209
drer|F1QD11	0.979558462796402	E-EE	1189-1209
drer|F1QD90	0.81652144772118	S-SS	2433-2442
drer|F1QDH3	0.644499178981938	E-EE	389-398
drer|F1QEQ5	0.88909426987061	S-SS	1433-1455
drer|F1QEQ5	0.936229205175601	E-EE	1516-1525
drer|F1QEQ5	0.947935921133703	E-DE	1531-1548
drer|F1QEQ5	0.947935921133703	E-EE	1531-1548
drer|F1QEX9	0.729958636990349	E-EE	3702-3712
drer|F1QEX9	0.843312980106362	E-EE	4278-4287
drer|F1QFQ6	0.463894967177243	A-AA	209-217
drer|F1QGB8	0.0426229508196721	S-SS	22-32
drer|F1QGB8	0.388524590163934	A-AA	232-244
drer|F1QGF6	0.618115942028985	D-DD	422-433
drer|F1QGL1	0.902835297865562	A-AA	2828-2842
drer|F1QGL1	0.951258362535839	A-AA	2981-2993
drer|F1QGL1	0.995699267282574	D-DE	3119-3134
drer|F1QGN4	0.106011372867587	E-EE	124-139
drer|F1QGQ8	0.367950865438303	S-SS	655-665
drer|F1QGW0	0.77765237020316	A-AA	341-350
drer|F1QH17	0.509282488710487	E-EE	1005-1027
drer|F1QH36	0.387596899224806	E-DE	796-806
drer|F1QH36	0.387596899224806	E-EE	796-806
drer|F1QIC9	0.394632206759443	S-SS	194-205
drer|F1QIQ2	0.548841059602649	S-SS	658-670
drer|F1QJ05	0.947281167108753	A-AA	1425-1434
drer|F1QJ69	0.536026200873362	S-SS	485-499
drer|F1QJI9	0.639619883040936	E-EE	1746-1756
drer|F1QJY8	0.0893213572854291	E-EE	84-97
drer|F1QKG2	0.626110124333925	A-AA	350-357
drer|F1QL52	0.0680417259364628	A-AA	281-295
drer|F1QL82	0.15	S-SS	149-159
drer|F1QM17	0.574097135740971	E-EE	457-467
drer|F1QM29	0.904390934844193	E-EE	1271-1285
drer|F1QM29	0.919617563739377	E-EE	1289-1310
drer|F1QM29	0.951487252124646	E-EE	1339-1350
drer|F1QPF4	0.596056622851365	E-EE	586-595
drer|F1QPH6	0.16	E-EE	118-132
drer|F1QQP6	0.976539589442815	S-SS	661-673
drer|F1QRD5	0.4375	S-SS	325-335
drer|F1QS17	0.159007352941176	E-EE	83-92
drer|F1QS48	0.828754578754579	A-AA	446-461
drer|F1QS56	0.642488532110092	S-SS	1117-1126
drer|F1QSN0	0.29247572815534	A-AA	117-126
drer|F1QSN1	0.895380434782609	S-AS	653-667
drer|F1QSN1	0.895380434782609	S-SS	653-667
drer|F1QSU4	0.341307814992026	S-SS	210-220
drer|F1QSY5	0.301401869158879	A-AA	126-134
drer|F1QTK1	0.561289346246973	A-AA	1844-1867
drer|F1QTV6	0.725125628140703	D-DE	718-727
drer|F1QTX0	0.971014492753623	S-SS	529-545
drer|F1QU59	0.401548672566372	E-EE	176-189
drer|F1QU72	0.15622032288699	E-EE	161-170
drer|F1QVB9	0.945643153526971	E-EE	1136-1145
drer|F1QW93	0.6886586695747	S-SS	622-643
drer|F1QWP7	0.14769647696477	D-DD	105-115
drer|F1QWP7	0.14769647696477	D-DE	105-115
drer|F1QWY5	0.416727009413469	E-DE	570-583
drer|F1QWY5	0.416727009413469	E-EE	570-583
drer|F1QXB5	0.286713286713287	S-SS	238-256
drer|F1QXI2	0.730519480519481	E-EE	447-455
drer|F1QXZ9	0.409677419354839	S-SS	187-196
drer|F1QY38	0.431448157669237	S-SS	500-509
drer|F1QYV0	0.712349397590361	S-SS	465-483
drer|F1QZ57	0.549909255898367	A-AA	299-309
drer|F1QZ83	0.918937329700273	D-DD	670-681
drer|F1QZ83	0.918937329700273	D-DE	670-681
drer|F1QZ83	0.944141689373297	D-DD	688-700
drer|F1QZ83	0.944141689373297	D-DE	688-700
drer|F1QZ83	0.98433242506812	S-SS	717-730
drer|F1QZE7	0.126158940397351	S-SS	187-196
drer|F1QZX0	0.542439024390244	S-SS	551-563
drer|F1R060	0.26676033721397	S-SS	661-670
drer|F1R1I5	0.974349157733537	D-DD	1270-1277
drer|F1R1Q2	0.818339100346021	D-DE	942-952
drer|F1R1W8	0.217429577464789	D-DE	115-134
drer|F1R2N8	0.229806138933764	E-EE	279-292
drer|F1R2N8	0.972940226171244	S-SS	1200-1211
drer|F1R2T3	0.808400884303611	S-SS	1087-1109
drer|F1R345	0.21822272215973	D-DD	191-199
drer|F1R3L6	0.0167130919220056	E-EE	18-32
drer|F1R3L6	0.934540389972145	S-SS	1335-1351
drer|F1R3Q5	0.537545313309166	E-EE	1033-1045
drer|F1R3R6	0.959805115712546	E-EE	780-798
drer|F1R405	0.660941475826972	A-AA	1036-1044
drer|F1R4F8	0.0472972972972973	D-DE	44-56
drer|F1R4Q6	0.486754966887417	A-AA	585-593
drer|F1R5H6	0.523562023562024	S-SS	751-762
drer|F1R5P3	0.808805790108565	E-EE	667-676
drer|F1R7R1	0.469945355191257	E-EE	512-522
drer|F1R844	0.963087248322148	E-DE	1287-1298
drer|F1R844	0.963087248322148	E-EE	1287-1298
drer|F1R8N1	0.311973018549747	S-SS	182-190
drer|F1R8N3	0.691562932226833	D-DD	494-508
drer|F1R8N3	0.691562932226833	D-DE	494-508
drer|F1R8R5	0.241885625965997	E-EE	153-162
drer|F1R9K5	0.758445945945946	A-AA	222-229
drer|F1R9Z2	0.866731517509728	D-DD	886-898
drer|F1RA35	0.247088475577959	E-EE	1418-1427
drer|F1RA47	0.848543689320388	E-EE	871-879
drer|F1RAA7	0.219017094017094	S-SS	98-109
drer|F1RAU6	0.125	S-SS	76-85
drer|F1RBY0	0.903846153846154	A-AA	560-570
drer|F1RCL8	0.197771587743733	S-SS	350-362
drer|F1RCR6	0.11358024691358	S-SS	223-239
drer|F1RD31	0.73094512195122	E-EE	476-485
drer|F1RDA7	0.127589967284624	D-DE	111-125
drer|F1RDR1	0.406741573033708	D-DD	358-368
drer|F1RDR1	0.406741573033708	D-DE	358-368
drer|F1RE30	0.746490503715937	E-EE	900-910
drer|F1RE30	0.755986787778695	E-EE	912-921
drer|F1REA3	0.888489208633094	S-SS	614-623
drer|F1RET1	0.497774810858923	S-SS	1115-1124
drer|F6NJC6	0.551873198847262	A-AA	954-963
drer|F6NK88	0.508624068992552	S-SS	1294-1303
drer|F6NM51	0.882845188284519	A-AA	1048-1064
drer|F6NQ00	0.0737636211232188	A-AA	85-93
drer|F6NQ00	0.774098910310143	D-DD	920-929
drer|F6NSX9	0.770629370629371	E-EE	1096-1110
drer|F6P0J3	0.916114790286976	D-DD	395-437
drer|F6P0J3	0.987858719646799	D-DD	443-454
drer|F8W3C9	0.617901234567901	S-SS	492-511
drer|F8W3D4	0.660486674391657	D-DE	565-577
drer|F8W3D4	0.873117033603708	D-DD	749-760
drer|F8W3D4	0.873117033603708	D-DE	749-760
drer|F8W3D4	0.945538818076477	D-DD	812-822
drer|G1K2G6	0.790041067761807	E-EE	766-775
drer|G1K2X4	0.210714285714286	S-SS	141-156
drer|H9GXF8	0.833600641539695	S-SS	1036-1045
drer|I3IS56	0.639612558450234	S-SS	952-965
drer|I3IS56	0.878089512358049	A-AA	1310-1321
drer|I3ISK1	0.91913123844732	S-SS	989-1002
drer|I3ISV3	0.486332574031891	E-EE	210-219
drer|I3ITF2	0.741536458333333	S-SS	1134-1146
drer|I3ITF2	0.828450520833333	S-SS	1268-1279
drer|I3ITL7	0.805172413793103	E-EE	931-939
drer|I3ITP1	0.628581411600279	S-SS	896-905
drer|I3NI77	0.637859007832898	S-SS	1213-1232
drer|L7VG99	0.528917910447761	D-DD	564-572
drer|L7VG99	0.528917910447761	D-DE	564-572
drer|O42115	0.710176991150443	A-AA	317-327
drer|O42202	0.180515759312321	E-EE	59-69
drer|P0CH95	0.7090203685742	S-SS	726-738
drer|P26632	0.307843137254902	S-SS	151-165
drer|P56224	0.209382151029748	A-AA	85-100
drer|P79741	0.789518900343643	E-DE	455-466
drer|P79741	0.789518900343643	E-EE	455-466
drer|P79745	0.203619909502262	A-AA	84-98
drer|Q00IB7	0.217877094972067	S-SS	308-318
drer|Q08BV5	0.656414762741652	D-DD	366-383
drer|Q08BV5	0.656414762741652	D-DE	366-383
drer|Q08BV5	0.681898066783831	E-EE	382-396
drer|Q08BY9	0.844197138314785	E-EE	525-539
drer|Q08BY9	0.92845786963434	E-EE	578-592
drer|Q08BZ1	0.71256345177665	S-SS	555-570
drer|Q08C72	0.779979674796748	S-SS	757-780
drer|Q08C72	0.808943089430894	S-SS	789-805
drer|Q1ECX9	0.0702028081123245	D-DD	40-52
drer|Q1ECX9	0.0702028081123245	D-DE	40-52
drer|Q1L8E6	0.609289617486339	S-SS	330-341
drer|Q1L8F5	0.828732747804266	S-SS	655-668
drer|Q1L8R8	0.835964912280702	A-AA	470-485
drer|Q1L8T8	0.303322259136213	S-SS	447-468
drer|Q1LUD8	0.350678733031674	S-AS	304-318
drer|Q1LUD8	0.350678733031674	S-SS	304-318
drer|Q1LUS8	0.666666666666667	S-SS	397-409
drer|Q1LUT2	0.972789115646258	D-DD	1570-1578
drer|Q1LUT2	0.972789115646258	D-DE	1570-1578
drer|Q1LUU4	0.618881118881119	E-EE	437-450
drer|Q1LUW0	0.429824561403509	D-DD	361-376
drer|Q1LUW0	0.467251461988304	D-DD	393-408
drer|Q1LVM1	0.249624060150376	E-EE	162-172
drer|Q1LWL6	0.906821963394343	E-EE	1087-1095
drer|Q1LWN2	0.808229243203527	S-SS	1089-1113
drer|Q1LYC2	0.978931140801644	E-DE	1901-1911
drer|Q1LYC2	0.978931140801644	E-EE	1901-1911
drer|Q1MTC4	0.670245398773006	S-SS	1073-1114
drer|Q1RLR5	0.571859903381642	E-EE	459-490
drer|Q1RLU8	0.1396484375	S-SS	68-77
drer|Q2KN93	0.757294429708223	A-AA	850-865
drer|Q2PGD2	0.844047619047619	A-AA	351-360
drer|Q2TLY1	0.476361031518625	S-SS	328-339
drer|Q4H4B6	0.342135809634359	D-DE	586-595
drer|Q4H4B6	0.389146836912362	E-EE	667-676
drer|Q4U0S5	0.845617529880478	E-EE	421-430
drer|Q4U0S5	0.932270916334661	E-EE	465-473
drer|Q503D3	0.628272251308901	A-AA	356-366
drer|Q567F5	0.868787276341948	S-SS	432-444
drer|Q568K9	0.4	E-DE	126-148
drer|Q568K9	0.4	E-EE	126-148
drer|Q5EGE1	0.346739130434783	S-SS	156-165
drer|Q5I7G4	0.57243816254417	A-AA	159-167
drer|Q5PNQ6	0.620560747663551	E-EE	328-338
drer|Q5RH87	0.610468850353243	E-EE	947-956
drer|Q5RHT9	0.944732297063903	S-SS	542-554
drer|Q5RI09	0.836452573373033	E-DE	1960-1975
drer|Q5RI09	0.836452573373033	E-EE	1960-1975
drer|Q5RI09	0.843258188005104	E-EE	1979-1988
drer|Q5RIH1	0.198224852071006	S-SS	127-143
drer|Q5TYS4	0.810094813162298	S-SS	1448-1459
drer|Q5TYU5	0.106442577030812	E-EE	33-45
drer|Q5TZ89	0.957369942196532	E-EE	658-669
drer|Q5TZG3	0.0911624203821656	E-EE	111-120
drer|Q5TZG3	0.105891719745223	E-EE	130-138
drer|Q5U3H9	0.278512396694215	E-EE	164-175
drer|Q5UU75	0.0546697038724374	A-AA	21-29
drer|Q66I22	0.454748603351955	E-EE	401-415
drer|Q68EG7	0.712765957446808	E-EE	727-749
drer|Q68EI3	0.824095022624434	S-SS	721-738
drer|Q6DGL6	0.532835820895522	A-AA	176-183
drer|Q6DHG1	0.599605522682446	E-EE	300-310
drer|Q6DI16	0.957107843137255	D-DD	375-408
drer|Q6DRG7	0.771469465648855	S-SS	804-815
drer|Q6DRL5	0.590694006309148	D-DD	745-755
drer|Q6IQE0	0.547572815533981	A-AA	278-288
drer|Q6IQU7	0.153765690376569	S-SS	69-80
drer|Q6NXD8	0.13206106870229	S-SS	166-182
drer|Q6NYD4	0.667218543046358	E-EE	195-210
drer|Q6NYD4	0.847682119205298	E-DE	252-262
drer|Q6P0B1	0.570175438596491	A-AA	289-298
drer|Q6PBN6	0.788961038961039	E-EE	361-370
drer|Q6PCR6	0.087138863000932	A-AA	90-99
drer|Q6PCR6	0.269804287045666	A-AA	286-295
drer|Q6PD83	0.98444976076555	E-EE	408-417
drer|Q6PFM0	0.866915422885572	S-SS	340-359
drer|Q6PFR9	0.670263788968825	A-AA	275-286
drer|Q6PFR9	0.814148681055156	A-AA	332-349
drer|Q6TEM2	0.771084337349398	S-SS	313-329
drer|Q7SXN4	0.149053627760252	S-SS	92-99
drer|Q7SYL3	0.124242424242424	A-AA	32-52
drer|Q7SZP4	0.809269162210339	E-EE	441-469
drer|Q7SZP4	0.875222816399287	E-EE	486-498
drer|Q7T3E8	0.646103896103896	E-EE	192-208
drer|Q7ZTU9	0.823615160349854	A-AA	562-570
drer|Q7ZVC2	0.883802816901408	D-DD	372-383
drer|Q7ZVC2	0.883802816901408	D-DE	372-383
drer|Q7ZVI8	0.171749598715891	S-AS	101-115
drer|Q7ZVI8	0.171749598715891	S-SS	101-115
drer|Q7ZVS9	0.527848101265823	S-SS	204-215
drer|Q7ZW40	0.995287958115183	E-DE	947-956
drer|Q7ZWK8	0.041025641025641	S-SS	21-29
drer|Q800Q5	0.902727272727273	S-SS	492-503
drer|Q803E1	0.331168831168831	D-DE	226-235
drer|Q803E1	0.538961038961039	E-EE	367-382
drer|Q803R7	0.969414893617021	S-SS	725-735
drer|Q8AXX2	0.186274509803922	S-SS	82-91
drer|Q8AYN1	0.917547568710359	E-EE	430-440
drer|Q8JG38	0.533088235294118	S-SS	431-441
drer|Q8JGS1	0.433042789223455	S-SS	541-554
drer|Q8UVK2	0.0197101449275362	E-DE	31-39
drer|Q8UVK2	0.0197101449275362	E-EE	31-39
drer|Q8UVK2	0.0368115942028985	E-EE	60-69
drer|Q8UVK2	0.286376811594203	E-EE	489-501
drer|Q8UVK2	0.956811594202899	S-SS	1647-1656
drer|Q91994	0.427018633540373	S-SS	133-144
drer|Q9DDT5	0.023084025854109	E-DE	21-31
drer|Q9DDT5	0.023084025854109	E-EE	21-31
drer|Q9DDT5	0.0503231763619575	E-DE	51-60
drer|Q9DDT5	0.0503231763619575	E-EE	51-60
drer|Q9I9B7	0.30327868852459	A-AA	126-135
drer|Q9I9L0	0.806501547987616	A-AA	258-265
drer|Q9PW77	0.375730994152047	A-AA	125-134
drer|R4GDQ8	0.665071770334928	S-SS	553-561
drer|R4GEC2	0.91025641025641	A-AA	529-538
drer|R4GEN1	0.585260115606936	S-SS	400-412
drer|U3JAH0	0.719203572757722	E-EE	1927-1940
drer|U3JAH0	0.894491998511351	S-SS	2394-2415
drer|U3JAI8	0.218582887700535	S-SS	160-169
drer|U3JAU2	0.217347453353505	S-SS	427-437
drer|X1WCN4	0.774957698815567	S-SS	912-922
drer|X1WCZ6	0.0376028202115159	E-EE	29-37
drer|X1WD79	0.864995602462621	S-SS	978-991
drer|X1WD79	0.937994722955145	S-SS	1060-1075
drer|X1WDB0	0.763918629550321	S-SS	2850-2860
drer|X1WDM3	0.85790273556231	A-AA	561-570
drer|X1WDM3	0.943009118541033	S-SS	617-626
drer|X1WE04	0.578903928689336	S-SS	1750-1759
drer|X1WEL5	0.529007928833881	D-DD	2731-2742
drer|X1WES7	0.768615384615385	E-EE	1245-1255
drer|X1WFM4	0.376984126984127	E-DE	139-148
drer|X1WFM4	0.376984126984127	E-EE	139-148
drer|X1WHA2	0.879045996592845	S-SS	2576-2586
drer|X1WHA2	0.89557069846678	S-SS	2617-2642
ecol|P06959	0.156597774244833	A-AS	94-105
ecol|P33937	0.0181378476420798	A-AA	11-21
ehis|EHI_031220	0.0958904109589041	E-EE	29-43
ehis|EHI_088070	0.423913043478261	E-EE	347-357
ehis|EHI_115300	0.94824016563147	S-AS	450-468
ehis|EHI_115300	0.94824016563147	S-SS	450-468
ehis|EHI_122790	0.222156398104265	E-EE	184-193
ehis|EHI_169630	0.0656192236598891	E-EE	28-45
falb|A0A058Z0F0	0.108739026336792	A-AA	540-552
falb|A0A058Z1A1	0.165204678362573	A-AA	165-176
falb|A0A058Z236	0.98099173553719	E-EE	590-599
falb|A0A058Z2D6	0.437716262975779	E-EE	376-385
falb|A0A058Z2F2	0.683381088825215	D-DE	474-482
falb|A0A058Z3C8	0.851703406813627	D-DD	416-436
falb|A0A058Z3C8	0.851703406813627	D-DE	416-436
falb|A0A058Z3C8	0.95190380761523	D-DD	472-480
falb|A0A058Z3C8	0.95190380761523	D-DE	472-480
falb|A0A058Z3H3	0.0813507290867229	D-DD	100-114
falb|A0A058Z3K2	0.63855421686747	D-DD	473-483
falb|A0A058Z3K2	0.63855421686747	D-DE	473-483
falb|A0A058Z429	0.989085948158254	A-AA	720-732
falb|A0A058Z429	0.989085948158254	A-AS	720-732
falb|A0A058Z435	0.36156462585034	A-AS	528-537
falb|A0A058Z471	0.0492341356673961	S-AS	19-28
falb|A0A058Z4C7	0.0802650957290133	A-AS	51-60
falb|A0A058Z4I6	0.238045738045738	D-DD	226-234
falb|A0A058Z4I6	0.238045738045738	D-DE	226-234
falb|A0A058Z4I6	0.746361746361746	A-AA	713-725
falb|A0A058Z4J2	0.193415637860082	A-AA	228-244
falb|A0A058Z589	0.0629453681710214	A-AA	23-32
falb|A0A058Z595	0.976486860304288	A-AA	701-713
falb|A0A058Z5L8	0.726952850105559	D-DD	1030-1038
falb|A0A058Z5L8	0.726952850105559	D-DE	1030-1038
falb|A0A058Z627	0.043703007518797	A-AA	43-52
falb|A0A058Z7H4	0.483940042826552	A-AA	222-232
falb|A0A058Z7V5	0.34584013050571	D-DD	208-218
falb|A0A058Z7V5	0.34584013050571	D-DE	208-218
falb|A0A058Z8I3	0.201050620821394	D-DD	203-220
falb|A0A058Z8J1	0.363061797752809	A-AA	772-781
falb|A0A058Z8J3	0.455595667870036	A-AA	1259-1267
falb|A0A058Z8P6	0.321934688847813	A-AA	514-533
falb|A0A058Z8U0	0.923015873015873	D-DD	577-588
falb|A0A058ZA65	0.678111587982833	D-DD	626-640
falb|A0A058ZAC5	0.111521418020679	A-AA	72-81
falb|A0A058ZAG8	0.0752840909090909	A-AA	21-34
falb|A0A058ZAR2	0.196385542168675	A-AA	77-88
falb|A0A058ZAR5	0.456998313659359	D-DD	539-547
falb|A0A058ZAR5	0.456998313659359	D-DE	539-547
falb|A0A058ZB71	0.916398713826367	A-AA	278-294
falb|A0A058ZBX0	0.540358744394619	A-AA	478-488
falb|A0A058ZBX0	0.540358744394619	A-AS	478-488
falb|A0A058ZC51	0.959183673469388	A-AA	326-334
falb|A0A058ZCR7	0.220430107526882	A-AA	97-110
falb|A0A058ZCV4	0.23775415896488	A-AS	508-523
falb|A0A058ZCV4	0.498844731977819	A-AA	1074-1087
falb|A0A058ZD74	0.033625730994152	A-AA	19-29
falb|A0A058ZDF6	0.466262319939348	S-SS	610-622
falb|A0A058ZDT6	0.0639481000926784	A-AA	64-76
falb|A0A058ZDV5	0.265025041736227	S-SS	313-324
falb|A0A058ZDX6	0.975	A-AA	250-259
falb|A0A058ZDX6	0.975	A-AS	250-259
falb|A0A058ZE08	0.325174825174825	A-AA	222-245
falb|A0A058ZEG4	0.818181818181818	A-AA	554-564
falb|A0A058ZEY7	0.925699300699301	A-AS	1054-1066
falb|A0A058ZF15	0.957294429708223	A-AA	1799-1812
falb|A0A058ZFB6	0.267332549941246	A-AA	224-233
falb|A0A058ZFJ0	0.977099236641221	D-DD	634-648
falb|A0A058ZFJ0	0.977099236641221	D-DE	634-648
falb|A0A058ZFJ7	0.0584905660377358	D-DD	51-75
falb|A0A058ZFJ7	0.0584905660377358	D-DE	51-75
falb|A0A058ZFJ9	0.961725394896719	D-DD	788-797
falb|A0A058ZFS6	0.79088785046729	A-AA	1688-1699
falb|A0A058ZGK4	0.381733021077283	D-DD	323-331
falb|A0A058ZGK4	0.381733021077283	D-DE	323-331
falb|A0A058ZGQ9	0.518766756032172	A-AA	577-586
falb|A0A058ZGQ9	0.528596961572833	A-AA	588-597
falb|A0A058ZHH8	0.863636363636364	A-AA	405-414
falb|A0A058ZHK8	0.269396551724138	A-AA	118-134
falb|A0A058ZHK8	0.269396551724138	A-AS	118-134
falb|A0A058ZHK8	0.450431034482759	A-AA	202-218
falb|A0A058ZHK8	0.450431034482759	A-AS	202-218
gass|GL50803_115239	0.0843243243243243	A-AA	72-86
gass|GL50803_17054	0.875384615384615	A-AA	280-291
gaur|C1A5L2	0.399509803921569	A-AA	159-169
gaur|C1A5L2	0.399509803921569	A-AS	159-169
gaur|C1A6D0	0.217045454545455	A-AA	92-101
gaur|C1A6D0	0.432954545454545	A-AA	187-196
ggal|A0A0U4VU53	0.95795548227535	E-EE	1158-1168
ggal|A0A1D5NT34	0.444139194139194	E-EE	480-492
ggal|A0A1D5NTD3	0.50990099009901	S-SS	202-212
ggal|A0A1D5NTH1	0.505029013539652	S-SS	1302-1311
ggal|A0A1D5NUW2	0.614338042909471	S-SS	1150-1200
ggal|A0A1D5NUW2	0.638670852956567	S-SS	1217-1226
ggal|A0A1D5NUW2	0.668236525379382	S-SS	1273-1283
ggal|A0A1D5NUW2	0.676085818942962	S-SS	1287-1299
ggal|A0A1D5NUW2	0.714024071166928	S-SS	1359-1372
ggal|A0A1D5NUW2	0.720826792255364	S-SS	1374-1383
ggal|A0A1D5NUW2	0.728414442700157	S-SS	1389-1397
ggal|A0A1D5NVM8	0.424785100286533	E-DE	887-894
ggal|A0A1D5NVM8	0.424785100286533	E-EE	887-894
ggal|A0A1D5NW01	0.325334382376082	E-EE	411-418
ggal|A0A1D5NW14	0.190270581462291	E-EE	326-337
ggal|A0A1D5NW14	0.203799654576857	E-EE	349-361
ggal|A0A1D5NW24	0.106710671067107	E-EE	88-108
ggal|A0A1D5NW99	0.940814757878555	E-EE	1218-1232
ggal|A0A1D5NWW5	0.279746835443038	S-SS	107-116
ggal|A0A1D5NWW6	0.789414414414414	A-AA	344-359
ggal|A0A1D5NX91	0.12027027027027	A-AA	85-95
ggal|A0A1D5NXB3	0.805177111716621	A-AA	289-304
ggal|A0A1D5NXF3	0.828317373461012	A-AA	602-611
ggal|A0A1D5NXL1	0.216796875	A-AA	108-116
ggal|A0A1D5NXL1	0.216796875	A-AS	108-116
ggal|A0A1D5NXT6	0.752262443438914	E-EE	329-338
ggal|A0A1D5NXT6	0.813348416289593	E-EE	355-366
ggal|A0A1D5NY86	0.00801131008482564	A-AA	2-34
ggal|A0A1D5NZ11	0.190975387420237	E-EE	202-219
ggal|A0A1D5NZC4	0.963541666666667	S-SS	365-377
ggal|A0A1D5NZL7	0.423645320197044	D-DD	513-521
ggal|A0A1D5NZL7	0.423645320197044	D-DE	513-521
ggal|A0A1D5NZU4	0.397269180754226	E-EE	300-313
ggal|A0A1D5NZZ5	0.12649945474373	E-EE	452-478
ggal|A0A1D5NZZ5	0.210332606324973	A-AA	765-780
ggal|A0A1D5P015	0.16577221228384	E-EE	272-286
ggal|A0A1D5P015	0.62015503875969	S-SS	1030-1052
ggal|A0A1D5P0J1	0.249690210656753	E-EE	398-410
ggal|A0A1D5P117	0.761806981519507	E-EE	366-378
ggal|A0A1D5P140	0.0806811836962591	S-SS	278-302
ggal|A0A1D5P1M2	0.363783346806791	S-SS	443-459
ggal|A0A1D5P1M2	0.558205335489086	S-SS	686-697
ggal|A0A1D5P248	0.541251133272892	E-EE	593-603
ggal|A0A1D5P2D1	0.944105691056911	E-EE	461-470
ggal|A0A1D5P3P1	0.777027027027027	E-EE	569-583
ggal|A0A1D5P3S3	0.0745268138801262	S-SS	85-106
ggal|A0A1D5P3U9	0.767825470024831	S-SS	2137-2194
ggal|A0A1D5P3U9	0.937566512947854	A-AA	2638-2650
ggal|A0A1D5P4X0	0.761526639344262	E-EE	1481-1494
ggal|A0A1D5P5C3	0.534659820282413	A-AA	413-422
ggal|A0A1D5P6Q1	0.61576354679803	E-EE	747-755
ggal|A0A1D5P772	0.282820097244733	E-EE	168-183
ggal|A0A1D5P7H9	0.363022113022113	E-EE	585-599
ggal|A0A1D5P7Z0	0.481810115350488	A-AA	539-549
ggal|A0A1D5P832	0.774104683195592	A-AA	277-287
ggal|A0A1D5P8U5	0.644916142557652	S-SS	1227-1236
ggal|A0A1D5P927	0.608554996405464	E-EE	842-853
ggal|A0A1D5P9C6	0.8045486851457	E-EE	1129-1137
ggal|A0A1D5P9D7	0.785954583683768	A-AA	931-940
ggal|A0A1D5P9D7	0.89529015979815	A-AA	1059-1072
ggal|A0A1D5P9F2	0.399655304481042	S-SS	1040-1049
ggal|A0A1D5PA75	0.865384615384615	E-EE	1391-1401
ggal|A0A1D5PAJ0	0.197183098591549	E-EE	65-77
ggal|A0A1D5PAT5	0.852326685660019	A-AA	894-903
ggal|A0A1D5PB27	0.457324106113033	E-EE	393-402
ggal|A0A1D5PBF6	0.754278728606357	E-EE	922-931
ggal|A0A1D5PBH1	0.225468164794007	S-SS	296-308
ggal|A0A1D5PBL3	0.290618955512573	S-SS	297-306
ggal|A0A1D5PBQ5	0.0334394904458599	A-AA	28-37
ggal|A0A1D5PC37	0.187160940325497	D-DD	99-110
ggal|A0A1D5PCL0	0.392408969347871	E-EE	1905-1912
ggal|A0A1D5PCL0	0.738325447438799	E-EE	3585-3595
ggal|A0A1D5PCL0	0.844990742645546	E-EE	4104-4113
ggal|A0A1D5PDL4	0.735294117647059	E-EE	822-830
ggal|A0A1D5PDU2	0.0176630434782609	E-DE	23-31
ggal|A0A1D5PDU2	0.0176630434782609	E-EE	23-31
ggal|A0A1D5PE05	0.00192874971636034	A-AA	5-14
ggal|A0A1D5PE05	0.603131381892444	D-DD	2654-2664
ggal|A0A1D5PE05	0.745064669843431	S-SS	3280-3289
ggal|A0A1D5PEY2	0.135285913528591	S-SS	92-104
ggal|A0A1D5PF08	0.9525	E-EE	568-577
ggal|A0A1D5PG88	0.115530303030303	A-AA	57-67
ggal|A0A1D5PGS8	0.54065335753176	S-SS	1486-1495
ggal|A0A1D5PGS8	0.625589836660617	A-AA	1720-1729
ggal|A0A1D5PH38	0.273611111111111	S-SS	290-303
ggal|A0A1D5PH78	0.822840409956076	S-SS	558-568
ggal|A0A1D5PHS1	0.410349373764008	S-SS	619-628
ggal|A0A1D5PHS9	0.840283241542093	E-DE	1064-1074
ggal|A0A1D5PHS9	0.840283241542093	E-EE	1064-1074
ggal|A0A1D5PI60	0.0837651122625216	E-EE	45-54
ggal|A0A1D5PIV1	0.616570327552986	E-EE	955-967
ggal|A0A1D5PJ19	0.448101265822785	E-EE	174-182
ggal|A0A1D5PJ92	0.556233062330623	D-DD	406-417
ggal|A0A1D5PJD5	0.940159574468085	D-DD	1410-1420
ggal|A0A1D5PJY0	0.595372750642673	E-EE	1154-1164
ggal|A0A1D5PKM1	0.114611872146119	A-AA	122-131
ggal|A0A1D5PKM1	0.178538812785388	A-AA	192-201
ggal|A0A1D5PKM1	0.292237442922374	A-AA	315-327
ggal|A0A1D5PKX9	0.858555460017197	E-EE	994-1005
ggal|A0A1D5PLG6	0.154395604395604	E-EE	276-288
ggal|A0A1D5PLG9	0.16036036036036	A-AA	86-94
ggal|A0A1D5PM87	0.849683544303797	E-EE	532-544
ggal|A0A1D5PMI2	0.577358490566038	E-EE	451-469
ggal|A0A1D5PMN3	0.825779036827195	D-DE	2037-2046
ggal|A0A1D5PMP0	0.178498985801217	E-EE	80-98
ggal|A0A1D5PN52	0.142384105960265	A-AA	40-48
ggal|A0A1D5PNB7	0.916142557651992	A-AA	430-446
ggal|A0A1D5PNW7	0.410950661853189	E-EE	338-347
ggal|A0A1D5PNW7	0.610108303249097	E-EE	503-513
ggal|A0A1D5PPG9	0.0328151986183074	E-EE	32-46
ggal|A0A1D5PPJ3	0.896931927133269	D-DD	931-942
ggal|A0A1D5PPZ1	0.973920130399348	S-SS	1191-1201
ggal|A0A1D5PQ94	0.256950880444856	D-DD	549-562
ggal|A0A1D5PQ94	0.580861909175162	D-DD	1248-1261
ggal|A0A1D5PQ94	0.580861909175162	D-DE	1248-1261
ggal|A0A1D5PRF5	0.545454545454545	S-SS	230-240
ggal|A0A1D5PS34	0.653658536585366	S-SS	521-553
ggal|A0A1D5PS49	0.160487288135593	E-EE	450-461
ggal|A0A1D5PS49	0.221927966101695	E-EE	623-636
ggal|A0A1D5PS49	0.311970338983051	E-EE	880-889
ggal|A0A1D5PS49	0.55225988700565	E-EE	1559-1571
ggal|A0A1D5PSB4	0.384892086330935	S-SS	371-380
ggal|A0A1D5PSE4	0.0708154506437768	A-AA	28-40
ggal|A0A1D5PT45	0.507848568790397	S-SS	546-556
ggal|A0A1D5PT45	0.817174515235457	S-SS	878-894
ggal|A0A1D5PT85	0.910958904109589	E-EE	1061-1069
ggal|A0A1D5PTP2	0.876643990929705	S-SS	1927-1941
ggal|A0A1D5PTU4	0.867837338262477	S-SS	460-481
ggal|A0A1D5PU01	0.0127118644067797	S-AS	9-29
ggal|A0A1D5PU44	0.480662983425414	S-SS	343-355
ggal|A0A1D5PV42	0.25	E-EE	265-289
ggal|A0A1D5PV42	0.605525362318841	S-SS	665-674
ggal|A0A1D5PW12	0.797904191616767	A-AA	263-272
ggal|A0A1D5PW12	0.880239520958084	A-AA	290-300
ggal|A0A1D5PW74	0.963005780346821	E-EE	828-840
ggal|A0A1D5PW98	0.608720271800679	E-EE	531-546
ggal|A0A1D5PWA7	0.676076555023923	S-SS	702-713
ggal|A0A1D5PWA7	0.686124401913876	E-DE	714-722
ggal|A0A1D5PWA7	0.686124401913876	E-EE	714-722
ggal|A0A1D5PWZ8	0.0167824074074074	A-AA	39-50
ggal|A0A1D5PX56	0.887931034482759	E-EE	509-523
ggal|A0A1D5PX84	0.735881841876629	S-SS	843-853
ggal|A0A1D5PXG3	0.104325699745547	A-AA	201-211
ggal|A0A1D5PXG3	0.20381679389313	E-DE	397-406
ggal|A0A1D5PXG3	0.20381679389313	E-EE	397-406
ggal|A0A1D5PXG9	0.217432950191571	A-AA	108-121
ggal|A0A1D5PY39	0.0597713097713098	S-AS	53-64
ggal|A0A1D5PY39	0.0597713097713098	S-SS	53-64
ggal|A0A1D5PY72	0.222972972972973	A-AA	93-107
ggal|A0A1D5PY72	0.377252252252252	A-AA	164-173
ggal|A0A1D5PY82	0.820809248554913	A-AA	565-573
ggal|A0A1D5PYJ6	0.775037369207773	S-SS	515-524
ggal|A0A1D5PZY7	0.256723716381418	E-EE	101-111
ggal|A0A1L1RJ80	0.475734791524265	E-EE	691-703
ggal|A0A1L1RM99	0.756894790602656	E-EE	737-747
ggal|A0A1L1RRE2	0.304909560723514	D-DD	111-127
ggal|A0A1L1RRF3	0.997451580020387	E-EE	1953-1963
ggal|A0A1L1RWB5	0.445378151260504	E-EE	209-217
ggal|A0A1L1RY70	0.637448411986363	E-EE	3550-3557
ggal|A0A1L1S0D8	0.616216216216216	A-AA	338-348
ggal|A0A3Q2TTE8	0.582771896053898	S-SS	1813-1822
ggal|A0A3Q2TU72	0.875664893617021	E-EE	650-669
ggal|A0A3Q2TV40	0.574363992172211	A-AA	290-299
ggal|A0A3Q2TV40	0.642857142857143	S-SS	325-334
ggal|A0A3Q2TX44	0.692970269519311	E-DE	2490-2500
ggal|A0A3Q2TX44	0.692970269519311	E-EE	2490-2500
ggal|A0A3Q2TY35	0.575329566854991	A-AA	302-311
ggal|A0A3Q2TYT1	0.578984485190409	E-EE	817-827
ggal|A0A3Q2TZJ4	0.142173051519155	E-EE	427-436
ggal|A0A3Q2TZL5	0.171502590673575	S-SS	160-173
ggal|A0A3Q2TZW2	0.977945131791286	E-EE	1814-1824
ggal|A0A3Q2U074	0.722136222910217	E-DE	463-472
ggal|A0A3Q2U074	0.722136222910217	E-EE	463-472
ggal|A0A3Q2U1F4	0.900112866817156	S-SS	794-803
ggal|A0A3Q2U1V3	0.186011904761905	E-EE	57-70
ggal|A0A3Q2U283	0.775153105861767	E-EE	879-895
ggal|A0A3Q2U293	0.191866028708134	E-EE	197-206
ggal|A0A3Q2U347	0.683035714285714	S-SS	1143-1154
ggal|A0A3Q2U3N5	0.918330308529946	S-SS	498-516
ggal|A0A3Q2U3Y6	0.0139949109414758	S-SS	7-17
ggal|A0A3Q2U4M7	0.141634980988593	A-AA	68-83
ggal|A0A3Q2U4M7	0.141634980988593	A-AS	68-83
ggal|A0A3Q2U512	0.267182130584192	S-SS	307-317
ggal|A0A3Q2U596	0.698630136986301	S-SS	456-464
ggal|A0A3Q2U5M5	0.115952732644018	S-SS	72-87
ggal|A0A3Q2U757	0.477272727272727	S-SS	595-604
ggal|A0A3Q2U853	0.888059701492537	E-EE	348-368
ggal|A0A3Q2U8Y0	0.175414364640884	E-EE	58-71
ggal|A0A3Q2U9D6	0.209949215143121	E-EE	906-915
ggal|A0A3Q2U9N4	0.120574482297929	S-SS	177-186
ggal|A0A3Q2U9R8	0.146487294469357	E-EE	92-106
ggal|A0A3Q2UA81	0.116804273919378	S-SS	236-247
ggal|A0A3Q2UBH4	0.748614958448753	S-SS	536-547
ggal|A0A3Q2UCU6	0.745614035087719	E-EE	422-430
ggal|A0A3Q2UD63	0.959562563580875	D-DD	1883-1892
ggal|A0A3Q2UD63	0.959562563580875	D-DE	1883-1892
ggal|A0A3Q2UDG5	0.956875	S-SS	2292-2303
ggal|A0A3Q2UDJ2	0.782903089293271	S-SS	1845-1857
ggal|A0A3Q2UDS2	0.402203856749311	E-EE	726-736
ggal|A0A3Q2UDY7	0.942455242966752	A-AA	1469-1481
ggal|A0A3Q2UER7	0.260097919216646	S-SS	634-643
ggal|A0A3Q2UEZ0	0.623144399460189	S-SS	1843-1853
ggal|A0A3Q2UG86	0.854214123006834	A-AA	369-383
ggal|A0A3Q2UHP1	0.69647355163728	A-AA	274-281
ggal|A0A3Q2UHY8	0.903131115459883	A-AA	458-467
ggal|A0A3Q2UKM8	0.481789390340459	E-EE	601-618
ggal|A0A3Q2UKM8	0.778305621536025	E-EE	975-993
ggal|A0A3Q2UKR2	0.159713168187744	S-SS	119-128
ggal|A0A3Q2ULR8	0.0311634349030471	S-SS	19-28
ggal|A0A3Q2UNM8	0.68620178041543	A-AA	459-468
ggal|A0A3Q2UNN2	0.692264573991031	E-EE	614-623
ggal|A0A3Q3A3K3	0.563721325403568	E-EE	660-669
ggal|A0A3Q3A3S3	0.39943741209564	A-AA	279-291
ggal|A0A3Q3ADX7	0.0275175644028103	A-AA	19-30
ggal|A0A3Q3AHG4	0.411173184357542	D-DD	364-374
ggal|A0A3Q3AHG4	0.411173184357542	D-DE	364-374
ggal|A0A452J837	0.907579787234043	A-AA	2726-2736
ggal|A3F962	0.673177083333333	A-AA	254-265
ggal|B6UV99	0.036697247706422	A-AA	16-26
ggal|D0PRN4	0.0667166416791604	S-SS	41-50
ggal|E1BQL6	0.175986842105263	E-EE	104-112
ggal|E1BQN2	0.514276649746193	S-SS	807-816
ggal|E1BQP2	0.952047413793103	S-SS	878-891
ggal|E1BQT2	0.231172069825436	A-AA	460-469
ggal|E1BQT2	0.231172069825436	A-AS	460-469
ggal|E1BQZ3	0.810044893378227	S-SS	1440-1449
ggal|E1BR74	0.963172804532578	S-SS	675-687
ggal|E1BR79	0.0891505466778806	E-EE	100-114
ggal|E1BR79	0.119848612279226	E-DE	135-152
ggal|E1BR79	0.119848612279226	E-EE	135-152
ggal|E1BR79	0.137931034482759	E-EE	155-175
ggal|E1BSR5	0.269774011299435	E-EE	92-101
ggal|E1BSR5	0.322033898305085	E-EE	110-120
ggal|E1BSU4	0.372146118721461	S-SS	322-332
ggal|E1BT98	0.198100407055631	E-EE	143-151
ggal|E1BTG2	0.234119782214156	E-EE	122-138
ggal|E1BTW9	0.525500322788896	A-AA	809-821
ggal|E1BU81	0.328962703962704	S-SS	561-570
ggal|E1BUG0	0.27657413676371	A-AA	406-413
ggal|E1BUI5	0.697218710493047	S-SS	1097-1111
ggal|E1BUI5	0.805941845764855	S-SS	1269-1283
ggal|E1BV09	0.208860759493671	E-EE	129-137
ggal|E1BV99	0.0639386189258312	S-SS	45-57
ggal|E1BVC2	0.258495145631068	E-DE	316-325
ggal|E1BVC2	0.258495145631068	E-EE	316-325
ggal|E1BVC5	0.320178571428571	E-EE	893-902
ggal|E1BVP1	0.399917965545529	E-EE	484-493
ggal|E1BVP1	0.43929450369155	E-DE	526-547
ggal|E1BVP1	0.43929450369155	E-EE	526-547
ggal|E1BVP8	0.791613722998729	E-DE	618-630
ggal|E1BVP8	0.791613722998729	E-EE	618-630
ggal|E1BW33	0.186424474187381	S-SS	679-688
ggal|E1BWR0	0.804787234042553	S-SS	751-764
ggal|E1BX64	0.18595825426945	S-SS	90-108
ggal|E1BXE0	0.971264367816092	E-EE	671-683
ggal|E1BXI6	0.119329896907217	S-SS	228-237
ggal|E1BXJ4	0.369801084990958	E-EE	200-211
ggal|E1BXJ4	0.723327305605787	E-EE	396-406
ggal|E1BXJ4	0.979204339963834	E-EE	533-552
ggal|E1BXL9	0.545487364620939	S-SS	751-762
ggal|E1BXM7	0.626807851239669	S-SS	1208-1221
ggal|E1BY42	0.689463019250253	A-AA	677-686
ggal|E1BYQ5	0.948969072164948	E-EE	916-927
ggal|E1BYS5	0.976798143851508	D-DD	1259-1269
ggal|E1BZQ5	0.796497286630488	S-SS	1611-1620
ggal|E1C0C3	0.991379310344828	E-EE	745-752
ggal|E1C0P0	0.0809128630705394	A-AA	51-68
ggal|E1C1J4	0.906200317965024	E-EE	566-576
ggal|E1C1S5	0.0385507246376812	E-DE	64-71
ggal|E1C1S5	0.0385507246376812	E-EE	64-71
ggal|E1C1S5	0.0994202898550725	E-DE	168-177
ggal|E1C2F2	0.811594202898551	S-SS	549-573
ggal|E1C2F2	0.844202898550725	S-SS	576-591
ggal|E1C2F2	0.869565217391304	S-SS	596-606
ggal|E1C314	0.110977564102564	E-EE	129-150
ggal|E1C3Q9	0.0959119496855346	A-AA	27-36
ggal|E1C3S5	0.531063321385902	S-SS	439-452
ggal|E1C4C8	0.45662100456621	E-EE	595-607
ggal|E1C4E7	0.846230158730159	S-SS	848-860
ggal|E1C4N7	0.215833333333333	D-DD	126-135
ggal|E1C508	0.930827067669173	S-SS	615-625
ggal|E1C509	0.479482604817128	A-AA	1071-1081
ggal|E1C591	0.263333333333333	S-SS	193-204
ggal|E1C671	0.780558789289872	S-SS	667-676
ggal|E1C6A3	0.263862332695985	E-EE	130-148
ggal|E1C6D5	0.446546830652791	E-EE	469-477
ggal|E1C6G2	0.793963254593176	S-SS	602-610
ggal|E1C712	0.221320973348783	S-SS	188-196
ggal|E1C712	0.944959443800695	S-SS	812-821
ggal|E1C760	0.564471879286694	D-DD	407-418
ggal|E1C769	0.316008316008316	E-EE	147-159
ggal|E1C8S3	0.0352400408580184	E-EE	31-40
ggal|E1C8T8	0.547619047619048	E-EE	422-431
ggal|E1C8U8	0.981969486823856	S-SS	699-719
ggal|E1C936	0.408779931584949	E-DE	348-371
ggal|E1C936	0.408779931584949	E-EE	348-371
ggal|F1N8H6	0.798387096774194	E-DE	434-459
ggal|F1N8H6	0.798387096774194	E-EE	434-459
ggal|F1N8L6	0.428960096735187	S-SS	706-715
ggal|F1N8N1	0.261858797573083	E-EE	946-955
ggal|F1N8W8	0.324723247232472	E-DE	172-182
ggal|F1N8W8	0.324723247232472	E-EE	172-182
ggal|F1N938	0.0803374908290536	S-SS	105-116
ggal|F1N9B9	0.145803698435277	S-SS	202-210
ggal|F1N9B9	0.251066856330014	S-SS	349-359
ggal|F1N9Y3	0.52979274611399	A-AA	405-415
ggal|F1NAM2	0.957627118644068	E-EE	617-628
ggal|F1NAT2	0.167731629392971	S-SS	154-163
ggal|F1NB51	0.934411500449236	E-EE	1037-1045
ggal|F1NB51	0.960916442048518	E-EE	1064-1077
ggal|F1NCE1	0.984460694698355	E-EE	532-547
ggal|F1NCQ1	0.163440860215054	A-AA	70-84
ggal|F1NCR3	0.987437185929648	E-EE	583-598
ggal|F1NDB6	0.528920308483291	A-AA	409-416
ggal|F1NFB5	0.274952015355086	A-AA	280-295
ggal|F1NFJ0	0.835388409371147	E-EE	674-683
ggal|F1NFL6	0.607663248785753	S-SS	1123-1131
ggal|F1NFL6	0.614139233675121	S-SS	1135-1143
ggal|F1NFL6	0.631678359417161	S-SS	1167-1176
ggal|F1NFL6	0.663518618456557	S-SS	1189-1272
ggal|F1NFL6	0.696438208310847	S-SS	1286-1297
ggal|F1NFL6	0.710199676200756	S-SS	1312-1322
ggal|F1NGN4	0.843825665859564	S-SS	340-359
ggal|F1NGX2	0.554726368159204	E-EE	330-341
ggal|F1NH79	0.135052447552448	A-AA	150-161
ggal|F1NHP4	0.760910815939279	E-EE	394-410
ggal|F1NHV5	0.113548387096774	S-AS	82-96
ggal|F1NI27	0.760817307692308	S-SS	307-328
ggal|F1NI57	0.469189189189189	E-DE	430-440
ggal|F1NI57	0.469189189189189	E-EE	430-440
ggal|F1NI57	0.74972972972973	S-SS	681-708
ggal|F1NIE8	0.647923875432526	E-DE	361-390
ggal|F1NIE8	0.647923875432526	E-EE	361-390
ggal|F1NJJ8	0.0370171673819742	E-EE	30-41
ggal|F1NKV4	0.566018933731938	E-EE	1128-1146
ggal|F1NKX5	0.203651685393258	E-EE	66-81
ggal|F1NL47	0.95	S-SS	528-538
ggal|F1NLC8	0.122193436960276	E-EE	139-146
ggal|F1NLF6	0.340473738414006	A-AA	1650-1658
ggal|F1NLI6	0.0886491557223265	A-AA	91-100
ggal|F1NLI6	0.154315196998124	A-AA	161-170
ggal|F1NLI6	0.272045028142589	A-AA	285-297
ggal|F1NLL5	0.677215189873418	S-SS	368-383
ggal|F1NLT1	0.362970711297071	E-EE	517-526
ggal|F1NMD6	0.952270977675135	E-EE	1233-1243
ggal|F1NMF8	0.143320964749536	S-SS	149-162
ggal|F1NN17	0.851063829787234	E-EE	875-887
ggal|F1NP58	0.789022298456261	E-DE	454-468
ggal|F1NP58	0.789022298456261	E-EE	454-468
ggal|F1NP58	0.820754716981132	E-DE	475-484
ggal|F1NP58	0.820754716981132	E-EE	475-484
ggal|F1NP97	0.231020942408377	E-EE	172-183
ggal|F1NQ29	0.680242634315425	S-SS	388-399
ggal|F1NQ85	0.954411764705882	E-DE	645-655
ggal|F1NQ85	0.954411764705882	E-EE	645-655
ggal|F1NQT9	0.960493827160494	D-DD	374-406
ggal|F1NRH7	0.852130325814536	E-EE	337-345
ggal|F1NRW9	0.742100371747212	E-EE	795-804
ggal|F1NS89	0.980077120822622	S-SS	753-774
ggal|F1NS98	0.133953168044077	E-EE	191-200
ggal|F1NT94	0.547832585949178	E-EE	1093-1108
ggal|F1NUD8	0.303482587064677	E-EE	240-250
ggal|F1NUL5	0.666392092257002	S-SS	399-412
ggal|F1NUT7	0.602683780630105	E-EE	511-524
ggal|F1NUT7	0.640023337222871	E-EE	545-554
ggal|F1NWZ0	0.151539708265802	E-EE	183-193
ggal|F1NWZ0	0.994327390599676	S-SS	1221-1235
ggal|F1NXD8	0.578288100208768	S-SS	551-559
ggal|F1NY54	0.821761658031088	S-SS	788-800
ggal|F1NY56	0.0332225913621262	S-SS	26-36
ggal|F1NYH0	0.960625	E-EE	765-774
ggal|F1NYM6	0.463235294117647	S-SS	154-163
ggal|F1NYY2	0.0340909090909091	A-AA	25-37
ggal|F1NZR9	0.796376811594203	E-EE	544-557
ggal|F1NZV2	0.118629173989455	S-SS	61-76
ggal|F1P0I3	0.72025171624714	D-DD	626-635
ggal|F1P0J7	0.476796407185629	E-EE	631-645
ggal|F1P0K3	0.191872427983539	S-SS	183-192
ggal|F1P0V6	0.812184343434343	S-SS	1283-1292
ggal|F1P220	0.729390681003584	E-EE	201-208
ggal|F1P2A5	0.268292682926829	S-SS	261-269
ggal|F1P3B0	0.581796848809923	S-SS	1732-1741
ggal|F1P3E8	0.971951219512195	D-DE	396-403
ggal|F1P3R3	0.335373924553276	E-EE	1010-1019
ggal|F1P475	0.85375	S-SS	338-347
ggal|F1P4C7	0.114690721649485	A-AA	130-139
ggal|F1P4J6	0.791269841269841	S-SS	495-504
ggal|F1P4S4	0.968161434977578	A-AA	1075-1086
ggal|F1P526	0.669250645994832	E-EE	255-265
ggal|F1P5G0	0.691358024691358	A-AA	220-230
ggal|F6QYT5	0.220375722543353	S-SS	146-161
ggal|F6SB82	0.122596153846154	E-EE	71-84
ggal|F6SB82	0.25	E-EE	151-163
ggal|H9L0N1	0.667305848513902	E-EE	692-702
ggal|P02845	0.608977825851812	S-SS	1123-1131
ggal|P02845	0.615467820443483	S-SS	1135-1143
ggal|P02845	0.633044889129259	S-SS	1167-1176
ggal|P02845	0.663872363439697	S-SS	1189-1268
ggal|P02845	0.695781503515414	S-SS	1282-1293
ggal|P02845	0.709572742022715	S-SS	1308-1318
ggal|P09480	0.760910815939279	E-EE	394-410
ggal|P11799	0.99737532808399	E-EE	1896-1906
ggal|P14731	0.952830188679245	E-EE	551-562
ggal|P14732	0.669449081803005	S-SS	398-406
ggal|P15771	0.253968253968254	E-DE	172-182
ggal|P15771	0.253968253968254	E-EE	172-182
ggal|P16053	0.602683780630105	E-EE	511-524
ggal|P16053	0.640023337222871	E-EE	545-554
ggal|P18302	0.513824884792627	S-SS	332-339
ggal|P19204	0.960493827160494	D-DD	374-406
ggal|P36197	0.934411500449236	E-EE	1037-1045
ggal|P36197	0.960916442048518	E-EE	1064-1077
ggal|P36381	0.852130325814536	E-EE	337-345
ggal|P47826	0.919047619047619	A-AA	286-295
ggal|P79765	0.203651685393258	E-EE	66-81
ggal|P87498	0.614338042909471	S-SS	1150-1200
ggal|P87498	0.638670852956567	S-SS	1217-1226
ggal|P87498	0.668236525379382	S-SS	1273-1283
ggal|P87498	0.676085818942962	S-SS	1287-1299
ggal|P87498	0.714024071166928	S-SS	1359-1372
ggal|P87498	0.720826792255364	S-SS	1374-1383
ggal|P87498	0.728414442700157	S-SS	1389-1397
ggal|Q06A37	0.907641196013289	A-AA	2728-2738
ggal|Q1PRL4	0.0342857142857143	S-SS	26-36
ggal|Q2VB19	0.504208754208754	A-AA	594-606
ggal|Q5F363	0.150162337662338	E-EE	181-191
ggal|Q5F363	0.994318181818182	S-SS	1219-1233
ggal|Q5F371	0.182148626817448	E-EE	221-232
ggal|Q5F387	0.714	E-EE	354-362
ggal|Q5F3L1	0.953680203045685	S-SS	747-758
ggal|Q5F3P8	0.566018933731938	E-EE	1128-1146
ggal|Q5F3S4	0.389893179950698	E-EE	470-481
ggal|Q5F3S4	0.828266228430567	S-SS	1001-1017
ggal|Q5F3T7	0.554303278688525	A-AA	267-276
ggal|Q5F3T7	0.626024590163934	S-SS	302-311
ggal|Q5F3U9	0.939404677533664	E-EE	1323-1330
ggal|Q5F3X4	0.0427394438722966	D-DD	38-47
ggal|Q5F3X4	0.0427394438722966	D-DE	38-47
ggal|Q5F422	0.103260869565217	E-EE	32-46
ggal|Q5QJC2	0.644460028050491	D-DE	454-467
ggal|Q5ZHQ8	0.36963696369637	S-SS	109-117
ggal|Q5ZHX5	0.16036036036036	A-AA	86-94
ggal|Q5ZI03	0.570806100217865	S-SS	258-268
ggal|Q5ZI08	0.0440630797773655	E-DE	39-58
ggal|Q5ZI08	0.0440630797773655	E-EE	39-58
ggal|Q5ZI98	0.6143583227446	S-SS	475-494
ggal|Q5ZIB8	0.363636363636364	E-EE	316-326
ggal|Q5ZIZ4	0.986795774647887	E-EE	554-569
ggal|Q5ZJ02	0.965486725663717	E-EE	539-554
ggal|Q5ZJF6	0.72025171624714	D-DD	626-635
ggal|Q5ZK36	0.760817307692308	S-SS	307-328
ggal|Q5ZKA3	0.469189189189189	E-DE	430-440
ggal|Q5ZKA3	0.469189189189189	E-EE	430-440
ggal|Q5ZKA3	0.74972972972973	S-SS	681-708
ggal|Q5ZKD5	0.837587006960557	E-EE	1080-1088
ggal|Q5ZKM1	0.410950661853189	E-EE	338-347
ggal|Q5ZKM1	0.610108303249097	E-EE	503-513
ggal|Q5ZKT9	0.1796875	E-EE	88-98
ggal|Q5ZKW9	0.707880434782609	A-AA	256-267
ggal|Q5ZL67	0.654993514915694	S-SS	493-519
ggal|Q5ZLC2	0.0443213296398892	E-EE	27-39
ggal|Q5ZLI3	0.305555555555556	A-AA	129-137
ggal|Q5ZM19	0.554726368159204	E-EE	330-341
ggal|Q5ZM33	0.798387096774194	E-DE	434-459
ggal|Q5ZM88	0.47909284195606	A-AA	671-683
ggal|Q5ZMK5	0.843825665859564	S-SS	340-359
ggal|Q5ZMN2	0.835388409371147	E-EE	674-683
ggal|Q5ZMV8	0.878600823045268	S-SS	637-646
ggal|Q64HY5	0.153444676409186	A-AA	69-80
ggal|Q7T2T1	0.545548654244306	A-AA	260-269
ggal|Q801X6	0.641	E-DE	317-326
ggal|Q801X6	0.641	E-EE	317-326
ggal|Q8AYN2	0.939075630252101	E-EE	440-456
ggal|Q8JGM4	0.787061994609164	E-EE	580-590
ggal|Q8QG62	0.301571709233792	S-SS	150-159
ggal|Q90845	0.738146551724138	A-AA	339-348
ggal|Q98SH3	0.511111111111111	S-SS	203-213
ggal|Q9DE13	0.262799436355096	D-DD	554-567
ggal|Q9DE13	0.575152653828088	D-DD	1219-1232
ggal|Q9IB15	0.303030303030303	A-AA	127-135
ggal|Q9PU36	0.331412385231491	E-EE	1693-1702
ggal|Q9PVN2	0.690184049079755	A-AA	220-232
ggal|Q9YGS0	0.462809917355372	E-EE	221-229
ggal|Q9YGX8	0.065052950075643	A-AA	38-50
ggal|R4GG58	0.419161676646707	S-SS	134-148
ggal|R4GGE4	0.261217948717949	E-EE	151-177
ggal|R4GH47	0.584876543209877	A-AA	187-194
ggal|R4GJW5	0.065625	E-EE	38-48
ggal|R4GKD4	0.304630969609262	A-AA	207-216
ggal|R4GM28	0.206049149338374	E-EE	105-115
ggal|S5TQ07	0.92065868263473	S-SS	304-313
ggal|Z4YJC3	0.0342465753424658	S-SS	26-36
gmor|GMOY000327	0.539929015084295	S-SS	605-614
gmor|GMOY000360	0.428771733034212	S-SS	761-770
gmor|GMOY000379	0.869318181818182	S-SS	532-541
gmor|GMOY000418	0.117105917454003	E-DE	231-242
gmor|GMOY000418	0.117105917454003	E-EE	231-242
gmor|GMOY000569	0.964601769911504	A-AA	977-987
gmor|GMOY000609	0.49390243902439	A-AA	159-167
gmor|GMOY000696	0.359375	A-AA	500-514
gmor|GMOY000826	0.247643732327992	S-SS	521-532
gmor|GMOY001079	0.456657730116175	D-DD	508-516
gmor|GMOY001086	0.628776041666667	A-AA	2411-2420
gmor|GMOY001154	0.583720930232558	A-AA	494-512
gmor|GMOY001190	0.65562613430127	S-SS	719-728
gmor|GMOY001213	0.0783227848101266	A-AA	46-55
gmor|GMOY001213	0.690664556962025	A-AA	433-442
gmor|GMOY001213	0.723101265822785	A-AA	454-462
gmor|GMOY001258	0.0454545454545455	A-AS	26-34
gmor|GMOY001302	0.647871116225547	S-SS	1122-1132
gmor|GMOY001310	0.935447338618347	A-AA	821-833
gmor|GMOY001357	0.508064516129032	A-AA	152-165
gmor|GMOY001367	0.768518518518518	S-SS	2027-2042
gmor|GMOY001367	0.77739984882842	S-SS	2050-2066
gmor|GMOY001426	0.36833855799373	D-DE	347-360
gmor|GMOY001601	0.224337748344371	S-SS	128-145
gmor|GMOY001686	0.269881556683587	A-AA	156-165
gmor|GMOY001848	0.198060941828255	S-SS	68-77
gmor|GMOY001860	0.910800213865621	A-AA	5105-5118
gmor|GMOY002023	0.638620689655172	E-EE	458-470
gmor|GMOY002023	0.769655172413793	E-EE	550-568
gmor|GMOY002103	0.0358956992888588	A-AA	103-111
gmor|GMOY002103	0.0894006095496106	A-AA	257-273
gmor|GMOY002103	0.144768032509313	S-SS	421-436
gmor|GMOY002193	0.0928489042675894	S-SS	71-92
gmor|GMOY002267	0.154871794871795	S-SS	299-307
gmor|GMOY002382	0.0426929392446634	A-AA	23-31
gmor|GMOY002709	0.502389486260454	A-AA	837-847
gmor|GMOY002754	0.547302904564315	S-SS	1312-1328
gmor|GMOY002816	0.146229913473424	D-DD	585-600
gmor|GMOY002819	0.00742721330956625	E-EE	8-19
gmor|GMOY003092	0.55	S-SS	470-478
gmor|GMOY003374	0.0971524288107203	A-AA	53-65
gmor|GMOY003374	0.138190954773869	A-AA	77-90
gmor|GMOY003374	0.138190954773869	A-AS	77-90
gmor|GMOY003374	0.196817420435511	A-AA	110-127
gmor|GMOY003374	0.196817420435511	A-AS	110-127
gmor|GMOY003374	0.239530988274707	A-AA	138-150
gmor|GMOY003396	0.898058252427185	A-AA	548-564
gmor|GMOY003413	0.643222506393862	S-SS	748-763
gmor|GMOY003630	0.986247086247086	S-AS	2104-2129
gmor|GMOY003768	0.615044247787611	E-EE	205-214
gmor|GMOY003892	0.225165562913907	D-DD	166-176
gmor|GMOY003902	0.302250803858521	A-AA	278-288
gmor|GMOY003902	0.978563772775991	S-SS	907-921
gmor|GMOY004001	0.160589060308555	S-SS	109-122
gmor|GMOY004045	0.365237366003063	A-AA	235-244
gmor|GMOY004058	0.0190217391304348	A-AA	36-50
gmor|GMOY004071	0.432152117545376	D-DD	496-506
gmor|GMOY004071	0.432152117545376	D-DE	496-506
gmor|GMOY004187	0.157967032967033	S-SS	109-123
gmor|GMOY004188	0.487765089722675	A-AA	295-305
gmor|GMOY004487	0.789162112932605	A-AA	863-872
gmor|GMOY004519	0.440920938314509	A-AA	505-512
gmor|GMOY004703	0.342729019859065	D-DD	532-540
gmor|GMOY004761	0.202013422818792	S-SS	145-158
gmor|GMOY004873	0.520875763747454	S-SS	505-520
gmor|GMOY004901	0.871604938271605	S-SS	344-364
gmor|GMOY005138	0.0345664038811401	A-AA	52-64
gmor|GMOY005164	0.792565947242206	A-AA	1318-1328
gmor|GMOY005204	0.252844500632111	A-AA	195-207
gmor|GMOY005303	0.449730700179533	A-AA	245-258
gmor|GMOY005303	0.729802513464991	A-AA	402-413
gmor|GMOY005303	0.954219030520646	A-AA	529-536
gmor|GMOY005356	0.98641975308642	D-DD	396-405
gmor|GMOY005402	0.746153846153846	E-EE	1112-1121
gmor|GMOY005523	0.388741721854305	A-AS	286-303
gmor|GMOY005621	0.0561015561015561	A-AS	61-78
gmor|GMOY005723	0.329230769230769	S-SS	101-115
gmor|GMOY005774	0.58695652173913	A-AA	276-293
gmor|GMOY005816	0.969350073855244	A-AA	1309-1318
gmor|GMOY005892	0.966029723991507	A-AA	452-460
gmor|GMOY005928	0.407960199004975	A-AA	1062-1072
gmor|GMOY006004	0.927734375	D-DD	233-244
gmor|GMOY006004	0.927734375	D-DE	233-244
gmor|GMOY006045	0.090318772136954	S-SS	72-83
gmor|GMOY006074	0.623674911660777	S-SS	874-893
gmor|GMOY006074	0.690459363957597	A-AA	971-985
gmor|GMOY006137	0.98292220113852	A-AA	514-524
gmor|GMOY006217	0.0392670157068063	S-SS	19-28
gmor|GMOY006388	0.764248704663212	E-DE	1029-1038
gmor|GMOY006388	0.764248704663212	E-EE	1029-1038
gmor|GMOY006388	0.954848260547742	E-EE	1287-1295
gmor|GMOY006490	0.892737896494157	S-SS	1062-1079
gmor|GMOY006729	0.160506863780359	E-EE	145-161
gmor|GMOY006729	0.897043294614572	E-EE	846-855
gmor|GMOY006744	0.409969481180061	S-SS	395-413
gmor|GMOY006837	0.79387417218543	S-SS	473-488
gmor|GMOY006889	0.26266416510319	A-AA	133-149
gmor|GMOY006989	0.160381026438569	S-SS	409-418
gmor|GMOY007015	0.405498281786942	A-AA	467-479
gmor|GMOY007015	0.929553264604811	A-AA	1079-1087
gmor|GMOY007026	0.0117994100294985	S-SS	3-15
gmor|GMOY007038	0.633550488599348	A-AA	191-200
gmor|GMOY007151	0.52094668117519	S-SS	953-964
gmor|GMOY007158	0.0198463508322663	A-AA	12-21
gmor|GMOY007171	0.336081166772353	D-DD	525-537
gmor|GMOY007223	0.0835777126099707	S-SS	83-90
gmor|GMOY007223	0.175464320625611	S-SS	177-184
gmor|GMOY007223	0.19208211143695	S-SS	194-201
gmor|GMOY007223	0.204301075268817	S-SS	206-214
gmor|GMOY007223	0.333333333333333	E-DE	336-348
gmor|GMOY007223	0.333333333333333	E-EE	336-348
gmor|GMOY007272	0.854602510460251	D-DD	813-823
gmor|GMOY007312	0.759646302250804	S-SS	469-478
gmor|GMOY007519	0.098695652173913	S-SS	110-119
gmor|GMOY007557	0.308201058201058	A-AA	227-241
gmor|GMOY007557	0.93452380952381	A-AA	701-714
gmor|GMOY007612	0.869047619047619	S-SS	833-848
gmor|GMOY007695	0.887915936952715	S-SS	497-519
gmor|GMOY007695	0.922942206654991	S-SS	523-533
gmor|GMOY007718	0.404838709677419	A-AA	121-132
gmor|GMOY007790	0.91647791619479	A-AA	1616-1623
gmor|GMOY007798	0.115771812080537	S-SS	31-40
gmor|GMOY007878	0.576597744360902	A-AA	609-620
gmor|GMOY007878	0.601973684210526	A-AA	638-645
gmor|GMOY007950	0.0460992907801418	S-SS	32-48
gmor|GMOY007975	0.954619124797407	A-AA	585-595
gmor|GMOY008013	0.0177725118483412	A-AA	5-12
gmor|GMOY008137	0.279550827423168	D-DD	936-958
gmor|GMOY008166	0.296129612961296	A-AA	326-334
gmor|GMOY008216	0.546274038461538	A-AA	452-459
gmor|GMOY008223	0.61252446183953	A-AA	310-318
gmor|GMOY008241	0.772701475595914	S-SS	1358-1367
gmor|GMOY008380	0.704655674102813	S-SS	722-733
gmor|GMOY008561	0.770345596432553	S-SS	687-697
gmor|GMOY008565	0.36082910321489	A-AA	424-431
gmor|GMOY008649	0.620765832106038	A-AA	413-432
gmor|GMOY008869	0.288030888030888	S-SS	367-381
gmor|GMOY009257	0.0949367088607595	S-SS	169-178
gmor|GMOY009257	0.138139790864062	S-SS	247-257
gmor|GMOY009336	0.824941451990632	A-AA	702-709
gmor|GMOY009389	0.3033381712627	A-AA	205-215
gmor|GMOY009411	0.480304386750224	S-SS	533-542
gmor|GMOY009502	0.670258620689655	A-AA	303-321
gmor|GMOY009502	0.733836206896552	A-AA	335-348
gmor|GMOY009536	0.992557883131202	S-SS	1796-1807
gmor|GMOY009704	0.953703703703704	S-SS	717-727
gmor|GMOY009833	0.0698198198198198	A-AA	25-39
gmor|GMOY009868	0.66125	D-DD	1052-1066
gmor|GMOY009885	0.179525222551929	S-SS	178-187
gmor|GMOY009994	0.169501822600243	A-AA	136-145
gmor|GMOY010057	0.00293984622342831	A-AA	10-18
gmor|GMOY010099	0.4	A-AA	323-331
gmor|GMOY010141	0.0239916550764951	A-AA	30-41
gmor|GMOY010141	0.0239916550764951	A-AS	30-41
gmor|GMOY010237	0.390132669983416	S-SS	467-476
gmor|GMOY010246	0.596666666666667	A-AA	710-724
gmor|GMOY010246	0.735	A-AA	878-888
gmor|GMOY010298	0.957236842105263	E-EE	418-457
gmor|GMOY010499	0.936563876651982	A-AA	1054-1074
gmor|GMOY010539	0.892288861689106	A-AA	724-736
gmor|GMOY010661	0.927468508736286	A-AA	2279-2288
gmor|GMOY010661	0.950629825274279	A-AA	2336-2345
gmor|GMOY010730	0.018	A-AA	6-14
gmor|GMOY010801	0.543478260869565	S-SS	419-433
gmor|GMOY010842	0.0148970747562297	S-SS	51-61
gmor|GMOY010924	0.505780346820809	A-AA	257-270
gmor|GMOY010984	0.0150044130626655	S-SS	11-25
gmor|GMOY010984	0.774933804060018	S-SS	860-898
gmor|GMOY010984	0.844218887908208	S-SS	953-962
gmor|GMOY011078	0.388182801514332	S-SS	1430-1443
gmor|GMOY011090	0.273181169757489	A-AA	379-389
gmor|GMOY011283	0.91454802259887	A-AA	644-653
gmor|GMOY011302	0.705580865603645	A-AA	615-626
gmor|GMOY011328	0.0539460539460539	S-AS	51-59
gmor|GMOY011499	0.216587677725118	D-DD	223-236
gmor|GMOY011499	0.236018957345972	D-DE	240-260
gmor|GMOY011572	0.945280437756498	S-SS	685-699
gmor|GMOY011575	0.693269230769231	A-AA	358-365
gmor|GMOY011604	0.672236503856041	A-AA	257-268
gmor|GMOY011625	0.816379310344828	S-AS	469-480
gmor|GMOY011625	0.816379310344828	S-SS	469-480
gmor|GMOY011817	0.753541076487252	A-AA	529-537
gmor|GMOY012992	0.0537383177570093	S-SS	32-39
gnip|GNI_009670	0.576441102756892	E-EE	683-699
gnip|GNI_081020	0.0642857142857143	E-EE	28-37
gnip|GNI_081910	0.920741989881956	D-DD	1088-1098
gnip|GNI_081910	0.920741989881956	D-DE	1088-1098
gnip|GNI_093500	0.0599376114081996	E-DE	131-140
gnip|GNI_093500	0.0599376114081996	E-EE	131-140
gnip|GNI_100500	0.687027390354562	E-EE	4085-4094
gnip|GNI_131920	0.920634920634921	A-AA	283-299
gnip|GNI_138920	0.948598130841122	E-DE	296-315
gnip|GNI_138920	0.948598130841122	E-EE	296-315
gnip|GNI_140730	0.995535714285714	D-DD	1555-1569
gsul|I7F9Q4	0.623667377398721	A-AA	289-298
gsul|P61985	0.0498614958448753	A-AA	14-24
gsul|Q74B14	0.224264705882353	A-AA	88-97
gthe|L1I6B4	0.965011286681716	E-EE	415-442
gthe|L1IAB9	0.932688588007737	E-DE	2408-2416
gthe|L1IAB9	0.932688588007737	E-EE	2408-2416
gthe|L1IAB9	0.947969052224371	E-EE	2447-2456
gthe|L1IBM1	0.0368731563421829	E-EE	22-30
gthe|L1IDP6	0.792203389830508	E-DE	1164-1175
gthe|L1IEJ6	0.794117647058823	S-AS	575-588
gthe|L1IEU9	0.97972972972973	E-EE	431-441
gthe|L1IFP2	0.0315789473684211	E-EE	12-20
gthe|L1IHD5	0.179156908665105	E-EE	72-83
gthe|L1IJR9	0.970149253731343	D-DD	385-397
gthe|L1IJR9	0.970149253731343	D-DE	385-397
gthe|L1IJY6	0.624701670644391	E-EE	518-531
gthe|L1IPZ9	0.97972972972973	E-EE	431-441
gthe|L1IQ57	0.414030261348006	E-EE	296-308
gthe|L1IRY3	0.550715214564369	E-DE	417-432
gthe|L1IS85	0.972012102874433	S-SS	640-647
gthe|L1IU61	0.101428571428571	D-DD	66-78
gthe|L1IUK4	0.587076076993584	E-DE	638-645
gthe|L1IW17	0.860824742268041	E-EE	496-508
gthe|L1IY62	0.950036469730124	E-EE	1299-1308
gthe|L1IZ03	0.978848413631022	D-DD	817-851
gthe|L1IZU8	0.229283314669653	S-SS	404-417
gthe|L1J233	0.0453667953667954	E-EE	16-33
gthe|L1J446	0.859032846715328	A-AA	938-947
gthe|L1J581	0.528735632183908	E-DE	594-604
gthe|L1J5Q3	0.0549019607843137	E-EE	21-37
gthe|L1J7Q5	0.517402945113788	E-EE	383-392
gthe|L1J7T2	0.251086956521739	S-SS	227-237
gthe|L1JAA0	0.33623275344931	D-DD	557-566
gthe|L1JF34	0.914918414918415	E-DE	389-398
gthe|L1JFG5	0.983029541169076	E-DE	1557-1573
gthe|L1JFG5	0.983029541169076	E-EE	1557-1573
gthe|L1JGV0	0.518581081081081	E-DE	301-315
gthe|L1JGV0	0.518581081081081	E-EE	301-315
gthe|L1JGV0	0.923986486486487	S-SS	540-556
gthe|L1JGV0	0.963682432432432	S-SS	562-581
gthe|L1JID3	0.836180124223602	E-EE	530-549
gthe|L1JID3	0.906832298136646	E-DE	581-589
gthe|L1JID3	0.906832298136646	E-EE	581-589
gthe|L1JKC1	0.833836858006042	E-DE	272-282
gthe|L1JKC1	0.833836858006042	E-EE	272-282
gthe|L1JKQ4	0.219959266802444	A-AA	100-118
gthe|L1JMF6	0.843684759916493	A-AA	3224-3244
gthe|L1JMK6	0.586610486891386	E-EE	620-635
gthe|L1JVV4	0.948717948717949	E-EE	658-676
gthe|L1JVX5	0.132880698351115	A-AA	134-142
gthe|L1JWV3	0.695121951219512	E-EE	538-547
gthe|L1JWV3	0.709884467265725	E-EE	550-558
gthe|L1JYH5	0.0933014354066986	E-EE	74-84
gthe|L1JYH5	0.151913875598086	E-DE	119-137
gthe|L1JYH5	0.151913875598086	E-EE	119-137
gthe|L1JYH5	0.184808612440191	E-EE	151-160
gthe|L1K1J8	0.98567335243553	E-DE	340-350
gthe|L1K1J8	0.98567335243553	E-EE	340-350
gvio|Q7NHG5	0.0964912280701754	A-AA	35-44
halo|P13553	0.944444444444444	D-DE	326-339
hbut|A2BJN6	0.293726235741445	A-AA	151-160
hbut|A2BK32	0.992063492063492	E-EE	559-568
hrob|T1ECY7	0.981481481481482	D-DD	341-350
hrob|T1ECY7	0.981481481481482	D-DE	341-350
hrob|T1ED08	0.645	E-DE	317-330
hrob|T1ED08	0.645	E-EE	317-330
hrob|T1ED15	0.0237730061349693	S-SS	11-22
hrob|T1EDA7	0.627092846270928	S-AS	404-422
hrob|T1EDE2	0.41191381495564	D-DD	321-331
hrob|T1EDH4	0.687832699619772	D-DD	899-912
hrob|T1EDH7	0.355808523058961	S-SS	606-615
hrob|T1EDH7	0.544366608289551	D-DD	926-941
hrob|T1EDM6	0.798054919908467	D-DE	694-703
hrob|T1EDQ6	0.943359375	S-SS	478-490
hrob|T1EE80	0.546772068511199	S-SS	409-423
hrob|T1EEA9	0.0915178571428571	S-AS	36-48
hrob|T1EEA9	0.0915178571428571	S-SS	36-48
hrob|T1EEE2	0.950617283950617	S-SS	685-703
hrob|T1EEH2	0.545229244114003	D-DD	435-447
hrob|T1EEH2	0.545229244114003	D-DE	435-447
hrob|T1EEL6	0.0663551401869159	D-DD	31-42
hrob|T1EEP9	0.57397504456328	D-DD	639-651
hrob|T1EEY8	0.923997412677878	D-DE	1425-1434
hrob|T1EEZ8	0.953302961275626	D-DD	413-426
hrob|T1EF61	0.0112881806108898	S-SS	5-14
hrob|T1EFD3	0.836588541666667	E-EE	639-648
hrob|T1EFG9	0.161060802069858	S-SS	122-129
hrob|T1EFI6	0.734988880652335	D-DD	989-996
hrob|T1EFP8	0.774116523400191	D-DD	802-821
hrob|T1EFP9	0.0905947441217151	S-SS	59-74
hrob|T1EFQ5	0.988704819277108	D-DD	650-665
hrob|T1EFQ5	0.988704819277108	D-DE	650-665
hrob|T1EFW3	0.897803247373448	D-DD	934-948
hrob|T1EFX9	0.827821011673152	S-SS	422-431
hrob|T1EG35	0.965384615384615	D-DD	247-257
hrob|T1EG35	0.965384615384615	D-DE	247-257
hrob|T1EG72	0.987844408427877	S-SS	606-615
hrob|T1EG93	0.393527204502814	A-AS	416-425
hrob|T1EGH0	0.961620469083156	E-DE	1799-1811
hrob|T1EGK3	0.900073072707344	S-AS	2461-2468
hrob|T1EGK4	0.990566037735849	D-DE	784-793
hrob|T1EGL4	0.818518518518519	S-SS	215-229
hrob|T1EHR3	0.175736235595391	D-DD	270-281
hrob|T1EHR3	0.395326504481434	D-DD	612-625
hrob|T1EHR3	0.395326504481434	D-DE	612-625
hrob|T1EIY9	0.403743315508021	S-SS	147-157
hrob|T1EKC3	0.803122619954303	D-DD	1051-1060
hrob|T1EKC7	0.24203821656051	D-DD	187-195
hrob|T1EKD8	0.0117773019271949	D-DE	1-12
hrob|T1ENQ2	0.636363636363636	D-DD	458-468
hrob|T1EQH3	0.0336538461538462	E-EE	18-26
hrob|T1EST0	0.971428571428571	D-DD	609-617
hrob|T1ETX8	0.584924292297564	E-EE	885-894
hrob|T1EVL5	0.726993865030675	D-DE	1301-1308
hrob|T1F226	0.942061855670103	S-SS	2280-2291
hrob|T1FHW6	0.721970554926387	A-AA	634-643
hrob|T1FM96	0.280864197530864	S-AS	133-142
hrob|T1FM96	0.280864197530864	S-SS	133-142
hrob|T1FMZ4	0.830357142857143	D-DD	229-238
hrob|T1FMZ4	0.830357142857143	D-DE	229-238
hrob|T1FN96	0.976470588235294	S-SS	660-670
hrob|T1FND0	0.219090909090909	D-DD	116-127
hrob|T1FNQ3	0.969866071428571	E-EE	431-440
hrob|T1FNS3	0.965156794425087	D-DD	274-282
hrob|T1FP20	0.444019784172662	D-DE	984-993
hrob|T1FPL3	0.275620104438642	D-DE	841-850
hrob|T1FPL3	0.454634464751958	D-DE	1390-1398
hrob|T1FQE9	0.0910951893551689	D-DD	83-97
hrob|T1FQL3	0.340609137055838	D-DE	332-341
hrob|T1FQQ3	0.995184590690209	E-DE	2475-2487
hrob|T1FQQ3	0.995184590690209	E-EE	2475-2487
hrob|T1FQZ1	0.133863080684597	S-SS	103-118
hrob|T1FRL9	0.408271474019088	S-AS	766-776
hrob|T1FRL9	0.408271474019088	S-SS	766-776
hrob|T1FRM2	0.272893772893773	D-DE	220-229
hrob|T1FRU6	0.762979683972912	D-DD	1686-1696
hrob|T1FRU6	0.795259593679458	D-DE	1751-1774
hrob|T1FRU6	0.923702031602709	S-SS	2043-2051
hrob|T1FRV7	0.496684118673647	S-SS	1420-1428
hrob|T1FSX9	0.050531914893617	D-DE	45-52
hrob|T1FTH9	0.666157605375687	A-AA	1087-1096
hrob|T1FTU0	0.898179749715586	D-DD	3153-3165
hrob|T1FTU0	0.898179749715586	D-DE	3153-3165
hrob|T1FTU0	0.909556313993174	S-SS	3194-3204
hrob|T1FU63	0.41390134529148	D-DD	459-466
hrob|T1FUG4	0.497887323943662	S-SS	349-360
hrob|T1FUS5	0.829055441478439	D-DE	804-813
hrob|T1FV15	0.203410475030451	S-SS	160-176
hrob|T1FV40	0.979487179487179	D-DD	377-389
hrob|T1FV40	0.979487179487179	D-DE	377-389
hrob|T1FVE6	0.401563937442502	E-DE	433-442
hrob|T1FVE6	0.401563937442502	E-EE	433-442
hrob|T1FVE6	0.864765409383625	D-DD	936-946
hrob|T1FVE6	0.864765409383625	D-DE	936-946
hrob|T1FVF8	0.859032846715328	A-AA	938-947
hrob|T1FVL3	0.71583850931677	E-EE	456-468
hrob|T1FVP4	0.406626506024096	S-SS	264-278
hrob|T1FVP9	0.942477876106195	D-DE	1808-1815
hrob|T1FVP9	0.961738677771994	D-DE	1844-1853
hrob|T1FVV0	0.494655978623914	D-DE	737-746
hrob|T1FW30	0.719235895157708	D-DD	1616-1624
hrob|T1FW68	0.0845093534624221	S-AS	254-263
hrob|T1FW68	0.502461437479488	S-AS	1527-1537
hrob|T1FWW7	0.659695817490494	D-DD	689-701
hrob|T1FWW7	0.659695817490494	D-DE	689-701
hrob|T1FWW7	0.711977186311787	D-DD	745-755
hrob|T1FWW7	0.711977186311787	D-DE	745-755
hrob|T1FY89	0.406426155580609	D-DD	357-366
hrob|T1FYP4	0.651096282173499	D-DD	678-690
hrob|T1FYP4	0.698284080076263	E-DE	729-738
hrob|T1FYP4	0.698284080076263	E-EE	729-738
hrob|T1FZ27	0.139270976616231	D-DD	198-209
hrob|T1FZ27	0.947730398899587	D-DD	1374-1384
hrob|T1FZF8	0.593005952380952	S-AS	394-405
hrob|T1FZF8	0.593005952380952	S-SS	394-405
hrob|T1FZJ7	0.978328173374613	S-SS	1576-1586
hrob|T1FZJ7	0.988544891640867	S-SS	1589-1606
hrob|T1FZU1	0.99211356466877	D-DD	626-634
hrob|T1FZU1	0.99211356466877	D-DE	626-634
hrob|T1G0J2	0.624685138539043	S-SS	244-254
hrob|T1G1W1	0.284246575342466	S-AS	204-213
hrob|T1G2K7	0.959098497495826	S-SS	565-586
hrob|T1G3L5	0.812578616352201	D-DE	642-652
hrob|T1G499	0.560009267840593	D-DD	2409-2427
hrob|T1G4R0	0.868181818181818	S-SS	567-581
hrob|T1G4U0	0.103975535168196	S-SS	97-109
hrob|T1G4U0	0.272680937818553	S-SS	263-274
hrob|T1G567	0.238929889298893	D-DD	125-136
hrob|T1G5D5	0.866269841269841	D-DD	1087-1098
hrob|T1G5D5	0.91468253968254	D-DE	1149-1158
hrob|T1G7Q6	0.0504484304932735	S-SS	19-28
hrob|T1G9A6	0.769537480063796	E-EE	961-971
hrob|T1G9D0	0.703063241106719	S-SS	706-719
hrob|T1G9H9	0.0973011363636364	E-EE	65-74
hrob|T1G9I9	0.257213930348259	A-AA	255-264
hrob|T1G9I9	0.257213930348259	A-AS	255-264
hrob|T1G9P3	0.097841726618705	S-SS	65-73
hrob|T1G9P9	0.197530864197531	D-DD	109-117
hrob|T1G9P9	0.197530864197531	D-DE	109-117
hrob|T1G9T5	0.159711075441413	D-DD	95-106
hrob|T1G9T5	0.159711075441413	D-DE	95-106
hsap|ENSG00000002746.14	0.313707165109034	E-EE	500-509
hsap|ENSG00000004487.15	0.0131428571428571	A-AA	7-18
hsap|ENSG00000004487.15	0.0131428571428571	A-AS	7-18
hsap|ENSG00000004848.6	0.193404634581105	A-AA	100-119
hsap|ENSG00000004848.6	0.262923351158645	A-AA	142-155
hsap|ENSG00000004848.6	0.493761140819964	A-AA	273-283
hsap|ENSG00000004848.6	0.772727272727273	A-AA	429-440
hsap|ENSG00000004948.13	0.914201183431953	A-AA	460-469
hsap|ENSG00000005073.5	0.573717948717949	A-AA	174-186
hsap|ENSG00000005379.15	0.682650862068966	E-EE	1262-1274
hsap|ENSG00000005379.15	0.721443965517241	E-EE	1334-1346
hsap|ENSG00000005889.15	0.444839857651246	A-AA	372-380
hsap|ENSG00000006071.11	0.615749525616698	E-EE	970-979
hsap|ENSG00000006118.14	0.810850439882698	E-EE	825-836
hsap|ENSG00000006432.15	0.0295434198746643	E-EE	30-38
hsap|ENSG00000006459.10	0.0117021276595745	A-AA	4-20
hsap|ENSG00000006704.10	0.956410256410256	S-SS	927-940
hsap|ENSG00000006712.14	0.717924528301887	E-EE	375-388
hsap|ENSG00000006715.15	0.0252051582649472	E-EE	18-27
hsap|ENSG00000008083.13	0.995983935742972	S-SS	1236-1246
hsap|ENSG00000008128.22	0.379795396419437	E-EE	292-304
hsap|ENSG00000008128.22	0.403452685421995	E-EE	309-324
hsap|ENSG00000008130.15	0.991525423728814	E-EE	582-590
hsap|ENSG00000008300.14	0.144971307762005	A-AA	477-485
hsap|ENSG00000008735.13	0.117861482381531	E-EE	93-103
hsap|ENSG00000008853.16	0.990641711229946	S-SS	738-746
hsap|ENSG00000009954.10	0.854251012145749	E-EE	1258-1276
hsap|ENSG00000010322.15	0.426480372588157	E-EE	637-647
hsap|ENSG00000010322.15	0.451097804391218	E-EE	672-686
hsap|ENSG00000011260.13	0.108108108108108	A-AA	56-66
hsap|ENSG00000011304.17	0.6396933560477	A-AA	373-380
hsap|ENSG00000012174.11	0.234555984555985	S-SS	109-136
hsap|ENSG00000012211.12	0.894951140065147	S-SS	544-557
hsap|ENSG00000014164.6	0.407074973600845	S-SS	382-391
hsap|ENSG00000014164.6	0.922386483632524	S-SS	868-881
hsap|ENSG00000019144.16	0.716933139534884	S-SS	983-992
hsap|ENSG00000025796.13	0.991436100131752	E-EE	750-757
hsap|ENSG00000028137.16	0.714130434782609	S-SS	325-334
hsap|ENSG00000029363.15	0.821001088139282	S-SS	751-760
hsap|ENSG00000030304.13	0.557027649769585	S-SS	480-489
hsap|ENSG00000037965.5	0.964730290456432	E-EE	228-239
hsap|ENSG00000038219.12	0.980327868852459	E-EE	2985-2997
hsap|ENSG00000038358.14	0.442142857142857	S-SS	611-629
hsap|ENSG00000040199.18	0.0655858511422255	S-SS	85-95
hsap|ENSG00000040633.12	0.630597014925373	E-EE	248-261
hsap|ENSG00000043355.10	0.0527306967984934	A-AA	25-33
hsap|ENSG00000043355.10	0.173258003766478	A-AA	89-97
hsap|ENSG00000043355.10	0.872881355932203	A-AA	456-473
hsap|ENSG00000044090.8	0.817798989331836	E-EE	1453-1462
hsap|ENSG00000048342.15	0.138357010500309	E-EE	221-229
hsap|ENSG00000048649.13	0.610069444444444	E-EE	875-884
hsap|ENSG00000048649.13	0.893402777777778	E-EE	1283-1292
hsap|ENSG00000048740.17	0.553571428571429	A-AA	291-300
hsap|ENSG00000049618.21	0.152135231316726	A-AA	336-350
hsap|ENSG00000049618.21	0.152135231316726	A-AS	336-350
hsap|ENSG00000052749.13	0.816358024691358	E-DE	1054-1064
hsap|ENSG00000052749.13	0.816358024691358	E-EE	1054-1064
hsap|ENSG00000052795.12	0.0920934411500449	S-SS	95-112
hsap|ENSG00000052795.12	0.232704402515723	S-SS	255-265
hsap|ENSG00000053254.15	0.726993865030675	S-SS	352-361
hsap|ENSG00000054118.13	0.819706498951782	S-SS	777-789
hsap|ENSG00000054267.20	0.214721586575133	E-EE	277-288
hsap|ENSG00000054267.20	0.416857360793288	E-EE	540-555
hsap|ENSG00000054267.20	0.975591151792525	S-SS	1275-1285
hsap|ENSG00000054523.17	0.400658616904501	E-EE	726-736
hsap|ENSG00000054598.6	0.481884057971014	S-SS	262-272
hsap|ENSG00000054598.6	0.886775362318841	A-AA	486-495
hsap|ENSG00000055813.5	0.0153985507246377	A-AA	4-15
hsap|ENSG00000055917.15	0.44967074317968	A-AA	474-484
hsap|ENSG00000056097.15	0.0358807082945014	A-AA	36-43
hsap|ENSG00000056097.15	0.0927306616961789	A-AA	96-105
hsap|ENSG00000056097.15	0.157968313140727	A-AA	166-175
hsap|ENSG00000056097.15	0.274930102516309	A-AA	290-302
hsap|ENSG00000057019.15	0.0298223350253807	A-AA	20-29
hsap|ENSG00000061455.10	0.169191919191919	A-AA	97-106
hsap|ENSG00000063169.10	0.815586914688903	S-SS	1265-1280
hsap|ENSG00000064651.13	0.0821635012386457	A-AA	90-111
hsap|ENSG00000064932.15	0.136630036630037	E-EE	183-192
hsap|ENSG00000065526.10	0.0788970788970789	S-SS	278-302
hsap|ENSG00000065609.14	0.586644591611479	A-AA	526-539
hsap|ENSG00000065618.16	0.865641711229946	S-SS	1292-1300
hsap|ENSG00000065883.14	0.0466578424884183	A-AA	67-76
hsap|ENSG00000066084.12	0.145714285714286	S-SS	227-234
hsap|ENSG00000066248.14	0.310296191819464	E-EE	216-226
hsap|ENSG00000067334.13	0.689403973509934	E-EE	517-526
hsap|ENSG00000067646.11	0.415	A-AA	329-337
hsap|ENSG00000067798.13	0.785025167785235	S-SS	1867-1878
hsap|ENSG00000068654.15	0.83391506689936	E-EE	1430-1439
hsap|ENSG00000069020.18	0.507055682684973	S-SS	1326-1335
hsap|ENSG00000069431.10	0.617571059431525	E-EE	951-963
hsap|ENSG00000070423.17	0.951612903225806	S-SS	289-303
hsap|ENSG00000070495.14	0.843825665859564	S-SS	340-359
hsap|ENSG00000070729.13	0.2892	E-EE	351-374
hsap|ENSG00000070756.13	0.78503937007874	A-AA	495-504
hsap|ENSG00000071243.15	0.761390887290168	S-SS	308-329
hsap|ENSG00000071553.16	0.0767590618336887	A-AA	33-41
hsap|ENSG00000071655.17	0.95	E-EE	272-281
hsap|ENSG00000071859.14	0.383136094674556	E-EE	125-136
hsap|ENSG00000072952.18	0.900658616904501	E-EE	817-826
hsap|ENSG00000073910.19	0.583831341301461	S-SS	1755-1764
hsap|ENSG00000074047.20	0.0261829652996845	A-AA	38-47
hsap|ENSG00000074356.16	0.563004846526656	E-EE	340-359
hsap|ENSG00000074621.13	0.795992714025501	E-DE	860-890
hsap|ENSG00000074621.13	0.795992714025501	E-EE	860-890
hsap|ENSG00000074855.10	0.483346872461414	E-EE	588-604
hsap|ENSG00000075151.20	0.0307388606880993	A-AA	52-59
hsap|ENSG00000075151.20	0.0411731528482797	A-AA	66-82
hsap|ENSG00000075539.13	0.569555112881806	S-SS	1712-1721
hsap|ENSG00000076650.6	0.96505376344086	S-SS	894-903
hsap|ENSG00000076685.18	0.99375	E-EE	554-561
hsap|ENSG00000077097.13	0.850769230769231	D-DD	1379-1388
hsap|ENSG00000077097.13	0.850769230769231	D-DE	1379-1388
hsap|ENSG00000077264.14	0.369602763385147	E-DE	208-222
hsap|ENSG00000077264.14	0.369602763385147	E-EE	208-222
hsap|ENSG00000077458.12	0.457100591715976	S-SS	151-160
hsap|ENSG00000078618.19	0.121510673234811	E-EE	144-154
hsap|ENSG00000078674.17	0.309194265941671	E-EE	622-631
hsap|ENSG00000079313.11	0.479918032786885	S-SS	581-592
hsap|ENSG00000079432.7	0.024074810982889	E-EE	57-66
hsap|ENSG00000079819.16	0.73804780876494	S-SS	736-748
hsap|ENSG00000080224.17	0.0513728963684677	E-EE	55-63
hsap|ENSG00000080503.20	0.958149779735683	E-EE	1518-1529
hsap|ENSG00000080709.14	0.0920826161790017	A-AA	51-58
hsap|ENSG00000081913.13	0.0186480186480186	A-AA	21-45
hsap|ENSG00000082068.8	0.237366003062787	E-DE	148-164
hsap|ENSG00000082068.8	0.237366003062787	E-EE	148-164
hsap|ENSG00000082258.12	0.881344307270233	S-SS	637-650
hsap|ENSG00000082497.11	0.630985915492958	S-SS	218-232
hsap|ENSG00000082641.15	0.652399481193256	S-SS	491-517
hsap|ENSG00000083168.9	0.395406889665502	E-EE	788-798
hsap|ENSG00000083168.9	0.535446829755367	E-EE	1069-1078
hsap|ENSG00000083223.17	0.569946452476573	E-EE	846-859
hsap|ENSG00000083312.17	0.412486064659978	D-DD	366-376
hsap|ENSG00000083312.17	0.412486064659978	D-DE	366-376
hsap|ENSG00000083457.11	0.160865874363328	E-EE	183-198
hsap|ENSG00000083896.12	0.32425068119891	E-EE	227-251
hsap|ENSG00000084234.16	0.291338582677165	E-EE	215-231
hsap|ENSG00000085185.15	0.771345029239766	E-EE	1316-1324
hsap|ENSG00000085224.20	0.583500602167804	E-EE	1443-1466
hsap|ENSG00000085511.19	0.743621655258245	A-AA	1190-1202
hsap|ENSG00000086015.20	0.7220367278798	S-SS	1294-1303
hsap|ENSG00000086758.15	0.557397667505145	E-DE	2434-2443
hsap|ENSG00000086758.15	0.557397667505145	E-EE	2434-2443
hsap|ENSG00000087095.12	0.144486692015209	A-AA	71-83
hsap|ENSG00000087095.12	0.144486692015209	A-AS	71-83
hsap|ENSG00000087365.14	0.807046979865772	E-DE	716-729
hsap|ENSG00000087365.14	0.807046979865772	E-EE	716-729
hsap|ENSG00000088812.17	0.0588235294117647	A-AA	81-89
hsap|ENSG00000089157.15	0.919303797468354	A-AA	287-296
hsap|ENSG00000089902.9	0.0578512396694215	A-AA	21-37
hsap|ENSG00000089902.9	0.119834710743802	A-AA	54-64
hsap|ENSG00000090372.14	0.0118577075098814	A-AA	6-14
hsap|ENSG00000090924.14	0.431046931407942	E-EE	593-603
hsap|ENSG00000091536.16	0.843156701615188	A-AA	2972-2981
hsap|ENSG00000091542.8	0.0966921119592875	A-AA	30-48
hsap|ENSG00000092108.20	0.0101404056162246	A-AA	2-13
hsap|ENSG00000092201.9	0.420172084130019	E-DE	435-446
hsap|ENSG00000092201.9	0.420172084130019	E-EE	435-446
hsap|ENSG00000092203.13	0.691935483870968	A-AA	426-434
hsap|ENSG00000092853.13	0.472346786248132	E-EE	629-637
hsap|ENSG00000092853.13	0.494394618834081	E-EE	653-672
hsap|ENSG00000095015.5	0.281601588352085	S-SS	422-431
hsap|ENSG00000095713.13	0.953787878787879	A-AA	622-639
hsap|ENSG00000096070.19	0.352574750830565	E-EE	419-432
hsap|ENSG00000099290.15	0.339925373134328	D-DD	452-461
hsap|ENSG00000099308.10	0.0791284403669725	S-SS	100-109
hsap|ENSG00000099381.16	0.202520515826495	S-SS	336-357
hsap|ENSG00000099381.16	0.612837045720985	S-SS	1031-1062
hsap|ENSG00000099381.16	0.800703399765533	E-EE	1359-1375
hsap|ENSG00000100029.17	0.81175468483816	E-DE	473-482
hsap|ENSG00000100029.17	0.81175468483816	E-EE	473-482
hsap|ENSG00000100083.18	0.736641221374046	S-SS	479-488
hsap|ENSG00000100139.13	0.500580046403712	E-EE	428-437
hsap|ENSG00000100207.18	0.0331801939765186	A-AA	62-70
hsap|ENSG00000100207.18	0.123532414497192	S-SS	237-249
hsap|ENSG00000100226.15	0.0464071856287425	A-AA	28-36
hsap|ENSG00000100226.15	0.0464071856287425	A-AS	28-36
hsap|ENSG00000100320.22	0.893333333333333	A-AA	397-409
hsap|ENSG00000100353.17	0.983546617915905	E-EE	531-547
hsap|ENSG00000100401.19	0.645051194539249	E-DE	361-397
hsap|ENSG00000100401.19	0.645051194539249	E-EE	361-397
hsap|ENSG00000100461.17	0.89041095890411	A-AA	385-397
hsap|ENSG00000100580.7	0.762345679012346	E-EE	242-254
hsap|ENSG00000100596.6	0.0659536541889483	A-AA	34-42
hsap|ENSG00000100604.12	0.382675438596491	E-EE	172-179
hsap|ENSG00000100604.12	0.508771929824561	E-EE	228-238
hsap|ENSG00000100625.8	0.0961538461538462	A-AA	71-81
hsap|ENSG00000100784.9	0.943548387096774	S-SS	756-767
hsap|ENSG00000100813.14	0.207089552238806	E-EE	270-287
hsap|ENSG00000100813.14	0.43544776119403	S-SS	576-593
hsap|ENSG00000100813.14	0.701119402985075	E-EE	936-945
hsap|ENSG00000100836.10	0.0229508196721311	A-AA	2-14
hsap|ENSG00000100888.12	0.808333333333333	S-AS	2079-2094
hsap|ENSG00000100888.12	0.808333333333333	S-SS	2079-2094
hsap|ENSG00000100941.8	0.830307262569832	S-SS	573-618
hsap|ENSG00000100941.8	0.872905027932961	S-SS	621-631
hsap|ENSG00000100982.11	0.963726884779516	S-SS	673-684
hsap|ENSG00000101216.10	0.11531190926276	A-AA	57-67
hsap|ENSG00000101350.7	0.53485254691689	E-DE	394-406
hsap|ENSG00000101350.7	0.53485254691689	E-EE	394-406
hsap|ENSG00000101746.15	0.928571428571429	S-SS	588-597
hsap|ENSG00000101849.15	0.288194444444444	A-AA	159-175
hsap|ENSG00000101849.15	0.288194444444444	A-AS	159-175
hsap|ENSG00000101892.11	0.171348314606742	E-EE	52-72
hsap|ENSG00000101935.9	0.338855421686747	S-SS	109-118
hsap|ENSG00000102001.12	0.412955465587045	E-EE	809-825
hsap|ENSG00000102226.9	0.0566528066528067	A-AA	48-63
hsap|ENSG00000102302.7	0.358333333333333	E-EE	340-350
hsap|ENSG00000102471.13	0.585074626865672	A-AA	192-202
hsap|ENSG00000102837.6	0.0952848722986248	S-SS	42-57
hsap|ENSG00000103326.10	0.121658986175115	E-EE	128-138
hsap|ENSG00000103335.19	0.753373015873016	E-EE	1895-1904
hsap|ENSG00000103449.11	0.116024187452759	S-SS	150-159
hsap|ENSG00000103495.13	0.209349593495935	A-AA	96-112
hsap|ENSG00000103544.14	0.139391056137012	S-AS	142-153
hsap|ENSG00000103544.14	0.139391056137012	S-SS	142-153
hsap|ENSG00000103723.12	0.715	S-SS	783-792
hsap|ENSG00000104517.12	0.54735525375268	S-SS	1528-1537
hsap|ENSG00000104517.12	0.630986418870622	A-AA	1762-1771
hsap|ENSG00000104679.10	0.62839248434238	E-EE	297-307
hsap|ENSG00000104722.13	0.545901639344262	E-EE	496-505
hsap|ENSG00000104722.13	0.578688524590164	E-EE	522-539
hsap|ENSG00000104859.14	0.508915304606241	A-AA	339-348
hsap|ENSG00000104859.14	0.566121842496285	S-SS	377-387
hsap|ENSG00000104859.14	0.585438335809807	S-SS	390-400
hsap|ENSG00000104941.7	0.51536312849162	E-EE	364-376
hsap|ENSG00000104941.7	0.986731843575419	E-EE	701-714
hsap|ENSG00000104967.6	0.495926680244399	A-AA	240-249
hsap|ENSG00000104967.6	0.786150712830957	A-AA	383-391
hsap|ENSG00000105063.18	0.769318181818182	E-EE	671-685
hsap|ENSG00000105176.17	0.574906367041198	D-DD	299-317
hsap|ENSG00000105229.6	0.949901768172888	E-EE	477-492
hsap|ENSG00000105270.14	0.0357142857142857	E-EE	16-25
hsap|ENSG00000105287.12	0.270011273957159	S-SS	236-245
hsap|ENSG00000105321.12	0.819811320754717	E-EE	431-440
hsap|ENSG00000105393.15	0.0411585365853659	E-EE	11-18
hsap|ENSG00000105447.12	0.289887640449438	E-DE	124-136
hsap|ENSG00000105447.12	0.289887640449438	E-EE	124-136
hsap|ENSG00000105650.21	0.941631504922644	E-EE	663-678
hsap|ENSG00000105698.15	0.0359195402298851	A-AA	9-18
hsap|ENSG00000105701.15	0.0946601941747573	E-EE	34-46
hsap|ENSG00000105722.9	0.670018281535649	S-SS	362-373
hsap|ENSG00000105866.13	0.159642401021711	S-SS	122-130
hsap|ENSG00000105877.17	0.00840336134453781	E-EE	34-44
hsap|ENSG00000105996.6	0.308	A-AA	112-121
hsap|ENSG00000106031.7	0.114987080103359	A-AA	38-53
hsap|ENSG00000106031.7	0.200258397932817	A-AA	73-84
hsap|ENSG00000106031.7	0.319121447028424	A-AA	116-133
hsap|ENSG00000106031.7	0.520671834625323	A-AA	198-207
hsap|ENSG00000106123.11	0.165523996082272	S-SS	163-177
hsap|ENSG00000106278.11	0.615600691443388	D-DD	1420-1431
hsap|ENSG00000106415.12	0.0119047619047619	S-SS	2-13
hsap|ENSG00000106462.10	0.248666666666667	D-DD	183-192
hsap|ENSG00000106462.10	0.248666666666667	D-DE	183-192
hsap|ENSG00000106536.19	0.442753623188406	A-AA	302-311
hsap|ENSG00000106536.19	0.657246376811594	S-SS	448-461
hsap|ENSG00000106624.8	0.974935177182368	E-EE	1122-1136
hsap|ENSG00000106665.15	0.305741626794258	S-SS	316-325
hsap|ENSG00000106689.10	0.478102189781022	A-AA	190-205
hsap|ENSG00000106780.8	0.0482529118136439	A-AA	24-36
hsap|ENSG00000106799.12	0.041501976284585	A-AA	18-26
hsap|ENSG00000106819.11	0.114775725593668	D-DD	36-53
hsap|ENSG00000106823.12	0.39541547277937	E-EE	270-284
hsap|ENSG00000106829.18	0.548507462686567	A-AA	437-447
hsap|ENSG00000106948.16	0.544506258692629	E-EE	778-790
hsap|ENSG00000107104.18	0.766839378238342	E-EE	1033-1041
hsap|ENSG00000107816.17	0.286676646706587	S-SS	188-197
hsap|ENSG00000107859.9	0.81063122923588	A-AA	240-250
hsap|ENSG00000107864.14	0.330703012912482	A-AA	225-238
hsap|ENSG00000107957.16	0.623674911660777	S-SS	702-712
hsap|ENSG00000108175.16	0.268761726078799	A-AA	280-295
hsap|ENSG00000108239.8	0.0742894056847545	E-EE	54-63
hsap|ENSG00000108256.8	0.547550432276657	S-SS	376-386
hsap|ENSG00000108312.14	0.984272608125819	S-SS	745-759
hsap|ENSG00000108509.20	0.254838709677419	S-SS	312-322
hsap|ENSG00000108557.17	0.85748031496063	S-SS	1628-1641
hsap|ENSG00000108592.16	0.426713947990544	E-EE	358-366
hsap|ENSG00000108883.12	0.0406797116374871	D-DD	34-47
hsap|ENSG00000108883.12	0.0406797116374871	D-DE	34-47
hsap|ENSG00000109132.6	0.517571884984026	A-AA	159-167
hsap|ENSG00000109132.6	0.797124600638978	A-AA	241-260
hsap|ENSG00000109851.6	0.973684210526316	E-EE	329-339
hsap|ENSG00000110092.3	0.935374149659864	E-EE	272-280
hsap|ENSG00000110429.13	0.906382978723404	E-EE	419-435
hsap|ENSG00000110697.12	0.252212389380531	S-SS	310-319
hsap|ENSG00000110811.19	0.948979591836735	E-EE	693-704
hsap|ENSG00000110917.7	0.802405498281787	E-EE	228-241
hsap|ENSG00000111087.9	0.494117647058824	S-SS	543-551
hsap|ENSG00000111249.13	0.543771043771044	S-SS	804-813
hsap|ENSG00000111602.11	0.555923777961889	E-EE	666-678
hsap|ENSG00000111641.10	0.136416861826698	E-DE	113-122
hsap|ENSG00000111641.10	0.136416861826698	E-EE	113-122
hsap|ENSG00000111641.10	0.217213114754098	E-DE	182-191
hsap|ENSG00000111641.10	0.217213114754098	E-EE	182-191
hsap|ENSG00000111642.14	0.116477272727273	A-AA	221-232
hsap|ENSG00000111644.7	0.412361623616236	E-EE	220-229
hsap|ENSG00000111676.14	0.328427249789739	S-SS	386-397
hsap|ENSG00000111676.14	0.481917577796468	S-SS	569-579
hsap|ENSG00000111834.12	0.714685314685315	E-EE	507-517
hsap|ENSG00000111834.12	0.797902097902098	E-EE	567-576
hsap|ENSG00000112041.12	0.228280961182994	E-DE	115-134
hsap|ENSG00000112041.12	0.228280961182994	E-EE	115-134
hsap|ENSG00000112137.16	0.687392055267703	E-DE	395-403
hsap|ENSG00000112137.16	0.687392055267703	E-EE	395-403
hsap|ENSG00000112242.14	0.0549568965517241	A-AA	22-31
hsap|ENSG00000112242.14	0.106681034482759	A-AA	45-56
hsap|ENSG00000112406.4	0.0636531365313653	A-AA	31-40
hsap|ENSG00000112406.4	0.143911439114391	A-AA	73-85
hsap|ENSG00000112659.13	0.666534181240064	E-EE	1671-1685
hsap|ENSG00000112715.20	0.237226277372263	E-EE	93-104
hsap|ENSG00000112941.13	0.139064475347661	S-SS	105-117
hsap|ENSG00000112941.13	0.166877370417193	S-SS	129-137
hsap|ENSG00000113368.11	0.947863247863248	E-EE	552-559
hsap|ENSG00000113645.13	0.236583184257603	S-SS	261-270
hsap|ENSG00000113645.13	0.769677996422182	E-EE	855-868
hsap|ENSG00000113716.12	0.99316851008458	E-EE	1523-1532
hsap|ENSG00000113758.13	0.48342939481268	S-SS	331-342
hsap|ENSG00000114439.18	0.0473404255319149	E-EE	41-50
hsap|ENSG00000114631.10	0.278973509933775	E-EE	162-177
hsap|ENSG00000114631.10	0.302152317880795	E-EE	179-188
hsap|ENSG00000114767.6	0.142405063291139	E-DE	64-73
hsap|ENSG00000114767.6	0.142405063291139	E-EE	64-73
hsap|ENSG00000114853.13	0.382037533512064	E-EE	278-294
hsap|ENSG00000114853.13	0.440348525469169	E-EE	324-335
hsap|ENSG00000114857.17	0.14031485284052	S-SS	198-214
hsap|ENSG00000114867.19	0.290654205607477	E-EE	461-474
hsap|ENSG00000114923.16	0.11248012718601	E-EE	136-149
hsap|ENSG00000115053.15	0.275035260930889	D-DD	191-201
hsap|ENSG00000115053.15	0.275035260930889	D-DE	191-201
hsap|ENSG00000115053.15	0.352609308885755	D-DD	241-261
hsap|ENSG00000115053.15	0.372355430183357	E-EE	259-271
hsap|ENSG00000115241.10	0.560550458715596	E-EE	302-311
hsap|ENSG00000115310.17	0.0314861460957179	E-EE	30-47
hsap|ENSG00000115464.14	0.703244005641749	E-DE	2489-2499
hsap|ENSG00000115464.14	0.703244005641749	E-EE	2489-2499
hsap|ENSG00000115507.9	0.392351274787535	S-SS	133-146
hsap|ENSG00000115760.13	0.342462932454695	A-AA	1660-1668
hsap|ENSG00000116017.10	0.255912162162162	E-EE	148-157
hsap|ENSG00000116017.10	0.735641891891892	A-AA	432-441
hsap|ENSG00000116127.17	0.00443964482841373	E-EE	11-28
hsap|ENSG00000116254.17	0.10752688172043	A-AA	206-216
hsap|ENSG00000116514.16	0.125170998632011	A-AA	88-97
hsap|ENSG00000116521.10	0.966763005780347	A-AA	331-340
hsap|ENSG00000116580.18	0.681696428571429	E-EE	1523-1533
hsap|ENSG00000116690.12	0.121525302922309	S-SS	166-177
hsap|ENSG00000116731.22	0.159580663948748	E-EE	268-282
hsap|ENSG00000116731.22	0.618520675596971	S-SS	1052-1074
hsap|ENSG00000116852.14	0.359107579462103	E-EE	584-593
hsap|ENSG00000116863.10	0.0138121546961326	A-AA	2-10
hsap|ENSG00000116903.7	0.154005524861878	A-AA	108-117
hsap|ENSG00000117569.18	0.603544776119403	A-AA	320-329
hsap|ENSG00000117597.17	0.117880794701987	E-EE	84-96
hsap|ENSG00000117713.17	0.113178633975482	S-AS	254-265
hsap|ENSG00000117713.17	0.113178633975482	S-SS	254-265
hsap|ENSG00000117713.17	0.150175131348511	A-AA	339-349
hsap|ENSG00000117713.17	0.150175131348511	A-AS	339-349
hsap|ENSG00000117713.17	0.778239929947461	E-EE	1774-1783
hsap|ENSG00000118058.20	0.0156131956685973	A-AA	59-67
hsap|ENSG00000118058.20	0.0231679677663057	S-SS	85-101
hsap|ENSG00000118096.7	0.247175141242938	D-DD	85-92
hsap|ENSG00000118369.12	0.699115044247788	E-EE	707-717
hsap|ENSG00000118412.12	0.763825469304921	S-SS	1502-1511
hsap|ENSG00000118729.11	0.948492462311558	D-DD	374-383
hsap|ENSG00000118729.11	0.986180904522613	D-DD	389-398
hsap|ENSG00000118762.7	0.103412616339193	E-EE	95-107
hsap|ENSG00000118785.13	0.28594249201278	D-DD	86-95
hsap|ENSG00000118922.16	0.286783042394015	S-SS	111-121
hsap|ENSG00000119041.10	0.11638418079096	E-DE	94-114
hsap|ENSG00000119041.10	0.11638418079096	E-EE	94-114
hsap|ENSG00000119042.16	0.618169398907104	S-SS	449-458
hsap|ENSG00000119283.15	0.19309462915601	S-SS	148-156
hsap|ENSG00000119321.8	0.994368463395012	D-DD	1233-1241
hsap|ENSG00000119547.5	0.191848906560636	A-AA	94-101
hsap|ENSG00000119596.17	0.0979020979020979	S-SS	206-216
hsap|ENSG00000119669.4	0.116352201257862	A-AA	85-102
hsap|ENSG00000119669.4	0.19811320754717	A-AA	153-164
hsap|ENSG00000119669.4	0.393710691823899	S-SS	309-319
hsap|ENSG00000119707.13	0.692992874109264	E-EE	580-589
hsap|ENSG00000119866.20	0.593525179856115	E-EE	485-507
hsap|ENSG00000119919.10	0.764462809917355	A-AA	271-286
hsap|ENSG00000119946.10	0.00526315789473684	A-AA	2-10
hsap|ENSG00000120458.10	0.167562724014337	A-AA	91-98
hsap|ENSG00000120549.16	0.762615859938208	E-EE	1477-1487
hsap|ENSG00000120645.11	0.487722269263336	E-EE	572-582
hsap|ENSG00000120696.8	0.469253294289898	S-SS	317-326
hsap|ENSG00000121068.13	0.0907172995780591	A-AA	58-73
hsap|ENSG00000121068.13	0.0907172995780591	A-AS	58-73
hsap|ENSG00000121068.13	0.821378340365682	A-AA	581-589
hsap|ENSG00000121068.13	0.838959212376934	A-AA	592-603
hsap|ENSG00000121297.6	0.143055555555556	S-SS	149-162
hsap|ENSG00000122515.14	0.165401301518438	A-AA	147-160
hsap|ENSG00000122779.16	0.0119161105815062	A-AA	8-19
hsap|ENSG00000122877.13	0.638947368421053	A-AA	300-309
hsap|ENSG00000122912.14	0.0196374622356495	A-AA	2-13
hsap|ENSG00000122965.10	0.749217935349322	E-DE	714-725
hsap|ENSG00000122965.10	0.749217935349322	E-EE	714-725
hsap|ENSG00000123095.5	0.834719334719335	A-AA	394-411
hsap|ENSG00000123307.3	0.178787878787879	E-EE	55-65
hsap|ENSG00000123358.19	0.21505376344086	S-SS	136-146
hsap|ENSG00000123636.17	0.600599907706507	D-DD	1296-1309
hsap|ENSG00000123636.17	0.600599907706507	D-DE	1296-1309
hsap|ENSG00000124134.8	0.482857142857143	A-AA	250-259
hsap|ENSG00000124177.14	0.689019896831245	E-EE	1866-1876
hsap|ENSG00000124260.11	0.14945652173913	S-SS	50-62
hsap|ENSG00000124496.12	0.805988515176374	E-EE	976-991
hsap|ENSG00000124766.5	0.818181818181818	S-SS	379-397
hsap|ENSG00000124784.8	0.119047619047619	D-DD	64-73
hsap|ENSG00000124784.8	0.119047619047619	D-DE	64-73
hsap|ENSG00000124795.14	0.113636363636364	E-EE	38-49
hsap|ENSG00000124813.20	0.147874306839187	A-AA	73-89
hsap|ENSG00000125285.5	0.510909090909091	A-AA	137-146
hsap|ENSG00000125285.5	0.578181818181818	A-AA	154-166
hsap|ENSG00000125285.5	0.772727272727273	A-AA	208-219
hsap|ENSG00000125386.14	0.71875	E-EE	905-914
hsap|ENSG00000125686.11	0.69873417721519	S-SS	1099-1111
hsap|ENSG00000125686.11	0.806962025316456	S-SS	1269-1283
hsap|ENSG00000125812.15	0.427464788732394	E-EE	298-311
hsap|ENSG00000125816.4	0.23371104815864	A-AA	76-91
hsap|ENSG00000125817.7	0.699832775919732	E-EE	404-435
hsap|ENSG00000125817.7	0.880434782608696	D-DD	523-532
hsap|ENSG00000125817.7	0.880434782608696	D-DE	523-532
hsap|ENSG00000125827.8	0.794540229885057	E-EE	273-282
hsap|ENSG00000126016.13	0.848568790397045	A-AA	914-926
hsap|ENSG00000126368.5	0.139477977161501	S-SS	80-93
hsap|ENSG00000126461.14	0.211289092295957	E-EE	268-288
hsap|ENSG00000126461.14	0.625476735316552	S-SS	814-828
hsap|ENSG00000126461.14	0.785278413424866	E-EE	1022-1039
hsap|ENSG00000126746.17	0.815972222222222	A-AA	466-476
hsap|ENSG00000126883.16	0.851842987075156	S-SS	1776-1785
hsap|ENSG00000127022.14	0.895093062605753	E-EE	526-534
hsap|ENSG00000127152.17	0.599104143337066	E-EE	529-543
hsap|ENSG00000127481.14	0.527209571593979	D-DD	2728-2738
hsap|ENSG00000127481.14	0.645117715167889	S-SS	3339-3349
hsap|ENSG00000127616.17	0.434821428571429	E-EE	727-736
hsap|ENSG00000127616.17	0.958630952380952	E-EE	1605-1618
hsap|ENSG00000127837.9	0.133640552995392	E-EE	54-64
hsap|ENSG00000128596.16	0.0195143104943625	E-EE	15-32
hsap|ENSG00000128604.18	0.281676413255361	E-EE	142-149
hsap|ENSG00000128713.12	0.341246290801187	A-AA	108-124
hsap|ENSG00000128714.5	0.184210526315789	A-AA	57-71
hsap|ENSG00000128714.5	0.255847953216374	S-SS	85-92
hsap|ENSG00000128908.15	0.945337620578778	A-AA	1465-1477
hsap|ENSG00000128923.10	0.918548387096774	A-AA	567-574
hsap|ENSG00000129315.9	0.777931034482759	S-SS	560-570
hsap|ENSG00000129347.19	0.371468926553672	E-EE	256-272
hsap|ENSG00000129933.20	0.0138888888888889	A-AA	2-17
hsap|ENSG00000129951.18	0.641610738255034	E-EE	469-489
hsap|ENSG00000129951.18	0.791275167785235	S-SS	586-595
hsap|ENSG00000130175.9	0.605805243445693	E-DE	313-336
hsap|ENSG00000130175.9	0.605805243445693	E-EE	313-336
hsap|ENSG00000130294.14	0.510614525139665	E-DE	908-922
hsap|ENSG00000130294.14	0.510614525139665	E-EE	908-922
hsap|ENSG00000130382.8	0.681899641577061	S-SS	374-389
hsap|ENSG00000130449.5	0.144151565074135	A-AA	164-188
hsap|ENSG00000130477.14	0.199593259732714	E-EE	339-350
hsap|ENSG00000130528.11	0.281518624641834	E-EE	191-204
hsap|ENSG00000130528.11	0.361747851002865	D-DD	246-261
hsap|ENSG00000130528.11	0.774355300859599	E-EE	533-550
hsap|ENSG00000130528.11	0.820200573065903	E-EE	568-579
hsap|ENSG00000130675.14	0.31625	A-AA	121-134
hsap|ENSG00000130675.14	0.4275	A-AA	168-176
hsap|ENSG00000130706.12	0.509852216748768	S-SS	203-213
hsap|ENSG00000130711.3	0.957650273224044	A-AA	344-359
hsap|ENSG00000130726.11	0.00959232613908873	A-AA	2-16
hsap|ENSG00000130751.9	0.366723259762309	S-SS	212-222
hsap|ENSG00000130813.17	0.962068965517241	E-EE	274-286
hsap|ENSG00000130940.14	0.968714448236633	D-DD	1694-1714
hsap|ENSG00000130940.14	0.968714448236633	D-DE	1694-1714
hsap|ENSG00000131263.12	0.747993579454254	S-SS	453-481
hsap|ENSG00000131370.15	0.0583700440528634	E-EE	23-32
hsap|ENSG00000131437.15	0.571034482758621	S-SS	411-419
hsap|ENSG00000132005.8	0.95040899795501	E-EE	925-936
hsap|ENSG00000132153.14	0.180589680589681	E-EE	216-227
hsap|ENSG00000132359.13	0.878600823045268	S-SS	637-646
hsap|ENSG00000132424.14	0.640547263681592	S-SS	510-522
hsap|ENSG00000132424.14	0.66728855721393	S-SS	532-543
hsap|ENSG00000132463.13	0.180584551148225	A-AA	83-92
hsap|ENSG00000132466.17	0.80630284396618	S-SS	2095-2103
hsap|ENSG00000132467.3	0.157949790794979	E-EE	72-81
hsap|ENSG00000132467.3	0.329497907949791	E-EE	153-164
hsap|ENSG00000132485.12	0.645833333333333	S-SS	213-223
hsap|ENSG00000132510.10	0.238845925044616	S-SS	399-406
hsap|ENSG00000132517.14	0.54586129753915	E-EE	241-249
hsap|ENSG00000132554.19	0.214568487727633	E-EE	267-277
hsap|ENSG00000132692.18	0.513736263736264	E-EE	460-477
hsap|ENSG00000132716.18	0.176174496644295	E-EE	100-112
hsap|ENSG00000132792.18	0.124338624338624	E-EE	68-75
hsap|ENSG00000133114.17	0.246312684365782	D-DD	81-88
hsap|ENSG00000133124.11	0.103105095541401	A-AA	124-137
hsap|ENSG00000133124.11	0.960589171974522	A-AA	1203-1212
hsap|ENSG00000133226.16	0.389802631578947	S-SS	349-364
hsap|ENSG00000133226.16	0.538377192982456	S-SS	487-497
hsap|ENSG00000133226.16	0.929824561403509	A-AA	845-853
hsap|ENSG00000133243.8	0.0887404580152672	A-AA	41-54
hsap|ENSG00000133606.10	0.0415800415800416	A-AA	16-26
hsap|ENSG00000133858.15	0.0374748490945674	S-SS	72-79
hsap|ENSG00000134595.7	0.539325842696629	A-AA	234-248
hsap|ENSG00000134595.7	0.803370786516854	A-AA	353-364
hsap|ENSG00000134644.15	0.518397383483238	A-AA	629-641
hsap|ENSG00000134690.10	0.458781362007168	E-EE	125-133
hsap|ENSG00000134775.15	0.247378161628624	E-EE	398-406
hsap|ENSG00000134775.15	0.506785934608266	S-SS	818-827
hsap|ENSG00000134982.16	0.973434201266714	S-SS	2763-2772
hsap|ENSG00000135097.6	0.765927977839335	A-AA	274-281
hsap|ENSG00000135111.14	0.826145552560647	A-AA	609-619
hsap|ENSG00000135341.17	0.0140495867768595	S-SS	5-14
hsap|ENSG00000135414.9	0.083743842364532	A-AA	29-41
hsap|ENSG00000135547.8	0.802083333333333	A-AA	266-275
hsap|ENSG00000135547.8	0.882440476190476	A-AA	293-302
hsap|ENSG00000135632.11	0.956834532374101	E-DE	393-407
hsap|ENSG00000135632.11	0.956834532374101	E-EE	393-407
hsap|ENSG00000136026.13	0.147254575707155	A-AA	85-94
hsap|ENSG00000136099.13	0.349391955098223	A-AA	371-378
hsap|ENSG00000136274.8	0.968609865470852	E-EE	1506-1520
hsap|ENSG00000136352.17	0.81875	A-AA	324-333
hsap|ENSG00000136367.13	0.666861143523921	E-EE	1709-1722
hsap|ENSG00000136379.11	0.19359756097561	A-AA	60-69
hsap|ENSG00000136379.11	0.19359756097561	A-AS	60-69
hsap|ENSG00000136478.7	0.0419240953221536	E-EE	43-54
hsap|ENSG00000136531.13	0.231287425149701	A-AA	460-469
hsap|ENSG00000136531.13	0.231287425149701	A-AS	460-469
hsap|ENSG00000136574.17	0.279411764705882	A-AA	118-131
hsap|ENSG00000136630.12	0.904517453798768	S-SS	437-446
hsap|ENSG00000136826.14	0.274058577405858	S-SS	125-139
hsap|ENSG00000137273.3	0.0812641083521445	A-AA	33-41
hsap|ENSG00000137273.3	0.111738148984199	S-SS	46-55
hsap|ENSG00000137273.3	0.13882618510158	S-SS	58-67
hsap|ENSG00000137802.13	0.68836748182419	E-EE	1038-1047
hsap|ENSG00000137815.14	0.0183356840620592	A-AA	10-18
hsap|ENSG00000137815.14	0.232016925246827	S-SS	158-173
hsap|ENSG00000137825.10	0.1	A-AA	43-51
hsap|ENSG00000137841.11	0.430320945945946	E-DE	504-517
hsap|ENSG00000137841.11	0.430320945945946	E-EE	504-517
hsap|ENSG00000137941.16	0.625846501128668	S-SS	551-560
hsap|ENSG00000137948.18	0.683684210526316	S-SS	642-659
hsap|ENSG00000138398.15	0.264940239043825	S-SS	193-208
hsap|ENSG00000138433.15	0.584632516703786	S-SS	257-270
hsap|ENSG00000138593.8	0.903181818181818	E-EE	989-1000
hsap|ENSG00000138688.15	0.828037569944045	S-SS	4140-4149
hsap|ENSG00000138802.11	0.318427139552814	E-EE	410-418
hsap|ENSG00000139044.10	0.610832497492477	E-EE	604-616
hsap|ENSG00000139116.17	0.367603108188882	E-EE	611-621
hsap|ENSG00000139154.14	0.0813953488372093	E-EE	34-52
hsap|ENSG00000139174.10	0.922289156626506	S-SS	761-772
hsap|ENSG00000139613.11	0.719855305466238	A-AA	892-901
hsap|ENSG00000139687.13	0.0140237324703344	A-AA	10-18
hsap|ENSG00000139718.10	0.408142493638677	A-AA	799-807
hsap|ENSG00000139718.10	0.533333333333333	S-SS	1042-1056
hsap|ENSG00000139718.10	0.549618320610687	E-EE	1075-1087
hsap|ENSG00000139718.10	0.595165394402036	S-SS	1166-1175
hsap|ENSG00000139718.10	0.604834605597964	E-EE	1185-1194
hsap|ENSG00000139767.8	0.935245901639344	S-SS	567-576
hsap|ENSG00000139793.18	0.69489247311828	A-AA	254-265
hsap|ENSG00000139800.8	0.18202416918429	A-AA	117-126
hsap|ENSG00000139800.8	0.436555891238671	A-AA	286-294
hsap|ENSG00000139800.8	0.48036253776435	A-AA	315-323
hsap|ENSG00000139800.8	0.513595166163142	A-AA	337-345
hsap|ENSG00000139971.15	0.813712807244502	E-EE	624-636
hsap|ENSG00000139990.17	0.597768331562168	S-SS	559-568
hsap|ENSG00000140057.8	0.0699445983379501	E-EE	47-56
hsap|ENSG00000140057.8	0.590720221606648	E-EE	420-435
hsap|ENSG00000140332.15	0.530089628681178	A-AA	411-419
hsap|ENSG00000140367.11	0.382352941176471	E-DE	139-149
hsap|ENSG00000140367.11	0.382352941176471	E-EE	139-149
hsap|ENSG00000140525.17	0.521100226073851	E-DE	689-696
hsap|ENSG00000140525.17	0.521100226073851	E-EE	689-696
hsap|ENSG00000140836.14	0.127903835764452	E-EE	460-489
hsap|ENSG00000140836.14	0.209616423554835	A-AA	770-784
hsap|ENSG00000140948.11	0.441983122362869	S-SS	415-425
hsap|ENSG00000140992.18	0.707207207207207	S-SS	389-398
hsap|ENSG00000141027.20	0.244772447724477	A-AA	593-603
hsap|ENSG00000141027.20	0.802583025830258	S-SS	1954-1963
hsap|ENSG00000141084.10	0.640986132511556	S-SS	409-425
hsap|ENSG00000141293.15	0.625698324022346	E-EE	220-230
hsap|ENSG00000141431.9	0.477970627503338	A-AA	1070-1080
hsap|ENSG00000141448.8	0.297979797979798	A-AA	173-183
hsap|ENSG00000141456.14	0.825699745547074	E-EE	938-1011
hsap|ENSG00000141497.13	0.158210947930574	E-EE	113-126
hsap|ENSG00000141506.13	0.370307167235495	E-EE	321-332
hsap|ENSG00000141646.13	0.830308529945553	A-AA	451-466
hsap|ENSG00000141858.11	0.0382830626450116	A-AA	13-22
hsap|ENSG00000141867.17	0.358559882439383	S-SS	484-494
hsap|ENSG00000141867.17	0.519838354151359	S-SS	703-714
hsap|ENSG00000142409.5	0.673228346456693	A-AA	253-262
hsap|ENSG00000142700.11	0.0628465804066543	A-AA	30-40
hsap|ENSG00000143061.17	0.85078318219291	E-EE	1027-1039
hsap|ENSG00000143126.7	0.93993839835729	E-EE	2743-2752
hsap|ENSG00000143318.12	0.991139240506329	D-DD	389-396
hsap|ENSG00000143624.13	0.0124879923150817	A-AA	9-19
hsap|ENSG00000143970.16	0.471059972105997	A-AA	669-684
hsap|ENSG00000144061.12	0.189207650273224	E-EE	132-147
hsap|ENSG00000144218.18	0.3556	S-SS	434-457
hsap|ENSG00000144218.18	0.5588	S-SS	695-704
hsap|ENSG00000144589.20	0.484517304189435	E-EE	528-538
hsap|ENSG00000144597.13	0.726591760299625	S-SS	188-202
hsap|ENSG00000144655.14	0.0348639455782313	S-SS	17-26
hsap|ENSG00000145041.15	0.940903054448871	D-DD	1413-1423
hsap|ENSG00000145414.8	0.275862068965517	S-SS	126-148
hsap|ENSG00000145495.14	0.256875687568757	E-EE	230-239
hsap|ENSG00000145743.15	0.182857142857143	A-AA	124-134
hsap|ENSG00000145794.16	0.995610184372256	S-SS	1131-1139
hsap|ENSG00000146063.18	0.104928457869634	E-EE	62-72
hsap|ENSG00000146063.18	0.157392686804452	E-EE	96-104
hsap|ENSG00000146067.15	0.213763702801462	S-SS	168-185
hsap|ENSG00000146216.11	0.568939393939394	E-EE	733-771
hsap|ENSG00000146776.14	0.76046511627907	S-SS	649-661
hsap|ENSG00000147133.15	0.978616684266103	E-DE	1850-1859
hsap|ENSG00000147133.15	0.978616684266103	E-EE	1850-1859
hsap|ENSG00000147234.10	0.379215035931454	E-EE	683-691
hsap|ENSG00000148308.17	0.94952380952381	E-DE	493-506
hsap|ENSG00000148308.17	0.94952380952381	E-EE	493-506
hsap|ENSG00000148516.21	0.952846975088968	E-EE	1064-1080
hsap|ENSG00000148704.12	0.678678678678679	A-AA	221-233
hsap|ENSG00000148840.10	0.869212266987372	S-SS	1438-1455
hsap|ENSG00000148840.10	0.896271797955502	S-SS	1480-1503
hsap|ENSG00000149187.17	0.576023391812866	A-AA	292-301
hsap|ENSG00000149187.17	0.644249512670565	S-SS	327-336
hsap|ENSG00000149503.12	0.142857142857143	A-AA	127-137
hsap|ENSG00000149527.17	0.809893992932862	S-SS	1142-1152
hsap|ENSG00000149557.12	0.474424552429668	E-EE	182-191
hsap|ENSG00000149782.11	0.454176804541768	E-DE	556-566
hsap|ENSG00000149782.11	0.454176804541768	E-EE	556-566
hsap|ENSG00000149930.17	0.312398703403566	E-EE	378-395
hsap|ENSG00000149930.17	0.731361426256078	E-EE	900-907
hsap|ENSG00000149970.14	0.852371732817038	E-EE	875-888
hsap|ENSG00000150361.11	0.106425702811245	S-SS	73-88
hsap|ENSG00000150907.6	0.146024464831804	A-AA	91-102
hsap|ENSG00000150990.7	0.142733564013841	E-DE	160-172
hsap|ENSG00000150990.7	0.142733564013841	E-EE	160-172
hsap|ENSG00000151445.15	0.141891891891892	D-DD	70-79
hsap|ENSG00000151615.3	0.180147058823529	S-SS	70-79
hsap|ENSG00000151789.10	0.874365482233503	A-AA	341-350
hsap|ENSG00000151846.8	0.782539682539683	A-AA	489-499
hsap|ENSG00000152133.14	0.776408450704225	E-EE	217-226
hsap|ENSG00000152192.7	0.553827751196172	A-AA	228-237
hsap|ENSG00000152402.10	0.0715223097112861	A-AA	51-60
hsap|ENSG00000152402.10	0.0905511811023622	A-AA	64-76
hsap|ENSG00000152409.8	0.165146909827761	A-AA	160-168
hsap|ENSG00000152518.6	0.662271805273834	A-AA	323-332
hsap|ENSG00000152601.17	0.655388471177945	A-AA	257-268
hsap|ENSG00000152784.15	0.859738372093023	A-AA	587-598
hsap|ENSG00000152822.13	0.941743503772003	E-EE	1120-1129
hsap|ENSG00000153015.15	0.450106157112527	E-EE	209-217
hsap|ENSG00000153064.11	0.72640306122449	E-EE	566-575
hsap|ENSG00000153187.16	0.106796116504854	E-EE	84-94
hsap|ENSG00000153404.13	0.942913385826772	S-SS	1192-1205
hsap|ENSG00000154222.14	0.110851808634772	E-DE	91-101
hsap|ENSG00000154222.14	0.110851808634772	E-EE	91-101
hsap|ENSG00000154227.13	0.910994764397906	E-EE	343-355
hsap|ENSG00000154310.16	0.537895511405445	S-SS	726-738
hsap|ENSG00000154358.19	0.86827655759749	S-SS	7746-7753
hsap|ENSG00000154545.16	0.157407407407407	A-AA	116-124
hsap|ENSG00000154783.10	0.465092402464066	S-SS	676-685
hsap|ENSG00000154864.11	0.168587896253602	E-EE	463-475
hsap|ENSG00000154864.11	0.232528818443804	E-EE	642-651
hsap|ENSG00000154864.11	0.331412103746398	E-EE	916-926
hsap|ENSG00000155085.15	0.106282722513089	E-EE	198-210
hsap|ENSG00000155085.15	0.477748691099476	E-EE	908-919
hsap|ENSG00000155229.20	0.00534499514091351	A-AA	2-11
hsap|ENSG00000155252.13	0.186192468619247	A-AA	83-97
hsap|ENSG00000155657.24	0.298944151153098	E-EE	10755-10765
hsap|ENSG00000155657.24	0.995734926368436	S-SS	35833-35842
hsap|ENSG00000155660.10	0.0652173913043478	E-DE	39-47
hsap|ENSG00000155660.10	0.0652173913043478	E-EE	39-47
hsap|ENSG00000155846.16	0.429549902152642	E-EE	430-450
hsap|ENSG00000155846.16	0.796477495107632	E-EE	807-823
hsap|ENSG00000155903.11	0.00645539906103286	A-AA	2-11
hsap|ENSG00000156017.12	0.107843137254902	A-AA	40-50
hsap|ENSG00000156113.20	0.0376845376845377	S-SS	39-60
hsap|ENSG00000156313.12	0.728062554300608	E-EE	825-853
hsap|ENSG00000156313.12	0.864031277150304	E-EE	989-1002
hsap|ENSG00000156313.12	0.901824500434405	E-EE	1033-1045
hsap|ENSG00000156374.14	0.253581661891117	E-EE	80-99
hsap|ENSG00000156650.12	0.523407335907336	E-DE	1067-1104
hsap|ENSG00000156650.12	0.523407335907336	E-EE	1067-1104
hsap|ENSG00000156650.12	0.656853281853282	E-EE	1351-1373
hsap|ENSG00000156650.12	0.681467181467181	E-EE	1409-1417
hsap|ENSG00000156802.12	0.194024478041757	D-DD	259-282
hsap|ENSG00000156802.12	0.194024478041757	D-DE	259-282
hsap|ENSG00000156802.12	0.259539236861051	S-SS	357-366
hsap|ENSG00000156860.15	0.112359550561798	E-EE	107-115
hsap|ENSG00000156860.15	0.13023493360572	E-EE	122-135
hsap|ENSG00000156860.15	0.385597548518897	S-SS	371-386
hsap|ENSG00000156860.15	0.856996935648621	A-AA	831-849
hsap|ENSG00000156925.11	0.106223175965665	A-AA	46-55
hsap|ENSG00000156983.15	0.828547990155865	S-SS	1003-1019
hsap|ENSG00000157106.16	0.186748633879781	S-SS	680-689
hsap|ENSG00000157107.13	0.545735475896168	S-SS	437-448
hsap|ENSG00000157107.13	0.632262051915946	S-SS	508-517
hsap|ENSG00000157152.16	0.843373493975904	S-SS	486-496
hsap|ENSG00000157212.18	0.183520599250936	E-EE	189-205
hsap|ENSG00000157388.13	0.390596330275229	E-EE	847-858
hsap|ENSG00000157450.15	0.264471057884232	S-SS	262-270
hsap|ENSG00000157680.15	0.0227483751160631	A-AA	20-31
hsap|ENSG00000158022.6	0.941761363636364	E-EE	328-337
hsap|ENSG00000158258.15	0.949685534591195	E-EE	902-912
hsap|ENSG00000158290.16	0.0707236842105263	S-SS	61-70
hsap|ENSG00000158290.16	0.154605263157895	S-SS	138-146
hsap|ENSG00000158352.15	0.766756032171582	E-EE	1132-1158
hsap|ENSG00000158417.10	0.445036915504512	E-EE	529-558
hsap|ENSG00000158458.19	0.0379229871645274	S-SS	20-47
hsap|ENSG00000158545.15	0.595799180327869	S-SS	578-587
hsap|ENSG00000158636.16	0.262350299401198	S-SS	347-356
hsap|ENSG00000159387.7	0.593258426966292	E-EE	257-273
hsap|ENSG00000159625.14	0.0143184421534937	E-EE	9-18
hsap|ENSG00000160188.9	0.63474025974026	E-EE	192-201
hsap|ENSG00000160271.14	0.830230010952902	S-SS	753-765
hsap|ENSG00000160741.16	0.580924855491329	S-SS	398-408
hsap|ENSG00000160999.10	0.909495548961424	S-SS	610-618
hsap|ENSG00000161714.11	0.639593908629442	E-EE	499-511
hsap|ENSG00000161914.9	0.359120521172638	A-AA	218-225
hsap|ENSG00000161956.12	0.144851657940663	E-EE	76-92
hsap|ENSG00000162402.13	0.40110729285987	S-SS	1047-1056
hsap|ENSG00000162664.16	0.864027538726334	E-EE	498-508
hsap|ENSG00000162771.7	0.475548060708263	A-AA	278-288
hsap|ENSG00000162775.14	0.890881147540984	S-SS	866-875
hsap|ENSG00000162779.20	0.980712166172107	E-EE	988-997
hsap|ENSG00000162992.3	0.192957746478873	E-EE	64-75
hsap|ENSG00000163013.11	0.062929061784897	A-AA	51-61
hsap|ENSG00000163069.12	0.0141955835962145	A-AA	2-9
hsap|ENSG00000163491.16	0.779248505550811	S-SS	909-918
hsap|ENSG00000163508.12	0.175426136363636	A-AA	117-132
hsap|ENSG00000163510.13	0.473539140022051	E-DE	423-438
hsap|ENSG00000163510.13	0.473539140022051	E-EE	423-438
hsap|ENSG00000163510.13	0.74090407938258	S-SS	666-680
hsap|ENSG00000163510.13	0.763506063947078	S-SS	689-698
hsap|ENSG00000163520.13	0.228455284552846	E-EE	275-289
hsap|ENSG00000163605.14	0.728365384615385	E-EE	298-310
hsap|ENSG00000163623.9	0.147540983606557	S-SS	49-61
hsap|ENSG00000163623.9	0.344262295081967	S-SS	119-135
hsap|ENSG00000163623.9	0.387978142076503	A-AA	136-150
hsap|ENSG00000163635.17	0.0222457627118644	A-AA	16-28
hsap|ENSG00000163635.17	0.765360169491525	S-AS	717-730
hsap|ENSG00000163635.17	0.765360169491525	S-SS	717-730
hsap|ENSG00000163638.13	0.047052740434333	S-SS	88-96
hsap|ENSG00000163645.14	0.0581570996978852	E-EE	20-59
hsap|ENSG00000163694.14	0.833614864864865	A-AA	487-502
hsap|ENSG00000163719.18	0.794298921417566	S-SS	512-521
hsap|ENSG00000163728.10	0.638491547464239	S-SS	487-497
hsap|ENSG00000163795.13	0.0898148148148148	E-EE	45-54
hsap|ENSG00000163798.13	0.820754716981132	E-EE	644-663
hsap|ENSG00000163913.11	0.219597211463981	E-EE	280-289
hsap|ENSG00000164061.4	0.266369426751592	E-EE	1042-1051
hsap|ENSG00000164080.13	0.0163710777626194	E-DE	20-30
hsap|ENSG00000164080.13	0.0163710777626194	E-EE	20-30
hsap|ENSG00000164323.12	0.331450094161959	S-SS	170-184
hsap|ENSG00000164463.12	0.605015673981191	E-EE	381-393
hsap|ENSG00000164600.5	0.178571428571429	E-EE	54-68
hsap|ENSG00000164651.16	0.180473372781065	A-AA	86-99
hsap|ENSG00000164651.16	0.251479289940828	A-AA	123-134
hsap|ENSG00000164853.8	0.662264150943396	A-AA	347-357
hsap|ENSG00000164900.4	0.349447513812155	A-AA	122-133
hsap|ENSG00000164916.10	0.0430327868852459	A-AA	27-38
hsap|ENSG00000164944.11	0.155991165102153	E-EE	276-291
hsap|ENSG00000165091.15	0.990777338603426	A-AA	749-757
hsap|ENSG00000165288.10	0.471682398667407	S-SS	846-855
hsap|ENSG00000165288.10	0.808995002776235	S-SS	1454-1462
hsap|ENSG00000165495.15	0.940552016985138	E-EE	437-451
hsap|ENSG00000165556.9	0.155448717948718	A-AA	46-53
hsap|ENSG00000165572.7	0.476225854383358	S-SS	317-326
hsap|ENSG00000165684.3	0.360694822888283	S-SS	519-542
hsap|ENSG00000165757.8	0.628865979381443	S-SS	848-862
hsap|ENSG00000165821.11	0.257952286282306	S-SS	256-265
hsap|ENSG00000165821.11	0.761431411530815	E-EE	759-775
hsap|ENSG00000165832.5	0.122126436781609	A-AA	39-48
hsap|ENSG00000166197.16	0.313559322033898	S-SS	216-230
hsap|ENSG00000166197.16	0.681497175141243	S-SS	479-488
hsap|ENSG00000166250.11	0.783602150537634	S-SS	288-297
hsap|ENSG00000166348.17	0.335412953060012	S-SS	561-570
hsap|ENSG00000166483.10	0.0581395348837209	E-EE	34-43
hsap|ENSG00000166598.12	0.947007481296758	E-EE	756-765
hsap|ENSG00000166762.16	0.855534709193246	S-SS	451-463
hsap|ENSG00000166813.14	0.466840536512668	E-EE	624-631
hsap|ENSG00000166819.11	0.595969289827255	E-EE	307-316
hsap|ENSG00000166833.19	0.255827974276527	S-SS	633-642
hsap|ENSG00000166848.5	0.75251256281407	E-EE	297-304
hsap|ENSG00000167081.16	0.29295154185022	A-AA	130-138
hsap|ENSG00000167110.16	0.707792207792208	E-EE	704-715
hsap|ENSG00000167210.16	0.439366515837104	E-EE	966-978
hsap|ENSG00000167470.12	0.370449678800857	A-AA	170-178
hsap|ENSG00000167525.13	0.487603305785124	E-EE	174-182
hsap|ENSG00000167674.14	0.385820895522388	S-SS	253-266
hsap|ENSG00000167716.18	0.594587628865979	E-EE	1150-1159
hsap|ENSG00000167741.10	0.0491967871485944	E-EE	21-30
hsap|ENSG00000167778.8	0.868200836820084	E-EE	408-424
hsap|ENSG00000167971.15	0.944405594405594	A-AA	1345-1358
hsap|ENSG00000167978.16	0.925663395129044	S-SS	2532-2563
hsap|ENSG00000167978.16	0.955107233733188	S-SS	2607-2650
hsap|ENSG00000168016.13	0.373290013679891	E-DE	1087-1098
hsap|ENSG00000168016.13	0.373290013679891	E-EE	1087-1098
hsap|ENSG00000168071.21	0.0261016949152542	E-EE	35-44
hsap|ENSG00000168090.9	0.0153374233128834	A-AA	2-10
hsap|ENSG00000168135.4	0.887387387387387	A-AA	391-399
hsap|ENSG00000168286.2	0.643769968051118	A-AA	197-208
hsap|ENSG00000168564.5	0.370466321243523	S-SS	211-220
hsap|ENSG00000168772.10	0.211748633879781	A-AA	75-82
hsap|ENSG00000168772.10	0.78551912568306	S-SS	285-292
hsap|ENSG00000169291.9	0.346153846153846	S-SS	163-181
hsap|ENSG00000169554.16	0.95795548227535	E-EE	1158-1168
hsap|ENSG00000169840.4	0.431558935361217	A-AA	111-118
hsap|ENSG00000169891.17	0.0136570561456753	A-AA	3-17
hsap|ENSG00000169918.9	0.737837837837838	A-AA	676-691
hsap|ENSG00000169925.16	0.982068965517241	S-SS	703-723
hsap|ENSG00000170004.16	0.0126336248785228	E-EE	19-35
hsap|ENSG00000170004.16	0.131924198250729	A-AA	265-280
hsap|ENSG00000170004.16	0.24198250728863	E-EE	493-505
hsap|ENSG00000170113.15	0.0274390243902439	A-AA	4-16
hsap|ENSG00000170396.7	0.920529801324503	A-AA	1107-1119
hsap|ENSG00000170549.3	0.0678496868475992	A-AA	29-38
hsap|ENSG00000170633.16	0.449604743083004	D-DD	223-234
hsap|ENSG00000170807.11	0.228021978021978	E-EE	119-132
hsap|ENSG00000170871.11	0.147058823529412	S-SS	202-210
hsap|ENSG00000170871.11	0.253228120516499	S-SS	350-358
hsap|ENSG00000171316.11	0.911214953271028	A-AA	2726-2736
hsap|ENSG00000171532.4	0.224409448818898	E-EE	82-91
hsap|ENSG00000171540.7	0.584876543209877	A-AA	187-194
hsap|ENSG00000171603.16	0.948979591836735	E-EE	925-937
hsap|ENSG00000171634.16	0.0436781609195402	E-EE	130-138
hsap|ENSG00000171680.20	0.731549815498155	E-EE	784-804
hsap|ENSG00000171804.9	0.78941944349021	E-EE	2285-2313
hsap|ENSG00000171843.15	0.300705467372134	S-SS	149-194
hsap|ENSG00000171843.15	0.678130511463845	S-SS	380-391
hsap|ENSG00000172164.13	0.0121042830540037	A-AA	2-13
hsap|ENSG00000172273.12	0.0998062015503876	E-EE	49-56
hsap|ENSG00000172493.20	0.694330320460148	S-SS	842-850
hsap|ENSG00000172534.13	0.264550264550265	A-AA	547-555
hsap|ENSG00000172534.13	0.8003848003848	A-AA	1660-1670
hsap|ENSG00000172661.17	0.339925373134328	D-DD	452-461
hsap|ENSG00000172765.16	0.269171779141104	A-AA	172-181
hsap|ENSG00000172845.13	0.108974358974359	A-AA	81-91
hsap|ENSG00000172869.14	0.8081719724319	D-DD	2459-2468
hsap|ENSG00000172869.14	0.8081719724319	D-DE	2459-2468
hsap|ENSG00000172915.18	0.627970128988459	S-SS	1846-1856
hsap|ENSG00000173013.5	0.0857400722021661	E-EE	44-53
hsap|ENSG00000173064.10	0.00237825594563986	A-AA	5-18
hsap|ENSG00000173064.10	0.601812004530011	D-DD	2653-2663
hsap|ENSG00000173064.10	0.745300113250283	S-SS	3287-3296
hsap|ENSG00000173120.14	0.740740740740741	E-EE	856-866
hsap|ENSG00000173145.11	0.100125156445557	E-EE	77-85
hsap|ENSG00000173273.15	0.102941176470588	S-SS	130-145
hsap|ENSG00000173473.10	0.790307971014493	A-AA	869-878
hsap|ENSG00000173548.8	0.202443280977312	D-DD	112-122
hsap|ENSG00000173706.12	0.480797101449275	S-SS	657-672
hsap|ENSG00000173805.15	0.406716417910448	E-EE	261-286
hsap|ENSG00000173889.15	0.21579476861167	S-SS	211-220
hsap|ENSG00000173894.10	0.207156308851224	S-SS	102-120
hsap|ENSG00000173905.8	0.970503597122302	E-EE	670-681
hsap|ENSG00000173914.11	0.655027932960894	A-AA	231-240
hsap|ENSG00000173933.19	0.797520661157025	A-AA	282-299
hsap|ENSG00000174038.12	0.0946196660482375	E-EE	97-109
hsap|ENSG00000174106.2	0.089010989010989	A-AA	77-87
hsap|ENSG00000174279.4	0.631578947368421	A-AA	294-308
hsap|ENSG00000174279.4	0.768421052631579	A-AA	356-376
hsap|ENSG00000174279.4	0.846315789473684	A-AA	398-408
hsap|ENSG00000174282.11	0.0958498023715415	S-SS	85-111
hsap|ENSG00000174282.11	0.635375494071146	E-DE	634-654
hsap|ENSG00000174282.11	0.635375494071146	E-EE	634-654
hsap|ENSG00000174348.13	0.987121212121212	E-EE	646-659
hsap|ENSG00000174444.14	0.839201877934272	A-AA	354-363
hsap|ENSG00000174885.12	0.682379349046016	E-EE	604-614
hsap|ENSG00000175115.11	0.0722453222453222	S-AS	66-75
hsap|ENSG00000175115.11	0.0722453222453222	S-SS	66-75
hsap|ENSG00000175390.12	0.148876404494382	A-AA	50-58
hsap|ENSG00000175471.19	0.162825651302605	S-SS	158-169
hsap|ENSG00000175573.6	0.0171232876712329	A-AA	2-10
hsap|ENSG00000175764.14	0.0969962453066333	A-AA	74-83
hsap|ENSG00000175895.3	0.975806451612903	D-DD	237-249
hsap|ENSG00000176058.11	0.863380281690141	E-EE	607-621
hsap|ENSG00000176092.13	0.499096385542169	E-EE	824-835
hsap|ENSG00000176624.10	0.197568389057751	E-EE	126-136
hsap|ENSG00000176624.10	0.270516717325228	A-AA	174-184
hsap|ENSG00000176834.13	0.86734693877551	E-EE	463-474
hsap|ENSG00000176842.14	0.150414937759336	A-AA	69-78
hsap|ENSG00000176887.6	0.515909090909091	D-DD	223-233
hsap|ENSG00000176887.6	0.784090909090909	S-SS	338-354
hsap|ENSG00000176903.4	0.947443181818182	E-EE	330-339
hsap|ENSG00000177030.16	0.0398936170212766	A-AA	14-33
hsap|ENSG00000177169.9	0.28836987607245	S-SS	297-310
hsap|ENSG00000177200.15	0.748446132596685	S-SS	2141-2196
hsap|ENSG00000177200.15	0.912810773480663	A-AA	2639-2650
hsap|ENSG00000177374.12	0.155054644808743	A-AA	110-119
hsap|ENSG00000177479.19	0.0497967479674797	E-EE	22-29
hsap|ENSG00000177508.11	0.127	A-AA	59-70
hsap|ENSG00000177508.11	0.429	E-EE	211-220
hsap|ENSG00000177565.15	0.218323586744639	A-AA	108-118
hsap|ENSG00000177565.15	0.218323586744639	A-AS	108-118
hsap|ENSG00000178105.9	0.896453089244851	D-DD	778-791
hsap|ENSG00000178177.14	0.024126455906822	A-AA	9-22
hsap|ENSG00000178188.14	0.886754966887417	A-AA	667-674
hsap|ENSG00000178502.5	0.0113154172560113	A-AA	2-16
hsap|ENSG00000178538.9	0.0657439446366782	E-EE	15-25
hsap|ENSG00000178662.15	0.659902597402597	E-EE	400-415
hsap|ENSG00000178919.8	0.458333333333333	A-AA	164-179
hsap|ENSG00000179361.17	0.616071428571429	A-AA	341-351
hsap|ENSG00000179361.17	0.951785714285714	S-SS	530-538
hsap|ENSG00000179943.7	0.383838383838384	A-AA	187-195
hsap|ENSG00000179950.13	0.582437275985663	A-AA	321-331
hsap|ENSG00000179965.11	0.0379746835443038	E-EE	8-18
hsap|ENSG00000180176.14	0.161290322580645	A-AA	82-90
hsap|ENSG00000180182.10	0.0268410185822436	A-AA	35-45
hsap|ENSG00000180481.10	0.950437317784257	E-EE	321-333
hsap|ENSG00000180592.16	0.256890848952591	A-AA	224-244
hsap|ENSG00000180592.16	0.341234840132304	A-AA	301-320
hsap|ENSG00000180592.16	0.461962513781698	E-EE	412-428
hsap|ENSG00000180694.13	0.150395778364116	A-AA	52-64
hsap|ENSG00000180828.2	0.602631578947368	S-SS	223-237
hsap|ENSG00000180828.2	0.863157894736842	A-AA	325-333
hsap|ENSG00000180900.16	0.407496977025393	E-EE	671-679
hsap|ENSG00000181163.13	0.587030716723549	D-DD	163-183
hsap|ENSG00000181378.13	0.922817047817048	E-EE	1764-1789
hsap|ENSG00000181656.6	0.941253263707572	A-AA	357-366
hsap|ENSG00000182087.12	0.853796445880452	A-AA	525-534
hsap|ENSG00000182095.14	0.617964273677115	E-EE	1828-1841
hsap|ENSG00000182095.14	0.865183687226154	S-SS	2557-2579
hsap|ENSG00000182095.14	0.889787664307381	S-SS	2611-2671
hsap|ENSG00000182255.6	0.0659509202453988	A-AA	38-50
hsap|ENSG00000182255.6	0.197852760736196	E-EE	123-137
hsap|ENSG00000182463.15	0.026621490803485	E-EE	23-34
hsap|ENSG00000182621.16	0.423456790123457	D-DD	512-519
hsap|ENSG00000182621.16	0.423456790123457	D-DE	512-519
hsap|ENSG00000182872.15	0.182595573440644	E-EE	175-190
hsap|ENSG00000182968.4	0.511538461538461	A-AA	197-204
hsap|ENSG00000182968.4	0.729487179487179	A-AA	280-291
hsap|ENSG00000182968.4	0.769230769230769	A-AA	296-306
hsap|ENSG00000182968.4	0.921794871794872	A-AA	357-364
hsap|ENSG00000182985.16	0.0329787234042553	A-AA	13-20
hsap|ENSG00000183431.11	0.714	E-EE	354-362
hsap|ENSG00000183495.13	0.138372837924407	E-EE	426-440
hsap|ENSG00000183496.5	0.703345070422535	S-SS	393-408
hsap|ENSG00000183496.5	0.877640845070423	S-SS	491-508
hsap|ENSG00000183579.15	0.590374331550802	S-SS	549-557
hsap|ENSG00000183770.5	0.604	A-AA	221-234
hsap|ENSG00000183779.6	0.301358234295416	S-SS	172-185
hsap|ENSG00000183779.6	0.864176570458404	A-AA	506-514
hsap|ENSG00000183955.12	0.0512820512820513	A-AA	12-26
hsap|ENSG00000183960.8	0.647377938517179	E-DE	711-723
hsap|ENSG00000183960.8	0.647377938517179	E-EE	711-723
hsap|ENSG00000184058.12	0.947368421052632	A-AA	462-476
hsap|ENSG00000184160.7	0.0227765726681128	A-AA	7-16
hsap|ENSG00000184304.14	0.0223068552774755	A-AA	17-26
hsap|ENSG00000184675.9	0.343915343915344	E-EE	380-402
hsap|ENSG00000184675.9	0.823192239858907	E-EE	930-939
hsap|ENSG00000184828.9	0.233818770226537	D-DD	141-150
hsap|ENSG00000184828.9	0.233818770226537	D-DE	141-150
hsap|ENSG00000184828.9	0.251618122977346	E-EE	151-162
hsap|ENSG00000184867.13	0.507131537242472	A-AA	317-325
hsap|ENSG00000185053.12	0.866559485530547	S-SS	265-276
hsap|ENSG00000185340.15	0.831617647058824	S-SS	562-571
hsap|ENSG00000185352.8	0.220212765957447	E-EE	100-109
hsap|ENSG00000185482.7	0.191460055096419	E-EE	65-76
hsap|ENSG00000185630.18	0.303030303030303	A-AA	127-135
hsap|ENSG00000185650.9	0.921364985163205	S-SS	307-316
hsap|ENSG00000185658.13	0.665157395429064	S-SS	1539-1548
hsap|ENSG00000185668.6	0.0688888888888889	A-AA	27-37
hsap|ENSG00000185737.12	0.0403337969401947	A-AA	26-34
hsap|ENSG00000185737.12	0.354659248956885	S-SS	252-260
hsap|ENSG00000185915.5	0.499222395023328	E-EE	313-331
hsap|ENSG00000185950.8	0.280104712041885	A-AA	371-380
hsap|ENSG00000186310.9	0.1	S-SS	33-70
hsap|ENSG00000186462.8	0.470588235294118	E-DE	213-221
hsap|ENSG00000186462.8	0.470588235294118	E-EE	213-221
hsap|ENSG00000186472.19	0.345944368799844	E-EE	1775-1784
hsap|ENSG00000186487.17	0.113080168776371	E-EE	130-140
hsap|ENSG00000186487.17	0.133755274261603	E-EE	150-169
hsap|ENSG00000186660.14	0.10896309314587	A-AA	59-67
hsap|ENSG00000186660.14	0.370826010544815	E-EE	208-216
hsap|ENSG00000187140.5	0.616352201257862	A-AA	290-300
hsap|ENSG00000187140.5	0.975890985324948	A-AA	460-473
hsap|ENSG00000187243.16	0.157407407407407	A-AA	116-124
hsap|ENSG00000187678.8	0.386292834890966	S-SS	120-130
hsap|ENSG00000187954.12	0.0930521091811414	A-AS	34-43
hsap|ENSG00000187954.12	0.219602977667494	A-AA	83-96
hsap|ENSG00000187957.7	0.151494565217391	S-SS	109-116
hsap|ENSG00000188070.9	0.285081240768095	E-EE	188-200
hsap|ENSG00000188070.9	0.579763663220089	E-EE	389-398
hsap|ENSG00000188070.9	0.769571639586411	E-EE	517-527
hsap|ENSG00000188483.7	0.351116625310174	A-AA	138-147
hsap|ENSG00000188554.13	0.733160621761658	E-EE	703-714
hsap|ENSG00000188620.9	0.183988764044944	A-AA	57-76
hsap|ENSG00000188620.9	0.894662921348315	A-AA	315-324
hsap|ENSG00000188766.12	0.3719646799117	S-SS	165-174
hsap|ENSG00000188779.10	0.493775933609959	A-AA	472-482
hsap|ENSG00000188779.10	0.538381742738589	A-AA	512-528
hsap|ENSG00000188803.14	0.149090909090909	A-AA	78-88
hsap|ENSG00000188848.15	0.590994371482176	E-EE	312-320
hsap|ENSG00000189186.10	0.211904761904762	E-EE	122-147
hsap|ENSG00000196104.10	0.0551724137931034	A-AA	21-29
hsap|ENSG00000196132.11	0.244986922406277	E-EE	258-306
hsap|ENSG00000196208.13	0.629620123203285	S-SS	1223-1232
hsap|ENSG00000196218.11	0.374131427436966	E-EE	1873-1898
hsap|ENSG00000196218.11	0.731784792535239	E-EE	3682-3692
hsap|ENSG00000196235.13	0.0451197053406998	E-DE	39-61
hsap|ENSG00000196235.13	0.0451197053406998	E-EE	39-61
hsap|ENSG00000196453.7	0.553614457831325	E-EE	454-467
hsap|ENSG00000196504.15	0.278794402583423	A-AA	249-271
hsap|ENSG00000196581.10	0.324390243902439	S-SS	129-139
hsap|ENSG00000196781.13	0.528608582574772	A-AA	403-412
hsap|ENSG00000196943.12	0.259055118110236	E-EE	162-169
hsap|ENSG00000197114.11	0.231132075471698	E-EE	119-128
hsap|ENSG00000197183.12	0.600883652430044	D-DD	405-413
hsap|ENSG00000197265.8	0.103448275862069	S-SS	26-36
hsap|ENSG00000197299.10	0.395833333333333	D-DD	557-566
hsap|ENSG00000197380.10	0.115445859872611	A-AA	69-78
hsap|ENSG00000197386.10	0.839541547277937	E-EE	2633-2643
hsap|ENSG00000197555.9	0.811148086522463	S-SS	1459-1468
hsap|ENSG00000197587.10	0.775590551181102	A-AA	292-301
hsap|ENSG00000197748.12	0.576622596153846	E-EE	956-965
hsap|ENSG00000197816.13	0.456176470588235	E-EE	768-785
hsap|ENSG00000198160.14	0.250886524822695	E-EE	136-149
hsap|ENSG00000198300.12	0.860743541272842	A-AA	1363-1371
hsap|ENSG00000198648.10	0.0496323529411765	A-AA	22-34
hsap|ENSG00000198700.9	0.00480769230769231	A-AA	2-10
hsap|ENSG00000198700.9	0.919230769230769	E-DE	952-962
hsap|ENSG00000198700.9	0.919230769230769	E-EE	952-962
hsap|ENSG00000198720.12	0.7408	S-SS	459-469
hsap|ENSG00000198740.8	0.25702479338843	E-EE	152-161
hsap|ENSG00000198783.5	0.442048517520216	E-EE	160-170
hsap|ENSG00000198816.5	0.717813051146384	A-AA	400-416
hsap|ENSG00000198838.12	0.392959770114943	E-EE	1912-1919
hsap|ENSG00000198838.12	0.727627257799672	E-EE	3542-3550
hsap|ENSG00000198853.11	0.819471947194719	E-EE	1236-1249
hsap|ENSG00000198911.11	0.0587719298245614	S-SS	62-74
hsap|ENSG00000198914.2	0.220440881763527	A-AA	104-118
hsap|ENSG00000198914.2	0.391783567134269	A-AA	189-204
hsap|ENSG00000198944.5	0.0109489051094891	A-AA	2-12
hsap|ENSG00000204209.10	0.606224627875507	E-EE	441-457
hsap|ENSG00000204231.10	0.0914179104477612	A-AA	46-54
hsap|ENSG00000204256.12	0.597604790419162	E-EE	492-508
hsap|ENSG00000204256.12	0.981437125748503	S-SS	810-831
hsap|ENSG00000204304.11	0.326340326340326	A-AA	137-145
hsap|ENSG00000204335.3	0.575566750629723	A-AA	224-235
hsap|ENSG00000204371.11	0.291469194312796	E-EE	357-383
hsap|ENSG00000204410.14	0.0473621103117506	E-EE	35-46
hsap|ENSG00000204539.3	0.289772727272727	S-SS	148-160
hsap|ENSG00000204539.3	0.763257575757576	S-SS	400-408
hsap|ENSG00000204539.3	0.821969696969697	S-SS	430-440
hsap|ENSG00000204560.9	0.13125	E-EE	133-142
hsap|ENSG00000204574.12	0.276658767772512	E-DE	229-240
hsap|ENSG00000204574.12	0.276658767772512	E-EE	229-240
hsap|ENSG00000204590.12	0.915016501650165	E-EE	552-559
hsap|ENSG00000204612.1	0.524361948955916	A-AA	220-234
hsap|ENSG00000204612.1	0.592807424593968	A-AA	252-261
hsap|ENSG00000204612.1	0.759860788863109	A-AA	324-333
hsap|ENSG00000204842.14	0.165396341463415	S-SS	213-223
hsap|ENSG00000205038.11	0.988448844884488	S-SS	4188-4200
hsap|ENSG00000205250.8	0.766990291262136	S-SS	307-327
hsap|ENSG00000205531.12	0.91038961038961	E-EE	347-356
hsap|ENSG00000205832.7	0.503070175438596	A-AA	568-581
hsap|ENSG00000205903.6	0.0333998005982054	E-EE	29-40
hsap|ENSG00000205903.6	0.137587238285145	E-EE	132-146
hsap|ENSG00000205927.4	0.253105590062112	S-SS	77-88
hsap|ENSG00000205927.4	0.714285714285714	A-AA	225-237
hsap|ENSG00000205937.11	0.271381578947368	S-SS	79-88
hsap|ENSG00000205937.11	0.324013157894737	S-SS	93-106
hsap|ENSG00000205937.11	0.379934210526316	S-SS	108-125
hsap|ENSG00000206432.4	0.360483870967742	A-AA	219-230
hsap|ENSG00000206432.4	0.550806451612903	A-AA	338-347
hsap|ENSG00000206530.8	0.393685914732866	E-EE	724-737
hsap|ENSG00000206538.7	0.209230769230769	E-EE	64-74
hsap|ENSG00000206557.5	0.0346020761245675	S-SS	26-36
hsap|ENSG00000212916.4	0.171606118546845	E-EE	176-185
hsap|ENSG00000213588.5	0.454449152542373	E-EE	212-219
hsap|ENSG00000213676.10	0.141737891737892	S-SS	96-105
hsap|ENSG00000214336.4	0.165871121718377	A-AA	67-74
hsap|ENSG00000214338.10	0.286997885835095	A-AA	269-276
hsap|ENSG00000214753.2	0.107238605898123	E-EE	75-87
hsap|ENSG00000215271.7	0.956442831215971	E-EE	517-539
hsap|ENSG00000215271.7	0.984573502722323	D-DD	540-547
hsap|ENSG00000215474.6	0.261341222879684	A-AA	261-271
hsap|ENSG00000217236.1	0.239130434782609	A-AA	113-120
hsap|ENSG00000217236.1	0.570393374741201	A-AA	272-281
hsap|ENSG00000217236.1	0.954451345755694	A-AA	452-472
hsap|ENSG00000221978.11	0.010597302504817	A-AA	2-11
hsap|ENSG00000223501.8	0.00761772853185596	A-AA	2-11
hsap|ENSG00000225830.10	0.255697050938338	E-EE	378-387
hsap|ENSG00000226372.2	0.174457429048414	E-EE	96-115
hsap|ENSG00000229474.6	0.0654981549815498	E-EE	29-44
hsap|ENSG00000234127.8	0.730483271375465	E-EE	388-400
hsap|ENSG00000234127.8	0.794609665427509	E-EE	422-435
hsap|ENSG00000234857.2	0.10738255033557	E-EE	75-87
hsap|ENSG00000236104.2	0.684834123222749	S-SS	431-438
hsap|ENSG00000237441.9	0.0605670103092784	E-EE	44-52
hsap|ENSG00000241945.7	0.265795206971678	E-EE	240-250
hsap|ENSG00000242732.4	0.694542253521127	E-EE	391-400
hsap|ENSG00000243156.7	0.471514242878561	E-EE	939-950
hsap|ENSG00000243156.7	0.499000499750125	E-EE	992-1007
hsap|ENSG00000248333.8	0.389168765743073	E-EE	304-316
hsap|ENSG00000248333.8	0.412468513853904	E-EE	321-336
hsap|ENSG00000250588.6	0.205516014234875	S-SS	112-121
hsap|ENSG00000250588.6	0.310498220640569	E-EE	171-180
hsap|ENSG00000254553.1	0.276908023483366	A-AA	132-153
hsap|ENSG00000254726.2	0.789017341040462	S-SS	406-415
hsap|ENSG00000255073.8	0.117424242424242	A-AA	59-67
hsap|ENSG00000255073.8	0.399621212121212	E-EE	208-216
hsap|ENSG00000255152.8	0.0464705882352941	E-EE	35-46
hsap|ENSG00000255330.9	0.286997885835095	A-AA	269-276
hsap|ENSG00000258465.6	0.345333333333333	E-EE	254-266
hsap|ENSG00000261221.3	0.0982986767485822	S-SS	93-117
hsap|ENSG00000261796.1	0.621212121212121	E-EE	201-211
hsap|ENSG00000266074.8	0.712661106899166	E-EE	1876-1886
hsap|ENSG00000266074.8	0.89158453373768	S-SS	2346-2360
hsap|ENSG00000266714.6	0.663728370878224	E-EE	2025-2043
hsap|ENSG00000267909.2	0.247875354107649	A-AA	170-182
hsap|ENSG00000272333.5	0.135408990420044	E-EE	364-373
hsap|ENSG00000273154.3	0.0685096153846154	E-EE	25-34
hsap|ENSG00000273274.1	0.286437246963563	A-AA	132-153
hsap|ENSG00000273841.4	0.96958174904943	D-DD	250-262
hsap|ENSG00000274286.1	0.671492204899777	E-EE	294-311
hsap|ENSG00000275023.4	0.303113553113553	S-SS	326-338
hsap|ENSG00000275023.4	0.956501831501832	A-AA	1040-1051
hsap|ENSG00000275464.3	0.265795206971678	E-EE	240-250
hsap|ENSG00000275832.4	0.498322147651007	A-AA	739-748
hsap|ENSG00000276644.4	0.196829590488771	S-SS	137-163
hsap|ENSG00000276644.4	0.435931307793923	A-AA	325-337
hsap|ENSG00000277586.1	0.904981549815498	E-EE	487-496
hsap|ENSG00000277957.1	0.0241187384044527	E-EE	6-22
hsap|ENSG00000278570.4	0.0427872860635697	A-AA	14-23
ihos|A8AAA5	0.0869565217391304	E-DE	22-32
ihos|A8ABQ7	0.936231884057971	E-DE	320-328
ihos|A8ABQ7	0.936231884057971	E-EE	320-328
isca|ISCW001107	0.832129963898917	E-DE	226-237
isca|ISCW001107	0.832129963898917	E-EE	226-237
isca|ISCW003347	0.241659538066724	E-DE	279-288
isca|ISCW003347	0.241659538066724	E-EE	279-288
isca|ISCW003709	0.92397137745975	E-EE	514-521
isca|ISCW004121	0.0380039656311963	E-EE	53-64
isca|ISCW004234	0.877918287937743	D-DD	899-908
isca|ISCW004234	0.877918287937743	D-DE	899-908
isca|ISCW004373	0.533464566929134	A-AA	267-277
isca|ISCW006575	0.307207207207207	D-DD	167-176
isca|ISCW006575	0.307207207207207	D-DE	167-176
isca|ISCW006575	0.824324324324324	E-DE	453-464
isca|ISCW006575	0.824324324324324	E-EE	453-464
isca|ISCW007083	0.46583850931677	D-DD	146-156
isca|ISCW007083	0.46583850931677	D-DE	146-156
isca|ISCW007303	0.882075471698113	A-AA	277-286
isca|ISCW008722	0.654576856649395	A-AS	376-384
isca|ISCW008837	0.532959326788219	D-DD	755-767
isca|ISCW009437	0.397243107769424	S-SS	630-640
isca|ISCW009538	0.207743153918791	E-EE	217-225
isca|ISCW009690	0.13986013986014	E-EE	76-86
isca|ISCW010077	0.597850678733032	S-SS	521-538
isca|ISCW010077	0.980769230769231	S-SS	856-880
isca|ISCW010270	0.112844036697248	D-DD	58-67
isca|ISCW010270	0.112844036697248	D-DE	58-67
isca|ISCW010552	0.118494423791822	S-SS	122-135
isca|ISCW010722	0.51260162601626	E-DE	627-636
isca|ISCW010722	0.51260162601626	E-EE	627-636
isca|ISCW010827	0.972945891783567	E-EE	480-493
isca|ISCW011374	0.78	E-EE	211-220
isca|ISCW012610	0.666144200626959	S-SS	421-431
isca|ISCW012957	0.928571428571429	E-DE	313-326
isca|ISCW012957	0.928571428571429	E-EE	313-326
isca|ISCW013307	0.901894451962111	E-DE	663-672
isca|ISCW013307	0.901894451962111	E-EE	663-672
isca|ISCW013403	0.130892255892256	E-EE	305-319
isca|ISCW014432	0.805347091932458	A-AA	855-864
isca|ISCW014432	0.898217636022514	A-AA	954-963
isca|ISCW015200	0.890127388535032	D-DD	273-288
isca|ISCW015200	0.890127388535032	D-DE	273-288
isca|ISCW015535	0.826744186046512	E-EE	347-366
isca|ISCW015535	0.965116279069767	S-SS	408-424
isca|ISCW015566	0.597293056100432	A-AA	1520-1527
isca|ISCW015975	0.944257388701833	E-EE	2515-2535
isca|ISCW017072	0.257929883138564	A-AA	304-316
isca|ISCW017192	0.975262368815592	S-SS	647-656
isca|ISCW017386	0.64010067114094	E-DE	376-389
isca|ISCW017386	0.64010067114094	E-EE	376-389
isca|ISCW017768	0.101239669421488	S-SS	70-79
isca|ISCW017985	0.425391095066185	S-SS	349-360
isca|ISCW018468	0.857364341085271	A-AA	548-560
isca|ISCW018522	0.387254901960784	E-EE	747-756
isca|ISCW018997	0.0302083333333333	E-DE	26-34
isca|ISCW018997	0.0302083333333333	E-EE	26-34
isca|ISCW019802	0.947019867549669	E-EE	1713-1721
isca|ISCW019965	0.154530201342282	E-EE	457-466
isca|ISCW019965	0.710570469798658	E-DE	2114-2123
isca|ISCW019965	0.710570469798658	E-EE	2114-2123
isca|ISCW020004	0.00509832483612527	A-AA	4-12
isca|ISCW020004	0.966860888565186	D-DD	1325-1332
isca|ISCW020150	0.913009404388715	S-SS	568-599
isca|ISCW020309	0.984126984126984	E-EE	802-812
isca|ISCW020442	0.145877378435518	E-EE	203-213
isca|ISCW021426	0.938914027149321	S-SS	824-838
isca|ISCW023154	0.461328480436761	S-SS	500-516
isca|ISCW023226	0.827651515151515	S-SS	1089-1098
isca|ISCW023235	0.3	S-SS	78-86
isca|ISCW023286	0.598752598752599	E-EE	568-586
knit|A0A0U9HIY3	0.0872093023255814	A-AA	47-60
knit|A0A0U9HJ04	0.054561717352415	E-EE	25-38
knit|A0A0U9HJ04	0.0805008944543828	E-EE	41-51
knit|A0A0U9HJT9	0.954545454545455	E-EE	301-310
knit|A0A0U9HJV8	0.227992957746479	E-DE	124-137
knit|A0A0U9HJV8	0.71919014084507	E-DE	405-414
knit|A0A0U9HJV8	0.71919014084507	E-EE	405-414
knit|A0A0U9HTK0	0.909780775716695	A-AA	536-545
knit|A0A1Y1HHC7	0.82042957042957	E-DE	1639-1648
knit|A0A1Y1HHE1	0.0442396313364055	E-DE	44-54
knit|A0A1Y1HHE1	0.0442396313364055	E-EE	44-54
knit|A0A1Y1HK38	0.166666666666667	E-EE	65-75
knit|A0A1Y1HKN8	0.955779334500876	E-DE	1088-1097
knit|A0A1Y1HKN8	0.955779334500876	E-EE	1088-1097
knit|A0A1Y1HL44	0.158571428571429	E-DE	329-339
knit|A0A1Y1HL44	0.158571428571429	E-EE	329-339
knit|A0A1Y1HLP8	0.666901905434016	E-DE	940-952
knit|A0A1Y1HLP8	0.666901905434016	E-EE	940-952
knit|A0A1Y1HMM9	0.57120253164557	A-AA	539-546
knit|A0A1Y1HMP1	0.50352422907489	A-AA	562-583
knit|A0A1Y1HP72	0.23155505107832	A-AA	201-209
knit|A0A1Y1HS09	0.904255319148936	E-EE	632-645
knit|A0A1Y1HS40	0.725418410041841	D-DE	690-699
knit|A0A1Y1HSN5	0.0629017447199265	A-AA	64-75
knit|A0A1Y1HU05	0.142095914742451	A-AA	76-86
knit|A0A1Y1HVS1	0.84354628422425	A-AA	644-652
knit|A0A1Y1HW03	0.975798644724105	A-AA	1000-1018
knit|A0A1Y1HWE8	0.0925729442970822	E-EE	170-181
knit|A0A1Y1HWJ7	0.0482142857142857	E-EE	23-33
knit|A0A1Y1HX40	0.670498084291188	D-DE	347-355
knit|A0A1Y1HY33	0.653465346534653	A-AA	590-600
knit|A0A1Y1HY33	0.872387238723872	A-AA	789-799
knit|A0A1Y1HYD5	0.107054455445545	E-DE	81-94
knit|A0A1Y1HYD5	0.107054455445545	E-EE	81-94
knit|A0A1Y1HZK1	0.473282442748092	A-AA	549-569
knit|A0A1Y1HZK9	0.632262996941896	A-AA	410-419
knit|A0A1Y1I0I7	0.70633971291866	A-AA	586-597
knit|A0A1Y1I200	0.599148418491484	E-EE	489-498
knit|A0A1Y1I3N7	0.261146496815287	E-DE	322-336
knit|A0A1Y1I3N7	0.261146496815287	E-EE	322-336
knit|A0A1Y1I454	0.129134860050891	A-AA	399-415
knit|A0A1Y1I454	0.601781170483461	A-AA	1888-1898
knit|A0A1Y1I5H3	0.988670694864048	E-EE	651-660
knit|A0A1Y1I612	0.942899702085402	E-DE	1895-1905
knit|A0A1Y1I612	0.942899702085402	E-EE	1895-1905
knit|A0A1Y1I6E4	0.505952380952381	A-AA	209-218
knit|A0A1Y1I761	0.974215246636771	E-EE	431-440
knit|A0A1Y1I8A0	0.149754500818331	E-EE	87-98
knit|A0A1Y1I8F9	0.974215246636771	E-EE	431-440
knit|A0A1Y1I8Z4	0.786407766990291	E-DE	238-250
knit|A0A1Y1I8Z4	0.786407766990291	E-EE	238-250
knit|A0A1Y1I906	0.662059103908484	E-EE	690-701
knit|A0A1Y1I929	0.7936	E-EE	492-502
knit|A0A1Y1IC51	0.890428211586902	D-DD	348-361
knit|A0A1Y1ICU6	0.892546583850932	E-EE	715-724
knit|A0A1Y1IDP0	0.742198100407056	A-AA	1638-1646
knit|A0A1Y1IHR1	0.695054945054945	A-AA	629-638
knit|A0A1Y1IIB2	0.369311551925321	S-SS	313-322
knit|A0A1Y1IIN2	0.889668367346939	A-AA	694-703
knit|A0A1Y1IJH5	0.896336014298481	E-DE	999-1009
knit|A0A1Y1IJJ1	0.376047904191617	E-EE	308-322
knit|A0A1Y1IKJ0	0.00988875154511743	E-EE	11-23
knit|A0A1Y1IKJ0	0.0472805933250927	E-EE	73-82
knit|A0A1Y1ILJ4	0.0423728813559322	E-DE	23-34
knit|A0A1Y1ILK2	0.351981351981352	E-EE	146-158
knit|A0A1Y1ILW8	0.49047619047619	A-AA	201-213
knit|A0A1Y1IMU3	0.386568848758465	E-EE	339-348
knit|A0A1Y1IRF6	0.954716981132075	E-EE	499-515
knit|A0A1Y1IRP5	0.566239316239316	D-DD	2246-2261
knit|A0A1Y1IRP5	0.576671694318753	E-DE	2288-2302
knit|A0A1Y1IRP5	0.576671694318753	E-EE	2288-2302
knit|A0A1Y1IS33	0.186335403726708	E-EE	176-186
knit|A0A1Y1ISU1	0.789414414414414	A-AA	346-357
knit|A0A1Y1ITJ5	0.0641025641025641	E-EE	19-28
lafr|G3SLB2	0.110021786492375	A-AA	46-57
lafr|G3SLU8	0.73728813559322	E-EE	301-310
lafr|G3SLU9	0.89527027027027	E-EE	527-535
lafr|G3SLZ2	0.0957333333333333	A-AA	173-188
lafr|G3SLZ2	0.2112	E-EE	391-403
lafr|G3SM30	0.939393939393939	S-SS	2474-2488
lafr|G3SME4	0.798439531859558	S-SS	1224-1234
lafr|G3SMH5	0.582582582582583	A-AA	190-200
lafr|G3SMM6	0.403658536585366	S-SS	162-171
lafr|G3SMN8	0.853288364249578	E-EE	1008-1018
lafr|G3SMR0	0.278409090909091	S-SS	413-422
lafr|G3SMU6	0.400878533231474	S-SS	1046-1055
lafr|G3SMX3	0.879826635145784	E-EE	1110-1125
lafr|G3SMX4	0.592913385826772	E-EE	373-382
lafr|G3SN09	0.703951561504143	S-SS	1099-1112
lafr|G3SN09	0.812619502868069	S-SS	1269-1283
lafr|G3SN22	0.522919605077574	S-SS	737-748
lafr|G3SN60	0.0723717623158964	E-EE	139-148
lafr|G3SN85	0.947443181818182	E-EE	330-339
lafr|G3SN96	0.120802620802621	E-EE	144-153
lafr|G3SNB4	0.976190476190476	S-SS	386-395
lafr|G3SNJ3	0.969985358711567	E-EE	658-669
lafr|G3SNJ9	0.412438118811881	E-EE	663-672
lafr|G3SNJ9	0.956992574257426	E-EE	1541-1554
lafr|G3SNK3	0.605263157894737	A-AA	209-230
lafr|G3SNN9	0.173645320197044	S-SS	67-76
lafr|G3SNP0	0.947927736450584	E-EE	885-901
lafr|G3SNT7	0.251677852348993	D-DD	183-194
lafr|G3SNT7	0.251677852348993	D-DE	183-194
lafr|G3SNW4	0.299163179916318	A-AA	276-298
lafr|G3SNX4	0.231172069825436	A-AA	460-469
lafr|G3SNX4	0.231172069825436	A-AS	460-469
lafr|G3SP39	0.0998751560549313	E-EE	77-85
lafr|G3SP48	0.800275482093664	S-SS	287-296
lafr|G3SP91	0.116780045351474	E-EE	97-111
lafr|G3SP92	0.783022861981372	S-SS	1845-1856
lafr|G3SPP7	0.321080602302923	A-AA	356-371
lafr|G3SPQ0	0.208910891089109	S-SS	102-111
lafr|G3SPQ0	0.638613861386139	S-SS	318-329
lafr|G3SPR7	0.562398703403566	E-EE	340-356
lafr|G3SPT7	0.809483726150393	S-SS	1439-1448
lafr|G3SPW2	0.803082191780822	E-DE	698-711
lafr|G3SPW2	0.803082191780822	E-EE	698-711
lafr|G3SQ60	0.655027932960894	A-AA	231-240
lafr|G3SQ74	0.0157292659675882	A-AA	14-21
lafr|G3SQ74	0.0738798856053384	A-AA	74-83
lafr|G3SQ74	0.140610104861773	A-AA	144-153
lafr|G3SQ74	0.260247855100095	A-AA	268-280
lafr|G3SQH4	0.424328147100424	E-EE	296-306
lafr|G3SQN0	0.356158088235294	D-DD	385-392
lafr|G3SQN0	0.356158088235294	D-DE	385-392
lafr|G3SQN3	0.0757701915070774	A-AA	87-97
lafr|G3SQP8	0.0104838709677419	A-AA	1-14
lafr|G3SQX8	0.582445036642238	S-SS	1745-1754
lafr|G3SQY9	0.323298429319372	A-AA	118-131
lafr|G3SR06	0.08	S-SS	38-48
lafr|G3SR08	0.472175848636617	S-SS	845-854
lafr|G3SR08	0.809682804674457	S-SS	1452-1460
lafr|G3SR32	0.0889544688026981	E-EE	101-112
lafr|G3SR32	0.11973018549747	D-DE	138-148
lafr|G3SR32	0.134064080944351	E-EE	150-170
lafr|G3SRC2	0.125941872981701	E-EE	112-124
lafr|G3SRD7	0.618169398907104	S-SS	449-458
lafr|G3SRE7	0.104635761589404	A-AA	73-87
lafr|G3SRE7	0.194701986754967	S-SS	136-160
lafr|G3SRE7	0.433112582781457	A-AA	322-334
lafr|G3SRE9	0.825439783491204	A-AA	606-616
lafr|G3SRP5	0.593525179856115	E-EE	485-507
lafr|G3SRU9	0.504215851602024	A-AA	593-605
lafr|G3SRW4	0.00625	A-AA	4-16
lafr|G3SRW4	0.610763888888889	E-EE	876-885
lafr|G3SRX4	0.508599508599509	S-SS	203-213
lafr|G3SRY6	0.0892857142857143	S-SS	25-32
lafr|G3SS10	0.407032181168057	E-EE	338-347
lafr|G3SS11	0.784148012791229	S-SS	1713-1722
lafr|G3SS25	0.955223880597015	D-DD	379-391
lafr|G3SSD5	0.25	E-DE	146-165
lafr|G3SSD5	0.25	E-EE	146-165
lafr|G3SSG4	0.46839546191248	E-EE	286-294
lafr|G3SSI6	0.293364928909953	S-SS	304-317
lafr|G3SSJ2	0.706703910614525	E-EE	502-512
lafr|G3SSJ2	0.789804469273743	E-EE	562-571
lafr|G3SSN0	0.440936863543788	A-AA	213-222
lafr|G3SSV6	0.207434944237918	E-EE	270-290
lafr|G3SSV6	0.435687732342007	S-SS	578-596
lafr|G3SSV6	0.702230483271375	E-EE	941-950
lafr|G3SSX5	0.826756593517214	S-SS	4103-4112
lafr|G3SSY7	0.868421052631579	S-SS	517-541
lafr|G3STB1	0.106481481481481	E-EE	97-112
lafr|G3STQ2	0.171673819742489	A-AA	117-125
lafr|G3STT0	0.845011876484561	E-EE	709-716
lafr|G3STX5	0.668346774193548	A-AA	328-337
lafr|G3SU70	0.909188034188034	E-DE	419-434
lafr|G3SU70	0.909188034188034	E-EE	419-434
lafr|G3SUF2	0.0776261937244202	S-SS	277-294
lafr|G3SUI0	0.615417929839758	D-DD	1416-1428
lafr|G3SUI0	0.615417929839758	D-DE	1416-1428
lafr|G3SUN7	0.84083044982699	S-SS	482-492
lafr|G3SUU3	0.305741626794258	S-SS	316-325
lafr|G3SUV3	0.815943238731219	E-EE	974-983
lafr|G3SUX1	0.758223684210526	S-SS	454-470
lafr|G3SUY2	0.0961246200607903	S-SS	122-133
lafr|G3SV04	0.267406659939455	S-SS	262-270
lafr|G3SV07	0.144888082274652	A-AA	476-484
lafr|G3SV30	0.61732385261797	E-EE	950-962
lafr|G3SVP6	0.145621827411168	S-SS	227-234
lafr|G3SVS1	0.680486705723299	E-EE	1506-1516
lafr|G3SVZ9	0.749110320284697	A-AA	839-847
lafr|G3SW14	0.351633298208641	E-EE	1665-1674
lafr|G3SW39	0.107095046854083	E-EE	75-87
lafr|G3SW53	0.734801762114537	E-EE	831-839
lafr|G3SWB2	0.306294613887086	E-EE	465-481
lafr|G3SWH8	0.342293906810036	E-DE	187-197
lafr|G3SWH8	0.342293906810036	E-EE	187-197
lafr|G3SWJ7	0.937165775401069	E-EE	347-356
lafr|G3SWL3	0.646028037383178	A-AA	273-282
lafr|G3SWM4	0.102434077079108	D-DD	48-55
lafr|G3SWN3	0.16553480475382	E-EE	92-105
lafr|G3SWT1	0.144539614561028	E-DE	64-73
lafr|G3SWT1	0.144539614561028	E-EE	64-73
lafr|G3SWV3	0.660415003990423	S-SS	822-835
lafr|G3SWY8	0.616279069767442	A-AA	182-191
lafr|G3SWZ9	0.0379746835443038	E-EE	8-18
lafr|G3SX71	0.646362098138748	E-EE	376-390
lafr|G3SX78	0.672591743119266	E-DE	581-594
lafr|G3SX78	0.672591743119266	E-EE	581-594
lafr|G3SX86	0.0163710777626194	E-DE	20-30
lafr|G3SX86	0.0163710777626194	E-EE	20-30
lafr|G3SXC6	0.627520759193357	E-EE	525-535
lafr|G3SXR8	0.442892358258011	E-EE	528-552
lafr|G3SY08	0.0954852101712507	A-AA	180-190
lafr|G3SY80	0.987244897959184	D-DD	383-393
lafr|G3SYB3	0.193593314763231	E-EE	65-76
lafr|G3SYD6	0.0311653116531165	E-EE	14-34
lafr|G3SYG4	0.0905898876404494	A-AA	58-73
lafr|G3SYG4	0.821629213483146	A-AA	582-590
lafr|G3SYG4	0.839185393258427	A-AA	593-604
lafr|G3SYK0	0.0291139240506329	S-SS	18-30
lafr|G3SYM7	0.414893617021277	A-AA	328-337
lafr|G3SYP9	0.557875894988067	E-EE	460-477
lafr|G3SZF8	0.68380062305296	S-SS	432-448
lafr|G3SZH6	0.40452876376989	E-EE	322-341
lafr|G3SZN2	0.990384615384615	S-SS	718-726
lafr|G3SZV6	0.256930494174367	S-SS	636-645
lafr|G3SZV8	0.972303206997085	E-EE	329-340
lafr|G3SZY2	0.852371732817038	E-EE	875-888
lafr|G3T044	0.976941747572815	E-EE	399-408
lafr|G3T072	0.818474264705882	S-SS	887-896
lafr|G3T090	0.608416547788873	S-SS	423-432
lafr|G3T0E8	0.116652926628195	E-EE	135-150
lafr|G3T0F9	0.588737201365188	D-DD	163-184
lafr|G3T0G2	0.937074829931973	E-EE	273-280
lafr|G3T0G8	0.53485254691689	E-DE	394-406
lafr|G3T0G8	0.53485254691689	E-EE	394-406
lafr|G3T0H9	0.584876543209877	A-AA	187-194
lafr|G3T0K2	0.146131805157593	S-SS	201-209
lafr|G3T0Q0	0.800334168755221	E-EE	954-964
lafr|G3T0Q1	0.392950391644909	A-AA	144-159
lafr|G3T0Z2	0.0154462242562929	A-AA	7-22
lafr|G3T0Z2	0.0154462242562929	A-AS	7-22
lafr|G3T101	0.0972222222222222	A-AA	112-121
lafr|G3T108	0.756965944272446	E-EE	239-252
lafr|G3T120	0.881344307270233	S-SS	637-650
lafr|G3T156	0.516491754122939	A-AA	339-352
lafr|G3T156	0.584707646176912	S-SS	386-396
lafr|G3T175	0.573921473582162	D-DD	2364-2374
lafr|G3T175	0.727460009694619	S-SS	2998-3007
lafr|G3T176	0.603189493433396	E-DE	310-335
lafr|G3T176	0.603189493433396	E-EE	310-335
lafr|G3T1C3	0.303513071895425	E-EE	359-386
lafr|G3T1D0	0.263925729442971	S-SS	193-207
lafr|G3T1I7	0.385782747603834	A-AA	237-248
lafr|G3T1I7	0.623801916932907	S-SS	385-398
lafr|G3T1M8	0.0581395348837209	E-EE	34-43
lafr|G3T1P7	0.820284697508897	A-AA	457-467
lafr|G3T1Q1	0.210769230769231	E-EE	62-77
lafr|G3T1Q9	0.516069221260816	S-SS	414-423
lafr|G3T1T0	0.0533333333333333	A-AA	25-33
lafr|G3T1T0	0.175238095238095	A-AA	89-97
lafr|G3T1T0	0.878095238095238	A-AA	455-469
lafr|G3T1W9	0.231634182908546	E-EE	151-160
lafr|G3T1Y6	0.0407801418439716	E-EE	43-51
lafr|G3T2E4	0.921052631578947	S-SS	1169-1178
lafr|G3T2G7	0.4366391184573	E-EE	154-165
lafr|G3T2H0	0.323058252427184	E-EE	662-671
lafr|G3T2L1	0.342013174145739	A-AA	1658-1667
lafr|G3T2M3	0.82887323943662	S-SS	567-612
lafr|G3T2M4	0.760768335273574	S-SS	649-660
lafr|G3T2P3	0.240443896424168	D-DD	190-202
lafr|G3T2T4	0.0384615384615385	A-AA	13-24
lafr|G3T2U6	0.95795548227535	E-EE	1158-1168
lafr|G3T2V7	0.455314009661836	E-EE	186-193
lafr|G3T2V9	0.167562724014337	A-AA	91-98
lafr|G3T334	0.439633638634471	E-DE	524-534
lafr|G3T334	0.439633638634471	E-EE	524-534
lafr|G3T344	0.291390728476821	E-EE	216-226
lafr|G3T360	0.44347522679693	S-SS	632-641
lafr|G3T387	0.947470817120623	E-EE	482-494
lafr|G3T3C8	0.310734463276836	S-SS	161-171
lafr|G3T3D8	0.608843537414966	E-EE	531-545
lafr|G3T3F8	0.447614593077643	A-AA	474-485
lafr|G3T3K1	0.420172084130019	E-DE	435-446
lafr|G3T3K1	0.420172084130019	E-EE	435-446
lafr|G3T3K8	0.807945736434108	S-SS	2078-2093
lafr|G3T3P1	0.743161094224924	A-AA	242-249
lafr|G3T3Q9	0.955528846153846	E-DE	393-404
lafr|G3T3Q9	0.955528846153846	E-EE	393-404
lafr|G3T3X0	0.721042471042471	E-EE	743-753
lafr|G3T408	0.819706498951782	S-SS	777-789
lafr|G3T446	0.783231083844581	D-DD	1909-1923
lafr|G3T448	0.0568022440392707	A-AA	78-86
lafr|G3T472	0.0249584026622296	A-AA	9-23
lafr|G3T479	0.792805100182149	A-AA	867-876
lafr|G3T4C1	0.56984785615491	S-SS	409-417
lafr|G3T4N7	0.945372750642674	A-AA	1466-1478
lafr|G3T4Q1	0.283382789317507	S-SS	188-196
lafr|G3T525	0.793981481481482	S-SS	511-520
lafr|G3T550	0.578154425612053	E-EE	304-312
lafr|G3T554	0.523994811932555	A-AA	401-409
lafr|G3T572	0.637549124687388	E-EE	3566-3574
lafr|G3T582	0.631519274376417	S-SS	261-298
lafr|G3T5Q3	0.491541964866623	S-SS	752-761
lafr|G3T5R0	0.776178010471204	A-AA	293-302
lafr|G3T5Y8	0.18719806763285	E-EE	229-238
lafr|G3T621	0.840346534653465	S-SS	337-344
lafr|G3T6B0	0.857111597374179	E-DE	1950-1969
lafr|G3T6B0	0.857111597374179	E-EE	1950-1969
lafr|G3T6G0	0.474424552429668	E-EE	182-191
lafr|G3T6W0	0.8296853625171	E-EE	603-612
lafr|G3T6X3	0.727022058823529	E-EE	387-406
lafr|G3T6X3	0.797794117647059	E-EE	429-441
lafr|G3T7F2	0.614898102600141	S-SS	1746-1756
lafr|G3T7I2	0.275469168900804	A-AA	408-416
lafr|G3T7L8	0.204737732656514	A-AA	118-126
lafr|G3T7L8	0.458544839255499	E-EE	268-276
lafr|G3T7L9	0.0460662525879917	S-SS	86-94
lafr|G3T7M5	0.319584382871537	S-SS	504-513
lafr|G3T7P3	0.159220532319392	E-EE	162-175
lafr|G3T7U9	0.107095046854083	S-SS	73-89
lafr|G3T835	0.158982511923688	E-EE	97-105
lafr|G3T840	0.254538577912254	S-SS	333-342
lafr|G3T870	0.390751445086705	D-DD	334-344
lafr|G3T870	0.390751445086705	D-DE	334-344
lafr|G3T875	0.633044554455445	S-SS	508-517
lafr|G3T8K1	0.83277027027027	A-AA	487-501
lafr|G3T8L3	0.0631578947368421	A-AA	27-35
lafr|G3T8P1	0.247512437810945	S-SS	294-305
lafr|G3T8W0	0.689661515820456	E-DE	1870-1881
lafr|G3T8W0	0.689661515820456	E-EE	1870-1881
lafr|G3T8Y4	0.421907756813417	E-DE	801-811
lafr|G3T8Y4	0.421907756813417	E-EE	801-811
lafr|G3T904	0.157109420713868	E-EE	265-274
lafr|G3T904	0.617320070216501	S-SS	1045-1067
lafr|G3T953	0.596456692913386	E-EE	449-462
lafr|G3T962	0.192180616740088	A-AA	171-180
lafr|G3T9D2	0.758996452103396	S-SS	1494-1503
lafr|G3T9G7	0.520475561426684	A-AA	390-400
lafr|G3T9L6	0.107032854209446	S-SS	204-215
lafr|G3T9P9	0.830308529945553	A-AA	451-466
lafr|G3T9R7	0.874289772727273	S-SS	612-621
lafr|G3T9T2	0.752354048964218	E-EE	396-405
lafr|G3TA47	0.0535353535353535	E-EE	22-33
lafr|G3TAA3	0.347983870967742	S-SS	423-442
lafr|G3TAA3	0.551209677419355	S-SS	680-689
lafr|G3TAC0	0.454933008526188	A-AA	371-378
lafr|G3TAH8	0.528688524590164	E-EE	190-199
lafr|G3TAI0	0.355532786885246	S-SS	164-185
lafr|G3TAJ5	0.83872	E-EE	2617-2627
lafr|G3TAL7	0.332908163265306	S-SS	387-398
lafr|G3TAL7	0.476615646258503	S-SS	557-566
lafr|G3TAT8	0.292235047219307	A-AA	276-283
lafr|G3TAZ9	0.688073394495413	A-AA	294-308
lafr|G3TB07	0.490979381443299	E-EE	188-195
lafr|G3TB33	0.144295302013423	S-SS	82-92
lafr|G3TB97	0.620936280884265	S-SS	474-483
lafr|G3TB97	0.638491547464239	S-SS	487-497
lafr|G3TBM0	0.97336860670194	S-SS	2756-2765
lafr|G3TBM9	0.581904761904762	A-AA	302-311
lafr|G3TBP7	0.737297014143531	E-DE	1404-1413
lafr|G3TBP7	0.737297014143531	E-EE	1404-1413
lafr|G3TBQ1	0.861666666666667	S-SS	254-265
lafr|G3TBX6	0.240634005763689	D-DD	81-88
lafr|G3TC07	0.144486692015209	A-AA	71-83
lafr|G3TC07	0.144486692015209	A-AS	71-83
lafr|G3TC41	0.42378752886836	S-SS	363-373
lafr|G3TCJ1	0.957911392405063	E-EE	1509-1520
lafr|G3TCK7	0.0502300613496933	A-AA	60-73
lafr|G3TCT0	0.803892215568862	A-AA	265-274
lafr|G3TCT0	0.884730538922156	A-AA	292-301
lafr|G3TCV0	0.878361858190709	S-SS	1429-1447
lafr|G3TCW0	0.678932178932179	S-SS	467-476
lafr|G3TCW0	0.748917748917749	S-SS	515-525
lafr|G3TCY8	0.929824561403509	E-EE	527-535
lafr|G3TD47	0.574623352165725	D-DD	1215-1228
lafr|G3TD47	0.574623352165725	D-DE	1215-1228
lafr|G3TDC8	0.683862433862434	A-AA	254-265
lafr|G3TDL2	0.517944535073409	E-EE	311-326
lafr|G3TDT9	0.699424736337488	S-SS	726-735
lafr|G3TDV7	0.556966369251887	E-DE	2431-2440
lafr|G3TDV7	0.556966369251887	E-EE	2431-2440
lafr|G3TDX3	0.00843881856540084	A-AA	9-17
lafr|G3TDY6	0.705008488964346	A-AA	827-836
lafr|G3TE69	0.837609329446064	E-EE	1433-1442
lafr|G3TEP8	0.0893574297188755	S-SS	86-94
lafr|G3TEP8	0.631024096385542	E-DE	622-637
lafr|G3TEP8	0.631024096385542	E-EE	622-637
lafr|G3TEX8	0.151881720430108	E-EE	276-291
lafr|G3TEY4	0.570067264573991	S-SS	505-514
lafr|G3TF17	0.748104755341144	S-SS	2144-2200
lafr|G3TF17	0.912474155754652	A-AA	2645-2653
lafr|G3TFB4	0.0966921119592875	A-AA	30-48
lafr|G3TFG6	0.198536585365854	E-EE	198-211
lafr|G3TFN0	0.593367346938775	S-SS	578-587
lafr|G3TFP7	0.927453027139875	E-EE	885-894
lafr|G3TFS0	0.303030303030303	A-AA	127-135
lafr|G3TG39	0.821195652173913	S-SS	752-761
lafr|G3TG40	0.156037991858887	E-EE	110-122
lafr|G3TGC3	0.62406015037594	E-EE	491-507
lafr|G3TGC3	0.980576441102757	S-SS	773-794
lafr|G3TGE4	0.963015647226173	S-SS	673-683
lafr|G3TGQ9	0.497274143302181	E-DE	636-643
lafr|G3TGQ9	0.497274143302181	E-EE	636-643
lafr|G3TGT4	0.34070796460177	E-EE	378-394
lafr|G3TGT4	0.821238938053097	E-EE	925-933
lafr|G3TGT5	0.12877030162413	E-EE	3660-3668
lafr|G3TGT5	0.994551079237854	S-SS	28287-28297
lafr|G3TGT7	0.702350608892665	E-DE	2476-2486
lafr|G3TGT7	0.702350608892665	E-EE	2476-2486
lafr|G3TGZ9	0.3757016840417	E-EE	465-474
lafr|G3TGZ9	0.805132317562149	S-SS	997-1013
lafr|G3THM1	0.991854150504267	E-EE	1275-1284
lafr|G3THQ8	0.286783042394015	S-SS	111-121
lafr|G3THT8	0.30715935334873	A-AA	130-138
lafr|G3THX2	0.450106157112527	E-EE	209-217
lafr|G3TI30	0.178053830227743	A-AA	82-92
lafr|G3TIB7	0.370011402508552	E-EE	321-330
lafr|G3TII4	0.472018348623853	A-AA	1025-1035
lafr|G3TIJ3	0.170047732696897	E-EE	140-147
lafr|G3TIJ3	0.274463007159905	E-EE	225-237
lafr|G3TIQ1	0.755727762803235	E-EE	1117-1128
lafr|G3TIQ1	0.766509433962264	E-EE	1131-1146
lafr|G3TIX2	0.557291666666667	S-SS	317-327
lafr|G3TIX8	0.566666666666667	E-EE	698-732
lafr|G3TIY0	0.509463722397476	S-SS	641-653
lafr|G3TIY6	0.156994047619048	E-EE	102-111
lafr|G3TIZ5	0.126791024601244	E-EE	455-485
lafr|G3TIZ5	0.208705055420384	A-AA	766-780
lafr|G3TJ43	0.34419176398279	E-EE	557-565
lafr|G3TJ65	0.103562551781276	A-AA	120-132
lafr|G3TJ65	0.946147473073737	A-AA	1138-1148
lafr|G3TJ68	0.0713630105553006	S-AS	151-162
lafr|G3TJ68	0.0713630105553006	S-SS	151-162
lafr|G3TJ71	0.958381502890173	E-EE	825-835
lafr|G3TJ71	0.983815028901734	E-EE	848-856
lafr|G3TJ82	0.937634408602151	E-EE	432-442
lafr|G3TJA5	0.539013195639702	E-EE	937-944
lafr|G3TJA5	0.746414228341939	E-EE	1297-1307
lafr|G3TJC7	0.68798955613577	A-AA	259-270
lafr|G3TJC9	0.00111831804965332	E-EE	1-11
lafr|G3TJI3	0.23169014084507	S-SS	158-173
lafr|G3TJI4	0.647761194029851	S-SS	213-223
lafr|G3TJI5	0.0967391304347826	A-AA	40-51
lafr|G3TJN0	0.214673913043478	A-AA	76-84
lafr|G3TJS0	0.991436100131752	E-EE	750-757
lafr|G3TJV5	0.0465961665565102	A-AA	67-76
lafr|G3TJW6	0.089937106918239	E-EE	67-78
lafr|G3TJY2	0.0324561403508772	S-SS	16-23
lafr|G3TK90	0.164565826330532	S-SS	114-123
lafr|G3TKD1	0.252336448598131	E-EE	77-87
lafr|G3TKF9	0.442253521126761	A-AA	154-162
lafr|G3TKG7	0.996919014084507	S-SS	1130-1137
lafr|G3TKI6	0.0515789473684211	S-SS	21-30
lafr|G3TKR0	0.0415800415800416	A-AA	16-26
lafr|G3TL22	0.0297121634168988	E-EE	29-37
lafr|G3TL53	0.760456273764259	E-EE	195-207
lafr|G3TL75	0.185605025949194	S-SS	676-685
lafr|G3TL77	0.0140495867768595	S-SS	5-14
lafr|G3TLD0	0.321879382889201	A-AA	224-237
lafr|G3TLJ4	0.298087739032621	A-AA	261-271
lafr|G3TLQ0	0.293261868300153	E-EE	187-198
lafr|G3TLQ0	0.593415007656968	E-EE	384-393
lafr|G3TLT6	0.872270742358079	A-AA	393-408
lafr|G3TM75	0.666015625	E-EE	1699-1713
lafr|G3TMA3	0.137857142857143	S-SS	93-102
lafr|G3TMC8	0.665750915750916	S-SS	359-370
lafr|G3TMD6	0.217348927875244	A-AA	108-117
lafr|G3TMD6	0.217348927875244	A-AS	108-117
lafr|G3TMK7	0.498652291105121	S-SS	552-560
lafr|G3TMK9	0.890168970814132	A-AA	576-585
lafr|G3TMQ5	0.29	E-EE	142-150
lafr|G3TN15	0.562072892938497	S-SS	490-499
lafr|G3TN27	0.0235008103727715	A-AA	11-20
lafr|G3TNE0	0.221590909090909	A-AA	108-128
lafr|G3TNE0	0.221590909090909	A-AS	108-128
lafr|G3TNW5	0.609243697478992	A-AA	286-296
lafr|G3TNW5	0.975840336134454	A-AA	459-472
lafr|G3TP23	0.949203187250996	A-AA	471-484
lafr|G3TP67	0.573604060913706	A-AA	222-232
lafr|G3TP71	0.620204603580563	E-EE	237-250
lafr|G3TP99	0.159642401021711	S-SS	122-130
lafr|G3TPF6	0.298989898989899	A-AA	141-157
lafr|G3TPG2	0.759136212624585	S-SS	453-463
lafr|G3TPV9	0.27337786259542	S-SS	281-294
lafr|G3TPV9	0.954675572519084	A-AA	996-1007
lafr|G3TPW9	0.686932849364791	S-SS	375-384
lafr|G3TPX0	0.0683716075156576	S-AS	62-71
lafr|G3TPX0	0.0683716075156576	S-SS	62-71
lafr|G3TPX6	0.0638665132336018	A-AA	52-61
lafr|G3TQH4	0.12064413938754	A-AA	224-235
lafr|G3TQJ9	0.214395688991532	E-EE	271-288
lafr|G3TQJ9	0.624326404926867	S-SS	805-819
lafr|G3TQJ9	0.784064665127021	E-EE	1012-1027
lafr|G3TQL4	0.58018018018018	A-AA	318-328
lafr|G3TQR4	0.323045267489712	E-EE	227-246
lafr|G3TQU3	0.0623818525519849	A-AA	29-39
lafr|G3TRA6	0.341726618705036	D-DD	187-195
lafr|G3TRH0	0.0782374100719424	E-EE	40-49
lafr|G3TS08	0.150515463917526	S-SS	65-83
lafr|G3TS17	0.232656514382403	S-SS	134-143
lafr|G3TS40	0.177941176470588	A-AA	54-69
lafr|G3TS40	0.325	A-AA	107-116
lafr|G3TS52	0.134105960264901	E-EE	34-49
lafr|G3TSN6	0.787713841368585	A-AA	503-512
lafr|G3TSW5	0.424618859401468	A-AA	749-757
lafr|G3TSW5	0.562394127611519	S-SS	990-1004
lafr|G3TTE6	0.853825136612022	S-SS	304-323
lafr|G3TTQ4	0.261282660332542	A-AA	547-555
lafr|G3TTQ4	0.803800475059382	A-AA	1688-1698
lafr|G3TTY8	0.106925880923451	E-EE	84-94
lafr|G3TU98	0.561186650185414	S-SS	450-460
lafr|G3TUD0	0.723911541119558	S-SS	1044-1053
lafr|G3TUD8	0.0597713097713098	S-AS	53-64
lafr|G3TUD8	0.0597713097713098	S-SS	53-64
lafr|G3TUI8	0.172360248447205	S-SS	164-171
lafr|G3TUR5	0.0933333333333333	A-AA	46-54
lafr|G3TVC0	0.0425149700598802	S-SS	27-46
lafr|G3TVD2	0.821065989847716	A-AA	320-329
lafr|G3TVE5	0.796703296703297	A-AA	282-300
lafr|G3TVG0	0.180589680589681	E-EE	216-227
lafr|G3TVI2	0.128630705394191	S-SS	179-195
lafr|G3TVJ7	0.257829087048832	E-EE	968-977
lafr|G3TVQ1	0.132488479262673	E-EE	53-64
lafr|G3TVQ9	0.761390887290168	S-SS	308-329
lafr|G3TWD4	0.940552016985138	E-EE	437-451
lafr|G3TWT5	0.780397022332506	S-SS	311-320
lafr|G3TWY7	0.732287449392713	S-SS	719-730
lafr|G3TWY7	0.7667004048583	E-EE	754-763
lafr|G3TX08	0.896367521367521	S-SS	414-427
lafr|G3TXS2	0.392555831265509	E-EE	787-797
lafr|G3TXS2	0.534739454094293	E-EE	1074-1083
lafr|G3TXS9	0.988694758478931	E-EE	956-970
lafr|G3TYG8	0.00480769230769231	A-AA	2-10
lafr|G3TYV5	0.950692041522491	S-SS	542-559
lafr|G3TZ15	0.101058201058201	S-SS	92-101
lafr|G3TZ15	0.182539682539683	S-SS	169-178
lafr|G3TZ65	0.26734693877551	A-AA	125-139
lafr|G3TZB7	0.315471394037067	E-EE	384-401
lafr|G3TZB7	0.732876712328767	E-EE	907-914
lafr|G3TZN0	0.87035786630655	S-SS	1286-1294
lafr|G3U091	0.124505928853755	A-AA	58-70
lafr|G3U091	0.423913043478261	E-EE	211-220
lafr|G3U091	0.774703557312253	A-AA	388-398
lafr|G3U091	0.895256916996047	A-AA	450-458
lafr|G3U0P1	0.391242937853107	S-SS	133-146
lafr|G3U0R8	0.588021178027796	E-EE	886-893
lafr|G3U0V6	0.25	S-SS	123-137
lafr|G3U1K5	0.236713000817662	S-SS	286-295
lafr|G3U1W5	0.169491525423729	A-AA	97-105
lafr|G3U1W5	0.169491525423729	A-AS	97-105
lafr|G3U221	0.0118312757201646	E-EE	7-18
lafr|G3U2C0	0.978914074855034	E-DE	1854-1862
lafr|G3U2C0	0.978914074855034	E-EE	1854-1862
lafr|G3U2M7	0.886813186813187	A-AA	401-408
lafr|G3U2X9	0.975591151792525	S-SS	1275-1285
lafr|G3U329	0.113805970149254	A-AA	57-67
lafr|G3U3M2	0.102666666666667	E-EE	32-47
lafr|G3U3X5	0.0791826309067688	S-SS	55-71
lafr|G3U458	0.597537878787879	A-AA	312-321
lafr|G3U4A3	0.667857142857143	D-DD	2054-2062
lafr|G3U531	0.739606126914661	S-SS	670-684
lafr|G3U5E0	0.779753761969904	S-SS	566-576
lafr|G3U5M9	0.507415254237288	A-AA	236-245
lafr|G3U5W6	0.731382978723404	A-AA	544-558
lafr|G3U689	0.60461338531514	E-EE	927-936
lafr|G3U6F1	0.0411585365853659	E-EE	11-18
lafr|G3U6G7	0.083969465648855	A-AA	40-50
lafr|G3U6I5	0.249542961608775	E-EE	263-285
lafr|G3U6N4	0.0913284132841328	E-EE	45-56
lafr|G3U6T0	0.813822284908322	S-SS	1150-1160
lafr|G3U6V6	0.887992831541219	A-AA	492-501
lafr|G3U733	0.153333333333333	A-AA	100-109
lafr|G3U795	0.796296296296296	E-EE	641-651
lafr|G3U7E5	0.426544766708701	E-EE	671-684
lafr|G3U7P2	0.259222333000997	S-SS	257-265
lafr|G3U7P2	0.764207377866401	E-EE	763-772
lafr|G3U7S7	0.720665499124343	E-EE	408-417
lafr|G3U839	0.137704918032787	S-SS	79-91
lafr|G3U8A2	0.0339412360688956	A-AA	60-76
lafr|G3U8A2	0.126139817629179	S-SS	244-256
lafr|G3U8E7	0.285356068204614	E-EE	280-291
lafr|G3U8H2	0.755499153976311	E-EE	440-455
lafr|G3U8H2	0.953468697123519	S-SS	560-569
lafr|G3U8V1	0.0675039246467818	A-AA	38-50
lafr|G3U951	0.5355871886121	E-EE	594-612
lafr|G3U9F0	0.740906547285954	E-EE	1321-1329
lafr|G3U9U4	0.584394904458599	A-AA	179-190
lafr|G3UA55	0.770171149144254	S-SS	309-323
lafr|G3UAV5	0.656804733727811	S-SS	440-450
lafr|G3UBS5	0.39477335800185	E-EE	849-860
lafr|G3UBV2	0.526796230859835	E-DE	884-907
lafr|G3UBV2	0.526796230859835	E-EE	884-907
lafr|G3UBV2	0.683451118963486	E-EE	1154-1169
lafr|G3UBW0	0.0440771349862259	E-DE	37-61
lafr|G3UBW0	0.0440771349862259	E-EE	37-61
lafr|G3UC35	0.0947885196374622	S-SS	122-131
lafr|G3UCC1	0.378378378378378	E-EE	120-134
lafr|G3UCE8	0.072093023255814	A-AA	27-37
lafr|G3UCF6	0.560382916053019	S-SS	375-388
lafr|G3UCN8	0.580668604651163	S-SS	396-405
lafr|G3UCQ4	0.975806451612903	D-DD	237-249
lafr|G3UCZ6	0.0512820512820513	E-EE	42-52
lafr|G3UDA3	0.862778730703259	A-AA	500-508
lafr|G3UDH5	0.915147265077139	S-SS	649-658
lafr|G3UE09	0.911214953271028	A-AA	2726-2736
lafr|G3UEA3	0.507182320441989	E-EE	455-465
lafr|G3UEC8	0.691264063534083	E-EE	1041-1050
lafr|G3UEW5	0.79125	S-SS	945-956
lafr|G3UF82	0.883449883449883	A-AA	376-384
lafr|G3UFL8	0.104562737642586	A-AA	49-63
lafr|G3UFS9	0.0144144144144144	A-AA	4-14
lafr|G3UG01	0.403232282674162	E-EE	2005-2014
lafr|G3UG48	0.350223546944858	S-SS	466-476
lafr|G3UG57	0.740948275862069	E-EE	856-865
lafr|G3UGC5	0.679646017699115	E-DE	381-389
lafr|G3UGC5	0.679646017699115	E-EE	381-389
lafr|G3UGD8	0.274916943521595	E-EE	162-171
lafr|G3UGU3	0.719430485762144	S-SS	423-438
lafr|G3UGU3	0.88358458961474	S-SS	520-537
lafr|G3UHG2	0.402203856749311	E-EE	726-736
lafr|G3UHJ6	0.676630434782609	S-SS	368-381
lafr|G3UHM3	0.421581769436997	S-SS	940-949
lafr|G3UHT1	0.534659820282413	A-AA	413-422
lafr|G3UHV6	0.714570858283433	E-EE	355-363
lafr|G3UHW6	0.984272608125819	S-SS	745-759
lafr|G3UIW4	0.525361620057859	D-DD	2720-2730
lafr|G3UIW4	0.645323047251688	S-SS	3342-3352
lafr|G3UIZ1	0.914191419141914	E-EE	551-559
lafr|G3UJ64	0.359835503769705	E-EE	522-530
lafr|G3UJA7	0.96685878962536	A-AA	332-341
lafr|G3UJH7	0.421311475409836	S-SS	252-264
lafr|G3UK00	0.560194174757282	A-AA	285-294
lafr|G3UK00	0.635922330097087	S-SS	324-333
lafr|G3UK54	0.0153923795104719	A-AA	58-66
lafr|G3UK54	0.0224577340398688	S-SS	81-99
lafr|G3UKL1	0.143992932862191	E-EE	76-89
lafr|G3UKQ1	0.800347222222222	E-EE	225-238
lafr|G3UKQ8	0.952222222222222	D-DD	425-434
lafr|G3UKW0	0.345074812967581	E-EE	550-559
lafr|G3UKX1	0.667597765363129	S-SS	1550-1559
lafr|G3UKX6	0.206843718079673	S-SS	199-208
lafr|G3UKZ1	0.195368171021378	E-EE	162-169
lafr|G3UL04	0.242263843648208	A-AA	591-601
lafr|G3UL04	0.806392508143323	S-SS	1977-1986
lafr|G3ULN8	0.700380398299396	E-EE	3127-3135
lafr|G3UM58	0.982503364737551	S-SS	721-741
lafr|G3UMB9	0.0423603403625601	E-EE	110-121
lafr|G3UML0	0.818988464951198	E-EE	887-961
lafr|G3UMP4	0.82853982300885	S-SS	744-756
lafr|G3UMT3	0.635467980295567	S-SS	509-525
lafr|G3UMT3	0.65948275862069	S-SS	531-542
lafr|G3UN48	0.949931412894376	S-SS	688-699
lafr|G3UNE0	0.177811550151976	E-EE	55-64
lafr|G3UNF8	0.449812382739212	E-EE	476-485
lafr|G3UNH8	0.701058201058201	E-EE	262-270
lafr|G5E705	0.238309352517986	E-EE	127-140
lafr|G5E706	0.12677304964539	E-EE	68-77
lafr|G5E744	0.928571428571429	S-SS	588-597
lafr|G5E756	0.143055555555556	S-SS	149-162
lafr|G5E799	0.0657439446366782	E-EE	15-25
lafr|G5E7F1	0.617300724637681	S-SS	677-688
lafr|G5E7G5	0.20414201183432	S-SS	335-357
lafr|G5E7G5	0.616568047337278	S-SS	1029-1057
lafr|G5E7G5	0.802662721893491	E-EE	1352-1363
lafr|G5E7G5	0.808579881656805	S-SS	1362-1373
lmaj|LmjF.03.0350	0.0747051114023591	S-AS	110-120
lmaj|LmjF.03.0590	0.168849069607167	S-SS	238-254
lmaj|LmjF.03.0840	0.408530318602261	A-AA	394-403
lmaj|LmjF.05.0600	0.535516093229745	A-AA	479-488
lmaj|LmjF.05.0610	0.41002044989775	S-SS	393-411
lmaj|LmjF.05.0690	0.344883303411131	A-AA	956-967
lmaj|LmjF.05.0890	0.561141990904497	A-AA	1104-1119
lmaj|LmjF.05.1070	0.382409177820268	D-DD	196-206
lmaj|LmjF.05.1080	0.250344827586207	E-EE	177-188
lmaj|LmjF.06.0470	0.200172562553926	A-AA	229-237
lmaj|LmjF.07.0280	0.144192362997284	S-AS	899-908
lmaj|LmjF.07.0490	0.0818639798488665	S-SS	29-38
lmaj|LmjF.07.0490	0.33375314861461	D-DD	128-139
lmaj|LmjF.07.1120	0.685507246376812	A-AA	232-243
lmaj|LmjF.10.0500	0.0730860183269288	S-SS	490-501
lmaj|LmjF.11.0870	0.909979770734997	S-AS	1344-1357
lmaj|LmjF.12.0570	0.756244616709733	A-AA	1751-1763
lmaj|LmjF.13.0430	0.690677966101695	E-EE	402-415
lmaj|LmjF.13.0430	0.758474576271186	E-EE	441-456
lmaj|LmjF.13.0550	0.414050822122571	A-AA	273-283
lmaj|LmjF.13.0640	0.884701492537313	D-DD	1182-1191
lmaj|LmjF.13.0690	0.210325047801147	A-AA	214-228
lmaj|LmjF.13.1440	0.0344283006948831	S-SS	48-63
lmaj|LmjF.14.1440	0.634796238244514	E-EE	603-614
lmaj|LmjF.15.0980	0.197350069735007	A-AA	138-147
lmaj|LmjF.15.1200	0.689732142857143	S-SS	1849-1861
lmaj|LmjF.15.1310	0.233132530120482	S-SS	186-203
lmaj|LmjF.18.1140	0.76986183074266	S-SS	888-897
lmaj|LmjF.19.0320	0.809239940387481	A-AA	538-550
lmaj|LmjF.19.0440	0.919770773638969	E-EE	315-329
lmaj|LmjF.19.0580	0.273747560182173	S-SS	836-849
lmaj|LmjF.20.1090	0.567432784041631	S-SS	1303-1316
lmaj|LmjF.21.0530	0.223626852659111	A-AA	252-263
lmaj|LmjF.21.0800	0.655417406749556	A-AA	1472-1482
lmaj|LmjF.21.1540	0.40373783922171	A-AA	786-793
lmaj|LmjF.21.1540	0.972350230414747	E-EE	1889-1911
lmaj|LmjF.21.1870	0.657097288676236	S-SS	408-418
lmaj|LmjF.22.0470	0.541176470588235	A-AA	227-235
lmaj|LmjF.24.1080	0.825287356321839	S-SS	353-367
lmaj|LmjF.25.0740	0.455545371219065	A-AA	493-503
lmaj|LmjF.25.1830	0.59748743718593	A-AA	591-600
lmaj|LmjF.25.2000	0.215355805243446	S-SS	284-293
lmaj|LmjF.26.1550	0.0485854858548585	A-AA	34-47
lmaj|LmjF.26.2490	0.762853470437018	A-AA	1183-1193
lmaj|LmjF.27.2590	0.679617246944893	A-AA	2944-2953
lmaj|LmjF.28.0850	0.140495867768595	D-DD	133-141
lmaj|LmjF.28.2290	0.64251497005988	S-SS	533-542
lmaj|LmjF.28.2290	0.951497005988024	S-SS	789-802
lmaj|LmjF.28.2420	0.359536082474227	A-AA	136-145
lmaj|LmjF.29.0200	0.877142857142857	S-SS	1378-1387
lmaj|LmjF.31.1830	0.487938596491228	A-AA	664-673
lmaj|LmjF.32.0340	0.0659955257270693	S-SS	55-65
lmaj|LmjF.32.0470	0.375	E-EE	390-404
lmaj|LmjF.32.1430	0.35	S-SS	437-447
lmaj|LmjF.32.2850	0.326771653543307	A-AA	204-213
lmaj|LmjF.33.1780	0.981901840490798	E-DE	1595-1608
lmaj|LmjF.33.2570	0.152751423149905	A-AA	77-86
lmaj|LmjF.34.0480	0.385337667027808	D-DD	1064-1072
lmaj|LmjF.34.2250	0.657253886010363	S-SS	1261-1278
lmaj|LmjF.35.2040	0.225477200424178	A-AA	847-856
lmaj|LmjF.35.3480	0.66803840877915	S-SS	481-495
lmaj|LmjF.35.4880	0.381889763779528	A-AA	142-151
lmaj|LmjF.36.0390	0.0657099697885196	S-SS	37-52
lmaj|LmjF.36.5010	0.908163265306122	A-AA	218-229
lmaj|LmjF.36.5120	0.908163265306122	A-AA	218-229
locu|W5LV48	0.509724473257699	S-SS	307-324
locu|W5LWG5	0.617063492063492	S-SS	461-474
locu|W5LX44	0.459677419354839	E-EE	595-604
locu|W5LXW8	0.818459657701711	E-EE	666-675
locu|W5LY07	0.909166666666667	E-EE	1084-1100
locu|W5LY62	0.988243430152144	S-SS	711-720
locu|W5LY98	0.798283261802575	E-EE	1292-1314
locu|W5LYA7	0.164926022628372	E-EE	186-195
locu|W5LYC9	0.693965517241379	S-SS	396-411
locu|W5LYD0	0.226347305389222	S-SS	184-196
locu|W5LYH7	0.359191655801825	E-EE	272-281
locu|W5LYJ3	0.220502901353965	A-AA	108-122
locu|W5LYJ3	0.220502901353965	A-AS	108-122
locu|W5LYP8	0.556682577565632	E-EE	463-472
locu|W5LZ15	0.956910569105691	S-SS	1761-1772
locu|W5LZ68	0.0476772616136919	S-SS	35-45
locu|W5LZ70	0.169521676110159	E-EE	1283-1292
locu|W5LZB9	0.958837772397094	E-EE	1184-1194
locu|W5LZC3	0.298642533936652	A-AA	129-137
locu|W5LZE3	0.682410423452769	E-EE	413-427
locu|W5LZR2	0.449387755102041	E-DE	541-562
locu|W5LZR2	0.449387755102041	E-EE	541-562
locu|W5M013	0.0813161875945537	S-SS	104-113
locu|W5M0F5	0.726179875333927	E-DE	1628-1636
locu|W5M0K9	0.240882917466411	E-EE	122-131
locu|W5M0Q0	0.907859078590786	E-EE	331-341
locu|W5M155	0.742290748898678	S-SS	333-343
locu|W5M166	0.215529753265602	E-EE	146-153
locu|W5M1G3	0.195707070707071	S-SS	74-83
locu|W5M1K5	0.637809187279152	S-SS	1257-1272
locu|W5M1Y7	0.634382566585956	A-AA	258-268
locu|W5M244	0.965909090909091	D-DD	452-485
locu|W5M2C8	0.292836398838335	S-SS	299-308
locu|W5M2U2	0.0680555555555555	E-DE	190-204
locu|W5M2U2	0.0680555555555555	E-EE	190-204
locu|W5M339	0.740107913669065	A-AA	408-417
locu|W5M384	0.976404494382022	E-EE	431-440
locu|W5M3A6	0.976404494382022	E-EE	431-440
locu|W5M3A9	0.16626065773447	A-AA	132-143
locu|W5M402	0.640540540540541	E-EE	589-598
locu|W5M4B6	0.466923076923077	E-EE	296-313
locu|W5M4Q3	0.0672182006204757	S-AS	61-71
locu|W5M4Q3	0.0672182006204757	S-SS	61-71
locu|W5M4U3	0.221288515406162	E-EE	155-163
locu|W5M4V2	0.78719723183391	E-EE	222-235
locu|W5M510	0.818467995802728	S-SS	775-787
locu|W5M5B8	0.00871559633027523	A-AA	7-14
locu|W5M5B8	0.528899082568807	E-EE	574-581
locu|W5M5C8	0.358638743455497	E-EE	259-291
locu|W5M5V5	0.991455912508544	E-EE	1447-1456
locu|W5M661	0.857919254658385	E-EE	550-557
locu|W5M667	0.714	E-EE	354-362
locu|W5M6G4	0.908577878103837	E-DE	399-408
locu|W5M6G4	0.908577878103837	E-EE	399-408
locu|W5M715	0.46742671009772	S-SS	427-436
locu|W5M753	0.712947189097104	E-EE	414-425
locu|W5M7B5	0.751356238698011	E-EE	407-426
locu|W5M7E2	0.843570608495982	E-EE	1466-1475
locu|W5M7F4	0.677165354330709	A-AA	254-264
locu|W5M7I9	0.73589001447178	S-SS	504-515
locu|W5M7I9	0.779305354558611	S-SS	533-546
locu|W5M7J3	0.808152173913044	S-SS	740-749
locu|W5M7T0	0.928235294117647	E-DE	391-400
locu|W5M7T0	0.928235294117647	E-EE	391-400
locu|W5M806	0.0851063829787234	S-SS	40-50
locu|W5M8D7	0.877199693955624	S-SS	1143-1152
locu|W5M8K5	0.775510204081633	E-DE	410-428
locu|W5M8K5	0.775510204081633	E-EE	410-428
locu|W5M8P5	0.0551181102362205	E-EE	59-69
locu|W5M9C2	0.781362007168459	E-DE	433-441
locu|W5M9C2	0.781362007168459	E-EE	433-441
locu|W5M9D1	0.266782006920415	E-EE	382-391
locu|W5M9F3	0.540441176470588	E-EE	658-667
locu|W5M9F3	0.766339869281046	E-EE	929-949
locu|W5M9H1	0.043010752688172	E-EE	165-173
locu|W5M9H1	0.924219150025602	S-SS	3605-3617
locu|W5M9S5	0.329268292682927	S-SS	294-302
locu|W5M9T2	0.949152542372881	E-EE	892-902
locu|W5M9X0	0.0824022346368715	S-SS	115-123
locu|W5M9X1	0.490596892886345	S-SS	597-605
locu|W5MA56	0.80950184501845	A-AA	874-883
locu|W5MAM1	0.983153638814016	S-SS	721-740
locu|W5MAT6	0.873517786561265	S-SS	433-453
locu|W5MAW8	0.532280085820168	D-DD	2725-2735
locu|W5MB13	0.132493188010899	E-EE	191-200
locu|W5MBE9	0.8827202159973	S-SS	2608-2625
locu|W5MBE9	0.899932500843739	S-SS	2654-2681
locu|W5MBK4	0.635593220338983	E-EE	329-348
locu|W5MBS5	0.594149908592322	S-SS	643-659
locu|W5MBS6	0.265815085158151	S-SS	652-661
locu|W5MBT3	0.970824949698189	S-AS	2405-2422
locu|W5MBT3	0.970824949698189	S-SS	2405-2422
locu|W5MBX8	0.265032377428307	A-AA	280-295
locu|W5MC46	0.87007874015748	S-SS	657-671
locu|W5MC58	0.130114017437961	E-EE	189-201
locu|W5MC78	0.909594095940959	E-DE	243-252
locu|W5MC96	0.196942446043165	E-DE	106-115
locu|W5MC96	0.315647482014388	E-EE	165-188
locu|W5MC98	0.0124808965868569	E-EE	20-31
locu|W5MC98	0.110545084055018	A-AA	213-223
locu|W5MCI6	0.908482871125612	A-AA	2780-2791
locu|W5MCI6	0.956443719412724	A-AA	2926-2939
locu|W5MCK5	0.823699421965318	A-AA	567-575
locu|W5MCK6	0.451492537313433	E-EE	178-187
locu|W5MCP8	0.618827160493827	E-DE	799-807
locu|W5MCP8	0.643904320987654	A-AS	831-840
locu|W5MCW1	0.0492424242424242	E-EE	41-52
locu|W5MCY6	0.846153846153846	S-SS	832-842
locu|W5MD08	0.556199596774194	S-SS	1098-1111
locu|W5MD18	0.506307821698907	A-AA	597-609
locu|W5MD53	0.293117408906883	E-EE	358-368
locu|W5MDF8	0.929916317991632	E-EE	434-457
locu|W5MDI2	0.49131419939577	S-SS	647-656
locu|W5MDT6	0.650395778364116	S-SS	236-259
locu|W5ME56	0.310861423220974	S-SS	658-672
locu|W5ME90	0.997596153846154	E-EE	1864-1873
locu|W5MEE8	0.702782131661442	E-EE	1789-1800
locu|W5MEF6	0.759770114942529	S-SS	325-338
locu|W5MEN6	0.818536931818182	S-SS	1149-1158
locu|W5MEV1	0.391025641025641	S-SS	118-128
locu|W5MEV6	0.183952347582341	E-EE	258-269
locu|W5MEY0	0.144052044609665	S-SS	149-163
locu|W5MEY8	0.607726597325409	D-DD	406-414
locu|W5MF01	0.943667443667444	S-SS	1211-1220
locu|W5MF10	0.955066921606119	E-DE	496-505
locu|W5MF10	0.955066921606119	E-EE	496-505
locu|W5MF18	0.0868465430016863	S-SS	46-59
locu|W5MF30	0.637693156732892	S-SS	1152-1161
locu|W5MF35	0.715384615384615	S-SS	786-797
locu|W5MF46	0.527224435590969	E-DE	390-406
locu|W5MF46	0.527224435590969	E-EE	390-406
locu|W5MF51	0.815256257449344	S-SS	679-691
locu|W5MF61	0.655533726260642	S-SS	993-1011
locu|W5MFM8	0.0988805970149254	E-EE	76-85
locu|W5MFW7	0.123139377537212	D-DD	269-279
locu|W5MFW7	0.280784844384303	D-DD	619-628
locu|W5MG27	0.674870466321243	E-EE	256-267
locu|W5MG80	0.133767058076801	E-EE	418-427
locu|W5MGG4	0.409854423292273	D-DD	362-372
locu|W5MGG4	0.409854423292273	D-DE	362-372
locu|W5MGH5	0.490487238979118	A-AA	1053-1063
locu|W5MGH6	0.941903584672435	E-EE	757-769
locu|W5MGM5	0.483729662077597	E-EE	380-395
locu|W5MGR7	0.162328002975084	E-EE	433-442
locu|W5MGT1	0.512471655328798	A-AA	223-231
locu|W5MGU1	0.959606986899563	E-EE	435-446
locu|W5MGZ7	0.564977973568282	E-EE	253-262
locu|W5MH26	0.0303413400758533	A-AA	19-31
locu|W5MH26	0.277496839443742	A-AA	217-224
locu|W5MHE1	0.789903846153846	S-SS	811-834
locu|W5MHE1	0.820192307692308	S-SS	849-859
locu|W5MHH7	0.813609467455621	E-DE	1232-1245
locu|W5MHI7	0.495283018867925	E-DE	363-374
locu|W5MHI7	0.495283018867925	E-EE	363-374
locu|W5MHL5	0.0704901465386559	D-DD	136-145
locu|W5MHR7	0.761526232114467	S-SS	475-485
locu|W5MHS6	0.984711211778029	E-DE	1731-1749
locu|W5MHS6	0.984711211778029	E-EE	1731-1749
locu|W5MHU7	0.961722488038278	D-DD	387-419
locu|W5MHV8	0.389839867476532	E-EE	703-711
locu|W5MHV8	0.507454445057979	E-EE	916-924
locu|W5MI36	0.755050505050505	A-AA	444-455
locu|W5MIA6	0.402036323610347	E-EE	726-737
locu|W5MIB9	0.0847688123300091	A-AA	90-99
locu|W5MIB9	0.148232094288305	A-AA	160-169
locu|W5MIB9	0.276971894832276	A-AA	302-311
locu|W5MIB9	0.343155031731641	S-SS	374-385
locu|W5MII3	0.667205169628433	S-SS	408-420
locu|W5MIM5	0.884668508287293	S-SS	637-646
locu|W5MIR5	0.303488372093023	A-AA	127-136
locu|W5MIV6	0.949588477366255	E-EE	918-930
locu|W5MIW9	0.3751617076326	S-SS	576-586
locu|W5MJ02	0.653358681875792	A-AA	1026-1038
locu|W5MJB1	0.228205128205128	D-DD	130-139
locu|W5MJG2	0.220887245841035	E-EE	115-126
locu|W5MJI8	0.344954128440367	E-DE	185-193
locu|W5MJI8	0.344954128440367	E-EE	185-193
locu|W5MJK3	0.764184397163121	A-AA	858-868
locu|W5MJK6	0.185424101015646	S-SS	672-681
locu|W5MJX0	0.817292644757433	E-EE	1041-1050
locu|W5MJX7	0.690744920993228	A-AA	301-313
locu|W5MJX7	0.825056433408578	A-AA	358-375
locu|W5MJZ7	0.964891041162228	E-EE	391-408
locu|W5MK12	0.872747747747748	A-AA	384-393
locu|W5MK45	0.185527199462727	S-SS	547-560
locu|W5MK45	0.908999328408328	A-AA	2702-2714
locu|W5MK51	0.966902030008826	E-EE	1090-1103
locu|W5MKM5	0.583842498302783	S-SS	855-867
locu|W5MKT8	0.816890881913303	S-SS	541-554
locu|W5MKW0	0.542663219133807	S-SS	836-845
locu|W5ML03	0.0677789363920751	E-DE	126-136
locu|W5ML58	0.814465408805031	E-EE	513-525
locu|W5ML59	0.512230215827338	S-SS	350-364
locu|W5MLE4	0.972633136094675	E-EE	654-663
locu|W5MLG2	0.825842696629214	A-AA	584-594
locu|W5MLG5	0.884489795918367	A-AA	1075-1094
locu|W5MLK0	0.665611146295124	A-AA	1047-1057
locu|W5MLP9	0.959537572254335	E-EE	656-674
locu|W5MLV4	0.610685561087706	S-SS	1591-1600
locu|W5MM14	0.124489795918367	A-AA	27-36
locu|W5MM96	0.408239700374532	E-DE	651-659
locu|W5MM96	0.408239700374532	E-EE	651-659
locu|W5MMI2	0.0784641068447412	S-SS	271-295
locu|W5MMS0	0.22234273318872	S-SS	402-420
locu|W5MMV2	0.264666666666667	S-SS	193-206
locu|W5MN51	0.931356620633631	S-SS	1144-1151
locu|W5MNE2	0.923890063424947	S-SS	1742-1756
locu|W5MNF4	0.585071168487256	S-SS	1764-1773
locu|W5MNK9	0.117718446601942	S-SS	238-249
locu|W5MNN4	0.616788321167883	A-AA	335-343
locu|W5MNQ8	0.917590027700831	E-EE	1321-1331
locu|W5MNV9	0.655855855855856	E-EE	723-735
locu|W5MNW4	0.57190635451505	E-EE	337-349
locu|W5MP55	0.403745072273325	S-SS	611-620
locu|W5MP77	0.452544031311155	E-EE	459-468
locu|W5MP82	0.607457627118644	S-SS	1788-1798
locu|W5MP89	0.475183823529412	E-EE	512-524
locu|W5MPG8	0.0319018404907975	S-SS	21-33
locu|W5MPG8	0.304294478527607	S-SS	243-255
locu|W5MPI5	0.655034324942792	E-EE	570-577
locu|W5MPP0	0.644477611940299	S-SS	1074-1087
locu|W5MPP0	0.662089552238806	S-SS	1106-1114
locu|W5MPP0	0.683880597014925	S-SS	1142-1151
locu|W5MQ11	0.420367534456355	S-SS	544-556
locu|W5MQ21	0.0705218617771509	E-EE	45-57
locu|W5MQ80	0.174358974358974	S-AS	98-108
locu|W5MQ80	0.174358974358974	S-SS	98-108
locu|W5MQA8	0.615735461801596	E-EE	534-548
locu|W5MQC5	0.965417867435158	E-EE	1335-1347
locu|W5MQE3	0.207289293849658	A-AA	85-99
locu|W5MQK8	0.400876858558902	S-SS	1047-1058
locu|W5MQL4	0.0640916808149406	S-SS	72-81
locu|W5MQX2	0.938974358974359	E-EE	912-921
locu|W5MQX2	0.96051282051282	E-EE	933-942
locu|W5MQX8	0.981515711645102	S-SS	527-537
locu|W5MRK8	0.487910189982729	D-DE	561-571
locu|W5MRM6	0.754444444444444	E-DE	1352-1366
locu|W5MRM6	0.754444444444444	E-EE	1352-1366
locu|W5MRP9	0.55005382131324	S-SS	505-519
locu|W5MRZ5	0.529467680608365	S-SS	1110-1120
locu|W5MS31	0.584677419354839	E-EE	355-372
locu|W5MSI3	0.178412462908012	E-DE	237-246
locu|W5MSI3	0.178412462908012	E-EE	237-246
locu|W5MSK6	0.0688960515713135	A-AA	83-90
locu|W5MSK6	0.782836422240129	D-DD	967-978
locu|W5MSV7	0.130500758725341	S-SS	81-93
locu|W5MT37	0.803856382978723	E-DE	1200-1220
locu|W5MT37	0.803856382978723	E-EE	1200-1220
locu|W5MT62	0.956310679611651	E-DE	386-404
locu|W5MT62	0.956310679611651	E-EE	386-404
locu|W5MTM7	0.18522372528616	S-SS	174-184
locu|W5MTX4	0.782472613458529	A-AA	497-505
locu|W5MTZ1	0.15916955017301	S-AS	132-146
locu|W5MTZ1	0.15916955017301	S-SS	132-146
locu|W5MU89	0.213831478537361	E-EE	131-140
locu|W5MU94	0.873916811091854	S-SS	1003-1016
locu|W5MU98	0.0904255319148936	E-EE	362-371
locu|W5MUK5	0.0958904109589041	E-DE	99-113
locu|W5MUK5	0.0958904109589041	E-EE	99-113
locu|W5MUL8	0.908139534883721	E-DE	386-397
locu|W5MUL8	0.908139534883721	E-EE	386-397
locu|W5MUQ2	0.531612903225806	A-AA	408-418
locu|W5MUQ9	0.546962290502793	S-SS	1563-1572
locu|W5MUQ9	0.632506983240223	A-AA	1808-1817
locu|W5MUT9	0.534659820282413	A-AA	413-422
locu|W5MUV5	0.363540569020021	E-EE	685-697
locu|W5MUY3	0.7448	S-SS	463-470
locu|W5MVE2	0.70815581253804	S-SS	1159-1170
locu|W5MVE2	0.764759586122946	S-SS	1251-1264
locu|W5MVH4	0.562737642585551	A-AA	292-302
locu|W5MVK7	0.645224719101124	S-SS	1140-1159
locu|W5MVK7	0.664606741573034	S-SS	1175-1193
locu|W5MVL4	0.342227378190255	E-DE	587-595
locu|W5MW07	0.0990415335463259	E-EE	121-129
locu|W5MW72	0.0849617672047579	S-SS	96-106
locu|W5MWB8	0.943684633950121	E-EE	1169-1179
locu|W5MWD1	0.143564356435644	S-SS	185-194
locu|W5MWF3	0.956709956709957	E-DE	658-670
locu|W5MWF3	0.956709956709957	E-EE	658-670
locu|W5MWJ4	0.574380165289256	S-SS	414-422
locu|W5MWU6	0.859805510534846	E-EE	526-537
locu|W5MWU6	0.902755267423015	E-EE	554-562
locu|W5MWZ9	0.85063009636768	S-SS	1144-1153
locu|W5MXI5	0.686363636363636	S-SS	902-912
locu|W5MXL9	0.247772828507795	S-SS	211-236
locu|W5MXX0	0.729117647058824	E-EE	1236-1245
locu|W5MYG8	0.172266139657444	S-SS	257-268
locu|W5MYG8	0.286890645586298	S-SS	432-441
locu|W5MZ22	0.424043715846995	D-DD	384-394
locu|W5MZ22	0.424043715846995	D-DE	384-394
locu|W5MZ81	0.512295081967213	S-SS	809-818
locu|W5MZF1	0.369207317073171	E-EE	602-611
locu|W5MZF5	0.0712520593080725	E-EE	170-178
locu|W5MZN4	0.691986644407346	S-SS	411-420
locu|W5MZN7	0.866915422885572	S-SS	340-359
locu|W5MZP3	0.0848400556328234	A-AA	54-70
locu|W5MZP4	0.676470588235294	A-AA	547-559
locu|W5MZP7	0.511166253101737	S-SS	202-212
locu|W5MZQ0	0.348159509202454	A-AA	222-234
locu|W5MZV4	0.421407185628743	A-AA	277-288
locu|W5MZV4	0.643712574850299	S-SS	426-436
locu|W5MZZ5	0.271390374331551	S-SS	93-112
locu|W5N015	0.85423197492163	S-SS	813-824
locu|W5N0B2	0.190404797601199	E-DE	120-136
locu|W5N0B2	0.190404797601199	E-EE	120-136
locu|W5N0B2	0.276611694152924	E-EE	179-192
locu|W5N0B5	0.624390243902439	E-EE	636-646
locu|W5N0E0	0.387465690759378	E-DE	420-429
locu|W5N0E0	0.387465690759378	E-EE	420-429
locu|W5N163	0.129684055841293	S-SS	170-185
locu|W5N186	0.249216300940439	E-DE	155-165
locu|W5N186	0.249216300940439	E-EE	155-165
locu|W5N191	0.631400370141888	E-EE	1020-1029
locu|W5N1H0	0.991289198606272	E-EE	565-575
locu|W5N1X1	0.731527093596059	A-AA	885-899
locu|W5N230	0.290467625899281	E-EE	318-330
locu|W5N2D8	0.448318804483188	E-EE	356-366
locu|W5N2H8	0.943614130434783	E-DE	689-702
locu|W5N2L8	0.761925795053004	E-EE	858-869
locu|W5N2S7	0.336923076923077	A-AA	106-115
locu|W5N2Y5	0.0735747303543914	S-SS	92-101
locu|W5N2Y5	0.0936055469953775	S-SS	117-128
locu|W5N332	0.242753623188406	S-SS	164-173
locu|W5N382	0.339342948717949	E-EE	419-430
locu|W5N382	0.764022435897436	S-SS	950-959
locu|W5N3A0	0.874025974025974	A-AA	333-342
locu|W5N3E8	0.945911139729556	A-AA	1464-1476
locu|W5N3J8	0.300480769230769	S-SS	244-258
locu|W5N3R8	0.186887254901961	E-EE	149-158
locu|W5N3W1	0.110223642172524	S-SS	30-41
locu|W5N487	0.336342229199372	E-EE	425-434
locu|W5N4H8	0.160041841004184	S-SS	73-82
locu|W5N508	0.703693017888055	S-SS	1216-1225
locu|W5N508	0.810732833237161	S-SS	1392-1420
locu|W5N541	0.887710168134508	S-SS	2208-2229
locu|W5N5B8	0.870642201834862	S-SS	466-485
locu|W5N5C0	0.832997311827957	E-EE	1234-1247
locu|W5N5D9	0.828754578754579	A-AA	446-461
locu|W5N5J7	0.568421052631579	A-AA	159-167
locu|W5N5J8	0.379071661237785	E-DE	462-471
locu|W5N5J8	0.379071661237785	E-EE	462-471
locu|W5N5J8	0.453583061889251	E-DE	553-563
locu|W5N5J8	0.453583061889251	E-EE	553-563
locu|W5N5J8	0.611970684039088	E-DE	746-759
locu|W5N5J8	0.611970684039088	E-EE	746-759
locu|W5N5Y9	0.343410852713178	E-EE	439-449
locu|W5N6A3	0.706026058631922	D-DD	427-442
locu|W5N6A3	0.706026058631922	D-DE	427-442
locu|W5N6B8	0.905128205128205	E-EE	526-535
locu|W5N6T1	0.394613583138173	E-EE	333-343
locu|W5N6W0	0.224504249291785	S-SS	152-167
locu|W5N725	0.251973684210526	E-DE	187-198
locu|W5N7C7	0.665060240963855	S-SS	545-561
locu|W5N7H1	0.286899563318777	E-EE	325-334
locu|W5N7H1	0.326200873362445	A-AS	370-379
locu|W5N7K8	0.300796812749004	E-EE	146-158
locu|W5N7K9	0.936092715231788	D-DD	1409-1420
locu|W5N7S8	0.0386779184247539	D-DD	25-32
locu|W5N7U8	0.444295302013423	S-SS	657-669
locu|W5N7W0	0.968780487804878	A-AA	990-998
locu|W5N7Y2	0.86809616634178	A-AA	2664-2682
locu|W5N896	0.792438271604938	S-SS	510-519
locu|W5N8A5	0.342130987292278	E-EE	343-359
locu|W5N8B3	0.211594202898551	E-EE	143-151
locu|W5N8V6	0.347150259067358	D-DD	197-207
locu|W5N8V6	0.347150259067358	D-DE	197-207
locu|W5N901	0.136993076162216	E-EE	133-146
locu|W5N917	0.458681751106739	E-DE	928-939
locu|W5N917	0.458681751106739	E-EE	928-939
locu|W5N971	0.940950920245399	S-SS	608-621
locu|W5N9B6	0.117459538989701	A-AA	233-248
locu|W5N9G8	0.951984635083227	S-SS	739-750
locu|W5N9M8	0.887122416534181	S-SS	554-564
locu|W5N9Q7	0.731503579952267	E-EE	914-927
locu|W5N9Q7	0.749005568814638	E-EE	938-947
locu|W5N9Q7	0.762132060461416	E-EE	951-967
locu|W5N9Q7	0.777247414478918	E-EE	971-985
locu|W5N9R4	0.579612606697308	S-SS	1762-1771
locu|W5N9X2	0.30751708428246	E-EE	131-141
locu|W5NA28	0.693890274314214	E-EE	550-565
locu|W5NA33	0.382172131147541	E-EE	1115-1125
locu|W5NA33	0.781420765027322	S-SS	2284-2294
locu|W5NA51	0.247562582345191	E-EE	936-945
locu|W5NA59	0.350378787878788	E-EE	180-192
locu|W5NA59	0.609848484848485	E-EE	319-327
locu|W5NA59	0.730113636363636	E-EE	381-392
locu|W5NA59	0.986742424242424	E-EE	517-527
locu|W5NA88	0.188172043010753	D-DD	101-111
locu|W5NAA5	0.255834829443447	S-SS	139-148
locu|W5NAB3	0.36020635241756	E-EE	1776-1787
locu|W5NAB3	0.364151325106211	E-EE	1796-1806
locu|W5NAB3	0.72931418167105	E-EE	3601-3611
locu|W5NAB9	0.0851419031719533	S-SS	47-57
locu|W5NAD4	0.396596858638743	E-DE	148-157
locu|W5NAD4	0.396596858638743	E-EE	148-157
locu|W5NAQ3	0.0894621295279912	D-DD	158-170
locu|W5NAQ3	0.0894621295279912	D-DE	158-170
locu|W5NAQ6	0.0255591054313099	S-SS	13-21
locu|W5NAS1	0.0767123287671233	E-EE	22-36
locu|W5NB01	0.166370106761566	E-EE	87-102
locu|W5NBA0	0.403846153846154	E-EE	133-142
locu|W5NBD7	0.867718446601942	S-SS	352-365
locu|W5NBG0	0.919626168224299	E-EE	487-499
locu|W5NBL9	0.57218045112782	S-SS	365-398
locu|W5NBU2	0.0288235294117647	E-DE	21-30
locu|W5NBU2	0.0288235294117647	E-EE	21-30
locu|W5NBU2	0.0529411764705882	E-DE	38-54
locu|W5NBU2	0.0529411764705882	E-EE	38-54
locu|W5NBV1	0.36444286728176	E-EE	510-519
locu|W5NBY7	0.51199494949495	S-SS	402-411
locu|W5NBZ7	0.303251121076233	A-AA	538-546
locu|W5NC71	0.560810810810811	A-AA	287-296
locu|W5NCA6	0.584680252986648	E-DE	2492-2502
locu|W5NCA6	0.584680252986648	E-EE	2492-2502
locu|W5NCD2	0.0623409669211196	D-DD	119-128
locu|W5NCD2	0.97735368956743	E-DE	1916-1927
locu|W5NCD2	0.97735368956743	E-EE	1916-1927
locu|W5NCN3	0.986263736263736	S-SS	712-726
locu|W5NCN7	0.116161616161616	A-AA	29-42
locu|W5NCX2	0.907701019252548	S-SS	1595-1613
locu|W5NCY3	0.39937106918239	E-EE	313-324
locu|W5NCY3	0.961635220125786	E-EE	761-770
locu|W5ND12	0.0923236514522822	E-EE	40-51
locu|W5ND19	0.674242424242424	E-EE	887-895
locu|W5ND38	0.877604166666667	S-SS	500-513
locu|W5NDB5	0.736673773987207	E-DE	343-350
locu|W5NDB5	0.736673773987207	E-EE	343-350
locu|W5NDC0	0.664516129032258	E-EE	203-211
locu|W5NDC0	0.809677419354839	E-DE	246-258
locu|W5NDD7	0.967741935483871	S-SS	566-576
locu|W5NDJ6	0.3425	E-EE	887-896
locu|W5NDQ9	0.826502732240437	E-EE	300-307
locu|W5NDR0	0.114716106604867	S-SS	96-104
locu|W5NDU9	0.167034178610805	A-AA	146-159
locu|W5NDW3	0.544205495818399	E-EE	452-461
locu|W5NDZ5	0.909722222222222	E-EE	450-469
locu|W5NDZ5	0.955357142857143	E-EE	472-493
locu|W5NE63	0.981729598051157	E-EE	802-812
locu|W5NEP0	0.325433642597822	E-EE	1610-1619
locu|W5NF02	0.359037769784173	E-EE	794-805
locu|W5NF02	0.406924460431655	E-DE	901-911
locu|W5NF02	0.569019784172662	E-EE	1262-1271
locu|W5NF02	0.590602517985611	D-DE	1310-1319
locu|W5NF02	0.660071942446043	E-EE	1460-1478
locu|W5NF10	0.184248554913295	E-EE	124-133
locu|W5NF82	0.799173553719008	E-EE	480-489
locu|W5NF84	0.604192355117139	E-EE	486-496
locu|W5NF84	0.648581997533909	E-EE	522-532
locu|W5NFB0	0.573754789272031	A-AA	296-305
locu|W5NFB8	0.837795275590551	E-DE	1060-1070
locu|W5NFB8	0.837795275590551	E-EE	1060-1070
locu|W5NFN2	0.767386091127098	S-SS	313-329
locu|W5NFV8	0.916746641074856	E-EE	1907-1916
locu|W5NFY3	0.0425531914893617	A-AA	37-45
locu|W5NFY3	0.0425531914893617	A-AS	37-45
locu|W5NG20	0.22531847133758	E-EE	279-289
locu|W5NG20	0.972929936305732	S-SS	1217-1229
locu|W5NGP5	0.430678466076696	S-SS	137-157
locu|W5NGS1	0.370449029126214	E-EE	604-619
locu|W5NGU3	0.17247191011236	E-DE	609-621
locu|W5NGU3	0.17247191011236	E-EE	609-621
locu|W5NGU3	0.704213483146067	E-DE	2503-2513
locu|W5NGU3	0.704213483146067	E-EE	2503-2513
locu|W5NGW4	0.821382842509603	S-SS	637-648
locu|W5NGX2	0.583435582822086	E-EE	465-488
locu|W5NH69	0.819627192982456	S-SS	744-753
locu|W5NHF2	0.539514623522091	A-AA	859-877
locu|W5NHH7	0.78761429758936	S-SS	1892-1900
locu|W5NHN6	0.479452054794521	A-AA	659-673
locu|W5NHV2	0.0335335335335335	E-EE	29-40
locu|W5NJ87	0.234086242299795	S-SS	567-575
locu|W5NJG0	0.79242819843342	S-SS	604-612
locu|W5NJJ6	0.519366197183099	E-EE	1173-1189
locu|W5NJL3	0.76152771308803	E-EE	1631-1641
locu|W5NJY8	0.707097457627119	E-EE	1999-2008
locu|W5NKG5	0.651162790697674	S-SS	516-550
locu|W5NKP4	0.1043410041841	E-EE	194-207
locu|W5NKP4	0.642259414225941	E-EE	1222-1236
locu|W5NKQ4	0.840968586387435	E-EE	639-648
locu|W5NKS8	0.126984126984127	E-EE	93-101
locu|W5NKU6	0.498771498771499	A-AA	605-615
locu|W5NKX6	0.104081632653061	E-EE	118-139
locu|W5NKX6	0.135918367346939	E-DE	159-176
locu|W5NKX6	0.135918367346939	E-EE	159-176
locu|W5NL51	0.796407185628742	A-AA	262-272
locu|W5NL61	0.818601583113456	E-EE	617-626
locu|W5NLW4	0.195592286501377	E-EE	67-77
locu|W5NMP4	0.542397660818713	A-AA	183-190
lung|A0A1S3GZ05	0.371794871794872	E-EE	344-354
lung|A0A1S3GZV3	0.257284562926224	S-SS	411-421
lung|A0A1S3GZV3	0.404835709857409	S-SS	649-659
lung|A0A1S3H069	0.587949465500486	D-DD	1206-1216
lung|A0A1S3H272	0.982929515418502	S-SS	888-899
lung|A0A1S3H3A7	0.275206611570248	D-DD	162-173
lung|A0A1S3H4M6	0.633155792276964	D-DD	472-481
lung|A0A1S3H5H3	0.659926470588235	E-EE	895-902
lung|A0A1S3H6T7	0.417105263157895	E-DE	784-803
lung|A0A1S3H6T7	0.417105263157895	E-EE	784-803
lung|A0A1S3H8K6	0.158695652173913	S-SS	143-151
lung|A0A1S3H8S5	0.403846153846154	E-DE	436-448
lung|A0A1S3H8S5	0.403846153846154	E-EE	436-448
lung|A0A1S3H8S5	0.858058608058608	E-DE	934-942
lung|A0A1S3H987	0.840753424657534	E-DE	488-496
lung|A0A1S3H987	0.840753424657534	E-EE	488-496
lung|A0A1S3HBB8	0.309261658031088	E-EE	473-484
lung|A0A1S3HBH9	0.0767441860465116	E-DE	95-105
lung|A0A1S3HBH9	0.0767441860465116	E-EE	95-105
lung|A0A1S3HE11	0.680033416875522	S-SS	807-823
lung|A0A1S3HFH3	0.0384078212290503	S-SS	20-37
lung|A0A1S3HFQ3	0.750818598559267	E-EE	1143-1152
lung|A0A1S3HG61	0.744850187265918	S-SS	789-804
lung|A0A1S3HG61	0.774344569288389	S-SS	822-834
lung|A0A1S3HH65	0.186768149882904	E-EE	475-484
lung|A0A1S3HHI7	0.194533762057878	E-DE	116-128
lung|A0A1S3HHI7	0.194533762057878	E-EE	116-128
lung|A0A1S3HHV2	0.90041928721174	S-SS	424-437
lung|A0A1S3HHZ8	0.558781869688385	E-DE	391-400
lung|A0A1S3HHZ8	0.558781869688385	E-EE	391-400
lung|A0A1S3HIY2	0.930383314543405	S-SS	1641-1662
lung|A0A1S3HJI8	0.74003984063745	D-DD	368-377
lung|A0A1S3HJI8	0.74003984063745	D-DE	368-377
lung|A0A1S3HM47	0.566350710900474	E-EE	1310-1321
lung|A0A1S3HPG5	0.313873626373626	E-EE	452-464
lung|A0A1S3HPG5	0.506524725274725	E-EE	734-743
lung|A0A1S3HPG5	0.901098901098901	E-DE	1305-1321
lung|A0A1S3HPG5	0.919299450549451	E-EE	1335-1344
lung|A0A1S3HQM6	0.982929515418502	S-SS	888-899
lung|A0A1S3HR38	0.830910852713178	D-DD	852-865
lung|A0A1S3HTN8	0.959252971137521	E-EE	561-571
lung|A0A1S3HWY4	0.974093264248705	E-DE	373-381
lung|A0A1S3HWY4	0.974093264248705	E-EE	373-381
lung|A0A1S3HX20	0.981081081081081	D-DD	358-370
lung|A0A1S3HYA9	0.814042897612303	E-EE	2007-2018
lung|A0A1S3HZP9	0.184967320261438	E-DE	138-147
lung|A0A1S3HZP9	0.184967320261438	E-EE	138-147
lung|A0A1S3I201	0.984629294755877	E-EE	539-552
lung|A0A1S3I2S6	0.50990099009901	S-SS	458-471
lung|A0A1S3I2Z0	0.410533910533911	S-SS	282-289
lung|A0A1S3I3H4	0.827058823529412	S-SS	342-363
lung|A0A1S3I5L9	0.83642578125	D-DD	853-862
lung|A0A1S3I6P3	0.144418872266974	E-DE	119-134
lung|A0A1S3I6P3	0.144418872266974	E-EE	119-134
lung|A0A1S3I6P3	0.716340621403913	E-EE	618-629
lung|A0A1S3I6P3	0.749136939010357	E-EE	647-657
lung|A0A1S3I759	0.771206225680934	E-EE	976-1008
lung|A0A1S3I7A9	0.633155792276964	D-DD	472-481
lung|A0A1S3I7B9	0.965695587924847	D-DD	4571-4580
lung|A0A1S3I7R7	0.845407503234153	E-EE	648-661
lung|A0A1S3I846	0.0967125382262997	S-SS	123-132
lung|A0A1S3I8C2	0.465393794749403	E-EE	970-982
lung|A0A1S3I8I1	0.657185628742515	E-EE	435-445
lung|A0A1S3I8K8	0.222292993630573	D-DE	171-180
lung|A0A1S3I974	0.710191082802548	A-AA	220-228
lung|A0A1S3IAI0	0.995365602471679	E-DE	963-972
lung|A0A1S3IAI0	0.995365602471679	E-EE	963-972
lung|A0A1S3IBL8	0.750601443464314	E-EE	931-943
lung|A0A1S3ICM8	0.579443892750745	D-DD	581-588
lung|A0A1S3IDB1	0.104191616766467	E-EE	84-92
lung|A0A1S3IE44	0.0513274336283186	E-EE	84-92
lung|A0A1S3IE44	0.916519174041298	S-SS	1548-1561
lung|A0A1S3IEF9	0.374841571609632	E-EE	585-600
lung|A0A1S3IEL7	0.553617571059432	E-EE	425-434
lung|A0A1S3IEP1	0.579443892750745	D-DD	581-588
lung|A0A1S3IFP3	0.637053571428571	S-SS	710-719
lung|A0A1S3IHC6	0.908590308370044	E-DE	406-421
lung|A0A1S3IHC6	0.908590308370044	E-EE	406-421
lung|A0A1S3II18	0.293247767857143	E-EE	522-531
lung|A0A1S3IKH9	0.950773558368495	E-EE	669-685
lung|A0A1S3ILT7	0.736931432450781	E-EE	1082-1091
lung|A0A1S3ILT7	0.819076714188731	E-DE	1201-1214
lung|A0A1S3ILT7	0.819076714188731	E-EE	1201-1214
lung|A0A1S3ILV3	0.194533762057878	E-DE	116-128
lung|A0A1S3ILV3	0.194533762057878	E-EE	116-128
lung|A0A1S3IN24	0.258992805755396	D-DD	213-221
lung|A0A1S3INP7	0.633886255924171	E-EE	800-807
lung|A0A1S3INT6	0.982740021574973	D-DD	904-920
lung|A0A1S3INU3	0.102997045166737	E-EE	237-253
lung|A0A1S3INU3	0.569227522161249	E-EE	1344-1355
lung|A0A1S3INU3	0.709159983115239	E-EE	1673-1689
lung|A0A1S3INU3	0.719501899535669	E-EE	1697-1714
lung|A0A1S3IRU4	0.085306321698804	E-EE	346-355
lung|A0A1S3ISI4	0.692546583850932	E-EE	550-567
lung|A0A1S3ISI4	0.896273291925466	E-EE	716-729
lung|A0A1S3ISI4	0.946583850931677	E-EE	758-768
lung|A0A1S3ISW5	0.982926829268293	S-AS	801-813
lung|A0A1S3IUX2	0.970959595959596	E-DE	1150-1159
lung|A0A1S3IVM9	0.714344941956882	E-EE	856-869
lung|A0A1S3IXV7	0.851426799007444	E-EE	1368-1379
lung|A0A1S3IY18	0.220347648261759	E-DE	426-438
lung|A0A1S3IZ75	0.967095851216023	D-DD	671-683
lung|A0A1S3IZB4	0.737142857142857	S-SS	641-651
lung|A0A1S3IZE6	0.408515535097814	D-DE	348-364
lung|A0A1S3J0A1	0.918067226890756	D-DD	215-224
lung|A0A1S3J0A1	0.918067226890756	D-DE	215-224
lung|A0A1S3J0S3	0.742635024549918	E-EE	1812-1820
lung|A0A1S3J2M3	0.908324552160169	D-DE	859-867
lung|A0A1S3J405	0.730769230769231	A-AA	269-284
lung|A0A1S3J4F5	0.830550918196995	A-AA	491-506
lung|A0A1S3J4Q8	0.394718309859155	D-DE	556-567
lung|A0A1S3J530	0.481531358214698	D-DE	1245-1260
lung|A0A1S3J5V0	0.77556270096463	E-DE	1200-1214
lung|A0A1S3J5V0	0.77556270096463	E-EE	1200-1214
lung|A0A1S3J711	0.741185897435897	E-EE	1384-1393
lung|A0A1S3J7B0	0.948481407891002	E-EE	3338-3347
lung|A0A1S3JA98	0.348070175438596	S-SS	493-501
lung|A0A1S3JAN9	0.993809523809524	E-EE	2083-2093
lung|A0A1S3JAV0	0.858511837655017	E-EE	757-768
lung|A0A1S3JB55	0.62876254180602	E-EE	1312-1322
lung|A0A1S3JB78	0.732120051085568	E-EE	1143-1152
lung|A0A1S3JD61	0.784010840108401	D-DD	2888-2900
lung|A0A1S3JES2	0.772661870503597	S-SS	534-542
lung|A0A1S3JII8	0.943349753694581	E-DE	762-772
lung|A0A1S3JII8	0.943349753694581	E-EE	762-772
lung|A0A1S3JII8	0.972290640394089	E-EE	786-795
lung|A0A1S3JKB8	0.294954128440367	E-DE	316-329
lung|A0A1S3JLG7	0.126118067978533	D-DD	66-77
lung|A0A1S3JLG7	0.126118067978533	D-DE	66-77
lung|A0A1S3JLQ9	0.6691431401684	S-SS	1348-1356
lung|A0A1S3JM48	0.642921960072595	E-EE	705-714
lung|A0A1S3JM48	0.666061705989111	E-DE	729-741
lung|A0A1S3JM48	0.666061705989111	E-EE	729-741
lung|A0A1S3JNS6	0.827058823529412	S-SS	342-363
lung|A0A1S3JRZ2	0.376965772432932	E-EE	405-412
lung|A0A1S3JS59	0.545454545454545	D-DD	338-348
lung|A0A1S3JS91	0.216473791695031	S-SS	314-324
lung|A0A1S3JT87	0.893203883495146	E-DE	269-285
lung|A0A1S3JUS1	0.458795562599049	E-EE	283-298
lung|A0A1S3JUT4	0.358490566037736	E-EE	186-196
lung|A0A1S3JUT4	0.613207547169811	E-EE	322-330
lung|A0A1S3JUT4	0.735849056603774	E-EE	386-396
lung|A0A1S3JUT4	0.985849056603774	E-EE	518-529
lung|A0A1S3JV30	0.959252971137521	E-EE	561-571
lung|A0A1S3JXY3	0.368115942028986	E-EE	122-134
lung|A0A1S3JZ39	0.876190476190476	E-DE	639-651
lung|A0A1S3JZ39	0.876190476190476	E-EE	639-651
lung|A0A1S3K198	0.939677419354839	S-SS	1453-1462
lung|A0A1S3K213	0.652702702702703	E-EE	1928-1938
lung|A0A1S3K3F1	0.334429824561404	E-EE	149-158
lung|A0A1S3K4C9	0.39344909234412	S-SS	494-505
lung|A0A1S3K5X9	0.673536685902721	A-AA	1631-1639
lung|A0A1S3K7Q1	0.939767282683094	E-EE	1366-1382
lung|A0A1S3K7Q1	0.976386036960986	E-DE	1423-1432
lung|A0A1S3KBA5	0.393730886850153	A-AA	512-520
lung|A0A1S3KDF9	0.194304857621441	E-EE	344-354
lung|A0A1S3KG83	0.642792384406165	E-DE	705-715
lung|A0A1S3KG83	0.642792384406165	E-EE	705-715
lung|A0A1S3KG83	0.665004533091568	E-DE	730-739
lung|A0A1S3KG83	0.665004533091568	E-EE	730-739
lung|A0A1S3KGJ3	0.402985074626866	D-DD	293-303
lung|A0A1S3KHP3	0.0226515656229181	E-DE	28-42
lung|A0A2R2MIX9	0.142613636363636	E-DE	119-134
lung|A0A2R2MIX9	0.142613636363636	E-EE	119-134
lung|A0A2R2MIX9	0.711363636363636	E-EE	621-633
lung|A0A2R2MJB4	0.178963893249608	E-EE	680-690
lung|A0A2R2MJD6	0.80257116620753	A-AA	870-880
lung|A0A2R2MJV9	0.535277718207163	D-DD	2491-2503
lung|A0A2R2MJV9	0.535277718207163	D-DE	2491-2503
lung|A0A2R2MPA1	0.16804347826087	D-DE	382-393
lung|A0A2R2MPV7	0.94280442804428	E-EE	763-772
lung|A0A2R2MQ45	0.376611418047882	E-EE	201-210
lung|A0A2R2MQN8	0.187689202825429	D-DD	177-197
lung|A0A2R2MRB1	0.779310344827586	E-EE	1125-1137
lung|A0A2R2MRS4	0.467284904688305	E-EE	903-913
mace|Q8TI80	0.942196531791908	E-EE	323-331
mace|Q8TJC4	0.872068230277185	E-EE	404-416
mace|Q8TRZ6	0.871794871794872	E-EE	403-415
mbre|A9UPJ7	0.801697530864197	A-AA	516-525
mbre|A9UQA7	0.640862944162436	E-EE	249-258
mbre|A9UQL0	0.414761904761905	E-DE	433-440
mbre|A9UQL0	0.414761904761905	E-EE	433-440
mbre|A9UQQ9	0.374209860935525	D-DD	291-303
mbre|A9US87	0.421926910299003	D-DD	375-389
mbre|A9US87	0.421926910299003	D-DE	375-389
mbre|A9UW12	0.912621359223301	A-AA	274-292
mbre|A9V0D8	0.878250591016548	S-SS	726-762
mbre|A9V1Q8	0.74248496993988	E-EE	364-379
mbre|A9V210	0.175252525252525	A-AA	169-180
mbre|A9V210	0.175252525252525	A-AS	169-180
mbre|A9V2A9	0.74643099932019	E-EE	1093-1105
mbre|A9V3B7	0.308871851040526	D-DE	278-288
mbre|A9V3R8	0.0825049701789264	E-DE	37-48
mbre|A9V3R8	0.0825049701789264	E-EE	37-48
mbre|A9V491	0.128472222222222	D-DD	124-137
mbre|A9V7D8	0.774193548387097	D-DD	549-557
mbre|A9V7W6	0.027027027027027	A-AA	18-34
mbre|A9V7W6	0.951351351351351	D-DD	877-885
mbre|A9V9L1	0.0890566037735849	D-DE	105-133
mbre|A9V9Y8	0.153155603917301	D-DE	277-288
mbre|A9VAQ5	0.907198612315698	D-DD	1042-1052
mbre|A9VB23	0.595136518771331	D-DD	1386-1406
mbre|A9VB41	0.669409486931268	A-AA	688-697
mbre|A9VBI6	0.986596102482936	D-DD	9970-9979
mbre|A9VBM3	0.792811839323467	A-AA	1493-1509
mbre|A9VC28	0.258522727272727	A-AS	87-97
mbre|A9VDW2	0.0419790104947526	S-AS	24-34
mbre|A9VDW2	0.0419790104947526	S-SS	24-34
mcom|C1DXY4	0.63277133825079	A-AA	596-607
mcom|C1DYD0	0.143322475570033	S-SS	41-49
mcom|C1DYX5	0.0851851851851852	E-DE	89-97
mcom|C1DYX5	0.0851851851851852	E-EE	89-97
mcom|C1DYX5	0.143055555555556	D-DE	151-160
mcom|C1E0C9	0.977115117891817	A-AA	697-714
mcom|C1E0F4	0.530534351145038	A-AA	206-213
mcom|C1E0H0	0.908132530120482	A-AA	298-307
mcom|C1E104	0.100684931506849	A-AA	70-79
mcom|C1E199	0.961325966850829	D-DD	343-355
mcom|C1E199	0.961325966850829	D-DE	343-355
mcom|C1E271	0.255294117647059	A-AA	213-223
mcom|C1E307	0.959128065395095	S-SS	347-359
mcom|C1E3A8	0.261773940345369	D-DE	329-340
mcom|C1E3H4	0.944871794871795	A-AA	732-744
mcom|C1E3M4	0.944676409185804	A-AS	449-458
mcom|C1E3U8	0.462472406181015	A-AA	202-219
mcom|C1E4F2	0.134271099744246	A-AA	49-58
mcom|C1E4P4	0.835222672064777	E-DE	1025-1040
mcom|C1E4P4	0.835222672064777	E-EE	1025-1040
mcom|C1E548	0.113256113256113	A-AA	171-183
mcom|C1E5C7	0.1580204778157	A-AS	226-239
mcom|C1E5G2	0.0108626198083067	D-DD	13-23
mcom|C1E5G2	0.0108626198083067	D-DE	13-23
mcom|C1E5N0	0.120184899845917	E-EE	150-164
mcom|C1E602	0.479879275653924	A-AA	473-483
mcom|C1E6T6	0.0818786367414796	D-DD	95-104
mcom|C1E6T6	0.0818786367414796	D-DE	95-104
mcom|C1E732	0.334293948126801	D-DD	229-237
mcom|C1E826	0.316592261904762	A-AA	421-432
mcom|C1E834	0.103492884864166	E-DE	76-86
mcom|C1E881	0.96229802513465	E-DE	533-541
mcom|C1E881	0.96229802513465	E-EE	533-541
mcom|C1E8F2	0.076158940397351	D-DD	42-52
mcom|C1E8F2	0.076158940397351	D-DE	42-52
mcom|C1E8F2	0.186258278145695	E-DE	106-121
mcom|C1E8F2	0.186258278145695	E-EE	106-121
mcom|C1E8F9	0.712810396843815	A-AA	3065-3080
mcom|C1E8K2	0.0214987714987715	A-AA	13-24
mcom|C1E9Y9	0.80627802690583	D-DD	896-904
mcom|C1EAM3	0.275524475524476	A-AA	194-202
mcom|C1EBK8	0.62563915266618	D-DE	853-862
mcom|C1EBM5	0.0848400556328234	D-DD	58-66
mcom|C1EBX6	0.0445445445445445	D-DE	78-102
mcom|C1ECV2	0.690065681444992	E-DE	832-851
mcom|C1ECV2	0.690065681444992	E-EE	832-851
mcom|C1EE34	0.927966101694915	A-AA	647-669
mcom|C1EEF7	0.0502873563218391	S-SS	30-42
mcom|C1EEY8	0.166161616161616	D-DD	161-170
mcom|C1EEY8	0.35	D-DD	343-352
mcom|C1EEY8	0.3	D-DD	293-303
mcom|C1EF52	0.880630630630631	A-AA	582-593
mcom|C1EFE4	0.959935897435897	E-EE	296-305
mcom|C1EHH3	0.173728813559322	A-AA	181-190
mcom|C1EHH3	0.810734463276836	A-AA	857-867
mcom|C1EHH3	0.885593220338983	A-AA	937-946
mcom|C1EHN7	0.900656044985942	D-DD	956-968
mcom|C1EHT0	0.741967871485944	E-DE	366-375
mcom|C1EHT0	0.741967871485944	E-EE	366-375
mcom|C1EIH3	0.899814471243043	D-DD	482-490
mcom|C1EIQ6	0.798755186721992	D-DD	573-584
mcom|C1EIQ6	0.798755186721992	D-DE	573-584
mcom|C1EIT0	0.958333333333333	D-DD	408-422
mcom|C1EIT0	0.958333333333333	D-DE	408-422
mcom|C1EJ80	0.92466765140325	E-EE	1241-1265
mcom|C1EJG6	0.861958266452649	A-AA	534-542
mcom|C1FDG5	0.559719934102142	D-DE	676-685
mcom|C1FEJ3	0.404199475065617	A-AA	612-622
mcom|C1FFL3	0.111195158850227	D-DE	69-80
mcom|C1FG05	0.831086439333862	A-AA	1045-1053
mcom|C1FG05	0.927042030134814	D-DD	1166-1174
mcom|C1FG28	0.0363790186125212	D-DD	13-32
mcom|C1FG28	0.0363790186125212	D-DE	13-32
mcom|C1FGG2	0.0337620578778135	A-AA	17-27
mcom|C1FGM7	0.840444444444444	E-DE	938-955
mcom|C1FGM7	0.840444444444444	E-EE	938-955
mcom|C1FH79	0.2275	A-AA	88-96
mcom|C1FH79	0.2275	A-AS	88-96
mcom|C1FHD1	0.143159379407616	D-DE	198-210
mcom|C1FHU9	0.971368715083799	A-AA	686-707
mcom|C1FIU2	0.106002554278416	A-AA	77-91
mcom|C1FIV4	0.952782462057336	S-SS	546-586
mcom|C1FJL8	0.957659372026641	S-SS	1003-1012
mcom|C1FJV3	0.583333333333333	A-AA	594-605
mjan|Q57620	0.88034188034188	E-EE	408-418
mkan|P50016	0.982536764705882	E-EE	532-539
mkan|Q8TX50	0.938202247191011	E-DE	323-347
mkan|Q8TX50	0.938202247191011	E-EE	323-347
mkan|Q8TXF4	0.876609442060086	E-EE	406-413
mluc|G1NSM0	0.634433962264151	E-EE	400-409
mluc|G1NSP5	0.400658616904501	E-EE	726-736
mluc|G1NSS6	0.557855019437457	E-DE	2436-2445
mluc|G1NSS6	0.557855019437457	E-EE	2436-2445
mluc|G1NSU1	0.842374213836478	E-DE	1068-1077
mluc|G1NSU1	0.842374213836478	E-EE	1068-1077
mluc|G1NSV0	0.584532374100719	A-AA	321-331
mluc|G1NSW9	0.629979035639413	E-EE	297-306
mluc|G1NSX9	0.964387464387464	S-SS	673-683
mluc|G1NT13	0.509852216748768	S-SS	203-213
mluc|G1NT14	0.313873626373626	E-EE	224-235
mluc|G1NT91	0.104330708661417	E-EE	75-86
mluc|G1NTC1	0.1059670781893	E-EE	49-56
mluc|G1NTD5	0.604851330203443	E-EE	381-394
mluc|G1NTE6	0.110340479192938	E-EE	84-93
mluc|G1NTG6	0.333652007648184	S-SS	168-183
mluc|G1NTH3	0.86336418072945	S-SS	1582-1592
mluc|G1NTJ1	0.00529355149181906	E-EE	11-24
mluc|G1NTK2	0.254496402877698	E-EE	136-149
mluc|G1NTK4	0.326340326340326	A-AA	137-145
mluc|G1NU10	0.648560367771595	S-SS	2677-2686
mluc|G1NU65	0.29468085106383	A-AA	132-147
mluc|G1NU72	0.189839572192513	A-AA	68-76
mluc|G1NUB5	0.838709677419355	A-AA	490-500
mluc|G1NUG6	0.538116591928251	A-AA	234-248
mluc|G1NUG6	0.727578475336323	A-AA	322-329
mluc|G1NUG6	0.761210762331839	A-AA	336-345
mluc|G1NUG6	0.797085201793722	A-AA	352-361
mluc|G1NUK0	0.714	E-EE	354-362
mluc|G1NUL8	0.494117647058824	S-SS	543-551
mluc|G1NUN3	0.110785463071512	E-DE	90-101
mluc|G1NUN3	0.110785463071512	E-EE	90-101
mluc|G1NUQ3	0.533562822719449	D-DD	307-315
mluc|G1NUV3	0.215170278637771	E-EE	64-77
mluc|G1NV03	0.0268041237113402	A-AA	35-45
mluc|G1NV05	0.327073552425665	S-SS	415-423
mluc|G1NV17	0.600688073394495	D-DD	1304-1317
mluc|G1NV17	0.600688073394495	D-DE	1304-1317
mluc|G1NV39	0.91038961038961	E-EE	347-356
mluc|G1NV77	0.985	D-DD	389-401
mluc|G1NV91	0.346	E-EE	255-266
mluc|G1NV95	0.673850574712644	A-AA	231-240
mluc|G1NVC8	0.0200177935943061	E-EE	15-32
mluc|G1NVE0	0.0969387755102041	A-AA	30-48
mluc|G1NVE3	0.767844002943341	E-EE	1040-1049
mluc|G1NVE5	0.678507992895204	E-EE	377-389
mluc|G1NVH1	0.0899814471243043	E-EE	45-54
mluc|G1NVH6	0.749802994483846	E-EE	948-957
mluc|G1NVI0	0.557090239410681	E-EE	298-309
mluc|G1NVJ0	0.291750503018109	E-EE	142-150
mluc|G1NVM5	0.780746395250212	S-SS	917-926
mluc|G1NVN6	0.174501424501425	A-AA	117-130
mluc|G1NVQ6	0.780547409579668	A-AA	795-804
mluc|G1NVV1	0.527332431910373	D-DD	2726-2736
mluc|G1NVV1	0.645257871354066	S-SS	3337-3346
mluc|G1NVV6	0.623822341857335	S-SS	460-469
mluc|G1NVV8	0.569983416252073	S-SS	1715-1724
mluc|G1NVX3	0.442760942760943	E-DE	128-137
mluc|G1NVX3	0.442760942760943	E-EE	128-137
mluc|G1NVY9	0.711059907834101	S-SS	768-777
mluc|G1NVZ0	0.70261031696706	S-SS	1127-1136
mluc|G1NVZ9	0.56144578313253	E-DE	230-238
mluc|G1NVZ9	0.56144578313253	E-EE	230-238
mluc|G1NW03	0.14041095890411	S-SS	198-214
mluc|G1NW08	0.335466179159049	E-EE	179-190
mluc|G1NW30	0.758874239350913	S-SS	1493-1502
mluc|G1NW33	0.195652173913043	E-EE	162-173
mluc|G1NW34	0.887556221889055	E-DE	588-598
mluc|G1NW34	0.887556221889055	E-EE	588-598
mluc|G1NW39	0.636321195144725	E-DE	677-688
mluc|G1NW39	0.636321195144725	E-EE	677-688
mluc|G1NW44	0.30507662835249	S-SS	315-324
mluc|G1NW54	0.933484162895928	S-SS	1026-1039
mluc|G1NW71	0.850093691442848	D-DD	1358-1366
mluc|G1NW71	0.850093691442848	D-DE	1358-1366
mluc|G1NW87	0.321428571428571	S-SS	224-237
mluc|G1NW87	0.679971988795518	S-SS	482-491
mluc|G1NW87	0.747198879551821	S-SS	530-539
mluc|G1NW92	0.166666666666667	E-EE	229-240
mluc|G1NW92	0.43576017130621	S-SS	607-616
mluc|G1NWB6	0.661585365853659	S-SS	213-223
mluc|G1NWB7	0.782786885245902	D-DD	1904-1918
mluc|G1NWE7	0.154334621755936	E-EE	276-285
mluc|G1NWL0	0.807082043343653	S-AS	2079-2094
mluc|G1NWL0	0.807082043343653	S-SS	2079-2094
mluc|G1NWL0	0.985874613003096	D-DD	2544-2553
mluc|G1NWL9	0.984354628422425	S-SS	749-763
mluc|G1NWR0	0.662531017369727	E-EE	263-273
mluc|G1NWS2	0.919303797468354	A-AA	287-296
mluc|G1NWS8	0.229166666666667	S-SS	134-143
mluc|G1NWT3	0.453655352480418	E-EE	344-353
mluc|G1NWW1	0.957106812447435	E-EE	1134-1144
mluc|G1NWX4	0.244594043247654	A-AA	596-605
mluc|G1NWX4	0.804365565075479	S-SS	1968-1977
mluc|G1NWX9	0.333523375142531	S-SS	1163-1179
mluc|G1NX87	0.511094674556213	A-AA	340-353
mluc|G1NX87	0.56508875739645	S-SS	378-388
mluc|G1NX87	0.584319526627219	S-SS	391-401
mluc|G1NXB0	0.436246418338109	E-EE	299-312
mluc|G1NXE2	0.910214168039539	E-EE	1101-1111
mluc|G1NXE4	0.932432432432432	E-EE	406-424
mluc|G1NXF2	0.474424552429668	E-EE	182-191
mluc|G1NXH9	0.594170403587444	A-AA	527-535
mluc|G1NXK9	0.473061760840999	E-EE	355-367
mluc|G1NXN4	0.821583514099783	S-SS	754-763
mluc|G1NXN8	0.959484924623116	E-DE	1523-1534
mluc|G1NXN8	0.959484924623116	E-EE	1523-1534
mluc|G1NXT4	0.354771784232365	E-EE	424-433
mluc|G1NY06	0.254679144385027	D-DD	186-197
mluc|G1NY06	0.254679144385027	D-DE	186-197
mluc|G1NY20	0.620535714285714	A-AA	344-353
mluc|G1NY24	0.828522920203735	E-EE	941-1013
mluc|G1NY31	0.23936170212766	S-SS	86-96
mluc|G1NY53	0.160493827160494	E-EE	108-128
mluc|G1NY69	0.206211812627291	S-SS	199-208
mluc|G1NY72	0.744031830238727	A-AA	839-846
mluc|G1NY96	0.588679245283019	E-EE	309-317
mluc|G1NY99	0.84748427672956	A-AA	266-275
mluc|G1NYB2	0.841666666666667	S-SS	577-637
mluc|G1NYE7	0.88	A-AA	347-359
mluc|G1NYG0	0.11685393258427	E-EE	100-110
mluc|G1NYG2	0.322349570200573	S-SS	107-120
mluc|G1NYJ7	0.0626373626373626	E-EE	24-35
mluc|G1NYP0	0.846754807692308	E-EE	695-716
mluc|G1NZ01	0.716572504708098	E-EE	375-388
mluc|G1NZ10	0.905927835051546	E-EE	344-361
mluc|G1NZ13	0.0593132154006243	S-AS	53-63
mluc|G1NZ13	0.0593132154006243	S-SS	53-63
mluc|G1NZ24	0.863564668769716	S-SS	542-555
mluc|G1NZ54	0.073802541544477	E-EE	69-84
mluc|G1NZ94	0.712564543889845	S-SS	410-420
mluc|G1NZ95	0.321766561514196	A-AA	98-108
mluc|G1NZC8	0.528608582574772	A-AA	403-412
mluc|G1NZD0	0.964730290456432	E-EE	228-239
mluc|G1NZJ2	0.923379174852652	E-EE	464-478
mluc|G1NZJ7	0.98963133640553	E-EE	855-865
mluc|G1NZK2	0.852693602693603	E-EE	1008-1020
mluc|G1NZL5	0.425443169968717	E-DE	813-821
mluc|G1NZL5	0.425443169968717	E-EE	813-821
mluc|G1NZP7	0.551094890510949	S-SS	826-837
mluc|G1NZV5	0.604964539007092	E-EE	420-435
mluc|G1NZV5	0.773049645390071	S-SS	542-550
mluc|G1NZW1	0.599431818181818	A-AA	314-321
mluc|G1NZX8	0.0156507413509061	S-SS	5-16
mluc|G1P031	0.143607705779334	E-EE	76-90
mluc|G1P033	0.101293103448276	A-AA	44-52
mluc|G1P070	0.701928530913216	E-DE	2471-2481
mluc|G1P070	0.701928530913216	E-EE	2471-2481
mluc|G1P095	0.0322338830584708	E-EE	14-31
mluc|G1P0B4	0.548004987531172	E-DE	435-446
mluc|G1P0B4	0.548004987531172	E-EE	435-446
mluc|G1P0D8	0.159602649006623	S-SS	117-126
mluc|G1P0G4	0.67948717948718	E-EE	209-217
mluc|G1P0I5	0.108775137111517	S-SS	52-69
mluc|G1P0M9	0.863550519357885	A-AA	911-920
mluc|G1P0T7	0.325949367088608	E-EE	150-161
mluc|G1P179	0.838977635782748	E-EE	2622-2632
mluc|G1P198	0.562072892938497	S-SS	490-499
mluc|G1P1A0	0.366148531951641	E-DE	208-218
mluc|G1P1A0	0.366148531951641	E-EE	208-218
mluc|G1P1A3	0.447937131630648	A-AA	224-234
mluc|G1P1B0	0.25839552238806	S-SS	117-162
mluc|G1P1B0	0.659514925373134	S-SS	349-360
mluc|G1P1B7	0.0796153846153846	S-SS	100-109
mluc|G1P1B9	0.411949685534591	A-AA	324-333
mluc|G1P1E8	0.950695322376738	E-EE	748-758
mluc|G1P1L8	0.759842519685039	A-AA	282-299
mluc|G1P1P8	0.132183908045977	E-EE	53-64
mluc|G1P1S9	0.850098619329389	E-EE	857-869
mluc|G1P1Y5	0.740121580547112	E-EE	727-736
mluc|G1P217	0.215705765407555	E-EE	106-113
mluc|G1P223	0.450735294117647	S-SS	302-313
mluc|G1P245	0.940967283072546	A-AA	1319-1329
mluc|G1P246	0.0225140712945591	A-AA	8-18
mluc|G1P2D0	0.346781504986401	E-EE	379-388
mluc|G1P2F4	0.257975797579758	E-EE	230-241
mluc|G1P2G1	0.592255125284738	E-EE	253-269
mluc|G1P2H9	0.748619737750173	S-SS	2143-2198
mluc|G1P2H9	0.912870945479641	A-AA	2641-2652
mluc|G1P2K3	0.413205207687539	E-EE	663-672
mluc|G1P2K3	0.956912585244885	E-EE	1538-1551
mluc|G1P2L5	0.12597911227154	E-EE	87-108
mluc|G1P2R5	0.70773381294964	S-SS	390-399
mluc|G1P2S1	0.12401055408971	S-SS	90-100
mluc|G1P2S2	0.956521739130435	E-DE	392-402
mluc|G1P2S2	0.956521739130435	E-EE	392-402
mluc|G1P2U4	0.0163710777626194	E-DE	20-30
mluc|G1P2U4	0.0163710777626194	E-EE	20-30
mluc|G1P2V8	0.247422680412371	S-SS	112-130
mluc|G1P323	0.0670826833073323	E-DE	38-50
mluc|G1P323	0.0670826833073323	E-EE	38-50
mluc|G1P368	0.552532833020638	E-EE	291-300
mluc|G1P368	0.616322701688555	E-EE	321-338
mluc|G1P3B4	0.947443181818182	E-EE	330-339
mluc|G1P3B5	0.279428571428571	E-EE	240-251
mluc|G1P3D6	0.505735140771637	S-SS	481-491
mluc|G1P3F0	0.873905429071804	E-EE	492-508
mluc|G1P3H3	0.0302835051546392	A-AA	20-29
mluc|G1P3I9	0.955660377358491	E-EE	497-518
mluc|G1P3M7	0.190807799442897	E-EE	64-75
mluc|G1P3N7	0.262177650429799	E-EE	85-100
mluc|G1P3P5	0.47463768115942	A-AA	324-333
mluc|G1P3R2	0.0456810631229236	A-AA	24-33
mluc|G1P3S4	0.575993091537133	S-SS	323-346
mluc|G1P3V7	0.62011531069827	E-EE	963-975
mluc|G1P3W0	0.776736924277908	E-EE	991-1001
mluc|G1P3Z4	0.981969486823856	S-SS	699-719
mluc|G1P445	0.084872471416007	S-SS	90-105
mluc|G1P445	0.24802110817942	S-SS	278-288
mluc|G1P452	0.100202429149798	D-DD	46-55
mluc|G1P483	0.0651785714285714	A-AA	34-41
mluc|G1P489	0.641883519206939	S-SS	513-525
mluc|G1P489	0.668525402726146	S-SS	535-546
mluc|G1P4L0	0.349813432835821	A-AA	371-381
mluc|G1P4T4	0.275951557093426	E-EE	155-166
mluc|G1P4Y0	0.799651567944251	E-EE	224-237
mluc|G1P4Y2	0.0691906005221932	S-SS	50-58
mluc|G1P4Z2	0.813563975837452	S-SS	1478-1487
mluc|G1P4Z7	0.991424802110818	E-EE	749-756
mluc|G1P523	0.532216494845361	A-AA	409-419
mluc|G1P534	0.984240687679083	E-EE	340-349
mluc|G1P546	0.969440832249675	S-SS	741-752
mluc|G1P561	0.471388888888889	S-SS	845-854
mluc|G1P561	0.808888888888889	S-SS	1453-1461
mluc|G1P566	0.342784197796291	E-EE	2544-2560
mluc|G1P5A0	0.00420168067226891	A-AA	2-12
mluc|G1P5A9	0.122909275215408	S-SS	237-250
mluc|G1P5D5	0.402420185375901	E-EE	776-789
mluc|G1P5E7	0.180027548209366	S-SS	650-659
mluc|G1P5M9	0.685956790123457	S-SS	437-454
mluc|G1P5N9	0.627090301003345	A-AA	183-194
mluc|G1P5X9	0.29498613612326	E-EE	10315-10326
mluc|G1P5X9	0.995612154475031	S-SS	34826-34835
mluc|G1P607	0.455069124423963	A-AA	194-203
mluc|G1P667	0.513370473537604	E-EE	915-930
mluc|G1P673	0.279481132075472	S-SS	115-124
mluc|G1P693	0.680151024811219	E-EE	1258-1266
mluc|G1P693	0.71898597626753	E-EE	1327-1341
mluc|G1P6A7	0.0831801470588235	E-EE	83-100
mluc|G1P6J9	0.685224839400428	S-SS	634-648
mluc|G1P6K1	0.868996960486322	S-SS	1422-1439
mluc|G1P6K1	0.895744680851064	S-SS	1464-1485
mluc|G1P6K9	0.069620253164557	A-AA	29-39
mluc|G1P6L2	0.789830508474576	S-SS	461-473
mluc|G1P6R1	0.112648221343874	S-SS	44-72
mluc|G1P6Y3	0.524597495527728	E-EE	579-596
mluc|G1P6Z3	0.4695603156708	A-AA	412-423
mluc|G1P720	0.820754716981132	S-SS	778-790
mluc|G1P724	0.849206349206349	E-EE	530-542
mluc|G1P759	0.505059021922428	A-AA	594-606
mluc|G1P7G1	0.720883534136546	A-AA	894-903
mluc|G1P7G3	0.70012706480305	S-SS	1097-1109
mluc|G1P7G3	0.806861499364676	S-SS	1264-1278
mluc|G1P7H8	0.923031026252983	S-SS	769-780
mluc|G1P7Q0	0.8714859437751	A-AA	431-439
mluc|G1P7S4	0.935314685314685	E-EE	531-541
mluc|G1P7X4	0.82360248447205	E-EE	657-671
mluc|G1P820	0.854311730048206	E-DE	4782-4790
mluc|G1P820	0.854311730048206	E-EE	4782-4790
mluc|G1P821	0.160392798690671	S-SS	92-106
mluc|G1P834	0.885474860335196	E-EE	472-481
mluc|G1P861	0.121212121212121	A-AA	41-49
mluc|G1P888	0.15834312573443	E-EE	266-275
mluc|G1P888	0.618683901292597	S-SS	1045-1063
mluc|G1P8B5	0.441102756892231	E-DE	524-534
mluc|G1P8B5	0.441102756892231	E-EE	524-534
mluc|G1P8J1	0.308823529411765	E-EE	193-208
mluc|G1P8L4	0.2158203125	A-AA	107-116
mluc|G1P8L4	0.2158203125	A-AS	107-116
mluc|G1P8U7	0.216707021791768	E-EE	265-274
mluc|G1P8W6	0.102941176470588	S-SS	130-145
mluc|G1P911	0.00761772853185596	A-AA	2-11
mluc|G1P924	0.898713826366559	S-SS	556-564
mluc|G1P933	0.0472901168969182	E-EE	41-50
mluc|G1P949	0.447368421052632	A-AA	471-483
mluc|G1P951	0.145905420991926	A-AA	122-133
mluc|G1P9A6	0.520985846754514	E-DE	1053-1084
mluc|G1P9A6	0.520985846754514	E-EE	1053-1084
mluc|G1P9A6	0.654465592972182	E-EE	1330-1354
mluc|G1P9A6	0.678623718887262	E-EE	1388-1395
mluc|G1P9B4	0.91875	S-SS	511-520
mluc|G1P9G0	0.792120704107293	S-SS	941-951
mluc|G1P9I9	0.815803523758676	S-SS	1524-1534
mluc|G1P9J6	0.265414258188825	E-EE	272-281
mluc|G1P9K4	0.610526315789474	E-DE	451-479
mluc|G1P9K4	0.610526315789474	E-EE	451-479
mluc|G1P9K4	0.655921052631579	E-EE	494-505
mluc|G1P9L3	0.568021201413428	S-SS	637-651
mluc|G1P9L3	0.751325088339223	E-EE	843-860
mluc|G1P9R2	0.248181818181818	E-EE	259-289
mluc|G1P9R9	0.941937624419376	D-DD	1414-1427
mluc|G1P9U0	0.2515625	E-EE	77-86
mluc|G1PAD7	0.420172084130019	E-DE	435-446
mluc|G1PAD7	0.420172084130019	E-EE	435-446
mluc|G1PAM9	0.926428571428571	D-DD	645-654
mluc|G1PAM9	0.926428571428571	D-DE	645-654
mluc|G1PAQ1	0.947125256673511	E-EE	918-929
mluc|G1PAU3	0.542656587473002	S-SS	1504-1513
mluc|G1PAU3	0.628689704823614	A-AA	1743-1752
mluc|G1PAV6	0.400912106135987	E-EE	480-489
mluc|G1PAV6	0.439883913764511	E-DE	518-545
mluc|G1PAV6	0.439883913764511	E-EE	518-545
mluc|G1PAY9	0.802696078431373	E-DE	651-661
mluc|G1PAY9	0.802696078431373	E-EE	651-661
mluc|G1PB22	0.426756985605419	E-DE	500-510
mluc|G1PB22	0.426756985605419	E-EE	500-510
mluc|G1PB88	0.12248322147651	A-AA	29-46
mluc|G1PBA5	0.0754795663052544	A-AA	82-101
mluc|G1PBB4	0.560590886329494	D-DD	2235-2245
mluc|G1PBB4	0.718703054581873	S-SS	2867-2876
mluc|G1PBB6	0.291130185979971	E-EE	198-211
mluc|G1PBC3	0.778543655001767	E-EE	2188-2219
mluc|G1PBC3	0.792152704135737	E-EE	2222-2262
mluc|G1PBC3	0.803640862495582	E-EE	2270-2279
mluc|G1PBC3	0.810533757511488	E-EE	2289-2299
mluc|G1PBN4	0.15606936416185	A-AA	51-59
mluc|G1PBP8	0.353801169590643	E-EE	294-313
mluc|G1PBX1	0.947470817120623	E-EE	482-494
mluc|G1PBY1	0.0348837209302326	A-AA	13-22
mluc|G1PBZ9	0.144486692015209	A-AA	71-83
mluc|G1PBZ9	0.144486692015209	A-AS	71-83
mluc|G1PC02	0.820979483785573	E-EE	1237-1246
mluc|G1PC09	0.978260869565217	S-SS	2493-2504
mluc|G1PC16	0.978540772532189	E-DE	1821-1829
mluc|G1PC16	0.978540772532189	E-EE	1821-1829
mluc|G1PC20	0.040785498489426	S-SS	49-61
mluc|G1PC39	0.912790697674419	E-EE	546-555
mluc|G1PC79	0.276456599286564	E-DE	229-238
mluc|G1PC79	0.276456599286564	E-EE	229-238
mluc|G1PCA0	0.311641067097817	E-EE	378-395
mluc|G1PCA0	0.731204527081649	E-EE	901-910
mluc|G1PCB6	0.592078189300412	S-SS	572-581
mluc|G1PCB9	0.712037037037037	S-SS	381-390
mluc|G1PCC8	0.150631681243926	A-AA	152-160
mluc|G1PCI6	0.364260143198091	S-SS	607-616
mluc|G1PCI7	0.655833333333333	E-DE	378-411
mluc|G1PCI7	0.655833333333333	E-EE	378-411
mluc|G1PCK5	0.132495164410058	E-EE	134-142
mluc|G1PCK8	0.741031390134529	E-EE	1319-1327
mluc|G1PCL7	0.447368421052632	E-EE	249-263
mluc|G1PCS1	0.0657439446366782	E-EE	15-25
mluc|G1PCU3	0.58008658008658	E-EE	531-543
mluc|G1PCX0	0.624220374220374	S-SS	1197-1207
mluc|G1PD06	0.978598180845372	E-DE	1826-1834
mluc|G1PD06	0.978598180845372	E-EE	1826-1834
mluc|G1PD08	0.853920280332895	E-DE	1945-1956
mluc|G1PD08	0.853920280332895	E-EE	1945-1956
mluc|G1PD52	0.264560710760118	S-SS	265-273
mluc|G1PD52	0.763573543928924	E-EE	767-782
mluc|G1PDE4	0.699776785714286	A-AA	311-318
mluc|G1PDG6	0.8968	S-SS	555-568
mluc|G1PDI7	0.844402277039848	S-SS	438-454
mluc|G1PDK0	0.814023372287145	D-DD	2433-2445
mluc|G1PDK0	0.814023372287145	D-DE	2433-2445
mluc|G1PDP0	0.616279069767442	A-AA	182-191
mluc|G1PDQ7	0.488867835149218	A-AA	1028-1038
mluc|G1PDT5	0.321428571428571	A-AA	224-237
mluc|G1PE37	0.0326271186440678	E-EE	33-46
mluc|G1PEB1	0.866583541147132	S-SS	339-358
mluc|G1PEC0	0.95042735042735	E-EE	552-562
mluc|G1PEP4	0.112084063047285	A-AA	61-69
mluc|G1PEP4	0.373905429071804	E-EE	211-218
mluc|G1PER4	0.854054054054054	E-EE	1257-1273
mluc|G1PES6	0.681879194630872	E-EE	1519-1531
mluc|G1PEW3	0.0909090909090909	S-SS	86-96
mluc|G1PEW3	0.63030303030303	E-DE	618-632
mluc|G1PEW3	0.63030303030303	E-EE	618-632
mluc|G1PF24	0.486919555264879	S-SS	741-750
mluc|G1PF39	0.0472636815920398	E-EE	35-43
mluc|G1PF95	0.612623762376238	E-EE	485-507
mluc|G1PFA2	0.379684018634798	E-EE	1863-1888
mluc|G1PFA2	0.73485922625076	E-EE	3624-3634
mluc|G1PFC6	0.725515463917526	S-SS	278-287
mluc|G1PFE3	0.601254480286738	E-EE	331-342
mluc|G1PFE3	0.638888888888889	E-EE	353-362
mluc|G1PFE9	0.0746994848311391	S-SS	254-270
mluc|G1PFM4	0.0392699115044248	E-EE	32-41
mluc|G1PFM8	0.738023952095808	A-AA	244-251
mluc|G1PFQ8	0.812016865776528	E-EE	1148-1165
mluc|G1PFQ8	0.866479269149684	E-EE	1228-1240
mluc|G1PFX7	0.777247069040382	S-SS	1785-1797
mluc|G1PFZ9	0.620622568093385	S-SS	475-484
mluc|G1PFZ9	0.638132295719844	S-SS	488-498
mluc|G1PG04	0.114914425427873	E-EE	135-149
mluc|G1PG12	0.138752052545156	S-SS	80-91
mluc|G1PG36	0.473228995057661	E-EE	567-584
mluc|G1PG77	0.173130193905817	A-AA	119-133
mluc|G1PGD6	0.328056768558952	E-EE	297-306
mluc|G1PGE0	0.950594693504117	E-EE	1027-1053
mluc|G1PGE1	0.201048951048951	D-DD	111-121
mluc|G1PGK3	0.960679611650485	A-AA	986-995
mluc|G1PGK7	0.118518518518519	E-EE	88-106
mluc|G1PGK7	0.580246913580247	E-EE	465-477
mluc|G1PGX7	0.418997668997669	E-DE	353-368
mluc|G1PGX7	0.418997668997669	E-EE	353-368
mluc|G1PGZ2	0.277732128184059	E-EE	335-343
mluc|G1PGZ6	0.146131805157593	S-SS	201-209
mluc|G1PH11	0.778236914600551	S-SS	561-571
mluc|G1PH21	0.678477690288714	A-AA	254-265
mluc|G1PHL4	0.807262569832402	E-DE	717-730
mluc|G1PHL4	0.807262569832402	E-EE	717-730
mluc|G1PHM5	0.935374149659864	E-EE	272-280
mluc|G1PHR9	0.152129817444219	S-SS	69-83
mluc|G1PHS6	0.194660734149054	S-SS	168-184
mluc|G1PHU3	0.252009646302251	S-SS	310-319
mluc|G1PI98	0.388888888888889	E-EE	370-381
mluc|G1PI98	0.427310488058152	S-SS	408-417
mluc|G1PIB0	0.678662420382166	E-EE	1060-1073
mluc|G1PID4	0.919875130072841	E-EE	1755-1783
mluc|G1PIF2	0.24740932642487	A-AA	283-292
mluc|G1PIJ8	0.869469026548673	S-SS	586-595
mluc|G1PIL5	0.536413469068128	S-SS	677-695
mluc|G1PIT1	0.812778603268945	A-AA	544-552
mluc|G1PIT1	0.831352154531947	A-AA	555-566
mluc|G1PIT7	0.230185497470489	E-EE	132-143
mluc|G1PIT7	0.74283305227656	A-AA	437-446
mluc|G1PIU1	0.534131736526946	E-EE	443-451
mluc|G1PIU8	0.105150214592275	A-AA	46-54
mluc|G1PIY9	0.834805653710247	A-AA	469-478
mluc|G1PIZ7	0.036990437845999	S-SS	71-78
mluc|G1PIZ9	0.583831341301461	S-SS	1755-1764
mluc|G1PJ08	0.293965517241379	S-SS	165-178
mluc|G1PJ08	0.862068965517241	A-AA	497-505
mluc|G1PJ21	0.454879328436516	D-DD	431-438
mluc|G1PJ21	0.454879328436516	D-DE	431-438
mluc|G1PJ39	0.720848056537102	E-EE	200-210
mluc|G1PJ45	0.48109640831758	A-AA	251-260
mluc|G1PJ62	0.563001145475372	S-SS	488-497
mluc|G1PJB6	0.0113154172560113	A-AA	2-16
mluc|G1PJI0	0.820302648171501	E-EE	642-661
mluc|G1PJI6	0.997429305912596	E-EE	1936-1946
mluc|G1PJV2	0.236191860465116	E-EE	156-171
mluc|G1PJV6	0.407817109144543	E-EE	273-282
mluc|G1PK01	0.0426515930113052	D-DD	36-49
mluc|G1PK01	0.0426515930113052	D-DE	36-49
mluc|G1PK10	0.831308411214953	E-EE	884-897
mluc|G1PK15	0.975806451612903	D-DD	237-249
mluc|G1PK59	0.784700315457413	A-AA	494-503
mluc|G1PK88	0.616477272727273	E-EE	973-982
mluc|G1PK97	0.162429378531073	E-EE	52-65
mluc|G1PKA5	0.262743628185907	S-SS	347-356
mluc|G1PKE6	0.955985915492958	A-AA	268-277
mluc|G1PKE7	0.0247093023255814	A-AA	5-14
mluc|G1PKN8	0.74117053481332	E-EE	731-740
mluc|G1PKU9	0.148760330578512	S-SS	49-61
mluc|G1PKU9	0.347107438016529	S-SS	119-135
mluc|G1PKU9	0.391184573002755	A-AA	136-150
mluc|G1PL04	0.12671905697446	E-EE	125-135
mluc|G1PL04	0.154715127701375	E-EE	153-164
mluc|G1PL63	0.32018927444795	S-SS	504-513
mluc|G1PL71	0.706117021276596	E-EE	260-273
mluc|G1PLE4	0.305073859987155	E-EE	467-485
mluc|G1PLL6	0.903357531760436	E-EE	991-1002
mluc|G1PLN2	0.794615384615385	S-SS	513-522
mluc|G1PLP6	0.375200642054575	E-EE	463-474
mluc|G1PLP6	0.804975922953451	S-SS	996-1012
mluc|G1PLV7	0.544921875	A-AA	275-285
mluc|G1PLX0	0.851473922902494	E-EE	371-382
mluc|G1PLX7	0.986171761280932	S-SS	673-684
mluc|G1PM38	0.184387617765814	S-SS	134-142
mluc|G1PM67	0.472698072805139	E-EE	433-452
mluc|G1PM74	0.238095238095238	S-SS	109-143
mluc|G1PM84	0.597261567516525	S-SS	628-639
mluc|G1PM91	0.812320916905444	E-EE	280-289
mluc|G1PMA4	0.753682487725041	S-SS	453-470
mluc|G1PMA7	0.993172951885566	E-EE	1524-1533
mluc|G1PMC7	0.0525139664804469	S-SS	43-53
mluc|G1PMC7	0.13854748603352	S-SS	121-129
mluc|G1PMD6	0.929824561403509	E-EE	527-535
mluc|G1PMF4	0.578304597701149	S-SS	399-408
mluc|G1PMH9	0.617250673854447	D-DD	223-237
mluc|G1PMI9	0.301223241590214	E-EE	390-400
mluc|G1PMQ1	0.73644578313253	S-SS	729-740
mluc|G1PMQ1	0.770582329317269	E-EE	764-773
mluc|G1PMR0	0.967142857142857	A-AA	335-344
mluc|G1PMT5	0.867161716171617	E-EE	522-531
mluc|G1PMU3	0.431384248210024	E-DE	355-370
mluc|G1PMU3	0.431384248210024	E-EE	355-370
mluc|G1PMU3	0.718973747016706	S-SS	598-609
mluc|G1PMU3	0.745226730310263	S-SS	621-630
mluc|G1PMX8	0.612019443216969	D-DD	1381-1391
mluc|G1PMX8	0.612019443216969	D-DE	1381-1391
mluc|G1PMY7	0.265861027190332	S-SS	261-269
mluc|G1PN80	0.458702064896755	S-SS	152-161
mluc|G1PNF0	0.285500747384155	S-SS	188-196
mluc|G1PNG3	0.0220779220779221	S-SS	5-14
mluc|G1PNI4	0.849213286713287	E-EE	969-976
mluc|G1PNK4	0.820998278829604	A-AA	473-483
mluc|G1PNR3	0.600716845878136	E-EE	835-843
mluc|G1PNU7	0.763846153846154	E-EE	493-502
mluc|G1PNV3	0.0441582336706532	E-DE	37-61
mluc|G1PNV3	0.0441582336706532	E-EE	37-61
mluc|G1PNZ0	0.830922242314647	A-AA	453-468
mluc|G1PNZ8	0.0908203125	S-SS	43-52
mluc|G1PP02	0.0299227799227799	E-EE	27-37
mluc|G1PP15	0.062933025404157	A-AA	51-60
mluc|G1PP46	0.245606694560669	S-SS	289-300
mluc|G1PP47	0.595588235294118	A-AA	198-209
mluc|G1PPD8	0.0198776758409786	A-AA	3-12
mluc|G1PPF3	0.0922787193973635	A-AA	46-54
mluc|G1PPJ6	0.769436997319035	A-AS	571-579
mluc|G1PPJ6	0.939008042895442	S-SS	697-706
mluc|G1PPK3	0.679602888086643	S-SS	370-385
mluc|G1PPP6	0.275965880582037	A-AA	547-555
mluc|G1PPP6	0.79177119919719	A-AA	1574-1584
mluc|G1PPU0	0.139115250291036	E-DE	116-125
mluc|G1PPU0	0.139115250291036	E-EE	116-125
mluc|G1PPU0	0.259022118742724	E-DE	218-229
mluc|G1PPU0	0.259022118742724	E-EE	218-229
mluc|G1PPV0	0.121473354231975	A-AA	228-239
mluc|G1PPW6	0.667627281460135	E-EE	690-702
mluc|G1PQ34	0.367857142857143	E-DE	614-624
mluc|G1PQ34	0.367857142857143	E-EE	614-624
mluc|G1PQ56	0.313333333333333	A-AA	112-125
mluc|G1PQ98	0.352653631284916	D-DD	247-260
mluc|G1PQ98	0.378491620111732	E-EE	266-278
mluc|G1PQA3	0.0496736765772299	E-EE	64-75
mluc|G1PQE8	0.113805970149254	A-AA	57-67
mluc|G1PQG1	0.863259668508287	A-AA	309-318
mluc|G1PQG6	0.247683755404571	S-SS	398-406
mluc|G1PQI5	0.10625	A-AA	206-221
mluc|G1PQI5	0.219	E-EE	433-445
mluc|G1PQM0	0.722462203023758	S-SS	332-339
mluc|G1PQN8	0.0530179445350734	A-AA	29-38
mluc|G1PQS1	0.188003220611916	E-EE	230-239
mluc|G1PQT5	0.268595041322314	S-SS	124-138
mluc|G1PQW8	0.463884992987377	A-AA	655-670
mluc|G1PR14	0.303030303030303	A-AA	280-302
mluc|G1PR51	0.235507246376812	E-EE	120-142
mluc|G1PRA9	0.67741935483871	S-SS	218-246
mluc|G1PRG8	0.237899073120494	E-DE	226-238
mluc|G1PRG8	0.237899073120494	E-EE	226-238
mluc|G1PRG8	0.751287332646756	E-DE	724-737
mluc|G1PRG8	0.751287332646756	E-EE	724-737
mluc|G1PRJ2	0.822026800670017	E-EE	975-990
mluc|G1PRP3	0.170792079207921	S-SS	66-74
mluc|G1PRU0	0.435054773082942	A-AA	550-564
mluc|G1PRV2	0.386930983847283	E-DE	253-276
mluc|G1PRV2	0.386930983847283	E-EE	253-276
mluc|G1PRV5	0.218465045592705	S-SS	284-293
mluc|G1PRW4	0.448082010582011	E-EE	669-688
mluc|G1PRX5	0.0373134328358209	S-SS	19-38
mluc|G1PRX5	0.254409769335142	S-SS	184-193
mluc|G1PRZ9	0.782464846980976	E-EE	942-952
mluc|G1PRZ9	0.994210090984284	D-DD	1199-1207
mluc|G1PS26	0.124119718309859	D-DD	67-76
mluc|G1PS26	0.124119718309859	D-DE	67-76
mluc|G1PS28	0.218186134852802	E-EE	452-469
mluc|G1PS68	0.413636363636364	E-EE	631-645
mluc|G1PSC7	0.691895113230036	E-EE	577-586
mluc|G1PSG2	0.384045584045584	E-EE	671-679
mluc|G1PSI4	0.158653846153846	E-EE	95-105
mluc|G1PSI4	0.24599358974359	E-EE	150-159
mluc|G1PSL7	0.0655487804878049	A-AA	38-50
mluc|G1PSL7	0.201219512195122	E-EE	126-140
mluc|G1PSQ2	0.784355179704017	S-SS	736-750
mluc|G1PSR0	0.179115853658537	E-EE	111-126
mluc|G1PT61	0.116964285714286	E-EE	62-71
mluc|G1PT87	0.136437642461739	E-EE	413-427
mluc|G1PTA3	0.986288848263254	E-EE	534-547
mluc|G1PTC7	0.45575783234547	S-SS	1073-1082
mluc|G1PTD3	0.711934156378601	E-EE	515-525
mluc|G1PTD3	0.793552812071331	E-EE	575-584
mluc|G1PTE1	0.335305719921105	E-EE	337-345
mluc|G1PTK3	0.946224256292906	D-DD	406-423
mluc|G1PTK8	0.963730569948187	A-AA	552-566
mluc|G1PTS0	0.904721753794266	A-AA	533-542
mluc|G1PTU7	0.591286307053942	E-EE	422-435
mluc|G1PTV6	0.127992383025027	E-EE	457-486
mluc|G1PTV6	0.210010881392818	A-AA	766-780
mluc|G1PTV8	0.0189606741573034	A-AA	10-19
mluc|G1PTV8	0.235252808988764	S-SS	161-176
mluc|G1PU00	0.987612612612613	E-EE	435-444
mluc|G1PU18	0.904733727810651	A-AA	761-770
mluc|G1PU47	0.519142419601838	S-SS	673-685
mluc|G1PU59	0.21412213740458	E-EE	275-288
mluc|G1PU59	0.416030534351145	E-EE	538-554
mluc|G1PU59	0.975572519083969	S-SS	1274-1284
mluc|G1PU72	0.689477557027226	E-EE	1870-1880
mluc|G1PUB1	0.316970546984572	E-EE	216-238
mluc|G1PUC1	0.761390887290168	S-SS	308-329
mluc|G1PUC3	0.385780885780886	D-DD	327-337
mluc|G1PUC3	0.385780885780886	D-DE	327-337
mluc|G1PUG1	0.884615384615385	E-EE	477-491
mluc|G1PUN0	0.375597133757962	S-SS	940-949
mluc|G1PUT3	0.0748201438848921	E-EE	49-57
mluc|G1PUY5	0.571034482758621	S-SS	411-419
mluc|G1PV22	0.572674418604651	A-AA	292-301
mluc|G1PV22	0.640503875968992	S-SS	327-336
mluc|G1PV42	0.0227903289734443	E-EE	54-63
mluc|G1PV62	0.546043165467626	S-SS	374-387
mluc|G1PV85	0.34375	A-AA	1662-1684
mluc|G1PVB7	0.804918032786885	E-EE	978-988
mluc|G1PVD1	0.0421472937000887	E-EE	43-54
mluc|G1PVF5	0.271381578947368	S-SS	79-88
mluc|G1PVF5	0.324013157894737	S-SS	93-106
mluc|G1PVF5	0.379934210526316	S-SS	108-125
mluc|G1PVH9	0.816020025031289	E-EE	644-662
mluc|G1PVN1	0.177754677754678	S-SS	167-177
mluc|G1PVP0	0.47037037037037	A-AA	184-199
mluc|G1PVP3	0.894953051643192	E-EE	759-768
mluc|G1PVT3	0.478135313531353	S-SS	574-587
mluc|G1PVU7	0.96796875	E-EE	615-626
mluc|G1PVV1	0.752130681818182	E-EE	1046-1074
mluc|G1PVX7	0.270283018867925	A-AA	280-295
mluc|G1PW10	0.564860426929392	E-EE	339-351
mluc|G1PW12	0.476934523809524	S-SS	318-325
mluc|G1PW37	0.47781954887218	E-EE	632-641
mluc|G1PW37	0.494360902255639	E-EE	653-664
mluc|G1PW41	0.552568697729988	E-EE	457-470
mluc|G1PW72	0.342092216162618	E-EE	685-697
mluc|G1PW76	0.272425249169435	E-EE	159-171
mluc|G1PW76	0.299003322259136	E-EE	176-186
mluc|G1PW96	0.00954198473282443	E-EE	2-10
mluc|G1PW99	0.813846153846154	E-DE	1054-1064
mluc|G1PW99	0.813846153846154	E-EE	1054-1064
mluc|G1PWE1	0.87962962962963	E-EE	710-717
mluc|G1PWE7	0.546031746031746	E-EE	1029-1037
mluc|G1PWJ8	0.0552030456852792	S-SS	40-49
mluc|G1PWP4	0.0287836583101207	E-EE	28-36
mluc|G1PWP5	0.0138888888888889	A-AA	2-17
mluc|G1PWP9	0.634071340713407	S-SS	512-521
mluc|G1PWQ8	0.39047619047619	A-AA	118-130
mluc|G1PWR9	0.306223479490806	E-EE	211-224
mluc|G1PWW0	0.393728222996516	E-EE	787-797
mluc|G1PWW0	0.533349925335988	E-EE	1068-1077
mluc|G1PWX8	0.464467005076142	E-DE	1003-1012
mluc|G1PWX8	0.464467005076142	E-EE	1003-1012
mluc|G1PX07	0.955128205128205	S-SS	293-305
mluc|G1PXG1	0.0958702064896755	A-AA	29-38
mluc|G1PXM6	0.178571428571429	E-EE	54-68
mluc|G1PXM9	0.097319719208679	E-EE	147-160
mluc|G1PXM9	0.945756222080408	A-AA	1477-1489
mluc|G1PXQ4	0.025297619047619	A-AA	5-14
mluc|G1PXW7	0.264314247669774	S-SS	193-206
mluc|G1PY55	0.744715447154472	S-SS	443-475
mluc|G1PYB5	0.466947960618847	E-EE	328-338
mluc|G1PYB5	0.522503516174402	E-EE	368-377
mluc|G1PZ33	0.338926174496644	S-SS	97-107
mluc|G1PZK8	0.0837837837837838	A-AA	58-68
mluc|G1PZL5	0.279624277456647	E-EE	189-200
mluc|G1Q0D7	0.696409140369967	S-SS	634-648
mluc|G1Q0E5	0.186192468619247	A-AA	83-97
mluc|G1Q195	0.041044776119403	E-DE	36-54
mluc|G1Q195	0.041044776119403	E-EE	36-54
mluc|G1Q1R5	0.426638176638177	E-EE	296-305
mluc|G1Q264	0.279855247285887	A-AA	225-241
mluc|G1Q264	0.413751507840772	E-EE	336-352
mluc|G1Q2B5	0.109341825902335	A-AA	41-64
mluc|G1Q2B5	0.109341825902335	A-AS	41-64
mluc|G1Q2J8	0.978978457261988	E-EE	2812-2825
mluc|G1Q312	0.885487528344671	A-AA	387-396
mluc|G1Q379	0.683050847457627	E-EE	1004-1013
mluc|G1Q3J0	0.2408	D-DD	147-156
mluc|G1Q3J0	0.2408	D-DE	147-156
mluc|G1Q3J0	0.2608	E-EE	157-171
mluc|G1Q3L8	0.954918032786885	D-DD	229-239
mluc|G1Q478	0.277319587628866	A-AA	131-140
mluc|G1Q489	0.772397094430993	S-SS	312-328
mluc|G1Q4A8	0.568639798488665	E-DE	445-460
mluc|G1Q4A8	0.568639798488665	E-EE	445-460
mluc|G1Q4A8	0.872166246851385	S-SS	688-699
mluc|G1Q4A8	0.899874055415617	S-SS	711-720
mluc|G1Q4B6	0.377147766323024	E-DE	1092-1105
mluc|G1Q4B6	0.377147766323024	E-EE	1092-1105
mluc|G1Q4C1	0.580802603036876	S-SS	529-544
mluc|G1Q4M8	0.529069767441861	E-EE	269-279
mluc|G1Q4W0	0.98769915651359	S-SS	4207-4226
mluc|G1Q4W4	0.968531468531469	E-EE	274-282
mluc|G1Q524	0.114819004524887	E-DE	92-113
mluc|G1Q524	0.114819004524887	E-EE	92-113
mluc|G1Q537	0.0774539877300613	S-SS	47-56
mluc|G1Q5L4	0.669977924944812	E-EE	298-311
mluc|G1Q5T0	0.757264957264957	A-AA	439-449
mluc|G1Q5U7	0.442048517520216	E-EE	160-170
mluc|G1Q6C8	0.177874186550976	S-SS	321-337
mluc|G1Q6C8	0.53470715835141	E-EE	982-992
mluc|G1Q6C8	0.573752711496746	S-SS	1046-1072
mluc|G1Q6C8	0.811550976138829	E-EE	1492-1503
mluc|G1Q6C8	0.816973969631236	S-SS	1502-1513
mluc|G1Q6H9	0.982993197278912	E-EE	719-728
mluc|G1Q705	0.0583413693346191	A-AA	57-66
mluc|G1Q705	0.125843780135005	A-AA	127-136
mluc|G1Q705	0.246865959498554	A-AA	251-263
mluc|G1Q7E5	0.135862068965517	D-DD	96-103
mluc|G1Q7E5	0.135862068965517	D-DE	96-103
mluc|G1Q7T8	0.798165137614679	E-DE	432-440
mluc|G1Q7T8	0.798165137614679	E-EE	432-440
mluc|G1Q8H9	0.83452380952381	E-EE	346-357
mluc|G1Q8V7	0.142786069651741	S-SS	138-151
mluc|G1Q955	0.479933110367893	A-AA	284-292
mluc|G1Q9B4	0.689153439153439	A-AA	256-267
mluc|G1Q9G5	0.730055658627087	E-EE	389-400
mluc|G1Q9G5	0.794063079777365	E-EE	422-436
mluc|G1Q9X0	0.044478527607362	E-EE	11-20
mluc|G1QA85	0.178787878787879	E-EE	55-65
mluc|G1QAP8	0.994722955145119	D-DD	751-759
mluc|G1QAV7	0.302271209084836	S-SS	449-458
mluc|G1QB37	0.192415730337079	E-EE	64-75
mluc|G1QB92	0.0244565217391304	A-AA	6-14
mluc|G1QBJ1	0.816957210776545	S-SS	513-520
mluc|G1QC90	0.67032967032967	A-AA	299-313
mluc|G1QD56	0.0344827586206897	S-SS	26-36
mluc|G1QDG2	0.12882096069869	S-AS	52-68
mluc|G1QDG2	0.12882096069869	S-SS	52-68
mluc|G1QE96	0.85625	D-DD	887-896
mluc|G1QE96	0.85625	D-DE	887-896
mluc|G1QEA2	0.943548387096774	E-EE	757-766
mluc|G1QEV8	0.340873172659028	E-EE	1722-1731
mluc|G1QEW6	0.406716417910448	E-EE	214-224
mluc|G1QF68	0.809602649006622	A-AA	240-251
mluc|G1QFG1	0.0579598145285935	E-EE	34-43
mluc|G1QFK0	0.0976394849785408	S-SS	41-52
mluc|G1QG42	0.307851239669421	E-EE	144-156
mluc|L7N1F2	0.118433619866285	S-SS	121-129
mluc|L7N1F2	0.619388729703916	S-SS	645-654
mluc|L7N1L4	0.231311706629055	S-SS	160-170
mmul|MACM_10002	0.0236907730673317	A-AA	6-15
mmul|MACM_100131390	0.238636363636364	A-AA	113-120
mmul|MACM_100131390	0.569214876033058	A-AA	272-281
mmul|MACM_100131390	0.951446280991736	A-AA	452-471
mmul|MACM_10014	0.526761819803747	E-EE	584-599
mmul|MACM_100499483	0.45366568914956	E-EE	769-780
mmul|MACM_100534599	0.621212121212121	E-EE	201-211
mmul|MACM_10060	0.617571059431525	E-EE	951-963
mmul|MACM_10067	0.966763005780347	A-AA	331-340
mmul|MACM_10075	0.557397667505145	E-DE	2434-2443
mmul|MACM_10075	0.557397667505145	E-EE	2434-2443
mmul|MACM_10129	0.583831341301461	S-SS	1755-1764
mmul|MACM_10215	0.253105590062112	S-SS	77-88
mmul|MACM_10215	0.714285714285714	A-AA	225-237
mmul|MACM_10216	0.129362670713202	S-SS	166-177
mmul|MACM_10265	0.150414937759336	A-AA	69-78
mmul|MACM_10299	0.256875687568757	E-EE	230-239
mmul|MACM_10322	0.956834532374101	E-DE	393-407
mmul|MACM_10322	0.956834532374101	E-EE	393-407
mmul|MACM_10335	0.900658616904501	E-EE	817-826
mmul|MACM_1041	0.305451127819549	S-SS	159-168
mmul|MACM_1041	0.766917293233083	S-SS	404-414
mmul|MACM_1041	0.823308270676692	S-SS	434-444
mmul|MACM_10425	0.050709939148073	E-EE	22-30
mmul|MACM_1045	0.155448717948718	A-AA	46-53
mmul|MACM_10522	0.0398936170212766	A-AA	14-33
mmul|MACM_10536	0.948979591836735	E-EE	693-704
mmul|MACM_10562	0.0949119373776908	S-SS	42-57
mmul|MACM_1059	0.696843853820598	E-EE	404-437
mmul|MACM_1059	0.881229235880399	D-DD	527-536
mmul|MACM_1059	0.881229235880399	D-DE	527-536
mmul|MACM_10603	0.908689248895434	S-SS	614-622
mmul|MACM_10620	0.626748251748252	A-AA	353-366
mmul|MACM_10620	0.952797202797203	S-SS	542-550
mmul|MACM_10634	0.831617647058824	S-SS	562-571
mmul|MACM_10658	0.55360824742268	A-AA	265-274
mmul|MACM_10658	0.620618556701031	S-SS	296-308
mmul|MACM_10659	0.567061143984221	A-AA	284-293
mmul|MACM_10743	0.857180293501048	S-SS	1630-1643
mmul|MACM_10763	0.834363411619283	E-EE	1346-1356
mmul|MACM_10919	0.0055366269165247	A-AA	2-13
mmul|MACM_10919	0.264906303236797	E-EE	299-325
mmul|MACM_10921	0.271381578947368	S-SS	79-88
mmul|MACM_10921	0.324013157894737	S-SS	93-106
mmul|MACM_10921	0.379934210526316	S-SS	108-125
mmul|MACM_10946	0.714	E-EE	354-362
mmul|MACM_11023	0.67921686746988	A-AA	221-232
mmul|MACM_11047	0.509852216748768	S-SS	203-213
mmul|MACM_1107	0.106356356356356	A-AA	206-221
mmul|MACM_1107	0.21971971971972	E-EE	434-446
mmul|MACM_1108	0.119570905285191	A-AA	224-235
mmul|MACM_1112	0.713829787234043	S-SS	331-342
mmul|MACM_11129	0.507407407407407	A-AA	339-348
mmul|MACM_11129	0.564444444444444	S-SS	377-387
mmul|MACM_11129	0.583703703703704	S-SS	390-400
mmul|MACM_1113	0.384361233480176	E-EE	172-179
mmul|MACM_1113	0.509911894273128	E-EE	228-237
mmul|MACM_11166	0.510909090909091	A-AA	137-146
mmul|MACM_11166	0.578181818181818	A-AA	154-166
mmul|MACM_11166	0.772727272727273	A-AA	208-219
mmul|MACM_11188	0.425049966688874	E-EE	634-644
mmul|MACM_11188	0.450033311125916	E-EE	669-684
mmul|MACM_11198	0.420172084130019	E-DE	435-446
mmul|MACM_11198	0.420172084130019	E-EE	435-446
mmul|MACM_11231	0.991436100131752	E-EE	750-757
mmul|MACM_11278	0.286783042394015	S-SS	111-121
mmul|MACM_11281	0.464669738863287	A-AA	299-308
mmul|MACM_11281	0.692012288786482	S-SS	445-458
mmul|MACM_113263	0.0110497237569061	S-SS	2-12
mmul|MACM_114790	0.479300827966881	E-EE	517-527
mmul|MACM_114800	0.0145719489981785	A-AA	4-14
mmul|MACM_114885	0.0573333333333333	S-SS	40-48
mmul|MACM_115548	0.545792079207921	S-SS	437-447
mmul|MACM_115548	0.631806930693069	S-SS	507-516
mmul|MACM_117155	0.849716446124764	S-SS	442-459
mmul|MACM_120237	0.973760932944606	E-EE	330-340
mmul|MACM_122481	0.0699445983379501	E-EE	47-56
mmul|MACM_122481	0.590720221606648	E-EE	420-435
mmul|MACM_123606	0.0245398773006135	A-AA	4-14
mmul|MACM_124245	0.585173501577287	S-SS	553-562
mmul|MACM_124930	0.7408	S-SS	459-469
mmul|MACM_126208	0.671465968586387	A-AA	253-262
mmul|MACM_126669	0.346153846153846	S-SS	163-181
mmul|MACM_126859	0.980217606330366	E-EE	987-997
mmul|MACM_127343	0.772606382978723	A-AA	287-296
mmul|MACM_127435	0.986486486486487	E-EE	651-665
mmul|MACM_128553	0.0266472868217054	E-EE	23-34
mmul|MACM_130557	0.0898148148148148	E-EE	45-54
mmul|MACM_1308	0.860432658757851	S-SS	1230-1238
mmul|MACM_131096	0.647377938517179	E-DE	711-723
mmul|MACM_131096	0.647377938517179	E-EE	711-723
mmul|MACM_131405	0.0346020761245675	S-SS	26-36
mmul|MACM_131544	0.723235393448159	E-EE	2138-2147
mmul|MACM_131566	0.0303617571059432	A-AA	20-29
mmul|MACM_131583	0.639810426540284	E-EE	265-277
mmul|MACM_131831	0.0512232415902141	E-EE	20-49
mmul|MACM_133522	0.429060665362035	E-EE	429-450
mmul|MACM_133522	0.796477495107632	E-EE	807-823
mmul|MACM_133746	0.166835187057634	A-AA	160-172
mmul|MACM_134548	0.0109689213893967	A-AA	2-12
mmul|MACM_137868	0.866559485530547	S-SS	265-276
mmul|MACM_138199	0.10880195599022	A-AA	40-51
mmul|MACM_138724	0.053831231813773	E-EE	49-64
mmul|MACM_1388	0.138054363376252	S-SS	93-102
mmul|MACM_139285	0.34333627537511	E-EE	379-401
mmul|MACM_139285	0.823036187113857	E-EE	929-938
mmul|MACM_139425	0.188524590163934	E-EE	105-127
mmul|MACM_14	0.131639722863741	E-EE	53-63
mmul|MACM_140467	0.717813051146384	A-AA	400-416
mmul|MACM_140688	0.377011494252874	D-DD	161-169
mmul|MACM_142940	0.121776504297994	A-AA	39-48
mmul|MACM_143684	0.457100591715976	S-SS	151-160
mmul|MACM_144165	0.922289156626506	S-SS	761-772
mmul|MACM_144321	0.92436974789916	E-EE	321-341
mmul|MACM_144406	0.0604444444444444	E-EE	59-79
mmul|MACM_145407	0.813471502590674	E-EE	623-635
mmul|MACM_147011	0.446745562130178	E-EE	148-156
mmul|MACM_148741	0.2845	E-EE	280-291
mmul|MACM_149371	0.154005524861878	A-AA	108-117
mmul|MACM_149647	0.475548060708263	A-AA	278-288
mmul|MACM_150726	0.062929061784897	A-AA	51-61
mmul|MACM_151	0.673423423423423	E-EE	294-306
mmul|MACM_151613	0.621428571428571	S-SS	475-484
mmul|MACM_151613	0.638961038961039	S-SS	488-498
mmul|MACM_151987	0.728365384615385	E-EE	298-310
mmul|MACM_152	0.0230769230769231	A-AA	7-16
mmul|MACM_153222	0.605015673981191	E-EE	381-393
mmul|MACM_153478	0.952093397745572	S-SS	1177-1190
mmul|MACM_154796	0.836976320582878	A-AA	913-927
mmul|MACM_154796	0.889799635701275	A-AA	973-983
mmul|MACM_158135	0.14378478664193	A-AA	74-83
mmul|MACM_159195	0.33521377672209	S-SS	561-570
mmul|MACM_159296	0.764462809917355	A-AA	271-286
mmul|MACM_1602	0.213475177304965	S-SS	140-163
mmul|MACM_1602	0.468085106382979	A-AA	325-337
mmul|MACM_1616	0.617177097203728	E-EE	456-473
mmul|MACM_1616	0.659121171770972	E-EE	491-501
mmul|MACM_161725	0.775881683731513	A-AA	676-690
mmul|MACM_163702	0.92952380952381	E-EE	484-494
mmul|MACM_165	0.974337040205304	E-EE	1132-1148
mmul|MACM_1657	0.813988095238095	D-DD	2459-2466
mmul|MACM_1657	0.813988095238095	D-DE	2459-2466
mmul|MACM_169200	0.174311926605505	A-AA	52-64
mmul|MACM_170302	0.193404634581105	A-AA	100-119
mmul|MACM_170302	0.262923351158645	A-AA	142-155
mmul|MACM_170302	0.491978609625668	A-AA	273-281
mmul|MACM_170302	0.772727272727273	A-AA	429-440
mmul|MACM_171017	0.817391304347826	A-AA	466-476
mmul|MACM_1822	0.331779661016949	S-SS	387-398
mmul|MACM_1822	0.477966101694915	S-SS	560-570
mmul|MACM_1833	0.252336448598131	E-EE	77-87
mmul|MACM_1842	0.399141630901288	E-DE	269-291
mmul|MACM_1842	0.399141630901288	E-EE	269-291
mmul|MACM_1871	0.0549568965517241	A-AA	22-31
mmul|MACM_1871	0.106681034482759	A-AA	45-56
mmul|MACM_1874	0.767469879518072	S-SS	309-330
mmul|MACM_1951	0.144971307762005	A-AA	477-485
mmul|MACM_1955	0.0468227424749164	A-AA	24-34
mmul|MACM_1958	0.146139705882353	S-SS	76-85
mmul|MACM_1959	0.638947368421053	A-AA	300-309
mmul|MACM_196441	0.0374748490945674	S-SS	72-79
mmul|MACM_197135	0.0646950092421442	E-EE	29-43
mmul|MACM_1981	0.288220551378446	E-EE	454-468
mmul|MACM_200014	0.10955710955711	E-DE	90-100
mmul|MACM_200014	0.10955710955711	E-EE	90-100
mmul|MACM_200186	0.582251082251082	S-SS	400-409
mmul|MACM_201501	0.233441033925687	D-DD	141-150
mmul|MACM_201501	0.233441033925687	D-DE	141-150
mmul|MACM_201501	0.252019386106624	E-EE	151-163
mmul|MACM_204219	0.907552083333333	E-EE	343-356
mmul|MACM_2051	0.164208456243854	S-SS	163-173
mmul|MACM_2074	0.256521739130435	E-EE	379-390
mmul|MACM_2077	0.670018281535649	S-SS	362-373
mmul|MACM_2146	0.248666666666667	D-DD	183-192
mmul|MACM_2146	0.248666666666667	D-DE	183-192
mmul|MACM_219409	0.431558935361217	A-AA	111-118
mmul|MACM_2199	0.229575163398693	E-EE	275-289
mmul|MACM_221092	0.10656836461126	E-EE	74-87
mmul|MACM_221264	0.106116048092002	E-EE	198-210
mmul|MACM_221264	0.478829064296916	E-EE	911-923
mmul|MACM_221504	0.454545454545455	E-EE	212-220
mmul|MACM_221692	0.687392055267703	E-DE	395-403
mmul|MACM_221692	0.687392055267703	E-EE	395-403
mmul|MACM_221833	0.150306748466258	A-AA	68-81
mmul|MACM_221833	0.223926380368098	A-AA	105-116
mmul|MACM_2245	0.358333333333333	E-EE	340-350
mmul|MACM_2264	0.506570302233903	S-SS	382-391
mmul|MACM_22827	0.0438282647584973	A-AA	21-30
mmul|MACM_22827	0.0438282647584973	A-AS	21-30
mmul|MACM_22827	0.583184257602862	A-AA	322-332
mmul|MACM_22834	0.25702479338843	E-EE	152-161
mmul|MACM_22849	0.340379008746356	A-AA	228-241
mmul|MACM_22866	0.980542452830189	E-EE	826-839
mmul|MACM_22870	0.769318181818182	E-EE	671-685
mmul|MACM_22883	0.948453608247423	E-EE	915-927
mmul|MACM_22904	0.136630036630037	E-EE	183-192
mmul|MACM_22907	0.161357921207041	E-EE	188-199
mmul|MACM_2295	0.0132211538461538	A-AA	1-12
mmul|MACM_2295	0.0492788461538462	S-SS	17-26
mmul|MACM_22950	0.807692307692308	E-EE	590-609
mmul|MACM_2296	0.482758620689655	S-SS	262-272
mmul|MACM_22976	0.181818181818182	E-EE	189-205
mmul|MACM_22978	0.99375	E-EE	554-561
mmul|MACM_22985	0.207244212098581	E-EE	270-287
mmul|MACM_22985	0.435026138909634	S-SS	575-592
mmul|MACM_22985	0.700896191187453	E-EE	935-944
mmul|MACM_22992	0.740740740740741	E-EE	856-866
mmul|MACM_22993	0.991866769945778	E-EE	1277-1286
mmul|MACM_23005	0.687126741871267	E-EE	1032-1041
mmul|MACM_23013	0.0789401802786124	S-SS	278-302
mmul|MACM_23023	0.269171779141104	A-AA	172-181
mmul|MACM_23028	0.0137142857142857	A-AA	7-19
mmul|MACM_23028	0.0137142857142857	A-AS	7-19
mmul|MACM_23	0.280660377358491	E-EE	234-244
mmul|MACM_23035	0.0564853556485356	S-SS	50-60
mmul|MACM_23040	0.113175675675676	E-EE	130-140
mmul|MACM_23040	0.134290540540541	E-EE	150-170
mmul|MACM_2304	0.45822102425876	A-AA	164-178
mmul|MACM_23043	0.538291605301915	S-SS	726-738
mmul|MACM_23046	0.361983980283426	E-EE	584-593
mmul|MACM_23049	0.186526373326045	S-SS	679-688
mmul|MACM_23059	0.917675544794189	D-DD	376-384
mmul|MACM_23059	0.917675544794189	D-DE	376-384
mmul|MACM_23072	0.313707165109034	E-EE	500-509
mmul|MACM_2308	0.146024464831804	A-AA	91-102
mmul|MACM_23082	0.869147659063625	S-SS	1440-1458
mmul|MACM_23082	0.896458583433373	S-SS	1483-1506
mmul|MACM_23095	0.386659129451668	E-EE	680-690
mmul|MACM_23108	0.878600823045268	S-SS	637-646
mmul|MACM_23113	0.666534181240064	E-EE	1671-1685
mmul|MACM_23125	0.245393634840871	S-SS	289-299
mmul|MACM_23132	0.0163710777626194	E-DE	20-30
mmul|MACM_23132	0.0163710777626194	E-EE	20-30
mmul|MACM_23139	0.723647518126046	S-SS	1294-1303
mmul|MACM_23144	0.406217070600632	S-SS	382-391
mmul|MACM_23144	0.924130663856691	S-SS	873-883
mmul|MACM_23164	0.177713736791547	S-SS	179-193
mmul|MACM_23168	0.0190140845070423	A-AA	10-19
mmul|MACM_23168	0.233098591549296	S-SS	159-174
mmul|MACM_23174	0.441983122362869	S-SS	415-425
mmul|MACM_23187	0.716933139534884	S-SS	983-992
mmul|MACM_23189	0.735959765297569	E-EE	875-883
mmul|MACM_23199	0.908264462809917	E-EE	1096-1104
mmul|MACM_23210	0.843825665859564	S-SS	340-359
mmul|MACM_23221	0.990641711229946	S-SS	738-746
mmul|MACM_23223	0.816743827160494	E-DE	1055-1064
mmul|MACM_23223	0.816743827160494	E-EE	1055-1064
mmul|MACM_23236	0.423456790123457	D-DD	512-519
mmul|MACM_23236	0.423456790123457	D-DE	512-519
mmul|MACM_23256	0.009375	A-AA	2-12
mmul|MACM_23286	0.238073807380738	S-SS	261-270
mmul|MACM_23286	0.774527452745275	E-EE	855-868
mmul|MACM_23307	0.994243421052632	D-DD	1206-1214
mmul|MACM_23314	0.618169398907104	S-SS	449-458
mmul|MACM_23352	0.527118316927234	D-DD	2727-2737
mmul|MACM_23358	0.400878533231474	S-SS	1046-1055
mmul|MACM_23369	0.449248120300752	A-AA	474-484
mmul|MACM_23383	0.0138888888888889	A-AA	2-17
mmul|MACM_23439	0.173295454545455	E-EE	52-72
mmul|MACM_23440	0.584876543209877	A-AA	187-194
mmul|MACM_23476	0.358296622613803	S-SS	484-494
mmul|MACM_23476	0.518722466960352	S-SS	702-713
mmul|MACM_23481	0.81175468483816	E-DE	473-482
mmul|MACM_23481	0.81175468483816	E-EE	473-482
mmul|MACM_23493	0.802083333333333	A-AA	266-275
mmul|MACM_23493	0.882440476190476	A-AA	293-302
mmul|MACM_23513	0.39765906362545	E-EE	660-667
mmul|MACM_23513	0.406362545018007	E-EE	672-684
mmul|MACM_23522	0.524096385542169	E-DE	1067-1110
mmul|MACM_23522	0.524096385542169	E-EE	1067-1110
mmul|MACM_23522	0.658313253012048	E-EE	1357-1377
mmul|MACM_23522	0.681927710843373	E-EE	1412-1420
mmul|MACM_23524	0.925663395129044	S-SS	2532-2563
mmul|MACM_23524	0.955107233733188	S-SS	2607-2650
mmul|MACM_23533	0.372159090909091	E-EE	321-336
mmul|MACM_23542	0.120291616038882	E-EE	93-107
mmul|MACM_23543	0.872	A-AA	322-334
mmul|MACM_23592	0.0897577092511013	A-AA	78-87
mmul|MACM_23644	0.442142857142857	S-SS	611-629
mmul|MACM_23705	0.0408653846153846	A-AA	13-23
mmul|MACM_23770	0.0946601941747573	E-EE	34-46
mmul|MACM_246329	0.191460055096419	E-EE	65-76
mmul|MACM_253635	0.753875968992248	E-EE	191-200
mmul|MACM_253725	0.353971962616822	D-DD	452-459
mmul|MACM_254065	0.471682398667407	S-SS	846-855
mmul|MACM_254065	0.808995002776235	S-SS	1454-1462
mmul|MACM_254251	0.0249169435215947	A-AA	9-23
mmul|MACM_255101	0.922557172557173	E-EE	1763-1789
mmul|MACM_257236	0.0912343470483005	E-EE	44-60
mmul|MACM_257240	0.499221183800623	E-EE	313-330
mmul|MACM_257364	0.202443280977312	D-DD	112-122
mmul|MACM_25791	0.312939521800281	E-EE	219-228
mmul|MACM_25865	0.27309007981756	S-SS	236-245
mmul|MACM_25885	0.83391506689936	E-EE	1430-1439
mmul|MACM_259282	0.980308500164096	E-EE	2982-2994
mmul|MACM_25957	0.640547263681592	S-SS	510-522
mmul|MACM_25957	0.66728855721393	S-SS	532-543
mmul|MACM_25962	0.155991165102153	E-EE	276-291
mmul|MACM_25988	0.0998062015503876	E-EE	49-56
mmul|MACM_25999	0.0357142857142857	E-EE	16-25
mmul|MACM_26037	0.811148086522463	S-SS	1459-1468
mmul|MACM_26057	0.80630284396618	S-SS	2095-2103
mmul|MACM_26088	0.729623824451411	S-SS	462-471
mmul|MACM_26166	0.214794303797468	E-EE	267-278
mmul|MACM_26168	0.144230769230769	E-EE	76-91
mmul|MACM_26205	0.11531190926276	A-AA	57-67
mmul|MACM_2626	0.280045351473923	A-AA	118-131
mmul|MACM_2627	0.328385899814471	A-AA	173-183
mmul|MACM_26273	0.906382978723404	E-EE	419-435
mmul|MACM_2636	0.349030470914127	A-AA	122-132
mmul|MACM_26507	0.00526315789473684	A-AA	2-10
mmul|MACM_266722	0.220212765957447	E-EE	100-109
mmul|MACM_26986	0.78503937007874	A-AA	495-504
mmul|MACM_27022	0.616352201257862	A-AA	290-300
mmul|MACM_27022	0.975890985324948	A-AA	460-473
mmul|MACM_27042	0.11737400530504	E-EE	84-95
mmul|MACM_27043	0.818423383525244	E-EE	888-962
mmul|MACM_27072	0.0252051582649472	E-EE	18-27
mmul|MACM_27153	0.553614457831325	E-EE	454-467
mmul|MACM_27154	0.352574750830565	E-EE	419-432
mmul|MACM_27319	0.607329842931937	S-SS	227-239
mmul|MACM_27319	0.863874345549738	A-AA	327-335
mmul|MACM_27333	0.970332850940666	E-EE	666-677
mmul|MACM_2735	0.494117647058824	S-SS	543-551
mmul|MACM_2736	0.0261829652996845	A-AA	38-47
mmul|MACM_27445	0.343133424496972	E-EE	1753-1762
mmul|MACM_2794	0.915016501650165	E-EE	552-559
mmul|MACM_2801	0.711442786069652	E-EE	711-721
mmul|MACM_283234	0.0250847457627119	E-EE	32-44
mmul|MACM_283358	0.610050251256281	E-EE	602-614
mmul|MACM_283578	0.763076923076923	E-EE	243-255
mmul|MACM_284695	0.871107266435986	E-EE	498-511
mmul|MACM_285527	0.569555112881806	S-SS	1712-1721
mmul|MACM_29028	0.191805656272661	D-DD	261-270
mmul|MACM_29028	0.191805656272661	D-DE	261-270
mmul|MACM_29028	0.253444525018129	S-SS	346-355
mmul|MACM_29086	0.0411585365853659	E-EE	11-18
mmul|MACM_2926	0.185146443514644	A-AA	83-96
mmul|MACM_2961	0.103448275862069	S-SS	26-36
mmul|MACM_2977	0.0853825136612022	A-AA	50-77
mmul|MACM_29994	0.600784132841328	D-DD	1297-1310
mmul|MACM_29994	0.600784132841328	D-DE	1297-1310
mmul|MACM_3054	0.270403146509341	A-AA	547-555
mmul|MACM_3054	0.79646017699115	A-AA	1616-1626
mmul|MACM_30836	0.690728476821192	E-EE	518-527
mmul|MACM_3090	0.155054644808743	A-AA	110-119
mmul|MACM_3142	0.90587044534413	S-SS	444-453
mmul|MACM_3164	0.144053601340034	S-SS	82-92
mmul|MACM_3192	0.106796116504854	E-EE	84-94
mmul|MACM_3199	0.306970509383378	A-AA	112-119
mmul|MACM_3224	0.964730290456432	E-EE	228-239
mmul|MACM_324	0.973434201266714	S-SS	2763-2772
mmul|MACM_3270	0.282828282828283	E-EE	191-203
mmul|MACM_3270	0.362914862914863	D-DD	245-260
mmul|MACM_3270	0.784271284271284	E-EE	537-552
mmul|MACM_3321	0.852553542009885	E-EE	1030-1042
mmul|MACM_334	0.23836389280677	E-EE	162-178
mmul|MACM_340260	0.8125	A-AA	347-357
mmul|MACM_340526	0.692579505300353	E-EE	388-398
mmul|MACM_340784	0.183988764044944	A-AA	57-76
mmul|MACM_340784	0.894662921348315	A-AA	315-324
mmul|MACM_342346	0.503067484662577	A-AA	568-582
mmul|MACM_344191	0.632911392405063	A-AA	294-308
mmul|MACM_344191	0.770042194092827	A-AA	356-376
mmul|MACM_344191	0.848101265822785	A-AA	398-408
mmul|MACM_345895	0.853088480801336	E-EE	507-517
mmul|MACM_347442	0.1832	E-EE	108-123
mmul|MACM_347442	0.2176	E-EE	132-142
mmul|MACM_3619	0.14702581369248	A-AA	127-137
mmul|MACM_3663	0.351941747572816	E-EE	142-150
mmul|MACM_3682	0.160152931180969	E-EE	181-198
mmul|MACM_3739	0.0660522273425499	A-AA	38-50
mmul|MACM_3739	0.196620583717358	E-EE	122-136
mmul|MACM_374654	0.4668652271035	E-EE	624-632
mmul|MACM_375449	0.50799390940236	S-SS	1331-1340
mmul|MACM_3761	0.887387387387387	A-AA	391-399
mmul|MACM_3778	0.0400340715502555	S-SS	39-57
mmul|MACM_3787	0.480113636363636	A-AA	250-259
mmul|MACM_3842	0.407199100112486	D-DD	358-368
mmul|MACM_3842	0.407199100112486	D-DE	358-368
mmul|MACM_387104	0.286997885835095	A-AA	269-276
mmul|MACM_387640	0.282983970406905	A-AA	224-237
mmul|MACM_387640	0.397657213316893	E-EE	315-332
mmul|MACM_387893	0.0485714285714286	A-AA	11-25
mmul|MACM_389058	0.575566750629723	A-AA	224-235
mmul|MACM_389136	0.211656441717791	E-EE	64-76
mmul|MACM_389206	0.590994371482176	E-EE	312-320
mmul|MACM_3899	0.347244732576985	S-SS	418-441
mmul|MACM_3899	0.553079416531605	S-SS	679-688
mmul|MACM_390598	0.494288681204569	A-AA	472-482
mmul|MACM_390598	0.538940809968847	A-AA	512-528
mmul|MACM_399473	0.305352798053528	S-SS	121-132
mmul|MACM_4001	0.947863247863248	E-EE	552-559
mmul|MACM_4007	0.890953150242326	S-SS	546-559
mmul|MACM_4077	0.735477178423237	E-EE	705-715
mmul|MACM_4089	0.830308529945553	A-AA	451-466
mmul|MACM_4109	0.150406504065041	S-SS	50-63
mmul|MACM_4154	0.685526315789474	A-AA	256-267
mmul|MACM_4214	0.28234903782349	S-SS	422-431
mmul|MACM_4293	0.0295434198746643	E-EE	30-38
mmul|MACM_4298	0.678442028985507	S-SS	368-383
mmul|MACM_4299	0.694262295081967	S-SS	843-853
mmul|MACM_4300	0.301405975395431	S-SS	149-196
mmul|MACM_4300	0.679261862917399	S-SS	382-393
mmul|MACM_4302	0.305022831050228	S-SS	329-341
mmul|MACM_4302	0.95662100456621	A-AA	1043-1054
mmul|MACM_4329	0.0102611940298507	A-AA	2-11
mmul|MACM_440073	0.358179419525066	E-EE	269-276
mmul|MACM_440730	0.193838254172015	S-SS	148-156
mmul|MACM_442425	0.523255813953488	A-AA	219-233
mmul|MACM_442425	0.591860465116279	A-AA	251-260
mmul|MACM_442425	0.759302325581395	A-AA	323-332
mmul|MACM_442721	0.227106227106227	E-EE	119-131
mmul|MACM_4439	0.0462740384615385	E-EE	34-45
mmul|MACM_4440	0.763966480446927	A-AA	271-278
mmul|MACM_463	0.128354567633505	E-EE	460-489
mmul|MACM_463	0.21035510978585	A-AA	770-784
mmul|MACM_4661	0.24165915238954	E-EE	247-291
mmul|MACM_4674	0.470715835140998	E-DE	213-223
mmul|MACM_4674	0.470715835140998	E-EE	213-223
mmul|MACM_4675	0.101377952755906	S-SS	33-72
mmul|MACM_4676	0.91038961038961	E-EE	347-356
mmul|MACM_4691	0.349295774647887	D-DD	242-256
mmul|MACM_4691	0.374647887323944	E-EE	262-272
mmul|MACM_4741	0.580065359477124	E-EE	523-544
mmul|MACM_4747	0.904981549815498	E-EE	487-496
mmul|MACM_4760	0.192957746478873	E-EE	64-75
mmul|MACM_4761	0.224409448818898	E-EE	82-91
mmul|MACM_4779	0.652399481193256	S-SS	491-517
mmul|MACM_4820	0.140027322404372	S-SS	198-214
mmul|MACM_4825	0.147945205479452	S-SS	49-61
mmul|MACM_4825	0.345205479452055	S-SS	119-135
mmul|MACM_4825	0.389041095890411	A-AA	136-150
mmul|MACM_4861	0.366949152542373	S-SS	212-223
mmul|MACM_4867	0.12520325203252	E-EE	70-86
mmul|MACM_4898	0.121510673234811	E-EE	144-154
mmul|MACM_5013	0.392351274787535	S-SS	133-146
mmul|MACM_5042	0.784591194968553	A-AA	495-505
mmul|MACM_50512	0.28125	E-EE	163-181
mmul|MACM_50512	0.306743421052632	E-EE	183-192
mmul|MACM_5063	0.342293906810036	E-DE	187-197
mmul|MACM_5063	0.342293906810036	E-EE	187-197
mmul|MACM_50717	0.176174496644295	E-EE	100-112
mmul|MACM_50859	0.0555555555555556	A-AA	21-29
mmul|MACM_5087	0.303030303030303	A-AA	127-135
mmul|MACM_5090	0.30715935334873	A-AA	130-138
mmul|MACM_5100	0.349391955098223	A-AA	371-378
mmul|MACM_5108	0.309194265941671	E-EE	622-631
mmul|MACM_51096	0.149253731343284	A-AA	56-66
mmul|MACM_51132	0.747993579454254	S-SS	453-481
mmul|MACM_51333	0.0379746835443038	E-EE	8-18
mmul|MACM_51360	0.235067437379576	S-SS	109-137
mmul|MACM_51366	0.54735525375268	S-SS	1528-1537
mmul|MACM_51366	0.630986418870622	A-AA	1762-1771
mmul|MACM_51588	0.949901768172888	E-EE	477-492
mmul|MACM_51663	0.0358807082945014	A-AA	36-43
mmul|MACM_51663	0.0927306616961789	A-AA	96-105
mmul|MACM_51663	0.157968313140727	A-AA	166-175
mmul|MACM_51663	0.274930102516309	A-AA	290-302
mmul|MACM_51696	0.0636531365313653	A-AA	31-40
mmul|MACM_51696	0.143911439114391	A-AA	73-85
mmul|MACM_51701	0.144486692015209	A-AA	71-83
mmul|MACM_51701	0.144486692015209	A-AS	71-83
mmul|MACM_51742	0.229608482871126	E-EE	277-288
mmul|MACM_51742	0.973898858075041	S-SS	1190-1200
mmul|MACM_51773	0.893402777777778	E-EE	1283-1292
mmul|MACM_5178	0.852880658436214	A-AA	1240-1249
mmul|MACM_5309	0.81063122923588	A-AA	240-250
mmul|MACM_5311	0.103822314049587	E-EE	95-108
mmul|MACM_5330	0.431165540540541	E-DE	506-517
mmul|MACM_5330	0.431165540540541	E-EE	506-517
mmul|MACM_5331	0.422813036020583	E-DE	489-499
mmul|MACM_5331	0.422813036020583	E-EE	489-499
mmul|MACM_5346	0.595969289827255	E-EE	307-316
mmul|MACM_53615	0.95	E-EE	272-281
mmul|MACM_537	0.0778251599147122	A-AA	33-42
mmul|MACM_5411	0.830779944289694	S-SS	575-620
mmul|MACM_5411	0.873259052924791	S-SS	623-633
mmul|MACM_54112	0.941253263707572	A-AA	357-366
mmul|MACM_54386	0.75187969924812	E-EE	297-305
mmul|MACM_54502	0.833614864864865	A-AA	487-502
mmul|MACM_54540	0.213763702801462	S-SS	168-185
mmul|MACM_54556	0.761390887290168	S-SS	308-329
mmul|MACM_5458	0.176904176904177	S-SS	68-78
mmul|MACM_54602	0.585074626865672	A-AA	192-202
mmul|MACM_546	0.576907384740922	E-EE	1404-1426
mmul|MACM_54617	0.945337620578778	A-AA	1465-1477
mmul|MACM_54623	0.717924528301887	E-EE	375-388
mmul|MACM_54627	0.0413907284768212	E-EE	34-43
mmul|MACM_54629	0.918679549114332	A-AA	568-575
mmul|MACM_5469	0.698608475648324	S-SS	1099-1112
mmul|MACM_5469	0.80708412397217	S-SS	1270-1284
mmul|MACM_54778	0.268565615462869	S-SS	261-269
mmul|MACM_54856	0.681392235609103	E-EE	1523-1533
mmul|MACM_54890	0.0966921119592875	A-AA	30-48
mmul|MACM_54897	0.967842914058053	D-DD	1690-1713
mmul|MACM_54897	0.967842914058053	D-DE	1690-1713
mmul|MACM_5496	0.56043956043956	E-EE	302-312
mmul|MACM_54972	0.812133072407045	E-EE	827-835
mmul|MACM_55057	0.497277676950998	E-EE	818-828
mmul|MACM_55063	0.712962962962963	E-EE	458-468
mmul|MACM_55065	0.54586129753915	E-EE	241-249
mmul|MACM_55075	0.0176429075511644	A-AA	21-31
mmul|MACM_55094	0.965091299677766	S-SS	895-904
mmul|MACM_55100	0.2357910906298	E-DE	147-162
mmul|MACM_55100	0.2357910906298	E-EE	147-162
mmul|MACM_55143	0.458781362007168	E-EE	125-133
mmul|MACM_55147	0.888636363636364	A-AA	385-399
mmul|MACM_55175	0.0113154172560113	A-AA	2-16
mmul|MACM_55215	0.521100226073851	E-DE	689-696
mmul|MACM_55215	0.521100226073851	E-EE	689-696
mmul|MACM_55252	0.470690858339149	A-AA	668-683
mmul|MACM_55337	0.962068965517241	E-EE	274-286
mmul|MACM_55361	0.187891440501044	A-AA	84-98
mmul|MACM_55421	0.563311688311688	E-EE	340-356
mmul|MACM_55425	0.249271137026239	D-DD	81-92
mmul|MACM_55602	0.370466321243523	S-SS	211-220
mmul|MACM_55605	0.367603108188882	E-EE	611-621
mmul|MACM_55636	0.910910910910911	A-AA	2726-2736
mmul|MACM_55658	0.951612903225806	S-SS	289-303
mmul|MACM_55660	0.278794402583423	A-AA	249-271
mmul|MACM_55705	0.00480769230769231	A-AA	2-10
mmul|MACM_55705	0.919230769230769	E-DE	952-962
mmul|MACM_55705	0.919230769230769	E-EE	952-962
mmul|MACM_55727	0.751982378854626	A-AA	849-860
mmul|MACM_55764	0.1875	E-EE	229-238
mmul|MACM_55779	0.392818574514039	E-EE	721-736
mmul|MACM_55809	0.801169590643275	E-EE	955-965
mmul|MACM_55852	0.0421847246891652	E-EE	43-54
mmul|MACM_5587	0.0225027442371021	A-AA	17-26
mmul|MACM_5589	0.617590822179732	E-DE	313-335
mmul|MACM_5589	0.617590822179732	E-EE	313-335
mmul|MACM_55966	0.32518337408313	S-SS	129-139
mmul|MACM_56243	0.579598145285935	E-EE	1122-1130
mmul|MACM_56243	0.762493560020608	E-EE	1476-1486
mmul|MACM_56252	0.0979020979020979	S-SS	206-216
mmul|MACM_56255	0.794540229885057	E-EE	273-282
mmul|MACM_56256	0.630985915492958	S-SS	218-232
mmul|MACM_56259	0.125444839857651	E-EE	68-75
mmul|MACM_56912	0.245762711864407	D-DD	84-92
mmul|MACM_56936	0.246817538896747	A-AA	168-183
mmul|MACM_56946	0.253974261922786	S-SS	332-341
mmul|MACM_56978	0.859738372093023	A-AA	587-598
mmul|MACM_56987	0.0473404255319149	E-EE	41-50
mmul|MACM_56999	0.047052740434333	S-SS	88-96
mmul|MACM_57020	0.0597713097713098	S-AS	53-64
mmul|MACM_57020	0.0597713097713098	S-SS	53-64
mmul|MACM_57050	0.158280922431866	E-EE	72-81
mmul|MACM_57050	0.328092243186583	E-EE	152-163
mmul|MACM_57091	0.537579617834395	S-SS	417-429
mmul|MACM_57142	0.0314597315436242	E-EE	30-47
mmul|MACM_57178	0.268761726078799	A-AA	280-295
mmul|MACM_5725	0.618918918918919	A-AA	341-348
mmul|MACM_57348	0.95	D-DD	424-433
mmul|MACM_57448	0.342462932454695	A-AA	1660-1668
mmul|MACM_57449	0.731696014828545	E-EE	781-800
mmul|MACM_57461	0.721830985915493	E-EE	201-211
mmul|MACM_57477	0.767022696929239	E-EE	1136-1164
mmul|MACM_57493	0.48014440433213	S-SS	655-677
mmul|MACM_57532	0.547550432276657	S-SS	376-386
mmul|MACM_57545	0.138357010500309	E-EE	221-229
mmul|MACM_57553	0.47175	E-EE	939-950
mmul|MACM_57553	0.499	E-EE	992-1006
mmul|MACM_57558	0.698029556650246	E-EE	704-715
mmul|MACM_57587	0.334280303030303	S-SS	170-185
mmul|MACM_57594	0.958941605839416	E-EE	516-537
mmul|MACM_57600	0.0909498207885305	S-SS	95-110
mmul|MACM_57600	0.234767025089606	S-SS	258-268
mmul|MACM_57608	0.629520295202952	S-SS	848-860
mmul|MACM_57609	0.145714285714286	S-SS	227-234
mmul|MACM_57610	0.67205169628433	S-SS	409-425
mmul|MACM_57626	0.106425702811245	S-SS	73-88
mmul|MACM_57630	0.473003374578178	A-AA	417-426
mmul|MACM_57634	0.13824	E-EE	426-440
mmul|MACM_57636	0.498322147651007	A-AA	739-748
mmul|MACM_57659	0.095944609297725	S-SS	85-111
mmul|MACM_57659	0.638476755687438	E-DE	640-653
mmul|MACM_57659	0.638476755687438	E-EE	640-653
mmul|MACM_57680	0.785434782608696	S-AS	1800-1815
mmul|MACM_57680	0.785434782608696	S-SS	1800-1815
mmul|MACM_57680	0.984130434782609	D-DD	2260-2269
mmul|MACM_57680	0.984130434782609	D-DE	2260-2269
mmul|MACM_57708	0.250886524822695	E-EE	136-149
mmul|MACM_57719	0.484590429845904	E-EE	591-606
mmul|MACM_5803	0.616911130284728	D-DD	1423-1439
mmul|MACM_5803	0.616911130284728	D-DE	1423-1439
mmul|MACM_58155	0.600943396226415	A-AA	315-324
mmul|MACM_58158	0.178787878787879	E-EE	55-65
mmul|MACM_5822	0.265795206971678	E-EE	240-250
mmul|MACM_58506	0.211832061068702	E-EE	268-289
mmul|MACM_58506	0.625190839694656	S-SS	813-827
mmul|MACM_58506	0.785114503816794	E-EE	1021-1038
mmul|MACM_58517	0.692992874109264	E-EE	580-589
mmul|MACM_5863	0.0605670103092784	E-EE	44-52
mmul|MACM_5905	0.645299145299145	E-DE	361-396
mmul|MACM_5905	0.645299145299145	E-EE	361-396
mmul|MACM_5922	0.00648584905660377	A-AA	2-11
mmul|MACM_5925	0.0140237324703344	A-AA	10-18
mmul|MACM_59335	0.962707182320442	A-AA	344-355
mmul|MACM_5936	0.797520661157025	A-AA	282-299
mmul|MACM_595	0.935374149659864	E-EE	272-280
mmul|MACM_5989	0.95040899795501	E-EE	925-936
mmul|MACM_6046	0.980649188514357	S-SS	776-797
mmul|MACM_6124	0.839201877934272	A-AA	354-363
mmul|MACM_6175	0.917981072555205	A-AA	287-297
mmul|MACM_6257	0.0928705440900563	A-AA	46-55
mmul|MACM_6261	0.349178910976664	E-EE	1605-1629
mmul|MACM_6263	0.393687024470491	E-EE	1912-1919
mmul|MACM_6263	0.727328809376928	E-EE	3534-3542
mmul|MACM_6293	0.00761772853185596	A-AA	2-11
mmul|MACM_6297	0.257936507936508	S-SS	256-266
mmul|MACM_6297	0.760912698412698	E-EE	760-776
mmul|MACM_6299	0.118381240544629	S-SS	150-165
mmul|MACM_63035	0.771345029239766	E-EE	1316-1324
mmul|MACM_6311	0.160276073619632	S-SS	205-215
mmul|MACM_6314	0.774128686327078	S-AS	572-585
mmul|MACM_6314	0.774128686327078	S-SS	572-585
mmul|MACM_6326	0.231287425149701	A-AA	460-469
mmul|MACM_6326	0.231287425149701	A-AS	460-469
mmul|MACM_63827	0.514301430143014	E-EE	460-477
mmul|MACM_63876	0.940552016985138	E-EE	437-451
mmul|MACM_63894	0.0965447154471545	D-DD	44-53
mmul|MACM_63935	0.963726884779516	S-SS	673-684
mmul|MACM_63950	0.0633147113594041	A-AA	30-40
mmul|MACM_63967	0.472388059701493	E-EE	630-638
mmul|MACM_63967	0.494402985074627	E-EE	654-673
mmul|MACM_63974	0.178571428571429	E-EE	54-68
mmul|MACM_64084	0.94916142557652	E-EE	902-911
mmul|MACM_641	0.395406360424028	D-DD	556-565
mmul|MACM_64207	0.116645649432535	A-AA	85-102
mmul|MACM_64207	0.19609079445145	A-AA	151-162
mmul|MACM_64207	0.3921815889029	S-SS	307-317
mmul|MACM_64210	0.00534499514091351	A-AA	2-11
mmul|MACM_64319	0.694565217391304	A-AA	311-330
mmul|MACM_64412	0.427668539325843	E-EE	298-313
mmul|MACM_64419	0.786057692307692	S-SS	487-496
mmul|MACM_64422	0.471246006389776	E-DE	144-153
mmul|MACM_64422	0.471246006389776	E-EE	144-153
mmul|MACM_6443	0.0157232704402516	A-AA	2-10
mmul|MACM_644524	0.238028169014084	A-AA	78-93
mmul|MACM_645369	0.359324758842444	A-AA	219-230
mmul|MACM_645369	0.55064308681672	A-AA	338-349
mmul|MACM_64651	0.0363175675675676	S-SS	17-28
mmul|MACM_64753	0.0194974003466204	E-EE	15-32
mmul|MACM_64783	0.898243801652893	S-SS	866-875
mmul|MACM_64839	0.185449358059914	A-AA	126-136
mmul|MACM_64919	0.599104143337066	E-EE	529-543
mmul|MACM_6508	0.11248012718601	E-EE	136-149
mmul|MACM_65095	0.370604781997187	E-EE	256-273
mmul|MACM_65123	0.0129558541266795	A-AA	9-20
mmul|MACM_65220	0.986607142857143	E-EE	438-448
mmul|MACM_6558	0.0818858560794045	A-AA	90-110
mmul|MACM_6595	0.957243139757498	E-EE	1493-1509
mmul|MACM_6597	0.397199046483909	E-EE	663-672
mmul|MACM_6597	0.958581644815256	E-EE	1603-1616
mmul|MACM_6599	0.790307971014493	A-AA	869-878
mmul|MACM_65998	0.553006329113924	E-EE	346-355
mmul|MACM_65998	0.755537974683544	E-EE	474-483
mmul|MACM_6601	0.712695795548227	A-AA	861-870
mmul|MACM_6621	0.359450171821306	S-SS	519-529
mmul|MACM_6641	0.0130111524163569	A-AA	2-14
mmul|MACM_6650	0.121658986175115	E-EE	128-138
mmul|MACM_6658	0.539325842696629	A-AA	234-248
mmul|MACM_6658	0.803370786516854	A-AA	353-364
mmul|MACM_6659	0.818565400843882	S-SS	380-398
mmul|MACM_6664	0.515909090909091	D-DD	223-233
mmul|MACM_6664	0.784090909090909	S-SS	338-354
mmul|MACM_6667	0.0554140127388535	S-SS	40-49
mmul|MACM_6671	0.159642401021711	S-SS	122-130
mmul|MACM_668	0.604	A-AA	221-234
mmul|MACM_6696	0.28594249201278	D-DD	86-95
mmul|MACM_6721	0.0595968448729185	S-SS	64-74
mmul|MACM_676	0.682346723044397	S-AS	638-655
mmul|MACM_676	0.682346723044397	S-SS	638-655
mmul|MACM_677	0.921364985163205	S-SS	307-316
mmul|MACM_678	0.662932790224033	A-AA	322-331
mmul|MACM_6829	0.044362292051756	E-DE	37-61
mmul|MACM_6829	0.044362292051756	E-EE	37-61
mmul|MACM_6833	0.615506329113924	E-DE	969-978
mmul|MACM_6833	0.615506329113924	E-EE	969-978
mmul|MACM_6854	0.843373493975904	S-SS	486-496
mmul|MACM_6872	0.978594080338266	E-DE	1848-1857
mmul|MACM_6872	0.978594080338266	E-EE	1848-1857
mmul|MACM_6880	0.96958174904943	D-DD	250-262
mmul|MACM_6885	0.0140495867768595	S-SS	5-14
mmul|MACM_6907	0.286091549295775	A-AA	159-168
mmul|MACM_6909	0.0907172995780591	A-AA	58-73
mmul|MACM_6909	0.0907172995780591	A-AS	58-73
mmul|MACM_6909	0.821378340365682	A-AA	581-589
mmul|MACM_6909	0.838959212376934	A-AA	592-603
mmul|MACM_6926	0.826145552560647	A-AA	609-619
mmul|MACM_6935	0.952	E-EE	1064-1080
mmul|MACM_6942	0.0331801939765186	A-AA	62-70
mmul|MACM_6942	0.123532414497192	S-SS	237-249
mmul|MACM_7046	0.0418326693227092	A-AA	18-26
mmul|MACM_7080	0.804054054054054	A-AA	294-303
mmul|MACM_7090	0.523994811932555	A-AA	401-409
mmul|MACM_7127	0.260606060606061	A-AA	168-178
mmul|MACM_7133	0.712581344902386	S-SS	325-334
mmul|MACM_7155	0.850308641975309	D-DD	1374-1383
mmul|MACM_7155	0.850308641975309	D-DE	1374-1383
mmul|MACM_7273	0.994302677188583	S-SS	26960-26969
mmul|MACM_728116	0.286437246963563	A-AA	132-153
mmul|MACM_728239	0.160810810810811	A-AA	116-124
mmul|MACM_728642	0.369310793237971	E-EE	279-291
mmul|MACM_728642	0.393368010403121	E-EE	296-311
mmul|MACM_7287	0.220779220779221	E-EE	115-125
mmul|MACM_730	0.274346793349169	S-SS	227-237
mmul|MACM_7343	0.983471074380165	S-SS	708-722
mmul|MACM_7403	0.00857142857142857	A-AA	9-17
mmul|MACM_7461	0.316336633663366	S-SS	316-325
mmul|MACM_7543	0.415730337078652	A-AA	330-338
mmul|MACM_7546	0.052930056710775	A-AA	25-33
mmul|MACM_7546	0.173913043478261	A-AA	89-97
mmul|MACM_7546	0.876181474480151	A-AA	456-473
mmul|MACM_7547	0.105376344086022	A-AA	46-54
mmul|MACM_767	0.0657439446366782	E-EE	15-25
mmul|MACM_7726	0.777777777777778	E-EE	388-398
mmul|MACM_776	0.396599906846763	E-EE	847-858
mmul|MACM_7799	0.156615925058548	E-EE	263-274
mmul|MACM_7799	0.617096018735363	S-SS	1044-1066
mmul|MACM_7840	0.00398593200468933	E-EE	11-25
mmul|MACM_7862	0.827557755775578	S-SS	996-1012
mmul|MACM_79142	0.630597014925373	E-EE	248-261
mmul|MACM_79190	0.59009009009009	E-EE	257-269
mmul|MACM_79191	0.127	A-AA	59-70
mmul|MACM_79191	0.429	E-EE	211-220
mmul|MACM_79192	0.0678496868475992	A-AA	29-38
mmul|MACM_79365	0.834719334719335	A-AA	394-411
mmul|MACM_79666	0.975806451612903	D-DD	237-249
mmul|MACM_79670	0.569173942243116	E-EE	842-855
mmul|MACM_79684	0.184782608695652	A-AA	91-98
mmul|MACM_79718	0.218323586744639	A-AA	108-118
mmul|MACM_79718	0.218323586744639	A-AS	108-118
mmul|MACM_79739	0.625846501128668	S-SS	551-560
mmul|MACM_79750	0.874365482233503	A-AA	341-350
mmul|MACM_79772	0.162988966900702	S-SS	158-169
mmul|MACM_79827	0.783602150537634	S-SS	288-297
mmul|MACM_7994	0.395604395604396	E-EE	788-798
mmul|MACM_7994	0.535714285714286	E-EE	1069-1078
mmul|MACM_79948	0.686513629842181	E-EE	469-490
mmul|MACM_79948	0.847202295552367	S-SS	587-596
mmul|MACM_80012	0.21579476861167	S-SS	211-220
mmul|MACM_80034	0.641267123287671	E-EE	368-383
mmul|MACM_80139	0.302542372881356	S-SS	173-186
mmul|MACM_80139	0.864406779661017	A-AA	507-515
mmul|MACM_8019	0.982068965517241	S-SS	703-723
mmul|MACM_80205	0.751733703190014	S-SS	2141-2197
mmul|MACM_80205	0.911581137309293	A-AA	2624-2636
mmul|MACM_80205	0.911581137309293	A-AS	2624-2636
mmul|MACM_80206	0.449582753824757	S-SS	643-652
mmul|MACM_8021	0.852250957854406	S-SS	1776-1785
mmul|MACM_80217	0.576276276276276	E-EE	956-965
mmul|MACM_8034	0.0195439739413681	A-AA	2-12
mmul|MACM_80709	0.544537230340988	E-EE	778-789
mmul|MACM_80816	0.477758007117438	A-AA	1070-1080
mmul|MACM_80829	0.11304347826087	A-AA	59-73
mmul|MACM_80829	0.377391304347826	E-EE	214-222
mmul|MACM_80853	0.0117021276595745	A-AA	4-20
mmul|MACM_81492	0.514685314685315	E-EE	363-375
mmul|MACM_81557	0.160810810810811	A-AA	116-124
mmul|MACM_8161	0.551393728222996	S-SS	313-322
mmul|MACM_81669	0.00963391136801541	A-AA	2-10
mmul|MACM_81848	0.386292834890966	S-SS	120-130
mmul|MACM_8189	0.920267085624509	S-SS	1168-1177
mmul|MACM_821	0.895093062605753	E-EE	526-534
mmul|MACM_8237	0.0566528066528067	A-AA	48-63
mmul|MACM_8289	0.124939584340261	S-AS	254-265
mmul|MACM_8289	0.124939584340261	S-SS	254-265
mmul|MACM_8289	0.166505558240696	A-AA	339-352
mmul|MACM_8289	0.166505558240696	A-AS	339-352
mmul|MACM_8289	0.755195746737554	E-EE	1559-1568
mmul|MACM_8320	0.181021897810219	A-AA	117-133
mmul|MACM_83637	0.170772676371781	A-AA	147-160
mmul|MACM_83743	0.289887640449438	E-DE	124-136
mmul|MACM_83743	0.289887640449438	E-EE	124-136
mmul|MACM_83759	0.655027932960894	A-AA	231-240
mmul|MACM_83889	0.787049861495845	E-EE	2255-2293
mmul|MACM_84078	0.469298245614035	S-SS	317-327
mmul|MACM_84133	0.545130641330166	S-SS	456-464
mmul|MACM_84162	0.828037569944045	S-SS	4140-4149
mmul|MACM_84181	0.688766114180479	E-EE	1866-1876
mmul|MACM_84206	0.703866432337434	S-SS	394-409
mmul|MACM_84206	0.877855887521968	S-SS	492-509
mmul|MACM_84225	0.160351826792963	E-EE	113-126
mmul|MACM_84229	0.0143184421534937	E-EE	9-18
mmul|MACM_844	0.988664987405542	D-DD	389-398
mmul|MACM_84445	0.286676646706587	S-SS	188-197
mmul|MACM_8449	0.132310642377756	E-EE	133-145
mmul|MACM_8450	0.0707236842105263	S-SS	61-70
mmul|MACM_8450	0.154605263157895	S-SS	138-146
mmul|MACM_845	0.947368421052632	D-DD	374-384
mmul|MACM_845	0.986215538847118	D-DD	390-399
mmul|MACM_84519	0.412361623616236	E-EE	220-229
mmul|MACM_84530	0.939320388349515	S-SS	577-586
mmul|MACM_8455	0.059482155353394	A-AA	82-90
mmul|MACM_84619	0.238703339882122	E-EE	118-127
mmul|MACM_84629	0.608145580589255	E-EE	1749-1762
mmul|MACM_84629	0.861351819757366	S-SS	2478-2494
mmul|MACM_84629	0.886135181975737	S-SS	2526-2589
mmul|MACM_84630	0.568783068783069	E-EE	733-774
mmul|MACM_84676	0.941761363636364	E-EE	328-337
mmul|MACM_84700	0.978354134165367	S-SS	2504-2515
mmul|MACM_8471	0.0176	A-AA	18-28
mmul|MACM_8471	0.1036	A-AA	124-137
mmul|MACM_8471	0.1768	A-AA	218-226
mmul|MACM_8471	0.9604	A-AA	1197-1206
mmul|MACM_84717	0.385479041916168	S-SS	252-265
mmul|MACM_84733	0.207939508506616	S-SS	102-120
mmul|MACM_84922	0.383838383838384	A-AA	187-195
mmul|MACM_84926	0.857142857142857	E-EE	371-387
mmul|MACM_85377	0.500580046403712	E-EE	428-437
mmul|MACM_85403	0.726591760299625	S-SS	188-202
mmul|MACM_85416	0.251565762004175	A-AA	117-126
mmul|MACM_85416	0.342379958246347	A-AA	161-169
mmul|MACM_860	0.162324649298597	A-AA	74-90
mmul|MACM_8603	0.749599358974359	E-EE	932-941
mmul|MACM_8621	0.0466887417218543	A-AA	67-76
mmul|MACM_8631	0.625698324022346	E-EE	220-230
mmul|MACM_8658	0.102941176470588	S-SS	130-145
mmul|MACM_8660	0.267149390243902	A-AA	347-356
mmul|MACM_8664	0.983546617915905	E-EE	531-547
mmul|MACM_8725	0.603991596638655	D-DD	283-294
mmul|MACM_8805	0.0119161105815062	A-AA	8-19
mmul|MACM_8816	0.597768331562168	S-SS	559-568
mmul|MACM_8914	0.55643153526971	E-EE	665-678
mmul|MACM_8929	0.517571884984026	A-AA	159-167
mmul|MACM_8929	0.797124600638978	A-AA	241-260
mmul|MACM_89765	0.63474025974026	E-EE	192-201
mmul|MACM_89797	0.252573075339646	S-SS	610-619
mmul|MACM_89890	0.476225854383358	S-SS	317-326
mmul|MACM_9031	0.854251012145749	E-EE	1258-1276
mmul|MACM_905	0.881344307270233	S-SS	637-650
mmul|MACM_90933	0.105095541401274	E-EE	62-72
mmul|MACM_90933	0.157643312101911	E-EE	96-104
mmul|MACM_9130	0.383136094674556	E-EE	125-136
mmul|MACM_91304	0.853796445880452	A-AA	525-534
mmul|MACM_9136	0.141649048625793	E-EE	64-72
mmul|MACM_91603	0.442048517520216	E-EE	160-170
mmul|MACM_9162	0.0234741784037559	A-AA	20-32
mmul|MACM_9162	0.0910798122065728	A-AA	93-103
mmul|MACM_91746	0.33638928067701	E-EE	227-252
mmul|MACM_91752	0.920595533498759	A-AA	1108-1120
mmul|MACM_9185	0.00843558282208589	A-AA	3-10
mmul|MACM_9187	0.799908424908425	E-DE	860-889
mmul|MACM_9187	0.799908424908425	E-EE	860-889
mmul|MACM_9221	0.319285714285714	S-SS	218-231
mmul|MACM_9221	0.676428571428571	S-SS	470-479
mmul|MACM_9221	0.745714285714286	S-SS	518-528
mmul|MACM_92312	0.789017341040462	S-SS	406-415
mmul|MACM_92345	0.357142857142857	S-SS	130-152
mmul|MACM_9240	0.947443181818182	E-EE	330-339
mmul|MACM_9252	0.950686641697878	S-SS	757-768
mmul|MACM_9256	0.671404682274248	E-EE	1199-1212
mmul|MACM_9256	0.711817168338908	E-EE	1272-1284
mmul|MACM_92737	0.156626506024096	S-SS	109-127
mmul|MACM_9282	0.0268410185822436	A-AA	35-45
mmul|MACM_92912	0.382352941176471	E-DE	139-149
mmul|MACM_92912	0.382352941176471	E-EE	139-149
mmul|MACM_92999	0.382195448460509	E-EE	279-294
mmul|MACM_92999	0.406291834002677	E-EE	301-308
mmul|MACM_92999	0.441097724230254	E-EE	325-336
mmul|MACM_93035	0.987423601316408	S-SS	4191-4212
mmul|MACM_93109	0.87070938215103	S-SS	377-386
mmul|MACM_9314	0.274058577405858	S-SS	125-139
mmul|MACM_93166	0.169763513513514	A-AA	97-106
mmul|MACM_9328	0.948841698841699	E-DE	486-499
mmul|MACM_9328	0.948841698841699	E-EE	486-499
mmul|MACM_9330	0.115515288788222	E-EE	94-112
mmul|MACM_9343	0.0406797116374871	D-DD	34-47
mmul|MACM_9343	0.0406797116374871	D-DE	34-47
mmul|MACM_9344	0.367843511450382	E-EE	378-395
mmul|MACM_9355	0.47037037037037	A-AA	184-199
mmul|MACM_9360	0.264940239043825	S-SS	193-208
mmul|MACM_9371	0.53485254691689	E-DE	394-406
mmul|MACM_9371	0.53485254691689	E-EE	394-406
mmul|MACM_9406	0.659574468085106	S-SS	213-223
mmul|MACM_9473	0.635303265940902	E-EE	404-415
mmul|MACM_9541	0.597727272727273	S-SS	257-271
mmul|MACM_9542	0.0367268041237113	S-SS	20-39
mmul|MACM_9567	0.0464071856287425	A-AA	28-36
mmul|MACM_9567	0.0464071856287425	A-AS	28-36
mmul|MACM_9572	0.138888888888889	S-SS	80-92
mmul|MACM_9600	0.252212389380531	S-SS	310-319
mmul|MACM_9601	0.0692068429237947	E-DE	39-52
mmul|MACM_9601	0.0692068429237947	E-EE	39-52
mmul|MACM_9611	0.534501642935378	A-AA	484-494
mmul|MACM_9638	0.474424552429668	E-EE	182-191
mmul|MACM_9644	0.614130434782609	S-SS	674-684
mmul|MACM_9647	0.227973568281938	E-EE	101-108
mmul|MACM_9651	0.810296191819464	S-SS	1145-1155
mmul|MACM_9669	0.445081967213115	E-DE	529-559
mmul|MACM_9669	0.445081967213115	E-EE	529-559
mmul|MACM_9682	0.465786901270772	E-EE	473-482
mmul|MACM_9687	0.629620123203285	S-SS	1223-1232
mmul|MACM_9698	0.50464135021097	A-AA	593-605
mmul|MACM_9730	0.939905469277515	D-DD	1388-1398
mmul|MACM_9736	0.702320316921336	E-DE	2478-2488
mmul|MACM_9736	0.702320316921336	E-EE	2478-2488
mmul|MACM_9739	0.202813599062134	S-SS	337-357
mmul|MACM_9739	0.611078546307151	S-SS	1028-1059
mmul|MACM_9739	0.799824150058617	E-EE	1356-1375
mmul|MACM_9761	0.801724137931034	E-EE	227-240
mmul|MACM_9774	0.821195652173913	S-SS	752-761
mmul|MACM_9778	0.147058823529412	S-SS	202-210
mmul|MACM_9778	0.253228120516499	S-SS	350-358
mmul|MACM_9820	0.817594154019112	E-EE	1451-1460
mmul|MACM_9823	0.507131537242472	A-AA	317-325
mmul|MACM_9839	0.957106812447435	E-EE	1134-1144
mmul|MACM_9853	0.819471947194719	E-EE	1236-1249
mmul|MACM_9878	0.691935483870968	A-AA	426-434
mmul|MACM_9881	0.373632010943912	E-DE	1088-1099
mmul|MACM_9881	0.373632010943912	E-EE	1088-1099
mmul|MACM_9904	0.749217935349322	E-DE	714-725
mmul|MACM_9904	0.749217935349322	E-EE	714-725
mmul|MACM_9949	0.338855421686747	S-SS	109-118
mmul|MACM_9967	0.819706498951782	S-SS	777-789
mmul|MACM_9994	0.760211800302572	S-SS	1504-1513
mmus|ENSMUSG00000000093.6	0.0908450704225352	A-AA	58-73
mmus|ENSMUSG00000000093.6	0.823943661971831	A-AA	582-590
mmus|ENSMUSG00000000093.6	0.841549295774648	A-AA	593-604
mmus|ENSMUSG00000000094.12	0.107078039927405	A-AA	55-65
mmus|ENSMUSG00000000168.9	0.617004680187207	A-AA	392-401
mmus|ENSMUSG00000000214.11	0.112676056338028	A-AA	51-63
mmus|ENSMUSG00000000247.11	0.47037037037037	A-AA	184-199
mmus|ENSMUSG00000000861.15	0.593525179856115	E-EE	485-507
mmus|ENSMUSG00000001280.12	0.057051282051282	S-SS	41-50
mmus|ENSMUSG00000001496.15	0.804582210242588	A-AA	295-304
mmus|ENSMUSG00000001566.9	0.313895781637717	A-AA	121-134
mmus|ENSMUSG00000001566.9	0.424317617866005	A-AA	168-176
mmus|ENSMUSG00000001632.16	0.372901678657074	E-EE	462-473
mmus|ENSMUSG00000001632.16	0.805755395683453	S-SS	1001-1017
mmus|ENSMUSG00000001657.7	0.964730290456432	E-EE	228-239
mmus|ENSMUSG00000001815.15	0.639240506329114	A-AA	297-311
mmus|ENSMUSG00000001815.15	0.776371308016878	A-AA	359-379
mmus|ENSMUSG00000001815.15	0.854430379746835	A-AA	401-411
mmus|ENSMUSG00000001819.4	0.174556213017751	A-AA	53-67
mmus|ENSMUSG00000001819.4	0.247041420118343	S-SS	81-88
mmus|ENSMUSG00000001819.4	0.321005917159763	A-AA	105-114
mmus|ENSMUSG00000001962.8	0.383136094674556	E-EE	125-136
mmus|ENSMUSG00000001988.8	0.365092748735244	S-SS	212-223
mmus|ENSMUSG00000002028.12	0.0226986128625473	S-SS	83-99
mmus|ENSMUSG00000002107.18	0.581904761904762	A-AA	302-311
mmus|ENSMUSG00000002221.11	0.181990521327014	E-EE	189-197
mmus|ENSMUSG00000002307.15	0.605548037889039	D-DE	442-455
mmus|ENSMUSG00000002307.15	0.626522327469553	E-EE	457-471
mmus|ENSMUSG00000002524.15	0.0470692717584369	A-AA	21-34
mmus|ENSMUSG00000002524.15	0.0470692717584369	A-AS	21-34
mmus|ENSMUSG00000002524.15	0.586145648312611	A-AA	326-336
mmus|ENSMUSG00000002688.7	0.0218102508178844	A-AA	16-26
mmus|ENSMUSG00000002748.7	0.856901217861976	E-EE	1258-1277
mmus|ENSMUSG00000002833.10	0.388473053892216	S-SS	253-268
mmus|ENSMUSG00000002908.15	0.128252788104089	E-EE	64-76
mmus|ENSMUSG00000003402.13	0.603415559772296	E-DE	309-329
mmus|ENSMUSG00000003402.13	0.603415559772296	E-EE	309-329
mmus|ENSMUSG00000003435.9	0.0434782608695652	E-DE	37-59
mmus|ENSMUSG00000003435.9	0.0434782608695652	E-EE	37-59
mmus|ENSMUSG00000003437.14	0.712546816479401	E-EE	375-388
mmus|ENSMUSG00000003810.12	0.723457476375764	S-SS	1298-1307
mmus|ENSMUSG00000003848.14	0.458955223880597	E-EE	181-190
mmus|ENSMUSG00000004263.15	0.332623509369676	S-SS	387-396
mmus|ENSMUSG00000004263.15	0.47572402044293	S-SS	555-564
mmus|ENSMUSG00000004661.15	0.612874779541446	A-AA	339-358
mmus|ENSMUSG00000004661.15	0.950617283950617	S-SS	535-545
mmus|ENSMUSG00000005045.16	0.109174782162993	A-AA	209-219
mmus|ENSMUSG00000005057.13	0.906451612903226	S-SS	559-567
mmus|ENSMUSG00000005204.12	0.139329805996473	E-EE	74-86
mmus|ENSMUSG00000005442.13	0.0233160621761658	E-EE	55-64
mmus|ENSMUSG00000005506.16	0.5771484375	A-AA	292-301
mmus|ENSMUSG00000005506.16	0.640625	S-SS	323-335
mmus|ENSMUSG00000005566.13	0.00840336134453781	A-AA	2-14
mmus|ENSMUSG00000005836.8	0.301020408163265	A-AA	173-183
mmus|ENSMUSG00000005871.14	0.973424850404787	S-SS	2762-2771
mmus|ENSMUSG00000005917.15	0.391242937853107	S-SS	133-146
mmus|ENSMUSG00000006014.16	0.137295081967213	S-SS	164-173
mmus|ENSMUSG00000006270.7	0.676557863501484	A-AA	221-237
mmus|ENSMUSG00000006299.13	0.129885057471264	E-EE	54-61
mmus|ENSMUSG00000006307.16	0.134926470588235	E-EE	362-374
mmus|ENSMUSG00000006576.16	0.115008156606852	E-EE	135-149
mmus|ENSMUSG00000006930.15	0.365231259968102	E-EE	224-236
mmus|ENSMUSG00000007122.11	0.98019801980198	D-DD	389-405
mmus|ENSMUSG00000007817.14	0.26750700280112	A-AA	280-295
mmus|ENSMUSG00000007880.16	0.113517060367454	S-AS	255-266
mmus|ENSMUSG00000007880.16	0.113517060367454	S-SS	255-266
mmus|ENSMUSG00000007880.16	0.150481189851269	A-AA	340-350
mmus|ENSMUSG00000008305.18	0.533376123234917	A-AA	411-422
mmus|ENSMUSG00000008496.18	0.9553264604811	S-SS	551-563
mmus|ENSMUSG00000008855.17	0.535714285714286	E-EE	594-608
mmus|ENSMUSG00000009097.9	0.953798767967146	A-AA	461-470
mmus|ENSMUSG00000009394.13	0.837606837606838	S-SS	483-499
mmus|ENSMUSG00000009470.16	0.412486064659978	D-DD	366-376
mmus|ENSMUSG00000009470.16	0.412486064659978	D-DE	366-376
mmus|ENSMUSG00000009734.17	0.395440251572327	A-AA	248-257
mmus|ENSMUSG00000009734.17	0.62814465408805	S-SS	394-407
mmus|ENSMUSG00000010505.15	0.277397260273973	E-EE	301-349
mmus|ENSMUSG00000010608.15	0.69115890083632	E-EE	575-584
mmus|ENSMUSG00000012123.15	0.455445544554455	E-EE	684-698
mmus|ENSMUSG00000012520.10	0.517571884984026	A-AA	159-167
mmus|ENSMUSG00000012520.10	0.797124600638978	A-AA	241-260
mmus|ENSMUSG00000013419.6	0.43956043956044	E-EE	316-326
mmus|ENSMUSG00000013419.6	0.458104395604396	E-EE	331-338
mmus|ENSMUSG00000013787.15	0.288827258320127	E-EE	352-379
mmus|ENSMUSG00000013921.15	0.0357142857142857	E-EE	16-25
mmus|ENSMUSG00000014426.8	0.740288220551378	A-AA	1178-1187
mmus|ENSMUSG00000014444.16	0.0634577603143418	D-DE	156-169
mmus|ENSMUSG00000014602.15	0.511731843575419	E-DE	908-926
mmus|ENSMUSG00000014602.15	0.511731843575419	E-EE	908-926
mmus|ENSMUSG00000014859.8	0.770171149144254	S-SS	308-324
mmus|ENSMUSG00000014907.9	0.401006711409396	S-SS	231-249
mmus|ENSMUSG00000015214.14	0.0134328358208955	A-AA	6-14
mmus|ENSMUSG00000015461.15	0.150423728813559	S-SS	103-112
mmus|ENSMUSG00000015501.10	0.781803211198024	D-DD	1893-1907
mmus|ENSMUSG00000015599.8	0.573833205814843	E-EE	734-768
mmus|ENSMUSG00000015882.17	0.0233722871452421	A-AA	9-21
mmus|ENSMUSG00000015968.16	0.394226327944573	E-EE	849-860
mmus|ENSMUSG00000016181.9	0.121251629726206	E-DE	84-104
mmus|ENSMUSG00000016181.9	0.121251629726206	E-EE	84-104
mmus|ENSMUSG00000016262.14	0.634308510638298	S-SS	223-256
mmus|ENSMUSG00000016327.9	0.170422535211268	E-EE	52-71
mmus|ENSMUSG00000016477.17	0.0559210526315789	A-AA	22-31
mmus|ENSMUSG00000016554.8	0.982632541133455	E-EE	530-547
mmus|ENSMUSG00000017119.19	0.737082066869301	E-EE	724-733
mmus|ENSMUSG00000017376.15	0.144486692015209	A-AA	71-83
mmus|ENSMUSG00000017376.15	0.144486692015209	A-AS	71-83
mmus|ENSMUSG00000017478.15	0.594747682801236	S-SS	574-583
mmus|ENSMUSG00000017548.15	0.0851351351351351	A-AA	59-69
mmus|ENSMUSG00000018160.15	0.81130876747141	S-SS	1271-1285
mmus|ENSMUSG00000018395.19	0.570441988950276	S-SS	410-418
mmus|ENSMUSG00000018474.17	0.0124148003894839	E-EE	19-34
mmus|ENSMUSG00000018474.17	0.128773125608569	A-AA	258-273
mmus|ENSMUSG00000018474.17	0.239289191820837	E-EE	487-498
mmus|ENSMUSG00000018476.7	0.245426829268293	S-SS	399-408
mmus|ENSMUSG00000018501.17	0.243579290664492	A-AA	594-603
mmus|ENSMUSG00000018501.17	0.804932735426009	S-SS	1971-1980
mmus|ENSMUSG00000018572.10	0.6325	E-EE	247-261
mmus|ENSMUSG00000018604.18	0.825675675675676	A-AA	607-617
mmus|ENSMUSG00000018750.14	0.626401630988787	E-DE	606-625
mmus|ENSMUSG00000018750.14	0.626401630988787	E-EE	606-625
mmus|ENSMUSG00000018849.6	0.239800543970988	S-SS	261-270
mmus|ENSMUSG00000018921.11	0.823529411764706	E-EE	893-957
mmus|ENSMUSG00000019254.16	0.0198463508322663	A-AA	13-20
mmus|ENSMUSG00000019297.8	0.261417322834646	E-EE	162-172
mmus|ENSMUSG00000019564.12	0.254166666666667	E-EE	142-165
mmus|ENSMUSG00000019564.12	0.734166666666667	A-AA	437-446
mmus|ENSMUSG00000019789.8	0.797337278106509	A-AA	266-275
mmus|ENSMUSG00000019789.8	0.880177514792899	A-AA	293-304
mmus|ENSMUSG00000019802.13	0.991436100131752	E-EE	750-757
mmus|ENSMUSG00000019823.17	0.821394460362942	E-DE	855-867
mmus|ENSMUSG00000019823.17	0.821394460362942	E-EE	855-867
mmus|ENSMUSG00000019907.9	0.774177467597208	S-SS	773-782
mmus|ENSMUSG00000019978.15	0.733535967578521	S-SS	719-731
mmus|ENSMUSG00000020181.15	0.783720930232558	S-SS	1850-1859
mmus|ENSMUSG00000020368.15	0.921186440677966	E-EE	540-549
mmus|ENSMUSG00000020396.8	0.448576675849403	E-EE	485-494
mmus|ENSMUSG00000020430.12	0.829642248722317	E-DE	483-493
mmus|ENSMUSG00000020430.12	0.829642248722317	E-EE	483-493
mmus|ENSMUSG00000020439.17	0.401058201058201	S-SS	375-385
mmus|ENSMUSG00000020439.17	0.756613756613757	S-SS	711-721
mmus|ENSMUSG00000020458.16	0.0335917312661499	E-EE	35-45
mmus|ENSMUSG00000020473.13	0.974267968056788	E-EE	1092-1106
mmus|ENSMUSG00000020594.14	0.446948356807512	A-AA	472-482
mmus|ENSMUSG00000020605.8	0.503807106598985	E-EE	195-204
mmus|ENSMUSG00000020701.12	0.534016775396086	E-DE	569-579
mmus|ENSMUSG00000020706.13	0.406810035842294	E-EE	337-346
mmus|ENSMUSG00000020706.13	0.428912783751493	E-EE	356-364
mmus|ENSMUSG00000020783.14	0.563517915309446	E-EE	340-354
mmus|ENSMUSG00000020889.11	0.139250814332248	S-SS	79-94
mmus|ENSMUSG00000020923.17	0.903669724770642	E-DE	683-698
mmus|ENSMUSG00000020923.17	0.903669724770642	E-EE	683-698
mmus|ENSMUSG00000020923.17	0.95740498034076	D-DD	725-738
mmus|ENSMUSG00000020923.17	0.95740498034076	D-DE	725-738
mmus|ENSMUSG00000020923.17	0.984272608125819	S-SS	745-759
mmus|ENSMUSG00000020937.14	0.637117346938776	E-EE	495-506
mmus|ENSMUSG00000020994.4	0.832413793103448	S-SS	582-627
mmus|ENSMUSG00000020994.4	0.87448275862069	S-SS	630-640
mmus|ENSMUSG00000021038.16	0.0969387755102041	D-DD	44-53
mmus|ENSMUSG00000021127.6	0.921364985163205	S-SS	307-316
mmus|ENSMUSG00000021180.8	0.957656612529002	S-SS	821-832
mmus|ENSMUSG00000021194.5	0.518398268398268	E-EE	236-245
mmus|ENSMUSG00000021217.7	0.143055555555556	S-SS	149-162
mmus|ENSMUSG00000021238.10	0.00936329588014981	A-AA	2-10
mmus|ENSMUSG00000021244.15	0.0984565014031805	S-SS	207-216
mmus|ENSMUSG00000021388.13	0.10752688172043	D-DD	36-46
mmus|ENSMUSG00000021495.8	0.0797940797940798	S-SS	55-71
mmus|ENSMUSG00000021536.7	0.0173674588665448	A-AA	16-24
mmus|ENSMUSG00000021596.16	0.17	S-SS	157-168
mmus|ENSMUSG00000021685.11	0.584876543209877	A-AA	187-194
mmus|ENSMUSG00000021715.12	0.452991452991453	E-EE	209-217
mmus|ENSMUSG00000021738.4	0.810623556581986	S-AS	696-710
mmus|ENSMUSG00000021738.4	0.810623556581986	S-SS	696-710
mmus|ENSMUSG00000021754.17	0.281836461126005	S-SS	417-426
mmus|ENSMUSG00000021765.7	0.945906432748538	E-EE	320-329
mmus|ENSMUSG00000021767.16	0.478621058257616	E-DE	885-908
mmus|ENSMUSG00000021767.16	0.478621058257616	E-EE	885-908
mmus|ENSMUSG00000021767.16	0.61892036344201	E-EE	1154-1164
mmus|ENSMUSG00000021767.16	0.625066809192945	E-EE	1166-1175
mmus|ENSMUSG00000021890.5	0.726591760299625	S-SS	188-202
mmus|ENSMUSG00000021892.14	0.0551948051948052	E-EE	22-31
mmus|ENSMUSG00000021910.15	0.402638190954774	E-EE	636-648
mmus|ENSMUSG00000021944.15	0.280045351473923	A-AA	118-131
mmus|ENSMUSG00000022041.10	0.772015655577299	E-EE	388-403
mmus|ENSMUSG00000022054.11	0.613931523022432	E-EE	511-531
mmus|ENSMUSG00000022055.7	0.906826568265683	E-EE	488-497
mmus|ENSMUSG00000022076.9	0.108	S-SS	74-90
mmus|ENSMUSG00000022139.16	0.69489247311828	A-AA	254-265
mmus|ENSMUSG00000022185.18	0.204188481675393	E-EE	269-279
mmus|ENSMUSG00000022185.18	0.43567688855647	S-SS	576-591
mmus|ENSMUSG00000022201.15	0.0358807082945014	A-AA	36-43
mmus|ENSMUSG00000022201.15	0.0927306616961789	A-AA	96-105
mmus|ENSMUSG00000022201.15	0.157968313140727	A-AA	166-175
mmus|ENSMUSG00000022201.15	0.274930102516309	A-AA	290-302
mmus|ENSMUSG00000022245.15	0.491173416407061	A-AA	469-479
mmus|ENSMUSG00000022245.15	0.53582554517134	A-AA	509-525
mmus|ENSMUSG00000022283.14	0.78503937007874	A-AA	495-504
mmus|ENSMUSG00000022314.9	0.850157728706625	E-EE	534-546
mmus|ENSMUSG00000022360.7	0.249816581071167	S-SS	337-346
mmus|ENSMUSG00000022391.15	0.645408163265306	E-DE	376-385
mmus|ENSMUSG00000022391.15	0.645408163265306	E-EE	376-385
mmus|ENSMUSG00000022391.15	0.668367346938776	E-EE	389-399
mmus|ENSMUSG00000022471.13	0.0238879736408567	E-EE	11-20
mmus|ENSMUSG00000022518.15	0.514423076923077	A-AA	582-597
mmus|ENSMUSG00000022537.17	0.894675925925926	S-SS	383-392
mmus|ENSMUSG00000022560.8	0.548997772828508	E-EE	244-251
mmus|ENSMUSG00000022568.16	0.396033653846154	E-EE	656-664
mmus|ENSMUSG00000022619.5	0.113992762364294	E-EE	88-103
mmus|ENSMUSG00000022619.5	0.574788902291918	E-EE	472-483
mmus|ENSMUSG00000022629.16	0.368641532016756	E-DE	611-623
mmus|ENSMUSG00000022629.16	0.368641532016756	E-EE	611-623
mmus|ENSMUSG00000022641.15	0.0491169977924945	E-EE	41-50
mmus|ENSMUSG00000022836.10	0.997178040020523	E-EE	1939-1950
mmus|ENSMUSG00000022843.16	0.00771775082690187	A-AA	2-14
mmus|ENSMUSG00000022913.14	0.0746527777777778	E-EE	19-26
mmus|ENSMUSG00000022914.15	0.585352006056018	S-SS	1543-1552
mmus|ENSMUSG00000022914.15	0.761355034065102	S-SS	2008-2017
mmus|ENSMUSG00000023034.6	0.145833333333333	S-SS	83-94
mmus|ENSMUSG00000023079.14	0.932910244786945	S-SS	1024-1036
mmus|ENSMUSG00000023191.9	0.946648426812586	E-EE	689-697
mmus|ENSMUSG00000023965.13	0.183571428571429	A-AA	126-133
mmus|ENSMUSG00000024002.16	0.35	S-SS	486-496
mmus|ENSMUSG00000024059.9	0.606685633001422	S-SS	423-432
mmus|ENSMUSG00000024073.14	0.343167383732842	A-AA	1669-1683
mmus|ENSMUSG00000024122.16	0.708781362007168	S-SS	392-401
mmus|ENSMUSG00000024212.8	0.68040293040293	S-SS	368-377
mmus|ENSMUSG00000024238.13	0.943548387096774	E-EE	1044-1064
mmus|ENSMUSG00000024319.17	0.00761772853185596	A-AA	2-11
mmus|ENSMUSG00000024335.19	0.622961104140527	E-EE	491-504
mmus|ENSMUSG00000024335.19	0.980552070263488	S-SS	772-793
mmus|ENSMUSG00000024427.6	0.341137123745819	S-SS	98-108
mmus|ENSMUSG00000024429.9	0.915016501650165	E-EE	552-559
mmus|ENSMUSG00000024457.16	0.727022058823529	E-EE	387-406
mmus|ENSMUSG00000024457.16	0.795955882352941	E-EE	427-441
mmus|ENSMUSG00000024493.8	0.104927782497876	E-EE	121-128
mmus|ENSMUSG00000024515.13	0.83	A-AA	450-465
mmus|ENSMUSG00000024590.8	0.947189097103918	E-EE	553-561
mmus|ENSMUSG00000024593.15	0.994328097731239	S-SS	1135-1146
mmus|ENSMUSG00000024597.10	0.0804979253112033	A-AA	88-108
mmus|ENSMUSG00000024642.16	0.52979274611399	A-AA	405-415
mmus|ENSMUSG00000024660.8	0.147428571428571	A-AA	123-137
mmus|ENSMUSG00000024695.15	0.112959719789842	A-AA	61-70
mmus|ENSMUSG00000024695.15	0.373905429071804	E-EE	211-218
mmus|ENSMUSG00000024749.8	0.101190476190476	E-EE	73-82
mmus|ENSMUSG00000024749.8	0.990740740740741	A-AA	746-754
mmus|ENSMUSG00000024851.13	0.252415458937198	S-SS	310-319
mmus|ENSMUSG00000024853.9	0.803306727480046	E-DE	699-712
mmus|ENSMUSG00000024853.9	0.803306727480046	E-EE	699-712
mmus|ENSMUSG00000024855.9	0.0703125	S-SS	64-73
mmus|ENSMUSG00000024921.17	0.95625	E-DE	1524-1538
mmus|ENSMUSG00000024921.17	0.95625	E-EE	1524-1538
mmus|ENSMUSG00000024960.8	0.454987834549878	E-DE	557-567
mmus|ENSMUSG00000024960.8	0.454987834549878	E-EE	557-567
mmus|ENSMUSG00000025050.7	0.265625	E-EE	86-103
mmus|ENSMUSG00000025189.8	0.00526315789473684	A-AA	2-10
mmus|ENSMUSG00000025229.15	0.81063122923588	A-AA	240-250
mmus|ENSMUSG00000025246.13	0.215779467680608	A-AA	108-121
mmus|ENSMUSG00000025246.13	0.215779467680608	A-AS	108-121
mmus|ENSMUSG00000025261.17	0.557116746630112	E-DE	2435-2444
mmus|ENSMUSG00000025261.17	0.557116746630112	E-EE	2435-2444
mmus|ENSMUSG00000025265.14	0.360271115745568	E-EE	340-353
mmus|ENSMUSG00000025323.9	0.157490396927017	S-SS	120-128
mmus|ENSMUSG00000025352.6	0.0816831683168317	A-AA	29-39
mmus|ENSMUSG00000025369.14	0.713283828382838	A-AA	861-870
mmus|ENSMUSG00000025407.6	0.493693693693694	S-SS	545-553
mmus|ENSMUSG00000025577.7	0.212355212355212	S-SS	102-120
mmus|ENSMUSG00000025658.16	0.853055286129971	E-EE	875-886
mmus|ENSMUSG00000025823.9	0.065625	E-DE	39-47
mmus|ENSMUSG00000025823.9	0.065625	E-EE	39-47
mmus|ENSMUSG00000026020.9	0.886915887850467	E-EE	469-482
mmus|ENSMUSG00000026083.12	0.441975308641975	E-DE	526-550
mmus|ENSMUSG00000026083.12	0.441975308641975	E-EE	526-550
mmus|ENSMUSG00000026116.11	0.00479744136460554	A-AA	5-15
mmus|ENSMUSG00000026173.15	0.557692307692308	E-EE	445-456
mmus|ENSMUSG00000026181.11	0.229490022172949	E-EE	99-110
mmus|ENSMUSG00000026259.14	0.308885754583921	E-EE	214-226
mmus|ENSMUSG00000026349.14	0.882963988919668	S-SS	634-643
mmus|ENSMUSG00000026816.14	0.945086705202312	E-DE	483-500
mmus|ENSMUSG00000026816.14	0.945086705202312	E-EE	483-500
mmus|ENSMUSG00000026821.15	0.828918322295806	S-SS	746-758
mmus|ENSMUSG00000026872.17	0.958664546899841	E-EE	1202-1212
mmus|ENSMUSG00000026918.16	0.982479784366577	S-SS	720-740
mmus|ENSMUSG00000026987.16	0.574222431668237	D-DD	1213-1226
mmus|ENSMUSG00000027014.14	0.4696802646086	E-DE	421-433
mmus|ENSMUSG00000027014.14	0.4696802646086	E-EE	421-433
mmus|ENSMUSG00000027014.14	0.741455347298787	S-SS	669-678
mmus|ENSMUSG00000027014.14	0.761300992282249	S-SS	687-696
mmus|ENSMUSG00000027014.14	0.776736493936053	S-SS	701-710
mmus|ENSMUSG00000027030.15	0.0459459459459459	A-AA	22-31
mmus|ENSMUSG00000027180.12	0.890396659707724	E-EE	421-434
mmus|ENSMUSG00000027296.7	0.100436681222707	A-AA	43-51
mmus|ENSMUSG00000027304.9	0.0217086834733894	A-AA	10-23
mmus|ENSMUSG00000027304.9	0.235994397759104	S-SS	161-178
mmus|ENSMUSG00000027475.9	0.534182305630027	E-EE	394-405
mmus|ENSMUSG00000027630.13	0.217348927875244	A-AA	108-117
mmus|ENSMUSG00000027630.13	0.217348927875244	A-AS	108-117
mmus|ENSMUSG00000027649.15	0.125444839857651	E-EE	68-75
mmus|ENSMUSG00000027676.11	0.938034188034188	S-SS	873-885
mmus|ENSMUSG00000027677.17	0.623529411764706	S-SS	474-482
mmus|ENSMUSG00000027677.17	0.641176470588235	S-SS	486-497
mmus|ENSMUSG00000027692.16	0.537895511405445	S-SS	726-738
mmus|ENSMUSG00000027763.13	0.674870466321243	A-AA	256-267
mmus|ENSMUSG00000027777.15	0.203933747412008	E-EE	95-104
mmus|ENSMUSG00000027799.12	0.626575809199319	S-SS	1835-1845
mmus|ENSMUSG00000027861.13	0.938848920863309	D-DD	384-401
mmus|ENSMUSG00000027861.13	0.988009592326139	D-DD	409-417
mmus|ENSMUSG00000027936.18	0.583212735166425	S-SS	399-409
mmus|ENSMUSG00000028049.15	0.967048710601719	A-AA	334-343
mmus|ENSMUSG00000028086.14	0.15867418899859	E-EE	107-120
mmus|ENSMUSG00000028134.11	0.599811676082863	A-AA	315-324
mmus|ENSMUSG00000028180.18	0.659574468085106	S-SS	213-223
mmus|ENSMUSG00000028248.15	0.633456334563346	S-SS	510-522
mmus|ENSMUSG00000028248.15	0.65559655596556	S-SS	525-543
mmus|ENSMUSG00000028284.13	0.015702479338843	S-SS	5-16
mmus|ENSMUSG00000028373.16	0.079940784603997	A-AA	103-115
mmus|ENSMUSG00000028496.17	0.300176056338028	S-SS	149-194
mmus|ENSMUSG00000028496.17	0.678697183098592	S-SS	381-392
mmus|ENSMUSG00000028514.15	0.400649598777226	S-SS	1045-1054
mmus|ENSMUSG00000028522.16	0.23963963963964	E-EE	128-140
mmus|ENSMUSG00000028580.15	0.504208754208754	A-AA	594-606
mmus|ENSMUSG00000028599.10	0.69661733615222	S-SS	326-335
mmus|ENSMUSG00000028600.15	0.985245901639344	E-EE	595-609
mmus|ENSMUSG00000028634.16	0.78014486578611	E-EE	1827-1837
mmus|ENSMUSG00000028707.15	0.773684210526316	A-AA	290-300
mmus|ENSMUSG00000028759.13	0.7875226039783	D-DE	432-441
mmus|ENSMUSG00000028760.16	0.0394662123793299	A-AA	64-77
mmus|ENSMUSG00000028834.13	0.939265536723164	E-EE	328-339
mmus|ENSMUSG00000028902.4	0.714	E-EE	354-362
mmus|ENSMUSG00000028943.18	0.91951566951567	E-EE	1285-1299
mmus|ENSMUSG00000028977.16	0.975014196479273	D-DD	1711-1725
mmus|ENSMUSG00000028977.16	0.975014196479273	D-DE	1711-1725
mmus|ENSMUSG00000029055.17	0.820333333333333	S-SS	1227-1236
mmus|ENSMUSG00000029062.14	0.378671775223499	E-EE	291-304
mmus|ENSMUSG00000029062.14	0.403575989782886	E-EE	309-325
mmus|ENSMUSG00000029104.15	0.83840974671369	E-EE	2611-2621
mmus|ENSMUSG00000029141.16	0.802826379542396	E-EE	590-605
mmus|ENSMUSG00000029156.11	0.0156739811912226	A-AA	2-10
mmus|ENSMUSG00000029190.19	0.146236559139785	S-SS	201-209
mmus|ENSMUSG00000029279.15	0.703141361256544	S-SS	656-689
mmus|ENSMUSG00000029290.12	0.86873920552677	E-EE	495-513
mmus|ENSMUSG00000029442.18	0.025808936825886	E-EE	23-46
mmus|ENSMUSG00000029442.18	0.0412172573189522	E-EE	50-59
mmus|ENSMUSG00000029442.18	0.0608628659476117	E-EE	76-84
mmus|ENSMUSG00000029442.18	0.0774268104776579	E-EE	89-114
mmus|ENSMUSG00000029474.7	0.612	D-DD	222-239
mmus|ENSMUSG00000029475.17	0.301605504587156	E-EE	390-401
mmus|ENSMUSG00000029505.17	0.141727092946605	E-EE	426-436
mmus|ENSMUSG00000029512.11	0.286458333333333	S-SS	297-310
mmus|ENSMUSG00000029521.7	0.111009174311927	S-SS	57-66
mmus|ENSMUSG00000029546.12	0.0879017013232514	A-AA	44-51
mmus|ENSMUSG00000029594.12	0.7465825446898	E-DE	705-717
mmus|ENSMUSG00000029594.12	0.7465825446898	E-EE	705-717
mmus|ENSMUSG00000029670.12	0.752380952380952	S-SS	308-326
mmus|ENSMUSG00000029683.7	0.24408014571949	E-EE	127-143
mmus|ENSMUSG00000029687.16	0.251677852348993	D-DD	183-194
mmus|ENSMUSG00000029687.16	0.251677852348993	D-DE	183-194
mmus|ENSMUSG00000029769.16	0.0602866779089376	E-EE	65-80
mmus|ENSMUSG00000029771.12	0.288306451612903	E-EE	140-148
mmus|ENSMUSG00000029922.15	0.0416666666666667	A-AA	16-26
mmus|ENSMUSG00000030020.13	0.625	E-EE	560-567
mmus|ENSMUSG00000030022.14	0.0471502590673575	S-SS	88-96
mmus|ENSMUSG00000030056.8	0.721830985915493	E-EE	201-211
mmus|ENSMUSG00000030232.17	0.0805168986083499	E-EE	37-46
mmus|ENSMUSG00000030249.15	0.617152103559871	E-EE	948-961
mmus|ENSMUSG00000030256.11	0.827628361858191	A-AA	335-344
mmus|ENSMUSG00000030269.14	0.793663060278207	S-SS	510-519
mmus|ENSMUSG00000030323.13	0.1875	E-EE	229-238
mmus|ENSMUSG00000030411.15	0.554054054054054	A-AA	304-313
mmus|ENSMUSG00000030411.15	0.810810810810811	A-AA	447-455
mmus|ENSMUSG00000030421.9	0.588345864661654	D-DD	309-319
mmus|ENSMUSG00000030510.11	0.91866028708134	E-EE	379-391
mmus|ENSMUSG00000030528.12	0.402679830747532	D-DD	567-577
mmus|ENSMUSG00000030546.14	0.604651162790698	E-EE	308-318
mmus|ENSMUSG00000030592.17	0.374751688518077	E-EE	1875-1900
mmus|ENSMUSG00000030592.17	0.407528804131903	E-EE	2048-2057
mmus|ENSMUSG00000030592.17	0.732419547079857	E-EE	3683-3693
mmus|ENSMUSG00000030655.15	0.186354935739677	S-SS	678-687
mmus|ENSMUSG00000030678.7	0.205284552845528	A-AA	96-108
mmus|ENSMUSG00000030982.18	0.0863636363636364	S-AS	81-92
mmus|ENSMUSG00000030982.18	0.0863636363636364	S-SS	81-92
mmus|ENSMUSG00000031016.8	0.0573643410852713	E-EE	34-42
mmus|ENSMUSG00000031060.16	0.127018299246502	E-EE	113-125
mmus|ENSMUSG00000031095.15	0.124871001031992	S-SS	118-126
mmus|ENSMUSG00000031095.15	0.201238390092879	S-SS	192-200
mmus|ENSMUSG00000031142.17	0.412506303580434	E-EE	811-827
mmus|ENSMUSG00000031216.13	0.333497053045187	E-EE	335-346
mmus|ENSMUSG00000031255.14	0.459077380952381	E-EE	306-313
mmus|ENSMUSG00000031284.16	0.342293906810036	E-DE	187-197
mmus|ENSMUSG00000031284.16	0.342293906810036	E-EE	187-197
mmus|ENSMUSG00000031386.14	0.263283867879368	A-AA	547-555
mmus|ENSMUSG00000031386.14	0.800861656294878	A-AA	1669-1679
mmus|ENSMUSG00000031529.4	0.0993176648976497	S-SS	126-138
mmus|ENSMUSG00000031540.13	0.535214785214785	E-EE	1066-1079
mmus|ENSMUSG00000031578.4	0.698305084745763	E-EE	202-212
mmus|ENSMUSG00000031592.9	0.30953557312253	E-EE	623-632
mmus|ENSMUSG00000031631.15	0.352564102564103	S-SS	188-199
mmus|ENSMUSG00000031642.8	0.474719101123595	A-AA	417-430
mmus|ENSMUSG00000031688.4	0.175609756097561	S-SS	69-77
mmus|ENSMUSG00000031706.6	0.9495841995842	E-EE	909-920
mmus|ENSMUSG00000031732.12	0.0638847858197932	S-SS	83-92
mmus|ENSMUSG00000031734.12	0.126679462571977	A-AA	61-73
mmus|ENSMUSG00000031734.12	0.418426103646833	E-EE	214-224
mmus|ENSMUSG00000031734.12	0.756238003838772	A-AA	391-399
mmus|ENSMUSG00000031737.10	0.150103519668737	A-AA	69-78
mmus|ENSMUSG00000031738.14	0.591324200913242	E-EE	253-267
mmus|ENSMUSG00000031786.6	0.0142857142857143	E-EE	9-18
mmus|ENSMUSG00000031789.16	0.294184290030211	E-EE	386-395
mmus|ENSMUSG00000031789.16	0.330438066465257	E-EE	415-462
mmus|ENSMUSG00000031789.16	0.384441087613293	E-EE	500-520
mmus|ENSMUSG00000031820.8	0.0466867469879518	E-EE	11-22
mmus|ENSMUSG00000031833.9	0.0839723926380368	S-SS	106-115
mmus|ENSMUSG00000031842.13	0.968613138686131	E-EE	659-670
mmus|ENSMUSG00000031858.15	0.0186084142394822	A-AA	2-23
mmus|ENSMUSG00000031996.16	0.298	E-EE	218-231
mmus|ENSMUSG00000031996.16	0.346666666666667	E-EE	256-266
mmus|ENSMUSG00000032024.10	0.780913978494624	S-SS	287-296
mmus|ENSMUSG00000032076.18	0.0359408033826638	A-AA	13-23
mmus|ENSMUSG00000032118.15	0.474424552429668	E-EE	182-191
mmus|ENSMUSG00000032187.16	0.412438118811881	E-EE	663-672
mmus|ENSMUSG00000032187.16	0.956992574257426	E-EE	1541-1554
mmus|ENSMUSG00000032217.12	0.267206477732794	S-SS	261-269
mmus|ENSMUSG00000032280.16	0.530690537084399	A-AA	412-420
mmus|ENSMUSG00000032307.16	0.388594164456233	E-DE	143-152
mmus|ENSMUSG00000032307.16	0.388594164456233	E-EE	143-152
mmus|ENSMUSG00000032413.12	0.00591016548463357	A-AA	2-10
mmus|ENSMUSG00000032452.12	0.943523316062176	E-EE	907-916
mmus|ENSMUSG00000032469.12	0.797814207650273	E-DE	434-444
mmus|ENSMUSG00000032469.12	0.797814207650273	E-EE	434-444
mmus|ENSMUSG00000032480.17	0.18126022913257	E-EE	217-228
mmus|ENSMUSG00000032481.16	0.79011786038078	A-AA	868-877
mmus|ENSMUSG00000032515.7	0.0360824742268041	S-SS	17-27
mmus|ENSMUSG00000032525.14	0.141184573002755	S-SS	198-214
mmus|ENSMUSG00000032589.14	0.267825425019031	E-EE	1052-1061
mmus|ENSMUSG00000032702.16	0.766372332597498	E-EE	1039-1046
mmus|ENSMUSG00000032733.5	0.201570680628272	D-DD	111-122
mmus|ENSMUSG00000032834.10	0.265795206971678	E-EE	240-250
mmus|ENSMUSG00000033039.9	0.491369390103567	E-EE	424-432
mmus|ENSMUSG00000033152.13	0.283222591362126	E-EE	157-186
mmus|ENSMUSG00000033257.14	0.794463087248322	S-SS	942-954
mmus|ENSMUSG00000033436.13	0.602809706257982	A-AA	469-477
mmus|ENSMUSG00000033502.14	0.901993355481728	S-SS	539-549
mmus|ENSMUSG00000033510.14	0.738918918918919	A-AA	679-690
mmus|ENSMUSG00000033565.16	0.892857142857143	A-AA	395-407
mmus|ENSMUSG00000033706.13	0.955421686746988	E-DE	392-403
mmus|ENSMUSG00000033706.13	0.955421686746988	E-EE	392-403
mmus|ENSMUSG00000033713.11	0.713815789473684	S-SS	322-331
mmus|ENSMUSG00000033760.16	0.658707865168539	A-AA	231-240
mmus|ENSMUSG00000033871.14	0.442176870748299	E-EE	445-467
mmus|ENSMUSG00000033871.14	0.795432458697765	E-EE	814-825
mmus|ENSMUSG00000033983.13	0.554195804195804	S-SS	313-323
mmus|ENSMUSG00000034037.14	0.482815598149372	S-SS	727-736
mmus|ENSMUSG00000034111.5	0.76	E-EE	241-255
mmus|ENSMUSG00000034154.15	0.945442875481386	A-AA	1468-1480
mmus|ENSMUSG00000034156.16	0.682113821138211	E-EE	1254-1265
mmus|ENSMUSG00000034156.16	0.720867208672087	E-EE	1325-1337
mmus|ENSMUSG00000034163.10	0.0374183827222501	S-SS	72-79
mmus|ENSMUSG00000034168.6	0.114987080103359	A-AA	85-95
mmus|ENSMUSG00000034168.6	0.178294573643411	A-AA	134-144
mmus|ENSMUSG00000034194.16	0.529774127310062	E-EE	254-264
mmus|ENSMUSG00000034201.13	0.830871491875923	S-SS	559-568
mmus|ENSMUSG00000034252.14	0.322056239015817	D-DD	364-371
mmus|ENSMUSG00000034295.9	0.255548509828789	E-EE	399-409
mmus|ENSMUSG00000034295.9	0.499365884590996	S-SS	784-793
mmus|ENSMUSG00000034297.14	0.709447004608295	S-SS	1536-1545
mmus|ENSMUSG00000034427.16	0.661444591029024	E-EE	2001-2012
mmus|ENSMUSG00000034452.7	0.808237378210806	E-EE	901-926
mmus|ENSMUSG00000034575.11	0.141581632653061	S-SS	106-118
mmus|ENSMUSG00000034575.11	0.169642857142857	S-SS	130-138
mmus|ENSMUSG00000034595.17	0.927631578947368	E-DE	560-570
mmus|ENSMUSG00000034621.14	0.557845744680851	E-EE	833-847
mmus|ENSMUSG00000034673.14	0.326340326340326	A-AA	137-145
mmus|ENSMUSG00000034675.17	0.478723404255319	S-SS	333-344
mmus|ENSMUSG00000034681.16	0.271381578947368	S-SS	79-88
mmus|ENSMUSG00000034681.16	0.324013157894737	S-SS	93-106
mmus|ENSMUSG00000034681.16	0.379934210526316	S-SS	108-125
mmus|ENSMUSG00000034701.9	0.195224719101124	E-DE	64-77
mmus|ENSMUSG00000034701.9	0.195224719101124	E-EE	64-77
mmus|ENSMUSG00000034751.15	0.507260221627818	S-SS	1324-1333
mmus|ENSMUSG00000034799.16	0.20028901734104	E-EE	336-359
mmus|ENSMUSG00000034863.7	0.52219074598678	E-EE	550-558
mmus|ENSMUSG00000035021.13	0.790540540540541	D-DE	1225-1234
mmus|ENSMUSG00000035024.15	0.131229235880399	E-EE	195-202
mmus|ENSMUSG00000035047.9	0.371448863636364	E-EE	256-269
mmus|ENSMUSG00000035049.3	0.81839258114374	E-DE	1055-1065
mmus|ENSMUSG00000035049.3	0.81839258114374	E-EE	1055-1065
mmus|ENSMUSG00000035093.16	0.909007352941177	E-EE	985-995
mmus|ENSMUSG00000035187.10	0.148351648351648	S-SS	49-61
mmus|ENSMUSG00000035187.10	0.342032967032967	S-SS	119-132
mmus|ENSMUSG00000035187.10	0.391483516483516	A-AA	136-151
mmus|ENSMUSG00000035248.8	0.577393075356415	E-EE	846-857
mmus|ENSMUSG00000035277.15	0.190053285968028	A-AA	100-116
mmus|ENSMUSG00000035277.15	0.261989342806394	A-AA	143-154
mmus|ENSMUSG00000035277.15	0.494671403197158	A-AA	274-285
mmus|ENSMUSG00000035277.15	0.773534635879218	A-AA	431-442
mmus|ENSMUSG00000035342.13	0.285820895522388	S-SS	188-197
mmus|ENSMUSG00000035456.8	0.860262008733624	A-AA	587-597
mmus|ENSMUSG00000035478.14	0.966549295774648	E-EE	268-283
mmus|ENSMUSG00000035539.13	0.44588093806374	E-EE	731-754
mmus|ENSMUSG00000035539.13	0.459410703547805	E-EE	757-773
mmus|ENSMUSG00000035580.10	0.649863760217984	E-DE	711-722
mmus|ENSMUSG00000035580.10	0.649863760217984	E-EE	711-722
mmus|ENSMUSG00000035621.13	0.428994082840237	A-AA	214-223
mmus|ENSMUSG00000035623.14	0.00590277777777778	A-AA	2-17
mmus|ENSMUSG00000035673.9	0.135014836795252	E-EE	177-189
mmus|ENSMUSG00000035835.14	0.625874125874126	E-EE	439-458
mmus|ENSMUSG00000035835.14	0.790909090909091	S-SS	562-571
mmus|ENSMUSG00000035851.14	0.319047619047619	E-EE	229-242
mmus|ENSMUSG00000035890.8	0.955128205128205	S-SS	293-305
mmus|ENSMUSG00000035934.15	0.94291754756871	E-EE	441-453
mmus|ENSMUSG00000036054.15	0.818011257035647	E-EE	868-878
mmus|ENSMUSG00000036225.14	0.0651162790697674	E-EE	52-62
mmus|ENSMUSG00000036225.14	0.0988372093023256	E-EE	81-91
mmus|ENSMUSG00000036242.14	0.806847545219638	E-EE	617-634
mmus|ENSMUSG00000036270.16	0.440925266903915	S-SS	609-632
mmus|ENSMUSG00000036281.13	0.399024024024024	S-SS	528-537
mmus|ENSMUSG00000036377.18	0.213178294573643	E-EE	271-281
mmus|ENSMUSG00000036412.5	0.927447552447552	E-EE	526-537
mmus|ENSMUSG00000036422.10	0.349391955098223	A-AA	371-378
mmus|ENSMUSG00000036442.7	0.633223684210526	A-AA	188-199
mmus|ENSMUSG00000036617.16	0.589929859719439	E-EE	1175-1182
mmus|ENSMUSG00000036745.15	0.609769484083425	S-SS	552-561
mmus|ENSMUSG00000036766.12	0.152853260869565	S-SS	109-118
mmus|ENSMUSG00000036882.7	0.544478527607362	S-SS	701-721
mmus|ENSMUSG00000036940.15	0.0143348623853211	A-AA	7-20
mmus|ENSMUSG00000036940.15	0.0143348623853211	A-AS	7-20
mmus|ENSMUSG00000036966.15	0.857142857142857	E-EE	371-387
mmus|ENSMUSG00000037032.15	0.23342736248237	E-EE	162-171
mmus|ENSMUSG00000037108.13	0.721780604133545	E-EE	451-459
mmus|ENSMUSG00000037138.16	0.341612377850163	S-SS	415-426
mmus|ENSMUSG00000037138.16	0.549267100977199	S-SS	671-680
mmus|ENSMUSG00000037210.16	0.79122691292876	E-EE	1195-1206
mmus|ENSMUSG00000037239.8	0.305896805896806	S-SS	121-130
mmus|ENSMUSG00000037243.17	0.372641509433962	E-EE	193-204
mmus|ENSMUSG00000037253.8	0.195084485407066	E-EE	123-133
mmus|ENSMUSG00000037369.16	0.00913562895291637	A-AA	9-19
mmus|ENSMUSG00000037415.5	0.686244204018547	S-SS	437-453
mmus|ENSMUSG00000037446.13	0.224169741697417	D-DE	118-127
mmus|ENSMUSG00000037446.13	0.45479704797048	E-EE	241-254
mmus|ENSMUSG00000037486.17	0.4590942293645	A-AA	622-637
mmus|ENSMUSG00000037487.6	0.631212012870933	A-AA	1762-1771
mmus|ENSMUSG00000037608.15	0.820806100217865	S-SS	750-759
mmus|ENSMUSG00000037808.12	0.457100591715976	S-SS	151-160
mmus|ENSMUSG00000037857.16	0.533145275035261	S-SS	373-385
mmus|ENSMUSG00000037896.17	0.0678496868475992	A-AA	27-40
mmus|ENSMUSG00000037896.17	0.107515657620042	A-AA	47-58
mmus|ENSMUSG00000037907.16	0.666187050359712	S-SS	459-469
mmus|ENSMUSG00000037922.13	0.726342710997442	E-EE	564-574
mmus|ENSMUSG00000037984.9	0.178571428571429	E-EE	54-68
mmus|ENSMUSG00000038203.18	0.115183246073298	A-AA	38-52
mmus|ENSMUSG00000038203.18	0.197643979057592	A-AA	72-81
mmus|ENSMUSG00000038203.18	0.31544502617801	A-AA	113-130
mmus|ENSMUSG00000038255.6	0.226439790575916	E-EE	83-92
mmus|ENSMUSG00000038331.15	0.618169398907104	S-SS	449-458
mmus|ENSMUSG00000038346.18	0.807890222984563	A-AA	467-477
mmus|ENSMUSG00000038354.13	0.286934673366834	E-EE	282-291
mmus|ENSMUSG00000038384.16	0.399697580645161	A-AA	790-798
mmus|ENSMUSG00000038384.16	0.523689516129032	S-SS	1033-1047
mmus|ENSMUSG00000038384.16	0.540574596774194	E-EE	1064-1083
mmus|ENSMUSG00000038384.16	0.590977822580645	S-SS	1168-1179
mmus|ENSMUSG00000038384.16	0.602822580645161	E-EE	1191-1203
mmus|ENSMUSG00000038402.2	0.11123595505618	S-SS	45-56
mmus|ENSMUSG00000038406.16	0.61195219123506	S-SS	763-775
mmus|ENSMUSG00000038406.16	0.776892430278884	E-EE	969-983
mmus|ENSMUSG00000038437.11	0.313176895306859	S-SS	340-356
mmus|ENSMUSG00000038437.11	0.957129963898917	A-AA	1056-1067
mmus|ENSMUSG00000038550.10	0.0227272727272727	S-SS	5-14
mmus|ENSMUSG00000038615.17	0.638326585695007	S-SS	462-486
mmus|ENSMUSG00000038705.13	0.11531190926276	A-AA	57-67
mmus|ENSMUSG00000038718.15	0.30715935334873	A-AA	130-138
mmus|ENSMUSG00000038733.13	0.121875	A-AA	74-84
mmus|ENSMUSG00000038745.15	0.706013363028953	E-EE	630-640
mmus|ENSMUSG00000038762.15	0.169258373205742	E-EE	139-146
mmus|ENSMUSG00000038807.18	0.901585204755614	S-SS	679-688
mmus|ENSMUSG00000038872.9	0.127619559376679	E-EE	461-491
mmus|ENSMUSG00000038872.9	0.208758731864589	A-AA	771-785
mmus|ENSMUSG00000038884.14	0.961937716262976	E-EE	274-284
mmus|ENSMUSG00000038895.15	0.318327974276527	S-SS	193-205
mmus|ENSMUSG00000038916.6	0.286546610169492	A-AA	268-275
mmus|ENSMUSG00000039041.15	0.509852216748768	S-SS	203-213
mmus|ENSMUSG00000039100.9	0.25715859030837	E-EE	230-239
mmus|ENSMUSG00000039153.16	0.259663865546219	A-AA	147-164
mmus|ENSMUSG00000039205.16	0.828791469194313	E-EE	696-705
mmus|ENSMUSG00000039218.16	0.925425610658771	S-SS	2486-2517
mmus|ENSMUSG00000039218.16	0.95540340488527	S-SS	2561-2604
mmus|ENSMUSG00000039219.17	0.214394516374714	E-EE	277-288
mmus|ENSMUSG00000039219.17	0.415079969535415	E-EE	539-553
mmus|ENSMUSG00000039219.17	0.975628332063976	S-SS	1277-1287
mmus|ENSMUSG00000039410.16	0.880392156862745	E-EE	1117-1130
mmus|ENSMUSG00000039477.16	0.576347305389222	E-EE	1533-1549
mmus|ENSMUSG00000039477.16	0.853293413173653	S-SS	2268-2294
mmus|ENSMUSG00000039477.16	0.878555389221557	S-SS	2325-2372
mmus|ENSMUSG00000039501.14	0.422431865828092	E-DE	802-812
mmus|ENSMUSG00000039501.14	0.422431865828092	E-EE	802-812
mmus|ENSMUSG00000039552.13	0.712587412587413	E-EE	506-515
mmus|ENSMUSG00000039552.13	0.796503496503496	E-EE	565-576
mmus|ENSMUSG00000039652.16	0.323776223776224	A-AA	226-239
mmus|ENSMUSG00000039713.16	0.729011194029851	E-EE	778-787
mmus|ENSMUSG00000039741.15	0.81226343679031	A-AA	2143-2151
mmus|ENSMUSG00000039741.15	0.891370174110522	S-SS	2349-2363
mmus|ENSMUSG00000039756.12	0.6889035667107	E-EE	517-528
mmus|ENSMUSG00000039849.5	0.961702127659574	S-SS	672-686
mmus|ENSMUSG00000039953.13	0.950920245398773	E-EE	925-937
mmus|ENSMUSG00000039994.15	0.55685618729097	E-EE	662-672
mmus|ENSMUSG00000040061.17	0.433050847457627	E-DE	506-518
mmus|ENSMUSG00000040061.17	0.433050847457627	E-EE	506-518
mmus|ENSMUSG00000040140.14	0.213448922211809	E-EE	452-461
mmus|ENSMUSG00000040148.5	0.184507042253521	A-AA	57-76
mmus|ENSMUSG00000040164.3	0.448588709677419	A-AA	219-228
mmus|ENSMUSG00000040287.9	0.192200557103064	E-EE	65-75
mmus|ENSMUSG00000040325.16	0.941098610191926	D-DD	1418-1428
mmus|ENSMUSG00000040365.14	0.105723370429253	E-EE	62-73
mmus|ENSMUSG00000040365.14	0.158982511923688	E-EE	97-105
mmus|ENSMUSG00000040462.12	0.636363636363636	E-EE	422-434
mmus|ENSMUSG00000040471.17	0.0544354838709677	E-EE	21-35
mmus|ENSMUSG00000040478.14	0.723107569721116	A-AA	538-553
mmus|ENSMUSG00000040548.16	0.0408163265306122	E-EE	43-51
mmus|ENSMUSG00000040648.14	0.0257856567284448	E-DE	29-37
mmus|ENSMUSG00000040648.14	0.0257856567284448	E-EE	29-37
mmus|ENSMUSG00000040661.6	0.0160300136425648	E-DE	18-31
mmus|ENSMUSG00000040661.6	0.0160300136425648	E-EE	18-31
mmus|ENSMUSG00000040712.16	0.247307373653687	S-SS	294-305
mmus|ENSMUSG00000040720.15	0.15241935483871	E-EE	278-291
mmus|ENSMUSG00000040721.9	0.666536509176103	E-EE	1702-1714
mmus|ENSMUSG00000040761.16	0.0779791323448655	S-SS	278-292
mmus|ENSMUSG00000040829.14	0.159183673469388	E-EE	113-123
mmus|ENSMUSG00000040857.15	0.666363636363636	S-SS	362-373
mmus|ENSMUSG00000040866.13	0.509193776520509	E-EE	355-367
mmus|ENSMUSG00000040866.13	0.790664780763791	E-EE	555-565
mmus|ENSMUSG00000040866.13	0.985855728429986	E-EE	692-704
mmus|ENSMUSG00000041014.17	0.0407303370786517	A-AA	26-34
mmus|ENSMUSG00000041014.17	0.361657303370786	S-SS	254-263
mmus|ENSMUSG00000041164.15	0.165941240478781	A-AA	147-160
mmus|ENSMUSG00000041187.16	0.274027459954233	S-SS	236-245
mmus|ENSMUSG00000041235.11	0.910887772194305	A-AA	2715-2725
mmus|ENSMUSG00000041261.9	0.0724137931034483	E-EE	15-29
mmus|ENSMUSG00000041297.7	0.0450331125827815	A-AA	62-76
mmus|ENSMUSG00000041303.7	0.114642451759364	E-EE	94-110
mmus|ENSMUSG00000041323.5	0.0685595567867036	E-EE	46-55
mmus|ENSMUSG00000041323.5	0.588642659279778	E-EE	420-432
mmus|ENSMUSG00000041323.5	0.691828254847645	E-EE	497-504
mmus|ENSMUSG00000041354.15	0.0604890604890605	E-EE	44-52
mmus|ENSMUSG00000041372.9	0.608121827411167	E-EE	595-605
mmus|ENSMUSG00000041375.18	0.710034013605442	E-EE	414-423
mmus|ENSMUSG00000041375.18	0.756802721088435	E-EE	439-453
mmus|ENSMUSG00000041482.16	0.229543039319872	E-EE	643-655
mmus|ENSMUSG00000041482.16	0.322174991144173	E-EE	903-918
mmus|ENSMUSG00000041506.14	0.142405063291139	E-DE	64-73
mmus|ENSMUSG00000041506.14	0.142405063291139	E-EE	64-73
mmus|ENSMUSG00000041624.9	0.0891632373113855	A-AA	60-72
mmus|ENSMUSG00000041642.18	0.359279609279609	E-EE	585-594
mmus|ENSMUSG00000041685.15	0.631806930693069	S-SS	507-516
mmus|ENSMUSG00000041688.16	0.807111111111111	A-AA	904-914
mmus|ENSMUSG00000041688.16	0.821333333333333	A-AA	919-931
mmus|ENSMUSG00000041688.16	0.892	A-AA	1000-1009
mmus|ENSMUSG00000041702.6	0.747121346324181	A-AA	839-850
mmus|ENSMUSG00000041703.7	0.422705314009662	A-AA	260-267
mmus|ENSMUSG00000041703.7	0.468599033816425	A-AA	288-296
mmus|ENSMUSG00000041703.7	0.504830917874396	A-AA	310-319
mmus|ENSMUSG00000041777.11	0.610244988864143	S-SS	261-289
mmus|ENSMUSG00000041852.14	0.127895266868077	S-SS	249-261
mmus|ENSMUSG00000041879.13	0.00481231953801732	A-AA	2-10
mmus|ENSMUSG00000041879.13	0.919634263715111	E-DE	952-961
mmus|ENSMUSG00000041879.13	0.919634263715111	E-EE	952-961
mmus|ENSMUSG00000042035.11	0.849958779884584	E-EE	1028-1036
mmus|ENSMUSG00000042133.16	0.264314247669774	S-SS	193-206
mmus|ENSMUSG00000042138.6	0.167562724014337	A-AA	91-98
mmus|ENSMUSG00000042165.8	0.509852216748768	S-SS	203-213
mmus|ENSMUSG00000042225.3	0.361516034985423	S-SS	121-129
mmus|ENSMUSG00000042308.14	0.201749271137026	S-SS	337-357
mmus|ENSMUSG00000042308.14	0.617784256559767	S-SS	1048-1073
mmus|ENSMUSG00000042308.14	0.801457725947522	E-EE	1369-1382
mmus|ENSMUSG00000042308.14	0.807871720116618	S-SS	1381-1392
mmus|ENSMUSG00000042423.8	0.691397849462366	A-AA	311-334
mmus|ENSMUSG00000042425.18	0.368302312464749	E-EE	650-658
mmus|ENSMUSG00000042489.15	0.485920852359209	E-EE	636-643
mmus|ENSMUSG00000042499.13	0.337313432835821	A-AA	106-122
mmus|ENSMUSG00000042535.8	0.0464767616191904	A-AA	28-36
mmus|ENSMUSG00000042558.16	0.0149051490514905	A-AA	2-11
mmus|ENSMUSG00000042599.8	0.0117145899893504	A-AA	4-20
mmus|ENSMUSG00000042604.5	0.0658499234303216	A-AA	38-50
mmus|ENSMUSG00000042604.5	0.197549770290965	E-EE	123-137
mmus|ENSMUSG00000042650.3	0.0964467005076142	A-AA	30-48
mmus|ENSMUSG00000042678.16	0.842307692307692	A-AA	2953-2962
mmus|ENSMUSG00000042700.15	0.809376754632229	S-SS	1438-1447
mmus|ENSMUSG00000042744.16	0.00271677609237039	A-AA	5-21
mmus|ENSMUSG00000042744.16	0.602218700475436	D-DD	2656-2666
mmus|ENSMUSG00000042744.16	0.745641838351823	S-SS	3290-3299
mmus|ENSMUSG00000042942.15	0.624738493723849	S-SS	1191-1200
mmus|ENSMUSG00000043059.16	0.0898148148148148	E-EE	45-54
mmus|ENSMUSG00000043241.14	0.837145110410095	E-DE	1054-1071
mmus|ENSMUSG00000043241.14	0.837145110410095	E-EE	1054-1071
mmus|ENSMUSG00000043252.8	0.152631578947368	A-AA	52-66
mmus|ENSMUSG00000043631.7	0.378923766816143	E-DE	247-262
mmus|ENSMUSG00000043631.7	0.378923766816143	E-EE	247-262
mmus|ENSMUSG00000043881.8	0.481857764876633	S-SS	327-339
mmus|ENSMUSG00000043909.16	0.071900406504065	E-EE	136-149
mmus|ENSMUSG00000043962.16	0.82	S-SS	774-786
mmus|ENSMUSG00000044086.8	0.284210526315789	E-EE	158-168
mmus|ENSMUSG00000044216.6	0.885135135135135	A-AA	390-398
mmus|ENSMUSG00000044220.13	0.760387811634349	A-AA	268-283
mmus|ENSMUSG00000044308.17	0.00237969328397673	A-AA	2-9
mmus|ENSMUSG00000044340.7	0.071767497034401	S-SS	117-127
mmus|ENSMUSG00000044352.6	0.0127970749542962	A-AA	2-14
mmus|ENSMUSG00000044365.15	0.212328767123288	A-AA	75-82
mmus|ENSMUSG00000044365.15	0.784931506849315	S-SS	284-291
mmus|ENSMUSG00000044646.14	0.254045307443366	E-EE	151-165
mmus|ENSMUSG00000044647.16	0.646812080536913	E-EE	378-395
mmus|ENSMUSG00000044933.2	0.853629976580796	E-EE	358-373
mmus|ENSMUSG00000044948.16	0.580011897679952	E-EE	971-981
mmus|ENSMUSG00000045179.9	0.544543429844098	A-AA	239-252
mmus|ENSMUSG00000045179.9	0.733853006681514	A-AA	327-334
mmus|ENSMUSG00000045179.9	0.76837416481069	A-AA	341-351
mmus|ENSMUSG00000045179.9	0.805122494432071	A-AA	357-368
mmus|ENSMUSG00000045215.16	0.461643213799365	A-AA	1013-1023
mmus|ENSMUSG00000045318.6	0.0196936542669584	A-AA	5-15
mmus|ENSMUSG00000045374.18	0.59467149508536	E-EE	1146-1155
mmus|ENSMUSG00000045515.3	0.219758064516129	A-AA	103-117
mmus|ENSMUSG00000045515.3	0.392137096774194	A-AA	188-203
mmus|ENSMUSG00000045624.15	0.32760663507109	E-DE	266-289
mmus|ENSMUSG00000045991.18	0.189484126984127	A-AA	93-100
mmus|ENSMUSG00000046173.2	0.786604361370717	A-AA	501-511
mmus|ENSMUSG00000046280.9	0.355397148676171	S-SS	167-184
mmus|ENSMUSG00000046541.9	0.356824925816024	E-EE	235-248
mmus|ENSMUSG00000046546.3	0.630023640661938	E-EE	263-272
mmus|ENSMUSG00000046658.16	0.0374015748031496	E-EE	30-48
mmus|ENSMUSG00000046658.16	0.137795275590551	E-EE	135-147
mmus|ENSMUSG00000046873.18	0.23443579766537	S-SS	111-132
mmus|ENSMUSG00000046922.6	0.0676795580110497	A-AA	21-30
mmus|ENSMUSG00000047013.15	0.0630733944954128	A-AA	51-61
mmus|ENSMUSG00000047021.14	0.921180931744312	E-EE	1692-1711
mmus|ENSMUSG00000047143.3	0.0622641509433962	A-AA	29-39
mmus|ENSMUSG00000047264.8	0.721052631578947	A-AA	403-421
mmus|ENSMUSG00000047417.17	0.475247524752475	S-SS	571-583
mmus|ENSMUSG00000047423.9	0.0185185185185185	A-AA	2-11
mmus|ENSMUSG00000047485.6	0.495334370139969	E-EE	315-324
mmus|ENSMUSG00000047810.8	0.0287162162162162	E-EE	39-48
mmus|ENSMUSG00000047907.11	0.0272108843537415	E-EE	23-35
mmus|ENSMUSG00000048047.3	0.283582089552239	D-DD	187-195
mmus|ENSMUSG00000048109.10	0.90582726326743	S-SS	867-876
mmus|ENSMUSG00000048249.14	0.581288343558282	E-EE	374-386
mmus|ENSMUSG00000048251.15	0.605889014722537	E-EE	532-540
mmus|ENSMUSG00000048349.9	0.555952380952381	A-AA	230-239
mmus|ENSMUSG00000048485.12	0.334302325581395	A-AA	165-182
mmus|ENSMUSG00000048537.15	0.723411602209945	S-SS	1044-1053
mmus|ENSMUSG00000048562.6	0.151546391752577	A-AA	68-81
mmus|ENSMUSG00000048562.6	0.225773195876289	A-AA	105-116
mmus|ENSMUSG00000048578.11	0.801724137931034	E-EE	227-240
mmus|ENSMUSG00000048707.9	0.871657754010695	E-EE	647-659
mmus|ENSMUSG00000048732.5	0.0112994350282486	A-AA	2-16
mmus|ENSMUSG00000049106.6	0.595238095238095	S-SS	559-568
mmus|ENSMUSG00000049133.6	0.0488222698072805	E-EE	110-120
mmus|ENSMUSG00000049191.12	0.711538461538462	E-EE	419-434
mmus|ENSMUSG00000049470.13	0.734253666954271	S-SS	847-857
mmus|ENSMUSG00000049532.10	0.258225324027916	S-SS	256-264
mmus|ENSMUSG00000049532.10	0.761216350947159	E-EE	757-772
mmus|ENSMUSG00000049553.11	0.84032634032634	E-EE	1435-1451
mmus|ENSMUSG00000049807.16	0.5	A-AA	740-749
mmus|ENSMUSG00000049939.6	0.890168970814132	A-AA	576-585
mmus|ENSMUSG00000049969.3	0.975806451612903	D-DD	237-249
mmus|ENSMUSG00000050295.3	0.485507246376812	S-SS	264-274
mmus|ENSMUSG00000050295.3	0.886775362318841	A-AA	486-495
mmus|ENSMUSG00000050315.13	0.326035031847134	E-EE	406-415
mmus|ENSMUSG00000050332.7	0.350132625994695	E-EE	382-412
mmus|ENSMUSG00000050382.14	0.465850037119525	E-EE	621-636
mmus|ENSMUSG00000050812.18	0.106307775965198	S-AS	192-201
mmus|ENSMUSG00000051177.16	0.423456790123457	D-DD	512-519
mmus|ENSMUSG00000051177.16	0.423456790123457	D-DE	512-519
mmus|ENSMUSG00000051537.9	0.337662337662338	S-SS	231-239
mmus|ENSMUSG00000051537.9	0.678932178932179	S-SS	467-476
mmus|ENSMUSG00000051586.15	0.472138554216867	E-EE	937-946
mmus|ENSMUSG00000051586.15	0.502259036144578	E-EE	988-1015
mmus|ENSMUSG00000051747.14	0.995612291264342	S-SS	35054-35063
mmus|ENSMUSG00000052144.8	0.729567307692308	E-EE	297-312
mmus|ENSMUSG00000052253.5	0.423157894736842	E-EE	198-206
mmus|ENSMUSG00000052293.14	0.965779467680608	D-DD	248-262
mmus|ENSMUSG00000052296.7	0.787134502923977	E-EE	669-679
mmus|ENSMUSG00000052488.6	0.812700106723586	S-SS	758-767
mmus|ENSMUSG00000052512.16	0.254833401892225	S-SS	616-625
mmus|ENSMUSG00000052525.14	0.79126213592233	S-SS	242-249
mmus|ENSMUSG00000052534.15	0.303030303030303	A-AA	127-135
mmus|ENSMUSG00000052609.8	0.399253731343284	E-EE	531-541
mmus|ENSMUSG00000052609.8	0.428731343283582	E-EE	572-579
mmus|ENSMUSG00000052609.8	0.521641791044776	E-EE	696-704
mmus|ENSMUSG00000053080.10	0.284342688330872	E-EE	188-199
mmus|ENSMUSG00000053253.16	0.590504451038576	A-AA	194-206
mmus|ENSMUSG00000053465.5	0.218550106609808	E-EE	99-108
mmus|ENSMUSG00000053510.12	0.117671009771987	E-EE	140-151
mmus|ENSMUSG00000053510.12	0.128257328990228	D-DD	152-165
mmus|ENSMUSG00000053510.12	0.154315960912052	D-DD	185-196
mmus|ENSMUSG00000053617.11	0.626447016918967	S-SS	700-709
mmus|ENSMUSG00000053754.13	0.808407593955831	S-SS	2080-2095
mmus|ENSMUSG00000053930.13	0.16412213740458	A-AA	81-93
mmus|ENSMUSG00000054051.6	0.259121621621622	E-DE	380-389
mmus|ENSMUSG00000054051.6	0.259121621621622	E-EE	380-389
mmus|ENSMUSG00000054074.9	0.254955947136564	A-AA	224-241
mmus|ENSMUSG00000054074.9	0.335352422907489	A-AA	296-315
mmus|ENSMUSG00000054074.9	0.456497797356828	E-EE	407-424
mmus|ENSMUSG00000054160.2	0.23371104815864	A-AA	76-91
mmus|ENSMUSG00000054199.16	0.683764495985727	E-EE	1529-1539
mmus|ENSMUSG00000054256.11	0.765927977839335	A-AA	274-281
mmus|ENSMUSG00000054611.16	0.740948275862069	E-EE	856-865
mmus|ENSMUSG00000054667.7	0.0181069958847737	A-AA	17-29
mmus|ENSMUSG00000054667.7	0.105761316872428	A-AA	125-134
mmus|ENSMUSG00000054667.7	0.182716049382716	A-AA	219-227
mmus|ENSMUSG00000054716.4	0.0379746835443038	E-EE	8-18
mmus|ENSMUSG00000054728.16	0.720679012345679	E-DE	464-472
mmus|ENSMUSG00000054728.16	0.720679012345679	E-EE	464-472
mmus|ENSMUSG00000055204.14	0.804765564950038	S-SS	2091-2099
mmus|ENSMUSG00000055296.14	0.363481228668942	S-SS	314-327
mmus|ENSMUSG00000055491.13	0.868996960486322	S-SS	1425-1436
mmus|ENSMUSG00000055491.13	0.896048632218845	S-SS	1467-1483
mmus|ENSMUSG00000055540.15	0.0522586359610275	E-EE	55-65
mmus|ENSMUSG00000055612.15	0.545931758530184	E-EE	204-214
mmus|ENSMUSG00000055629.4	0.402226524685382	E-EE	412-421
mmus|ENSMUSG00000055639.16	0.187333333333333	S-SS	127-156
mmus|ENSMUSG00000055639.16	0.430666666666667	A-AA	318-330
mmus|ENSMUSG00000055733.6	0.111418047882136	S-SS	43-80
mmus|ENSMUSG00000056342.16	0.180921966120522	E-DE	642-663
mmus|ENSMUSG00000056342.16	0.180921966120522	E-EE	642-663
mmus|ENSMUSG00000056342.16	0.708136628714246	E-DE	2546-2556
mmus|ENSMUSG00000056342.16	0.708136628714246	E-EE	2546-2556
mmus|ENSMUSG00000056493.9	0.0424791086350975	A-AA	27-36
mmus|ENSMUSG00000056537.11	0.756260434056761	S-SS	447-461
mmus|ENSMUSG00000056608.13	0.751386962552011	S-SS	2140-2196
mmus|ENSMUSG00000056608.13	0.995145631067961	S-AS	2866-2876
mmus|ENSMUSG00000056608.13	0.995145631067961	S-SS	2866-2876
mmus|ENSMUSG00000056912.11	0.307692307692308	E-EE	141-149
mmus|ENSMUSG00000056952.13	0.103580562659847	S-SS	76-88
mmus|ENSMUSG00000056962.11	0.866915422885572	S-SS	340-359
mmus|ENSMUSG00000057058.16	0.639830508474576	E-EE	220-235
mmus|ENSMUSG00000057113.13	0.596219931271478	D-DD	168-181
mmus|ENSMUSG00000057156.10	0.965183752417795	E-EE	495-505
mmus|ENSMUSG00000057378.15	0.395641497851443	E-EE	1931-1938
mmus|ENSMUSG00000057421.12	0.73741935483871	E-EE	556-589
mmus|ENSMUSG00000057541.14	0.120300751879699	E-EE	77-85
mmus|ENSMUSG00000057637.13	0.161592505854801	E-EE	267-287
mmus|ENSMUSG00000057637.13	0.61768149882904	S-SS	1045-1067
mmus|ENSMUSG00000057706.7	0.705217391304348	S-SS	399-414
mmus|ENSMUSG00000057706.7	0.879130434782609	S-SS	498-515
mmus|ENSMUSG00000058886.8	0.0398230088495575	A-AA	14-33
mmus|ENSMUSG00000059119.9	0.91038961038961	E-EE	347-356
mmus|ENSMUSG00000059323.13	0.346916299559471	E-EE	466-481
mmus|ENSMUSG00000059981.11	0.316787732041969	E-EE	384-403
mmus|ENSMUSG00000059981.11	0.732849071832123	E-EE	905-913
mmus|ENSMUSG00000060275.11	0.0525700934579439	S-SS	34-58
mmus|ENSMUSG00000060969.8	0.0678496868475992	A-AA	29-38
mmus|ENSMUSG00000061028.7	0.516491754122939	A-AA	339-352
mmus|ENSMUSG00000061028.7	0.584707646176912	S-SS	386-396
mmus|ENSMUSG00000061136.13	0.297794117647059	A-AA	276-293
mmus|ENSMUSG00000061175.11	0.0853122251539138	S-SS	91-105
mmus|ENSMUSG00000061175.11	0.25065963060686	S-SS	281-291
mmus|ENSMUSG00000061374.14	0.38877755511022	A-AA	191-199
mmus|ENSMUSG00000061410.6	0.446073298429319	S-SS	422-432
mmus|ENSMUSG00000061411.12	0.601769911504425	D-DD	405-413
mmus|ENSMUSG00000061462.15	0.857240692317271	S-SS	6881-6890
mmus|ENSMUSG00000061517.8	0.510909090909091	A-AA	137-146
mmus|ENSMUSG00000061517.8	0.578181818181818	A-AA	154-166
mmus|ENSMUSG00000061517.8	0.772727272727273	A-AA	208-219
mmus|ENSMUSG00000061524.8	0.053030303030303	A-AA	25-33
mmus|ENSMUSG00000061524.8	0.174242424242424	A-AA	89-97
mmus|ENSMUSG00000061524.8	0.87594696969697	A-AA	455-472
mmus|ENSMUSG00000061601.15	0.33816854154332	E-EE	1710-1719
mmus|ENSMUSG00000061755.10	0.964533157373804	E-EE	2918-2931
mmus|ENSMUSG00000061911.14	0.139123102866779	E-EE	160-172
mmus|ENSMUSG00000062157.6	0.922284644194757	E-EE	484-503
mmus|ENSMUSG00000062296.8	0.388925950633756	E-DE	1163-1171
mmus|ENSMUSG00000062296.8	0.388925950633756	E-EE	1163-1171
mmus|ENSMUSG00000063077.14	0.402203856749311	E-EE	726-736
mmus|ENSMUSG00000063142.13	0.0395799676898223	S-SS	40-60
mmus|ENSMUSG00000063146.11	0.306405353728489	S-SS	317-326
mmus|ENSMUSG00000063632.6	0.487309644670051	D-DD	188-198
mmus|ENSMUSG00000063632.6	0.765228426395939	S-SS	297-308
mmus|ENSMUSG00000063663.11	0.471913236929922	S-SS	845-854
mmus|ENSMUSG00000063663.11	0.808676307007786	S-SS	1451-1459
mmus|ENSMUSG00000063696.6	0.879746835443038	A-AA	274-284
mmus|ENSMUSG00000063696.6	0.919303797468354	A-AA	287-296
mmus|ENSMUSG00000063810.6	0.00553846153846154	E-EE	11-27
mmus|ENSMUSG00000063870.12	0.118948464341489	A-AA	224-235
mmus|ENSMUSG00000063919.10	0.877265238879736	S-SS	519-548
mmus|ENSMUSG00000063952.15	0.350374064837905	E-EE	418-427
mmus|ENSMUSG00000064080.12	0.225819672131148	E-EE	272-281
mmus|ENSMUSG00000064127.13	0.0305212620027435	A-AA	40-51
mmus|ENSMUSG00000064145.12	0.04989816700611	E-EE	22-29
mmus|ENSMUSG00000066036.14	0.526935701872948	D-DD	2725-2735
mmus|ENSMUSG00000066151.11	0.768724279835391	E-EE	929-941
mmus|ENSMUSG00000066151.11	0.992592592592593	D-DD	1203-1211
mmus|ENSMUSG00000066894.14	0.86983842010772	E-EE	479-492
mmus|ENSMUSG00000067261.4	0.604700854700855	A-AA	279-289
mmus|ENSMUSG00000067261.4	0.97542735042735	A-AA	451-464
mmus|ENSMUSG00000067274.10	0.879746835443038	A-AA	274-284
mmus|ENSMUSG00000067274.10	0.919303797468354	A-AA	287-296
mmus|ENSMUSG00000067860.11	0.106451612903226	A-AA	46-55
mmus|ENSMUSG00000068267.5	0.702341137123746	E-EE	404-438
mmus|ENSMUSG00000068270.15	0.76797829036635	E-EE	1128-1138
mmus|ENSMUSG00000068696.6	0.941253263707572	A-AA	357-366
mmus|ENSMUSG00000068748.7	0.619428818693206	D-DD	1428-1437
mmus|ENSMUSG00000068859.5	0.239130434782609	A-AA	113-120
mmus|ENSMUSG00000068859.5	0.570393374741201	A-AA	272-281
mmus|ENSMUSG00000068859.5	0.954451345755694	A-AA	452-472
mmus|ENSMUSG00000069378.13	0.170588235294118	A-AA	98-107
mmus|ENSMUSG00000069378.13	0.170588235294118	A-AS	98-107
mmus|ENSMUSG00000069729.13	0.128845296477931	A-AA	278-302
mmus|ENSMUSG00000069729.13	0.128845296477931	A-AS	278-302
mmus|ENSMUSG00000069729.13	0.775969683459652	E-EE	1735-1748
mmus|ENSMUSG00000070471.3	0.0793539325842697	E-EE	52-63
mmus|ENSMUSG00000070697.4	0.327991452991453	E-EE	149-160
mmus|ENSMUSG00000070733.13	0.571024617431803	S-SS	1713-1722
mmus|ENSMUSG00000070780.11	0.83955857385399	A-AA	489-502
mmus|ENSMUSG00000070808.3	0.814204185161699	S-SS	1276-1294
mmus|ENSMUSG00000070866.4	0.919933277731443	A-AA	1098-1110
mmus|ENSMUSG00000071477.10	0.568438914027149	E-EE	497-510
mmus|ENSMUSG00000072294.4	0.286783042394015	S-SS	111-121
mmus|ENSMUSG00000072720.9	0.978686635944701	S-SS	2544-2555
mmus|ENSMUSG00000072770.9	0.410018552875696	E-EE	216-228
mmus|ENSMUSG00000074224.3	0.768422753716871	E-EE	2370-2387
mmus|ENSMUSG00000074224.3	0.801228183581125	E-EE	2471-2489
mmus|ENSMUSG00000074224.3	0.820297349709114	E-EE	2535-2543
mmus|ENSMUSG00000074405.7	0.0964995269631031	S-SS	93-113
mmus|ENSMUSG00000074480.4	0.788053949903661	S-SS	406-414
mmus|ENSMUSG00000075254.11	0.36751497005988	S-SS	486-498
mmus|ENSMUSG00000075304.2	0.575566750629723	A-AA	224-235
mmus|ENSMUSG00000075318.12	0.231172069825436	A-AA	460-469
mmus|ENSMUSG00000075318.12	0.231172069825436	A-AS	460-469
mmus|ENSMUSG00000075595.9	0.254530477759473	E-EE	151-160
mmus|ENSMUSG00000075600.2	0.403055848261328	S-SS	379-388
mmus|ENSMUSG00000076431.4	0.806378132118451	S-SS	347-363
mmus|ENSMUSG00000078794.4	0.119047619047619	A-AA	69-78
mmus|ENSMUSG00000078796.3	0.989720998531571	E-EE	1345-1353
mmus|ENSMUSG00000078941.9	0.965779467680608	D-DD	248-262
mmus|ENSMUSG00000079247.2	0.519903498190591	E-DE	422-442
mmus|ENSMUSG00000079247.2	0.519903498190591	E-EE	422-442
mmus|ENSMUSG00000079247.2	0.818455971049457	S-SS	675-684
mmus|ENSMUSG00000079247.2	0.840168878166466	S-SS	693-702
mmus|ENSMUSG00000079247.2	0.857056694813028	S-SS	707-716
mmus|ENSMUSG00000079259.2	0.0351288056206089	S-SS	26-36
mmus|ENSMUSG00000079466.2	0.960164835164835	A-AA	344-357
mmus|ENSMUSG00000079509.10	0.414160401002506	A-AA	328-335
mmus|ENSMUSG00000084883.1	0.022673031026253	A-AA	6-15
mmus|ENSMUSG00000085795.7	0.312816188870152	S-SS	182-191
mmus|ENSMUSG00000085795.7	0.865092748735245	A-AA	510-518
mmus|ENSMUSG00000085925.2	0.229776247848537	E-EE	396-407
mmus|ENSMUSG00000090066.2	0.14733893557423	S-SS	260-268
mmus|ENSMUSG00000090125.3	0.0669642857142857	A-AA	27-35
mmus|ENSMUSG00000091002.2	0.413412563667233	A-AA	240-249
mmus|ENSMUSG00000091243.1	0.21141975308642	E-EE	63-76
mmus|ENSMUSG00000091415.4	0.267450404114622	E-EE	358-372
mmus|ENSMUSG00000091519.1	0.263157894736842	A-AA	261-271
mmus|ENSMUSG00000092060.4	0.6	E-EE	321-329
mmus|ENSMUSG00000094125.1	0.519903498190591	E-DE	422-442
mmus|ENSMUSG00000094125.1	0.519903498190591	E-EE	422-442
mmus|ENSMUSG00000094125.1	0.818455971049457	S-SS	675-684
mmus|ENSMUSG00000094125.1	0.840168878166466	S-SS	693-702
mmus|ENSMUSG00000094125.1	0.857056694813028	S-SS	707-716
mmus|ENSMUSG00000094336.1	0.519903498190591	E-DE	422-442
mmus|ENSMUSG00000094336.1	0.519903498190591	E-EE	422-442
mmus|ENSMUSG00000094336.1	0.818455971049457	S-SS	675-684
mmus|ENSMUSG00000094336.1	0.840168878166466	S-SS	693-702
mmus|ENSMUSG00000094336.1	0.857056694813028	S-SS	707-716
mmus|ENSMUSG00000094936.7	0.801388888888889	A-AA	283-296
mmus|ENSMUSG00000095407.1	0.363993710691824	A-AA	227-238
mmus|ENSMUSG00000095824.1	0.519903498190591	E-DE	422-442
mmus|ENSMUSG00000095824.1	0.519903498190591	E-EE	422-442
mmus|ENSMUSG00000095824.1	0.818455971049457	S-SS	675-684
mmus|ENSMUSG00000095824.1	0.840168878166466	S-SS	693-702
mmus|ENSMUSG00000095824.1	0.857056694813028	S-SS	707-716
mmus|ENSMUSG00000096014.1	0.511538461538461	A-AA	197-204
mmus|ENSMUSG00000096014.1	0.729487179487179	A-AA	280-291
mmus|ENSMUSG00000096014.1	0.769230769230769	A-AA	296-306
mmus|ENSMUSG00000096014.1	0.921794871794872	A-AA	357-364
mmus|ENSMUSG00000096337.1	0.519903498190591	E-DE	422-442
mmus|ENSMUSG00000096337.1	0.519903498190591	E-EE	422-442
mmus|ENSMUSG00000096337.1	0.818455971049457	S-SS	675-684
mmus|ENSMUSG00000096337.1	0.840168878166466	S-SS	693-702
mmus|ENSMUSG00000096337.1	0.857056694813028	S-SS	707-716
mmus|ENSMUSG00000096370.8	0.849789915966387	A-AA	399-412
mmus|ENSMUSG00000096484.1	0.519903498190591	E-DE	422-442
mmus|ENSMUSG00000096484.1	0.519903498190591	E-EE	422-442
mmus|ENSMUSG00000096484.1	0.818455971049457	S-SS	675-684
mmus|ENSMUSG00000096484.1	0.840168878166466	S-SS	693-702
mmus|ENSMUSG00000096484.1	0.857056694813028	S-SS	707-716
mmus|ENSMUSG00000096729.1	0.519903498190591	E-DE	422-442
mmus|ENSMUSG00000096729.1	0.519903498190591	E-EE	422-442
mmus|ENSMUSG00000096729.1	0.818455971049457	S-SS	675-684
mmus|ENSMUSG00000096729.1	0.840168878166466	S-SS	693-702
mmus|ENSMUSG00000096729.1	0.857056694813028	S-SS	707-716
mmus|ENSMUSG00000098188.1	0.950097847358121	E-EE	481-492
mmus|ENSMUSG00000102422.1	0.310931899641577	E-EE	170-179
mmus|ENSMUSG00000107478.1	0.332623509369676	S-SS	387-396
mmus|ENSMUSG00000107478.1	0.47572402044293	S-SS	555-564
mmus|ENSMUSG00000108585.1	0.495926680244399	A-AA	240-249
mmus|ENSMUSG00000108585.1	0.786150712830957	A-AA	383-391
mmus|ENSMUSG00000108815.1	0.440699658703072	S-SS	505-530
mmus|ENSMUSG00000108815.1	0.709470989761092	E-EE	826-839
mmus|ENSMUSG00000108815.1	0.718856655290102	S-SS	838-849
mthe|O27717	0.938805970149254	E-EE	306-325
mtub|P9WIC9	0.961693548387097	A-AA	235-244
ncra|NCU00066	0.469276511397423	D-DD	470-479
ncra|NCU00066	0.469276511397423	D-DE	470-479
ncra|NCU00164	0.443629697525206	E-EE	479-491
ncra|NCU00366	0.982311320754717	E-DE	413-422
ncra|NCU00366	0.982311320754717	E-EE	413-422
ncra|NCU00681	0.925486875529212	D-DE	1090-1098
ncra|NCU00692	0.897368421052632	E-EE	508-517
ncra|NCU00824	0.756468797564688	A-AA	494-502
ncra|NCU00824	0.918569254185693	A-AA	600-609
ncra|NCU01022	0.139333333333333	E-DE	101-110
ncra|NCU01022	0.139333333333333	E-EE	101-110
ncra|NCU01290	0.84446764091858	A-AA	400-411
ncra|NCU01438	0.373152709359606	E-EE	148-157
ncra|NCU01638	0.822941176470588	D-DD	1395-1405
ncra|NCU01665	0.137931034482759	A-AA	69-77
ncra|NCU01809	0.523782559456399	A-AA	459-468
ncra|NCU01939	0.991873804971319	A-AA	1034-1043
ncra|NCU01965	0.0499084249084249	A-AA	51-60
ncra|NCU02066	0.989226869455006	E-EE	776-787
ncra|NCU02256	0.84531059683313	E-DE	691-699
ncra|NCU02256	0.84531059683313	E-EE	691-699
ncra|NCU02354	0.225726141078838	E-DE	265-281
ncra|NCU02406	0.346949891067538	D-DD	313-326
ncra|NCU02406	0.346949891067538	D-DE	313-326
ncra|NCU02685	0.997961956521739	E-DE	2200-2209
ncra|NCU02685	0.997961956521739	E-EE	2200-2209
ncra|NCU02704	0.525846702317291	A-AA	290-302
ncra|NCU02717	0.813400576368876	E-EE	559-572
ncra|NCU02754	0.860915492957746	E-EE	240-251
ncra|NCU02777	0.869123931623932	S-SS	809-820
ncra|NCU03207	0.88755980861244	E-EE	362-382
ncra|NCU03219	0.980181200453001	D-DD	862-871
ncra|NCU03246	0.61791730474732	A-AA	400-409
ncra|NCU03357	0.0567665758401453	A-AS	58-69
ncra|NCU03396	0.932046979865772	E-EE	552-561
ncra|NCU03855	0.528951486697966	A-AA	335-343
ncra|NCU04041	0.525497512437811	E-EE	416-431
ncra|NCU04054	0.975336322869955	E-EE	432-440
ncra|NCU04150	0.691950464396285	E-EE	217-232
ncra|NCU04150	0.835913312693498	D-DE	266-276
ncra|NCU04201	0.96731123388582	D-DD	1047-1056
ncra|NCU04259	0.133093525179856	S-AS	87-100
ncra|NCU04348	0.581967213114754	E-EE	670-681
ncra|NCU05267	0.392888498683055	A-AS	444-453
ncra|NCU05452	0.690286624203822	E-DE	430-439
ncra|NCU05452	0.690286624203822	E-EE	430-439
ncra|NCU05485	0.20933734939759	E-EE	66-75
ncra|NCU05902	0.0729013254786451	E-EE	95-105
ncra|NCU06216	0.973037272006344	E-EE	1224-1232
ncra|NCU06245	0.248942172073343	S-SS	173-182
ncra|NCU06270	0.503472222222222	S-SS	284-298
ncra|NCU06307	0.340909090909091	A-AA	138-149
ncra|NCU06489	0.127568493150685	D-DD	68-83
ncra|NCU06489	0.127568493150685	D-DE	68-83
ncra|NCU06544	0.590271691498685	A-AA	670-679
ncra|NCU06544	0.590271691498685	A-AS	670-679
ncra|NCU06569	0.963930348258706	E-DE	768-784
ncra|NCU06569	0.963930348258706	E-EE	768-784
ncra|NCU06921	0.300738007380074	E-EE	160-168
ncra|NCU06929	0.0612535612535613	E-DE	60-71
ncra|NCU06929	0.0612535612535613	E-EE	60-71
ncra|NCU06929	0.10303893637227	E-DE	102-117
ncra|NCU06929	0.10303893637227	E-EE	102-117
ncra|NCU06971	0.152173913043478	A-AA	140-149
ncra|NCU07172	0.963129496402878	A-AA	531-542
ncra|NCU07308	0.0636070853462158	A-AA	114-125
ncra|NCU07659	0.482494529540481	A-AA	217-226
ncra|NCU07711	0.725126475548061	E-EE	426-436
ncra|NCU07992	0.712121212121212	E-EE	396-405
ncra|NCU08009	0.740190880169671	D-DE	694-704
ncra|NCU08009	0.903499469777306	E-DE	845-861
ncra|NCU08009	0.903499469777306	E-EE	845-861
ncra|NCU08503	0.110262008733624	S-AS	47-56
ncra|NCU08730	0.852229299363057	E-DE	665-675
ncra|NCU08730	0.852229299363057	E-EE	665-675
ncra|NCU08767	0.862546125461255	E-DE	464-473
ncra|NCU08767	0.862546125461255	E-EE	464-473
ncra|NCU08875	0.268745360059391	E-EE	358-368
ncra|NCU09063	0.797756215888417	E-EE	1309-1324
ncra|NCU09711	0.489037758830694	E-EE	398-407
ncra|NCU09830	0.00747863247863248	S-SS	7-16
ncra|NCU09866	0.159237246161466	D-DD	318-327
ncra|NCU10733	0.975935828877005	A-AS	1272-1285
nfow|NF0002580	0.0199568500539374	E-EE	15-24
nfow|NF0002580	0.0620280474649407	E-DE	53-64
nfow|NF0002580	0.0620280474649407	E-EE	53-64
nfow|NF0003580	0.888758782201405	E-EE	1135-1144
nfow|NF0004250	0.081573896353167	S-AS	39-48
nfow|NF0009240	0.0250917992656059	S-SS	17-26
nfow|NF0010340	0.0800227014755959	S-SS	66-77
nfow|NF0014350	0.818352059925094	E-DE	651-662
nfow|NF0014350	0.818352059925094	E-EE	651-662
nfow|NF0016070	0.563020833333333	D-DE	537-546
nfow|NF0024810	0.0668073136427567	E-EE	44-53
nfow|NF0038420	0.02217125382263	S-SS	12-19
nfow|NF0039690	0.0230263157894737	E-EE	20-31
nfow|NF0052730	0.0413907284768212	S-SS	21-31
nfow|NF0055560	0.188875305623472	S-AS	150-161
nfow|NF0058280	0.0601659751037344	E-EE	11-20
nfow|NF0059350	0.15891959798995	E-EE	123-132
nfow|NF0063440	0.0188374596340151	E-DE	13-24
nfow|NF0063440	0.0188374596340151	E-EE	13-24
nfow|NF0063640	0.0350746268656716	S-AS	20-29
nfow|NF0064380	0.148542844715094	E-EE	338-347
nfow|NF0066780	0.870346598202824	E-DE	674-684
nfow|NF0066780	0.870346598202824	E-EE	674-684
nfow|NF0066780	0.890885750962773	E-EE	690-700
nfow|NF0066780	0.940949935815148	E-DE	717-751
nfow|NF0066780	0.940949935815148	E-EE	717-751
nfow|NF0082340	0.315902578796562	E-EE	216-227
nfow|NF0082800	0.0494137353433836	S-SS	26-35
nfow|NF0099620	0.106813996316759	S-AS	111-123
nfow|NF0106220	0.0404411764705882	S-SS	34-45
nfow|NF0110860	0.980528511821975	E-DE	695-717
nfow|NF0110860	0.980528511821975	E-EE	695-717
nfow|NF0111480	0.153887688984881	D-DD	138-149
nfow|NF0111480	0.153887688984881	D-DE	138-149
nfow|NF0117310	0.574022346368715	E-EE	408-416
nfow|NF0119390	0.135818908122503	E-DE	99-107
nfow|NF0119390	0.135818908122503	E-EE	99-107
nfow|NF0121470	0.607368421052632	E-EE	572-584
nmen|Q9JZ11	0.367977528089888	A-AA	193-202
nmen|Q9JZ11	0.394194756554307	A-AS	207-216
nmen|Q9K0Y8	0.645374449339207	A-AA	289-299
nvec|A7RGR1	0.877604166666667	A-AA	838-849
nvec|A7RH01	0.89828801611279	D-DD	889-897
nvec|A7RH22	0.996738117427773	D-DD	2136-2144
nvec|A7RH22	0.996738117427773	D-DE	2136-2144
nvec|A7RIU6	0.615384615384615	E-EE	325-333
nvec|A7RIU6	0.735459662288931	E-EE	386-400
nvec|A7RIX4	0.95203081232493	A-AA	1351-1370
nvec|A7RK66	0.369761444229529	E-DE	570-579
nvec|A7RK66	0.369761444229529	E-EE	570-579
nvec|A7RKM5	0.575815011372252	S-AS	756-765
nvec|A7RL14	0.0137795275590551	D-DD	2-14
nvec|A7RL14	0.0137795275590551	D-DE	2-14
nvec|A7RL77	0.967357512953368	D-DD	930-939
nvec|A7RL77	0.967357512953368	D-DE	930-939
nvec|A7RQK4	0.520874751491054	A-AA	259-267
nvec|A7RS41	0.818456883509834	D-DD	537-547
nvec|A7RTR9	0.324433656957929	D-DE	197-206
nvec|A7RTY9	0.975521958243341	D-DD	1340-1372
nvec|A7RTY9	0.975521958243341	D-DE	1340-1372
nvec|A7RUX9	0.304535637149028	E-EE	137-147
nvec|A7RYQ8	0.320846905537459	A-AA	96-103
nvec|A7RZK7	0.934306569343066	D-DD	380-390
nvec|A7RZK7	0.934306569343066	D-DE	380-390
nvec|A7RZW9	0.362367021276596	D-DE	269-278
nvec|A7S5J7	0.843065693430657	S-SS	340-355
nvec|A7S5X2	0.407621247113164	E-EE	173-182
nvec|A7S7F2	0.22960372960373	D-DD	95-104
nvec|A7S7W8	0.657534246575342	E-DE	332-342
nvec|A7S7W8	0.657534246575342	E-EE	332-342
nvec|A7SE98	0.929824561403509	D-DD	367-377
nvec|A7SGF5	0.522068095838588	D-DD	408-422
nvec|A7SGZ9	0.141659311562224	D-DD	153-170
nvec|A7SGZ9	0.141659311562224	D-DE	153-170
nvec|A7SHS4	0.463538149898717	D-DE	683-692
nvec|A7SKG2	0.7746138996139	S-SS	799-808
nvec|A7SV15	0.43042226487524	E-DE	445-454
nvec|A7SV15	0.43042226487524	E-EE	445-454
nvec|A7SW83	0.191780821917808	D-DD	53-61
nvec|A7SW83	0.23458904109589	D-DD	65-74
nvec|A7SXQ7	0.979899497487437	E-EE	192-200
nvec|A7SYN0	0.923728813559322	D-DD	214-224
nvec|A7SYN0	0.923728813559322	D-DE	214-224
nvec|A7T022	0.387784090909091	D-DD	679-688
nvec|A7T0R7	0.613924050632911	D-DD	674-686
olat|A0A3B3H2C2	0.0546683046683047	E-EE	41-50
olat|A0A3B3H2R5	0.309677419354839	A-AA	232-250
olat|A0A3B3H2Y1	0.84739263803681	A-AA	549-558
olat|A0A3B3H325	0.272785294868522	E-EE	1065-1074
olat|A0A3B3H3D5	0.815270935960591	S-SS	490-505
olat|A0A3B3H3F0	0.768243785084202	E-EE	951-967
olat|A0A3B3H3J4	0.89968152866242	A-AA	276-291
olat|A0A3B3H3L9	0.973948374760994	S-SS	2031-2046
olat|A0A3B3H3R0	0.642904953145917	S-SS	957-966
olat|A0A3B3H3R0	0.877844712182062	A-AA	1305-1320
olat|A0A3B3H3X4	0.977611940298508	S-SS	651-661
olat|A0A3B3H3Y4	0.350334448160535	S-SS	625-634
olat|A0A3B3H3Y4	0.362040133779264	S-SS	644-657
olat|A0A3B3H453	0.148499210110585	E-EE	88-102
olat|A0A3B3H485	0.123009554140127	E-EE	152-159
olat|A0A3B3H4B3	0.527777777777778	S-SS	404-415
olat|A0A3B3H4I0	0.148804616652927	S-SS	174-189
olat|A0A3B3H4W7	0.276239067055394	E-EE	1134-1142
olat|A0A3B3H4W7	0.322521865889213	E-EE	1324-1333
olat|A0A3B3H533	0.807102502017756	E-EE	997-1005
olat|A0A3B3H5E3	0.41523922031896	E-EE	700-708
olat|A0A3B3H5H1	0.988128491620112	E-EE	704-713
olat|A0A3B3H5L8	0.118534482758621	S-SS	134-143
olat|A0A3B3H5V2	0.132016036655212	E-EE	227-236
olat|A0A3B3H5V2	0.280355097365407	E-EE	485-496
olat|A0A3B3H5X0	0.690363722248465	S-SS	1459-1466
olat|A0A3B3H5Y9	0.577836411609499	S-SS	1090-1102
olat|A0A3B3H626	0.738805970149254	E-EE	492-500
olat|A0A3B3H636	0.807844429795649	S-SS	1222-1231
olat|A0A3B3H6P1	0.0603715170278638	S-AS	54-65
olat|A0A3B3H6P1	0.0603715170278638	S-SS	54-65
olat|A0A3B3H6Q3	0.05175983436853	S-SS	40-62
olat|A0A3B3H6X7	0.661429693637078	E-EE	839-847
olat|A0A3B3H6Z9	0.189974726200505	S-SS	222-231
olat|A0A3B3H777	0.678046020369672	E-EE	1794-1803
olat|A0A3B3H796	0.857458563535912	S-SS	772-782
olat|A0A3B3H7A5	0.190804597701149	S-SS	78-90
olat|A0A3B3H7R9	0.894141145139814	S-SS	668-677
olat|A0A3B3H7Y2	0.164756446991404	E-EE	50-67
olat|A0A3B3H818	0.406077348066298	S-SS	214-229
olat|A0A3B3H818	0.4548802946593	S-SS	241-255
olat|A0A3B3H833	0.535564853556485	S-AS	889-905
olat|A0A3B3H841	0.113338473400154	S-SS	140-156
olat|A0A3B3H844	0.00828970331588133	A-AA	4-17
olat|A0A3B3H844	0.921029668411867	S-SS	1050-1063
olat|A0A3B3H860	0.578185328185328	A-AA	295-306
olat|A0A3B3H8K4	0.0898131404460518	S-SS	146-154
olat|A0A3B3H8K4	0.430078360458107	E-DE	709-720
olat|A0A3B3H8K4	0.430078360458107	E-EE	709-720
olat|A0A3B3H8L0	0.9505220154335	S-SS	2091-2099
olat|A0A3B3H8Q1	0.350799289520426	A-AA	193-204
olat|A0A3B3H8Q1	0.537300177619893	A-AA	300-307
olat|A0A3B3H8Q1	0.707815275310835	A-AA	395-404
olat|A0A3B3H8Q1	0.933392539964476	A-AA	522-531
olat|A0A3B3H8S5	0.833190394511149	S-SS	968-977
olat|A0A3B3H9C0	0.822714681440443	E-EE	294-302
olat|A0A3B3H9C7	0.166666666666667	E-DE	127-134
olat|A0A3B3H9C7	0.166666666666667	E-EE	127-134
olat|A0A3B3H9C7	0.219433719433719	E-EE	166-177
olat|A0A3B3H9C7	0.251608751608752	E-EE	190-203
olat|A0A3B3H9D8	0.884905660377359	S-SS	2570-2591
olat|A0A3B3H9H1	0.0458412098298677	E-EE	46-53
olat|A0A3B3HA79	0.875280898876404	A-AA	386-395
olat|A0A3B3HAE0	0.91951566951567	E-DE	1286-1298
olat|A0A3B3HAE0	0.91951566951567	E-EE	1286-1298
olat|A0A3B3HAE2	0.786902286902287	S-SS	1132-1141
olat|A0A3B3HAJ0	0.305985552115583	S-SS	293-302
olat|A0A3B3HAR3	0.408798283261803	S-SS	187-196
olat|A0A3B3HAU9	0.363162118780096	E-DE	449-458
olat|A0A3B3HAZ1	0.993861264579497	E-DE	1615-1625
olat|A0A3B3HB81	0.478591817316841	E-EE	1002-1012
olat|A0A3B3HB97	0.585066162570889	A-AA	306-315
olat|A0A3B3HBL1	0.233238231098431	S-SS	160-169
olat|A0A3B3HBN9	0.591439688715953	A-AA	301-309
olat|A0A3B3HBT2	0.275686673448627	E-EE	267-277
olat|A0A3B3HCR0	0.700551615445232	A-AA	880-900
olat|A0A3B3HDB3	0.650744416873449	E-EE	520-531
olat|A0A3B3HDR8	0.506830601092896	S-SS	367-377
olat|A0A3B3HEE5	0.147897897897898	A-AA	192-204
olat|A0A3B3HEJ2	0.320388349514563	A-AA	128-138
olat|A0A3B3HF31	0.175611681136543	E-EE	219-228
olat|A0A3B3HF31	0.285319652722968	E-EE	356-369
olat|A0A3B3HFD7	0.881188118811881	A-AA	887-895
olat|A0A3B3HFI0	0.380546075085324	E-EE	888-898
olat|A0A3B3HFI9	0.438157894736842	A-AA	163-172
olat|A0A3B3HFJ5	0.208883553421369	E-EE	171-179
olat|A0A3B3HFJ5	0.226890756302521	E-EE	186-194
olat|A0A3B3HFL5	0.792504570383912	S-SS	430-439
olat|A0A3B3HFW9	0.506339814032122	S-SS	593-607
olat|A0A3B3HG05	0.712143928035982	S-SS	946-956
olat|A0A3B3HG05	0.808095952023988	S-SS	1071-1087
olat|A0A3B3HG31	0.727320398531725	S-SS	1384-1392
olat|A0A3B3HGD0	0.477806788511749	S-SS	177-191
olat|A0A3B3HGI7	0.805369127516778	E-DE	953-969
olat|A0A3B3HGI7	0.805369127516778	E-EE	953-969
olat|A0A3B3HH04	0.899211518683579	A-AA	2620-2628
olat|A0A3B3HI36	0.771812080536913	D-DD	457-465
olat|A0A3B3HI36	0.771812080536913	D-DE	457-465
olat|A0A3B3HI78	0.749786871270247	S-SS	876-885
olat|A0A3B3HI82	0.963104325699746	S-SS	752-764
olat|A0A3B3HIX7	0.318955732122588	S-SS	278-286
olat|A0A3B3HIX8	0.539890710382514	S-SS	489-501
olat|A0A3B3HJ09	0.0450511945392491	D-DE	59-75
olat|A0A3B3HJB7	0.881818181818182	D-DD	431-444
olat|A0A3B3HJJ3	0.867489986648865	E-EE	1294-1307
olat|A0A3B3HJK6	0.649655604257984	S-SS	1034-1043
olat|A0A3B3HJU0	0.813974591651543	S-SS	445-454
olat|A0A3B3HJU5	0.794540229885057	A-AA	274-281
olat|A0A3B3HK82	0.063182527301092	S-SS	75-89
olat|A0A3B3HKE0	0.849290780141844	S-SS	470-490
olat|A0A3B3HKL4	0.854304635761589	S-SS	383-393
olat|A0A3B3HKT4	0.264374629519858	D-DD	437-457
olat|A0A3B3HKU9	0.83252427184466	S-SS	510-521
olat|A0A3B3HLF6	0.0879586077140169	A-AA	90-99
olat|A0A3B3HLY9	0.871753246753247	S-SS	534-542
olat|A0A3B3HLZ1	0.520402459474567	D-DD	928-936
olat|A0A3B3HMK5	0.885229540918164	A-AA	439-450
olat|A0A3B3HMP0	0.949528301886792	E-EE	2009-2019
olat|A0A3B3HMS0	0.840017248814144	E-EE	1945-1953
olat|A0A3B3HNJ3	0.510110294117647	E-EE	273-284
olat|A0A3B3HNK8	0.926367461430575	S-SS	657-666
olat|A0A3B3HNW6	0.0492170022371365	A-AA	19-27
olat|A0A3B3HP95	0.658303464755078	S-SS	1070-1136
olat|A0A3B3HPD9	0.590095465393795	E-EE	487-504
olat|A0A3B3HPX0	0.69662447257384	A-AA	821-832
olat|A0A3B3HPX0	0.894092827004219	E-EE	1056-1065
olat|A0A3B3HQ20	0.614697802197802	E-EE	443-454
olat|A0A3B3HQ68	0.801005025125628	E-EE	1591-1599
olat|A0A3B3HQE0	0.130081300813008	S-SS	108-118
olat|A0A3B3HR19	0.307216494845361	A-AA	146-154
olat|A0A3B3HR61	0.632375776397516	S-SS	809-822
olat|A0A3B3HR77	0.607741420590583	S-SS	758-767
olat|A0A3B3HSC4	0.985714285714286	E-EE	1135-1144
olat|A0A3B3HSZ5	0.583803258145363	S-SS	1860-1869
olat|A0A3B3HT05	0.768802228412256	S-SS	273-281
olat|A0A3B3HTG9	0.701327433628319	E-EE	314-322
olat|A0A3B3HU27	0.867795389048991	S-SS	1200-1211
olat|A0A3B3HU51	0.875583203732504	S-SS	1121-1133
olat|A0A3B3HU75	0.503333333333333	E-EE	220-235
olat|A0A3B3HU75	0.744444444444444	S-SS	330-342
olat|A0A3B3HUF1	0.972594397076736	E-EE	793-806
olat|A0A3B3HUG0	0.831380753138075	S-AS	985-1004
olat|A0A3B3HUJ4	0.278637770897833	E-EE	176-186
olat|A0A3B3HUL1	0.706367924528302	A-AA	296-305
olat|A0A3B3HV17	0.612983770287141	E-EE	480-504
olat|A0A3B3HV24	0.802837395416515	S-SS	2199-2217
olat|A0A3B3HV68	0.921076642335766	S-SS	1006-1015
olat|A0A3B3HVU6	0.151347615756738	E-EE	215-225
olat|A0A3B3HVW9	0.991021548284118	E-EE	2481-2488
olat|A0A3B3HVX6	0.622900763358779	S-SS	1217-1233
olat|A0A3B3HWE3	0.273181818181818	A-AA	294-309
olat|A0A3B3HWF7	0.787991498405951	S-SS	737-748
olat|A0A3B3HWK3	0.940260475651189	S-SS	1656-1667
olat|A0A3B3HWK6	0.775730180806676	E-EE	1111-1122
olat|A0A3B3HWQ3	0.135388739946381	E-EE	47-56
olat|A0A3B3HWW6	0.600982532751092	E-EE	535-568
olat|A0A3B3HXK5	0.130825838103025	D-DD	316-326
olat|A0A3B3HXK5	0.318887980376124	D-DD	775-787
olat|A0A3B3HXK5	0.605273916598528	D-DD	1477-1486
olat|A0A3B3HXS0	0.76144578313253	S-SS	307-327
olat|A0A3B3HXS7	0.191549295774648	A-AA	61-77
olat|A0A3B3HY92	0.178820019887305	S-SS	529-552
olat|A0A3B3HY92	0.742293669207822	S-AS	2214-2267
olat|A0A3B3HY92	0.742293669207822	S-SS	2214-2267
olat|A0A3B3HY92	0.948955916473318	S-SS	2860-2868
olat|A0A3B3HY92	0.995028173682466	S-AS	2997-3009
olat|A0A3B3HY92	0.995028173682466	S-SS	2997-3009
olat|A0A3B3HY99	0.361287758346582	S-SS	451-460
olat|A0A3B3HYC8	0.815038419319429	S-SS	739-748
olat|A0A3B3HYK5	0.298331415420023	S-SS	515-524
olat|A0A3B3HYT8	0.554918527459264	E-EE	914-927
olat|A0A3B3HYX5	0.911764705882353	S-SS	334-350
olat|A0A3B3HZ31	0.27140169332079	A-AA	282-297
olat|A0A3B3HZY9	0.637707948243993	E-EE	340-352
olat|A0A3B3I0U1	0.611757105943152	S-SS	468-481
olat|A0A3B3I152	0.674013921113689	E-EE	1739-1749
olat|A0A3B3I195	0.793374508702976	E-EE	1408-1420
olat|A0A3B3I1S3	0.561512415349887	A-AA	989-1003
olat|A0A3B3I227	0.611042944785276	S-SS	492-506
olat|A0A3B3I227	0.982208588957055	S-SS	790-813
olat|A0A3B3I292	0.467894736842105	A-AA	439-452
olat|A0A3B3I3D6	0.756927949326999	S-SS	949-965
olat|A0A3B3I3F8	0.575670498084291	A-AA	297-306
olat|A0A3B3I3L4	0.741416309012876	S-SS	343-350
olat|A0A3B3I3P8	0.577492596248766	E-EE	581-591
olat|A0A3B3I3Q7	0.116915422885572	S-SS	90-100
olat|A0A3B3I3Y4	0.184281842818428	E-DE	269-277
olat|A0A3B3I3Y4	0.184281842818428	E-EE	269-277
olat|A0A3B3I424	0.883203559510567	S-SS	2375-2391
olat|A0A3B3I457	0.976603119584055	S-SS	557-572
olat|A0A3B3I4M2	0.788951841359773	E-EE	536-580
olat|A0A3B3I4M2	0.894475920679887	E-EE	628-637
olat|A0A3B3I4M2	0.919263456090652	E-EE	643-657
olat|A0A3B3I4M3	0.866396761133603	S-SS	636-650
olat|A0A3B3I4X1	0.948938321536906	E-EE	935-944
olat|A0A3B3I5Q7	0.503054989816701	E-EE	242-254
olat|A0A3B3I5Z1	0.336158192090395	D-DD	175-184
olat|A0A3B3I5Z1	0.336158192090395	D-DE	175-184
olat|A0A3B3I6D7	0.498015873015873	S-SS	1126-1135
olat|A0A3B3I6E1	0.124203821656051	E-EE	151-163
olat|A0A3B3I6E1	0.135748407643312	E-EE	167-176
olat|A0A3B3I6E1	0.219347133757962	E-EE	258-295
olat|A0A3B3I6W2	0.332304980167475	S-SS	1497-1521
olat|A0A3B3I6W7	0.389087656529517	A-AA	213-224
olat|A0A3B3I790	0.298624754420432	E-EE	147-159
olat|A0A3B3I7B5	0.904517453798768	E-EE	435-448
olat|A0A3B3I7C4	0.666150271107668	E-DE	855-867
olat|A0A3B3I7C4	0.666150271107668	E-EE	855-867
olat|A0A3B3I7W3	0.154225352112676	S-SS	106-115
olat|A0A3B3I7Z9	0.40993265993266	S-SS	240-249
olat|A0A3B3I835	0.0410549211528004	S-SS	70-83
olat|A0A3B3I835	0.266721044045677	S-SS	485-498
olat|A0A3B3I8B0	0.0406060606060606	S-SS	26-43
olat|A0A3B3I8B5	0.599702380952381	A-AA	2207-2228
olat|A0A3B3I8G9	0.743712574850299	E-EE	616-628
olat|A0A3B3I8P9	0.677667493796526	S-SS	1361-1372
olat|A0A3B3I8U0	0.678147268408551	S-SS	559-585
olat|A0A3B3I973	0.633484954513646	A-AA	1807-1816
olat|A0A3B3I9C6	0.726388888888889	S-SS	518-530
olat|A0A3B3I9D7	0.973658296405711	E-DE	1974-1983
olat|A0A3B3I9D7	0.973658296405711	E-EE	1974-1983
olat|A0A3B3I9J9	0.317763157894737	S-SS	237-248
olat|A0A3B3I9Y5	0.560810810810811	A-AA	287-296
olat|A0A3B3IA06	0.535539215686274	S-SS	214-225
olat|A0A3B3IA42	0.169085631349782	E-EE	230-238
olat|A0A3B3IA49	0.815258511979823	S-SS	642-653
olat|A0A3B3IAD0	0.330232558139535	E-EE	138-148
olat|A0A3B3IAV4	0.319164265129683	E-EE	208-237
olat|A0A3B3IAV4	0.353746397694524	E-EE	241-252
olat|A0A3B3IBR0	0.33779443254818	S-SS	307-326
olat|A0A3B3IC13	0.57289156626506	E-EE	467-486
olat|A0A3B3ICC5	0.847715736040609	A-AA	1667-1675
olat|A0A3B3ID55	0.918565683646113	S-SS	1367-1376
olat|A0A3B3ID55	0.971179624664879	S-SS	1443-1457
olat|A0A3B3IDF2	0.641791044776119	S-SS	553-567
olat|A0A3B3IDF2	0.982204362801378	S-SS	846-867
olat|A0A3B3IDN1	0.519328585961343	E-EE	1013-1031
olat|A0A3B3IDS8	0.233718487394958	D-DD	220-227
olat|A0A3B3IEB6	0.0720720720720721	S-SS	107-119
olat|A0A3B3IEB6	0.306306306306306	S-SS	468-486
olat|A0A3B3IEG0	0.718564845292956	S-SS	1084-1101
olat|A0A3B3IES4	0.761870295309786	A-AA	2628-2637
olat|A0A3B3IES5	0.228599221789883	S-SS	114-123
olat|A0A3B3IF17	0.342927631578947	S-SS	204-215
olat|A0A3B3IF38	0.295515695067265	E-EE	326-335
olat|A0A3B3IF38	0.342152466367713	S-AS	379-386
olat|A0A3B3IFX4	0.533428165007112	S-SS	365-387
olat|A0A3B3IG50	0.962962962962963	A-AA	984-994
olat|A0A3B3IGP0	0.621043627031651	A-AA	721-733
olat|A0A3B3IH69	0.910344827586207	S-SS	921-929
olat|A0A3B3IH77	0.266375545851528	E-EE	241-249
olat|A0A3B3IH89	0.674619289340102	S-SS	661-670
olat|A0A3B3IHB1	0.209195402298851	A-AA	85-99
olat|A0A3B3IHD3	0.501336898395722	S-SS	180-197
olat|A0A3B3IHH0	0.446538124452235	S-SS	500-521
olat|A0A3B3IHN2	0.5116	S-SS	623-658
olat|A0A3B3IHN2	0.8096	S-SS	1002-1024
olat|A0A3B3IHN2	0.9172	S-SS	1133-1162
olat|A0A3B3IHN2	0.944	S-SS	1176-1186
olat|A0A3B3II48	0.347790507364975	S-SS	208-219
olat|A0A3B3II77	0.440117252931323	E-DE	521-532
olat|A0A3B3II77	0.440117252931323	E-EE	521-532
olat|A0A3B3II78	0.930362116991644	S-SS	664-674
olat|A0A3B3II95	0.312240663900415	S-SS	143-160
olat|A0A3B3IID6	0.791128579449747	S-SS	1400-1420
olat|A0A3B3IIX9	0.20565749235474	A-AA	131-140
olat|A0A3B3IJ12	0.323943661971831	E-EE	317-329
olat|A0A3B3IJ71	0.482678983833718	D-DD	410-428
olat|A0A3B3IJI5	0.466987620357634	A-AA	675-685
olat|A0A3B3IJM0	0.660225442834139	E-DE	400-422
olat|A0A3B3IJM0	0.660225442834139	E-EE	400-422
olat|A0A3B3IJP1	0.944036697247706	S-SS	511-520
olat|A0A3B3IKG3	0.913268236645606	S-SS	1584-1598
olat|A0A3B3IKG9	0.372005988023952	E-EE	494-502
olat|A0A3B3IKL0	0.19115292233787	S-SS	474-483
olat|A0A3B3IKS7	0.0398642917726887	S-SS	44-52
olat|A0A3B3IKS7	0.465224766751484	S-SS	544-555
olat|A0A3B3IL72	0.129197080291971	S-SS	84-95
olat|A0A3B3ILE1	0.636756481952211	S-SS	1242-1265
olat|A0A3B3ILE7	0.891304347826087	E-DE	386-395
olat|A0A3B3ILJ8	0.618198874296435	E-EE	325-336
olat|A0A3B3ILS9	0.9284140969163	D-DD	415-430
olat|A0A3B3ILX2	0.013940139401394	E-EE	27-43
olat|A0A3B3IM96	0.953161592505855	A-AA	1216-1228
olat|A0A3B3IMA4	0.537702429149798	E-EE	1055-1072
olat|A0A3B3IME0	0.821743929359823	S-SS	740-751
olat|A0A3B3IN37	0.918508287292818	E-EE	994-1003
olat|A0A3B3IN37	0.964088397790055	E-EE	1043-1053
olat|A0A3B3IN86	0.377984084880637	E-DE	139-148
olat|A0A3B3IN86	0.377984084880637	E-EE	139-148
olat|A0A3B3IN94	0.590260545905707	S-SS	939-966
olat|A0A3B3INB0	0.676100628930818	E-EE	427-435
olat|A0A3B3INH4	0.118702770780856	S-SS	185-194
olat|A0A3B3INH7	0.775142314990512	A-AA	402-417
olat|A0A3B3INS5	0.111516034985423	A-AA	71-84
olat|A0A3B3INU8	0.93135838150289	S-SS	641-650
olat|A0A3B3IP95	0.426375404530744	S-SS	787-796
olat|A0A3B3IP95	0.769417475728155	S-SS	1420-1435
olat|A0A3B3IPH7	0.919942473633749	E-EE	952-969
olat|A0A3B3IPP6	0.570821529745043	E-EE	400-408
olat|B2ZZS9	0.969924812030075	E-EE	383-393
olat|B9ZYZ0	0.294117647058824	S-SS	146-156
olat|D0V737	0.573873121869783	S-SS	684-693
olat|D2KVX4	0.696506550218341	S-SS	473-486
olat|H2L2R1	0.730194319880418	E-EE	484-495
olat|H2L2S1	0.363636363636364	S-SS	151-163
olat|H2L325	0.232980332829047	E-EE	151-159
olat|H2L342	0.982758620689655	E-EE	424-433
olat|H2L3B2	0.492729306487696	E-EE	430-453
olat|H2L3G4	0.942882249560633	S-SS	1070-1078
olat|H2L3P7	0.618629173989455	E-EE	348-358
olat|H2L4R0	0.965392561983471	E-EE	2798-2811
olat|H2L542	0.485734664764622	S-SS	337-346
olat|H2L5J8	0.226120857699805	E-EE	112-122
olat|H2L5P5	0.381864623243934	E-EE	593-605
olat|H2L626	0.930021367521368	E-EE	866-877
olat|H2L660	0.346022241231822	E-EE	1614-1624
olat|H2L660	0.350406330196749	E-EE	1635-1644
olat|H2L660	0.719846022241232	E-EE	3362-3372
olat|H2L6Y4	0.242335766423358	E-EE	162-172
olat|H2L774	0.923387096774194	S-SS	1027-1036
olat|H2L798	0.0204678362573099	A-AA	5-18
olat|H2L7H8	0.959893048128342	E-EE	535-544
olat|H2L7J7	0.191256830601093	A-AA	170-182
olat|H2L7N6	0.400070871722183	S-SS	561-570
olat|H2L7V6	0.935869565217391	D-DE	426-437
olat|H2L7Y9	0.391566265060241	E-EE	125-137
olat|H2L806	0.171663097787295	E-EE	236-247
olat|H2L831	0.609352517985612	E-DE	1690-1700
olat|H2L831	0.609352517985612	E-EE	1690-1700
olat|H2L831	0.95341726618705	S-SS	2645-2658
olat|H2L8C0	0.400385356454721	S-SS	1035-1045
olat|H2L8E9	0.240698985343856	S-SS	208-221
olat|H2L8Q8	0.717462932454695	E-EE	432-441
olat|H2L904	0.214664310954064	D-DD	118-127
olat|H2L9E6	0.553430821147357	S-SS	489-497
olat|H2L9F7	0.224705882352941	S-SS	90-103
olat|H2L9G7	0.743967828418231	E-EE	552-560
olat|H2L9G7	0.769436997319035	A-AA	570-580
olat|H2L9G7	0.811662198391421	E-EE	601-612
olat|H2L9X5	0.44750656167979	E-EE	167-176
olat|H2LA50	0.617162471395881	S-SS	1341-1358
olat|H2LAN3	0.655141843971631	S-SS	735-745
olat|H2LAR0	0.96875	E-EE	383-394
olat|H2LAR2	0.134520276953511	E-EE	259-287
olat|H2LAR2	0.858803165182987	S-SS	1732-1743
olat|H2LBA1	0.222782258064516	E-EE	217-227
olat|H2LBF9	0.905405405405405	D-DD	667-675
olat|H2LBF9	0.905405405405405	D-DE	667-675
olat|H2LBF9	0.948648648648649	D-DD	692-714
olat|H2LBF9	0.948648648648649	D-DE	692-714
olat|H2LBU2	0.280076997112608	S-SS	288-296
olat|H2LBU2	0.347930702598653	E-EE	358-367
olat|H2LBU2	0.515880654475457	S-SS	533-541
olat|H2LCH9	0.577505407354001	S-SS	796-808
olat|H2LCL3	0.945652173913043	E-DE	388-397
olat|H2LCL3	0.945652173913043	E-EE	388-397
olat|H2LCP4	0.561373873873874	E-EE	496-503
olat|H2LD03	0.971991701244813	S-SS	465-474
olat|H2LD36	0.645258103241297	E-DE	533-544
olat|H2LD36	0.645258103241297	E-EE	533-544
olat|H2LD36	0.810924369747899	E-EE	672-681
olat|H2LE59	0.638867339022498	S-AS	820-829
olat|H2LE59	0.638867339022498	S-SS	820-829
olat|H2LES3	0.522849462365591	S-SS	383-397
olat|H2LF51	0.11219512195122	D-DE	88-98
olat|H2LF53	0.614571746384872	E-EE	549-558
olat|H2LFG2	0.306425485961123	E-EE	564-573
olat|H2LFI6	0.523603291468168	S-SS	1203-1217
olat|H2LFT6	0.0560407569141194	E-EE	148-162
olat|H2LFT6	0.208697234352256	E-EE	570-579
olat|H2LFT6	0.528930131004367	E-EE	1449-1460
olat|H2LFU5	0.324104234527687	S-SS	295-304
olat|H2LFU5	0.378393051031488	S-SS	344-355
olat|H2LFZ1	0.438480096501809	E-EE	358-371
olat|H2LG04	0.592409802586794	S-SS	1737-1746
olat|H2LGC7	0.186295503211991	E-EE	83-93
olat|H2LGQ9	0.524406845585375	D-DD	2692-2703
olat|H2LHC4	0.915295256534366	E-EE	942-951
olat|H2LHC7	0.11509900990099	E-EE	89-99
olat|H2LHK4	0.960377358490566	E-EE	760-769
olat|H2LHS0	0.757676902536716	E-EE	1697-1710
olat|H2LHT4	0.622282608695652	S-SS	1025-1038
olat|H2LIL3	0.874846625766871	E-EE	708-720
olat|H2LJL2	0.565426170468187	E-EE	467-477
olat|H2LJX9	0.816306483300589	A-AA	409-424
olat|H2LK17	0.520529801324503	A-AA	390-398
olat|H2LK35	0.611604311984781	S-SS	961-970
olat|H2LKI0	0.630121396054628	S-SS	827-836
olat|H2LKP8	0.343137254901961	E-EE	521-531
olat|H2LKQ4	0.380242825607064	E-EE	685-695
olat|H2LKV3	0.818708609271523	S-SS	2469-2478
olat|H2LKW4	0.80059880239521	S-SS	664-675
olat|H2LL31	0.948979591836735	E-EE	926-936
olat|H2LLE0	0.847689075630252	S-SS	398-411
olat|H2LLH3	0.698823529411765	S-SS	293-303
olat|H2LLP4	0.397522522522523	E-EE	527-534
olat|H2LLR1	0.597918890074707	S-SS	1117-1126
olat|H2LM59	0.846073298429319	S-SS	805-813
olat|H2LM63	0.431870669745958	E-EE	369-381
olat|H2LMI9	0.265866209262436	E-DE	145-167
olat|H2LMI9	0.265866209262436	E-EE	145-167
olat|H2LMK8	0.114230396902227	E-EE	114-124
olat|H2LMW0	0.264008620689655	S-SS	241-251
olat|H2LNP3	0.957065217391304	A-AA	877-886
olat|H2LP13	0.633990719257541	S-SS	1087-1101
olat|H2LP13	0.665603248259861	S-SS	1142-1155
olat|H2LP13	0.684164733178654	S-SS	1176-1185
olat|H2LP13	0.695475638051044	S-SS	1190-1210
olat|H2LP14	0.39008120649652	E-EE	670-677
olat|H2LQ14	0.38855622089155	S-SS	580-590
olat|H2LQ14	0.542581503659348	S-SS	812-821
olat|H2LQ24	0.118659987476518	E-EE	184-197
olat|H2LQ91	0.362019914651494	E-EE	250-261
olat|H2LQU5	0.136502481863307	S-SS	355-362
olat|H2LQU5	0.152157311951126	S-SS	392-407
olat|H2LQY5	0.664254703328509	S-SS	456-464
olat|H2LRU8	0.293977812995246	S-SS	182-191
olat|H2LRU9	0.306451612903226	E-DE	173-190
olat|H2LRU9	0.306451612903226	E-EE	173-190
olat|H2LS14	0.872692307692308	S-SS	1131-1140
olat|H2LS41	0.287646346386758	S-SS	709-718
olat|H2LS61	0.136392009987516	A-AA	212-227
olat|H2LS62	0.645502645502645	S-SS	238-252
olat|H2LSD6	0.707100591715976	S-SS	712-724
olat|H2LSR2	0.585395439107229	E-DE	2409-2419
olat|H2LSR2	0.585395439107229	E-EE	2409-2419
olat|H2LSV8	0.822423398328691	A-AA	587-596
olat|H2LT73	0.230588235294118	S-SS	94-104
olat|H2LT99	0.139556377079482	A-AA	73-80
olat|H2LTB9	0.650793650793651	A-AA	324-334
olat|H2LTL8	0.851724137931035	S-SS	367-376
olat|H2LTW9	0.627513227513227	S-SS	588-600
olat|H2LTW9	0.873544973544974	S-SS	820-833
olat|H2LU24	0.920107719928187	S-SS	2554-2573
olat|H2LUN5	0.0261437908496732	E-EE	10-24
olat|H2LUP0	0.658716392020815	S-SS	754-767
olat|H2LUT7	0.0431682654913145	E-EE	163-172
olat|H2LUT7	0.924034223489759	S-SS	3561-3569
olat|H2LV17	0.0629445234708393	S-SS	85-94
olat|H2LVK3	0.213665943600868	D-DD	193-203
olat|H2LVK3	0.213665943600868	D-DE	193-203
olat|H2LVN1	0.891783567134269	S-SS	1332-1340
olat|H2LVX8	0.198083067092652	S-SS	180-194
olat|H2LVY2	0.714	E-EE	354-362
olat|H2LVZ8	0.497590361445783	E-EE	202-213
olat|H2LW09	0.732304900181488	A-AA	399-410
olat|H2LW13	0.846511627906977	S-SS	358-372
olat|H2LW37	0.901851851851852	E-EE	481-495
olat|H2LW52	0.799076212471132	E-DE	686-700
olat|H2LW52	0.799076212471132	E-EE	686-700
olat|H2LW64	0.0787852112676056	S-AS	84-97
olat|H2LW64	0.0787852112676056	S-SS	84-97
olat|H2LWC5	0.0363321799307958	S-SS	18-26
olat|H2LWG1	0.657303370786517	E-EE	641-648
olat|H2LWR3	0.122932745314223	D-DD	217-231
olat|H2LWR3	0.122932745314223	D-DE	217-231
olat|H2LWU9	0.566800458715596	S-SS	984-995
olat|H2LWU9	0.587729357798165	S-SS	1020-1032
olat|H2LXB5	0.16281847133758	S-SS	201-210
olat|H2LXL0	0.685714285714286	A-AA	381-389
olat|H2LY05	0.8125	D-DD	605-619
olat|H2LY05	0.8125	D-DE	605-619
olat|H2LYF1	0.259392486011191	E-DE	646-654
olat|H2LYF1	0.30255795363709	E-EE	753-763
olat|H2LYF1	0.949840127897682	E-DE	2373-2382
olat|H2LYF1	0.949840127897682	E-EE	2373-2382
olat|H2LYK1	0.132721202003339	E-DE	232-247
olat|H2LYK1	0.132721202003339	E-EE	232-247
olat|H2LYK1	0.145520311630495	E-EE	257-268
olat|H2LYN6	0.0193285859613428	S-SS	16-24
olat|H2LZ98	0.965311004784689	E-EE	400-409
olat|H2LZF1	0.396256684491979	S-SS	738-746
olat|H2LZF1	0.41951871657754	D-DD	782-789
olat|H2LZK1	0.4073756432247	S-SS	235-242
olat|H2LZK1	0.701543739279588	S-SS	404-416
olat|H2LZP8	0.537117903930131	S-SS	609-623
olat|H2LZV0	0.545081967213115	S-SS	662-670
olat|H2LZZ8	0.600263852242744	A-AA	451-461
olat|H2M029	0.472222222222222	S-SS	838-847
olat|H2M029	0.868967452300786	S-SS	1536-1563
olat|H2M029	0.925925925925926	E-EE	1644-1658
olat|H2M029	0.94304152637486	E-DE	1670-1693
olat|H2M029	0.94304152637486	E-EE	1670-1693
olat|H2M029	0.958754208754209	A-AS	1704-1715
olat|H2M060	0.44429347826087	E-EE	321-335
olat|H2M097	0.836645101663586	E-EE	1806-1817
olat|H2M0N9	0.791289592760181	S-SS	695-706
olat|H2M0Y7	0.519756838905775	S-SS	335-351
olat|H2M100	0.376494023904382	D-DD	279-290
olat|H2M1J1	0.443013270882123	E-EE	564-573
olat|H2M1Q8	0.0943952802359882	E-EE	61-69
olat|H2M1Q8	0.123156342182891	A-AA	79-90
olat|H2M1R5	0.327843137254902	S-SS	832-842
olat|H2M1R5	0.50078431372549	S-SS	1271-1285
olat|H2M377	0.949115044247788	E-EE	853-865
olat|H2M391	0.238069414316703	D-DD	211-230
olat|H2M391	0.238069414316703	D-DE	211-230
olat|H2M3D9	0.558195592286501	S-SS	807-816
olat|H2M3I1	0.406531531531532	D-DD	357-367
olat|H2M3I1	0.406531531531532	D-DE	357-367
olat|H2M3J4	0.831495520330806	E-EE	1203-1212
olat|H2M3Q3	0.622344944774851	S-SS	726-741
olat|H2M449	0.0692963752665245	S-SS	62-70
olat|H2M449	0.573560767590618	E-DE	533-545
olat|H2M449	0.573560767590618	E-EE	533-545
olat|H2M449	0.829957356076759	S-SS	770-789
olat|H2M449	0.851279317697228	S-SS	791-808
olat|H2M463	0.106012658227848	S-SS	30-39
olat|H2M4J8	0.849135360763268	D-DD	1420-1430
olat|H2M4P4	0.185546875	E-EE	88-104
olat|H2M5A2	0.836666666666667	A-AA	247-257
olat|H2M5M0	0.705733558178752	S-SS	415-424
olat|H2M5R0	0.623515439429929	E-EE	256-271
olat|H2M5R0	0.89667458432304	S-SS	375-382
olat|H2M5U0	0.735824059353471	D-DD	1385-1394
olat|H2M5U0	0.735824059353471	D-DE	1385-1394
olat|H2M605	0.150724637681159	E-DE	205-213
olat|H2M605	0.150724637681159	E-EE	205-213
olat|H2M606	0.609223300970874	D-DD	747-761
olat|H2M6D3	0.7178517397882	E-EE	466-485
olat|H2M6F6	0.489596879063719	E-EE	372-383
olat|H2M6G1	0.360719874804382	A-AA	226-237
olat|H2M6H9	0.314285714285714	S-SS	114-130
olat|H2M6P3	0.493686868686869	S-SS	386-398
olat|H2M784	0.631756756756757	S-SS	1209-1224
olat|H2M7D0	0.510296540362438	A-AA	616-625
olat|H2M7N3	0.204545454545455	D-DD	109-118
olat|H2M7P3	0.796048438495857	E-EE	1245-1255
olat|H2M7P3	0.931803696622052	E-EE	1459-1467
olat|H2M816	0.418320610687023	A-AA	271-279
olat|H2M816	0.635114503816794	S-SS	412-422
olat|H2M819	0.536189683860233	S-SS	640-651
olat|H2M899	0.115945551774429	S-SS	234-245
olat|H2M8C9	0.717693836978131	D-DD	357-367
olat|H2M8H1	0.948255114320096	E-EE	783-795
olat|H2M8J2	0.87783595113438	S-SS	499-509
olat|H2M939	0.808953341740227	S-SS	1921-1930
olat|H2M9A2	0.858633776091082	D-DD	379-528
olat|H2M9C9	0.353982300884956	S-SS	157-165
olat|H2M9L3	0.26221928665786	D-DD	196-203
olat|H2M9L3	0.26221928665786	D-DE	196-203
olat|H2M9P2	0.0943820224719101	E-EE	120-134
olat|H2MA18	0.561904761904762	A-AA	291-301
olat|H2MAS8	0.913321841910859	S-SS	3704-3716
olat|H2MAV6	0.970885093167702	S-SS	1245-1258
olat|H2MB68	0.0430733410942957	S-AS	34-42
olat|H2MB68	0.0430733410942957	S-SS	34-42
olat|H2MBB9	0.717993079584775	E-DE	412-420
olat|H2MBB9	0.717993079584775	E-EE	412-420
olat|H2MBJ3	0.901652892561983	S-SS	542-551
olat|H2MBK3	0.802264808362369	S-SS	454-469
olat|H2MBW6	0.54646017699115	E-EE	859-872
olat|H2MBY3	0.105855855855856	E-EE	43-53
olat|H2MC60	0.465364120781528	E-EE	518-532
olat|H2MCG8	0.992869875222816	E-EE	554-562
olat|H2MCN3	0.273381294964029	S-SS	146-160
olat|H2MCT3	0.177083333333333	D-DD	130-144
olat|H2MCT3	0.177083333333333	D-DE	130-144
olat|H2MCT7	0.182385035074045	A-AA	230-240
olat|H2MDY6	0.481429897864438	S-SS	515-524
olat|H2MEB5	0.692377495462795	A-AA	2285-2295
olat|H2MEB5	0.89216575922565	A-AA	2942-2959
olat|H2MEB5	0.98502722323049	E-DE	3252-3263
olat|H2MEB5	0.996218995765275	E-DE	3288-3301
olat|H2MF22	0.555895865237366	E-EE	360-368
olat|H2MFA4	0.167736757624398	S-SS	101-110
olat|H2MFP3	0.761275272161742	S-SS	485-496
olat|H2MFS6	0.653925619834711	S-SS	630-638
olat|H2MFS6	0.672004132231405	S-SS	645-658
olat|H2MG37	0.300591715976331	A-AA	505-513
olat|H2MG37	0.766863905325444	A-AA	1292-1302
olat|H2MGC2	0.715189873417722	E-EE	390-403
olat|H2MGH2	0.981454545454545	S-SS	1344-1357
olat|H2MGR5	0.899475524475524	E-EE	506-525
olat|H2MGV2	0.300936768149883	A-AA	126-133
olat|H2MGW4	0.701626016260163	E-EE	426-439
olat|H2MH91	0.960470085470085	E-EE	445-456
olat|H2MHF9	0.936672967863894	E-EE	492-501
olat|H2MI02	0.0226500566251416	S-SS	32-50
olat|H2MI02	0.0727633069082673	S-SS	124-135
olat|H2MI02	0.787655719139298	E-DE	1386-1398
olat|H2MI02	0.787655719139298	E-EE	1386-1398
olat|H2MIK3	0.617690058479532	D-DD	418-429
olat|H2MIQ8	0.816446402349486	A-AA	552-562
olat|H2MJ30	0.39738430583501	S-SS	192-205
olat|H2MJ55	0.617786561264822	E-EE	776-789
olat|H2MJC0	0.235815602836879	S-SS	196-205
olat|H2MJR8	0.235955056179775	S-SS	80-90
olat|H2MK87	0.0416323165704864	E-EE	47-56
olat|H2MKA3	0.254980079681275	S-SS	125-133
olat|H2MKG3	0.462583518930958	E-EE	1035-1044
olat|H2MKG3	0.666815144766147	E-EE	1491-1505
olat|H2MKG3	0.810244988864143	S-SS	1812-1828
olat|H2MKP9	0.959154929577465	S-SS	335-348
olat|H2MKY2	0.95679012345679	E-EE	1546-1556
olat|H2ML07	0.85171102661597	E-EE	443-455
olat|H2ML07	0.935361216730038	E-EE	485-501
olat|H2MLG8	0.948759439050701	E-EE	874-887
olat|H2MLN4	0.350249584026622	S-SS	207-216
olat|H2MLW0	0.193997071742313	S-SS	127-140
olat|H2MMF3	0.781873373807459	A-AA	898-907
olat|H2MMF3	0.862966175195143	A-AA	991-1001
olat|H2MMM1	0.787679425837321	S-SS	654-665
olat|H2MMQ9	0.154614652711703	E-EE	158-169
olat|H2MMX8	0.0896396396396396	S-SS	96-105
olat|H2MN12	0.527219430485762	S-SS	626-635
olat|H2MNG0	0.150678733031674	S-SS	161-174
olat|H2MNI5	0.818466353677621	D-DD	1042-1052
olat|H2MNI5	0.818466353677621	D-DE	1042-1052
olat|H2MPB6	0.386725663716814	S-SS	215-224
olat|H2MPV1	0.918311403508772	S-SS	1672-1680
olat|H2MQ40	0.274341351660939	A-AA	235-246
olat|H2MQ75	0.299765807962529	A-AA	125-133
olat|H2MQB2	0.00907590759075908	S-SS	2-11
olat|H2MQH2	0.782312925170068	E-EE	1488-1504
olat|H2MQN6	0.917213114754098	S-SS	556-565
olat|H2MQR5	0.249677419354839	A-AA	189-200
olat|H2MQR5	0.530967741935484	A-AA	408-417
olat|H2MQR7	0.718629343629344	D-DD	741-750
olat|H2MRD9	0.663235294117647	A-AA	673-682
olat|H2MRJ2	0.602581072137657	E-DE	907-916
olat|H2MRJ2	0.602581072137657	E-EE	907-916
olat|H2MRJ7	0.125	S-SS	70-89
olat|H2MRJ7	0.698248407643312	S-SS	436-443
olat|H2MRR1	0.144130757800892	S-SS	92-104
olat|H2MRV3	0.290087463556851	S-SS	193-207
olat|H2MRX3	0.837912087912088	E-DE	1062-1075
olat|H2MRX3	0.837912087912088	E-EE	1062-1075
olat|H2MS61	0.113675213675214	S-SS	64-71
olat|H2MSG5	0.741016109045849	E-EE	594-604
olat|H2MT23	0.104487179487179	A-AA	77-88
olat|H2MT44	0.667874396135266	A-AA	272-283
olat|H2MT44	0.81280193236715	A-AA	329-346
olat|H2MT57	0.466176470588235	S-SS	313-323
olat|H2MT71	0.633074935400517	S-SS	239-253
olat|H2MU22	0.809018567639257	S-SS	605-617
olat|H2MUA5	0.648684210526316	S-SS	244-251
olat|H2MUK5	0.956692913385827	E-EE	359-372
olat|H2MUW1	0.954721862871928	A-AA	1471-1483
olat|H2MV92	0.819491525423729	S-SS	478-491
olat|H2MVH5	0.787974683544304	S-SS	740-756
olat|H2MVH6	0.815286624203822	E-EE	636-646
olat|H2MVI5	0.774459974587039	S-SS	605-616
olat|H2MW94	0.86875	S-SS	340-357
olat|H2MWK1	0.923913043478261	E-EE	548-559
olat|H2MWU7	0.657228915662651	S-SS	1059-1125
olat|H2MXJ4	0.109631147540984	A-AA	49-60
olat|H2MXK0	0.833707865168539	A-AA	368-376
olat|H2MY74	0.889252948885976	S-SS	675-684
olat|H2MYE3	0.827464788732394	E-EE	937-945
olat|H2N0H6	0.570422535211268	A-AA	159-167
olat|H2N0I8	0.910094637223975	E-DE	279-300
olat|H2N0I8	0.910094637223975	E-EE	279-300
olat|H2N0Q8	0.174979218620116	S-SS	204-219
olat|H2N0Q8	0.201995012468828	S-SS	239-249
olat|H2N0S4	0.182332463011314	E-EE	206-215
olat|H2N0S4	0.324194952132289	E-DE	365-382
olat|H2N0S4	0.324194952132289	E-EE	365-382
olat|H2N145	0.445	D-DD	218-229
olat|H2N1N7	0.504545454545455	A-AA	219-227
olat|H2N2A2	0.798835705045278	S-SS	612-625
olat|H2N309	0.21031746031746	S-SS	101-113
olat|Q2L4U3	0.838516746411483	A-AA	347-356
olat|U6C2N4	0.599616858237548	A-AA	310-318
olat|U6C5P8	0.630208333333333	A-AA	360-368
osat|A0A0N7KJH4	0.135514018691589	A-AA	169-181
osat|A0A0N7KNQ0	0.490850869167429	A-AA	533-542
osat|A0A0P0V2Y7	0.205402010050251	D-DD	158-171
osat|A0A0P0VC79	0.0384615384615385	A-AA	27-42
osat|A0A0P0VDV3	0.991898148148148	A-AA	853-863
osat|A0A0P0VMT1	0.127764612954186	A-AA	320-329
osat|A0A0P0VMT1	0.685624012638231	A-AA	1732-1742
osat|A0A0P0VNC6	0.384507042253521	A-AA	406-415
osat|A0A0P0VTQ9	0.0598349381017882	A-AA	40-49
osat|A0A0P0VXN2	0.0110966057441253	A-AA	9-27
osat|A0A0P0VYQ7	0.306451612903226	S-SS	290-301
osat|A0A0P0W7A7	0.0775401069518717	A-AA	40-49
osat|A0A0P0W9A2	0.0277435265104809	A-AA	17-30
osat|A0A0P0WAX0	0.043630017452007	A-AA	21-31
osat|A0A0P0WLY0	0.154513888888889	E-EE	85-95
osat|A0A0P0X8U0	0.136979166666667	S-SS	128-137
osat|A0A0P0XJ24	0.0184713375796178	A-AA	11-20
osat|A0A0P0XPE6	0.116504854368932	A-AA	105-113
osat|A0A0P0XZV4	0.0286016949152542	A-AA	10-19
osat|A0A0P0Y374	0.0317604355716878	A-AA	12-25
osat|A0A0P0Y735	0.84974958263773	A-AA	506-514
osat|A3A538	0.954198473282443	S-SS	621-631
osat|A3BMN9	0.0468497576736672	E-EE	26-34
osat|A7LFZ6	0.00483091787439614	A-AS	4-14
osat|F9W301	0.934873949579832	A-AA	440-452
osat|G9LZD7	0.875	A-AA	1008-1017
osat|O82143	0.511221945137157	A-AA	200-212
osat|P37398	0.0991735537190083	S-SS	66-80
osat|Q01859	0.0843920145190563	A-AA	43-52
osat|Q0D3S3	0.145805592543276	E-EE	106-115
osat|Q0D412	0.0100276625172891	A-AA	10-21
osat|Q0D8N4	0.101063829787234	A-AA	34-44
osat|Q0D8N4	0.101063829787234	A-AS	34-44
osat|Q0DA50	0.670180722891566	E-EE	440-452
osat|Q0DG35	0.01440329218107	A-AS	28-37
osat|Q0DIP2	0.0516129032258065	A-AA	21-29
osat|Q0DYK7	0.0666058394160584	A-AA	33-42
osat|Q0E3C3	0.288461538461538	A-AA	87-95
osat|Q0J9Q1	0.941634241245136	A-AA	481-489
osat|Q0JC97	0.757942511346445	D-DD	497-507
osat|Q0JC97	0.757942511346445	D-DE	497-507
osat|Q0JD53	0.0225515463917526	A-AA	14-23
osat|Q0JDP0	0.0485762144053601	A-AA	22-38
osat|Q0JJ01	0.980283911671924	S-SS	618-627
osat|Q0JNI9	0.211477987421384	A-AA	131-140
osat|Q0JQS7	0.0834710743801653	A-AA	48-55
osat|Q10BA6	0.0792682926829268	D-DD	35-45
osat|Q10G39	0.0463659147869674	S-SS	15-24
osat|Q10JI7	0.106486486486486	S-SS	92-107
osat|Q10LR5	0.0449101796407186	A-AA	20-27
osat|Q10ML4	0.778860569715142	A-AA	509-532
osat|Q10MT9	0.0295100222717149	E-EE	22-33
osat|Q10MX1	0.275641025641026	A-AA	103-114
osat|Q10NB2	0.0227586206896552	A-AA	13-22
osat|Q10NY2	0.622349823321555	A-AA	700-711
osat|Q10PZ5	0.0144766146993318	A-AA	2-13
osat|Q10RI7	0.058531746031746	A-AA	26-35
osat|Q10S28	0.126422250316056	A-AA	96-106
osat|Q2KNB9	0.0162271805273834	A-AA	4-14
osat|Q2QMP4	0.858762886597938	S-SS	413-422
osat|Q2QP84	0.994073275862069	D-DD	919-928
osat|Q2QP84	0.994073275862069	D-DE	919-928
osat|Q2QQH7	0.339113680154143	A-AA	173-181
osat|Q2QTN7	0.0853211009174312	A-AS	43-52
osat|Q2QUQ9	0.977735368956743	S-SS	765-774
osat|Q2QV94	0.697515527950311	A-AA	557-568
osat|Q2QWU7	0.304721030042918	S-AS	139-147
osat|Q2QY16	0.092814371257485	E-EE	41-54
osat|Q2QY16	0.140718562874251	E-EE	67-76
osat|Q2QY37	0.0972222222222222	A-AA	49-58
osat|Q2QYF3	0.402124430955994	A-AA	259-273
osat|Q2QYV1	0.0509615384615385	D-DD	19-36
osat|Q2R2W1	0.0429252782193959	E-EE	23-33
osat|Q2RAV0	0.0972222222222222	A-AA	49-58
osat|Q336V4	0.087138863000932	A-AA	88-101
osat|Q337B1	0.154145077720207	S-SS	56-65
osat|Q338B9	0.211764705882353	A-AA	104-114
osat|Q40665	0.976404494382022	E-EE	431-440
osat|Q53WK4	0.885674931129477	D-DD	314-331
osat|Q5I396	0.147113594040968	S-SS	76-84
osat|Q5JJJ5	0.02203182374541	A-AA	15-23
osat|Q5JLC5	0.372495446265938	S-SS	200-211
osat|Q5JNF5	0.324435318275154	A-AA	155-163
osat|Q5JNJ6	0.0414129110840439	A-AS	28-42
osat|Q5KQN3	0.86734693877551	S-SS	420-432
osat|Q5N730	0.642754145638068	S-SS	888-897
osat|Q5N773	0.223094170403587	S-SS	95-106
osat|Q5N7A8	0.166923076923077	A-AA	103-116
osat|Q5N7T3	0.0430528375733855	S-SS	18-28
osat|Q5QLD5	0.229458917835671	A-AA	111-120
osat|Q5QLH9	0.0933179723502304	S-SS	36-47
osat|Q5QMH6	0.764462809917355	S-SS	271-286
osat|Q5SMM0	0.869072164948454	S-SS	418-427
osat|Q5VPC8	0.410610465116279	A-AA	557-575
osat|Q5WN07	0.0626620570440795	E-EE	69-78
osat|Q5WN07	0.0799481417458946	E-EE	87-100
osat|Q5WN07	0.094209161624892	E-EE	105-115
osat|Q5Z6G5	0.00809061488673139	A-AA	2-10
osat|Q5Z8K3	0.0333863275039746	E-EE	17-27
osat|Q5Z9N8	0.393958076448829	E-EE	316-325
osat|Q5Z9N8	0.966091245376079	E-DE	780-789
osat|Q5Z9N8	0.966091245376079	E-EE	780-789
osat|Q5ZBN0	0.511713030746706	A-AA	346-355
osat|Q5ZDH9	0.0694029850746269	A-AA	44-51
osat|Q5ZDH9	0.640298507462687	A-AA	423-437
osat|Q5ZEN1	0.90507614213198	A-AA	886-899
osat|Q60ER0	0.930288461538462	S-SS	384-392
osat|Q60ES2	0.0785876993166287	S-SS	29-42
osat|Q60ES2	0.11503416856492	S-SS	46-57
osat|Q60ES2	0.244874715261959	E-EE	105-112
osat|Q65XN1	0.957642725598527	E-EE	516-526
osat|Q67UX0	0.029179810725552	E-EE	13-26
osat|Q67UY9	0.270983213429257	A-AA	107-121
osat|Q67WE5	0.849714285714286	A-AA	740-749
osat|Q688Y2	0.108108108108108	A-AA	27-39
osat|Q69IM4	0.0909810126582278	E-EE	53-64
osat|Q69LD2	0.0853658536585366	A-AA	27-38
osat|Q69MX3	0.0352622061482821	E-EE	17-24
osat|Q69NG6	0.0207612456747405	S-SS	7-19
osat|Q69NG6	0.0795847750865052	S-SS	43-51
osat|Q69S66	0.108096468561585	S-AS	122-131
osat|Q69SM9	0.43542654028436	E-EE	364-373
osat|Q6ATX4	0.0606936416184971	E-EE	26-39
osat|Q6AWY3	0.467607973421927	A-AA	278-287
osat|Q6ERL4	0.0809628008752735	A-AS	33-43
osat|Q6ET26	0.359447004608295	E-EE	150-164
osat|Q6ETS7	0.777644230769231	E-EE	320-329
osat|Q6EUS4	0.07875	A-AA	28-37
osat|Q6H7J6	0.0275482093663912	A-AA	16-26
osat|Q6K2F0	0.232605729877217	A-AA	163-180
osat|Q6K3F7	0.993844049247606	E-DE	723-732
osat|Q6K3F7	0.993844049247606	E-EE	723-732
osat|Q6K3N8	0.116541353383459	A-AA	58-68
osat|Q6K5G2	0.64866760168303	S-SS	458-469
osat|Q6K669	0.124790619765494	A-AA	71-80
osat|Q6K715	0.0838709677419355	A-AA	48-58
osat|Q6K7G5	0.0249679897567221	A-AA	16-25
osat|Q6K7G5	0.0249679897567221	A-AS	16-25
osat|Q6K7Q7	0.715146299483649	E-DE	407-426
osat|Q6K7Q7	0.715146299483649	E-EE	407-426
osat|Q6K969	0.43368700265252	A-AA	160-169
osat|Q6K9X0	0.362966175195143	A-AA	414-425
osat|Q6L4L2	0.961688311688312	S-SS	737-746
osat|Q6L541	0.227493917274939	S-SS	90-99
osat|Q6L541	0.381995133819951	S-SS	152-164
osat|Q6YPF2	0.0776223776223776	A-AA	53-60
osat|Q6YYV1	0.0431164901664145	A-AA	24-35
osat|Q6YZE2	0.0157232704402516	A-AA	2-15
osat|Q6Z050	0.043247344461305	A-AA	25-34
osat|Q6Z3U3	0.0089662447257384	A-AA	5-14
osat|Q6Z4A7	0.142405063291139	A-AA	64-73
osat|Q6Z517	0.100480769230769	A-AA	100-111
osat|Q6Z692	0.131259484066768	A-AA	83-92
osat|Q6Z8F7	0.00938967136150235	A-AA	2-12
osat|Q6Z8K1	0.0375722543352601	A-AA	15-26
osat|Q6Z9D7	0.0203900709219858	S-SS	7-18
osat|Q6Z9D7	0.0735815602836879	S-SS	38-47
osat|Q6ZB94	0.0806188925081433	S-SS	46-55
osat|Q6ZH94	0.053030303030303	S-AS	27-38
osat|Q75GX9	0.731729055258467	E-EE	408-415
osat|Q75J30	0.180493273542601	A-AA	77-86
osat|Q75K61	0.353465346534653	A-AA	176-183
osat|Q75KG8	0.0767012687427912	A-AA	61-74
osat|Q75LV5	0.143137254901961	E-DE	69-79
osat|Q75LV5	0.143137254901961	E-EE	69-79
osat|Q7F0I0	0.188538205980066	S-SS	108-121
osat|Q7F0I0	0.846345514950166	A-AA	502-519
osat|Q7F0R1	0.205156950672646	A-AA	87-98
osat|Q7FAG5	0.213822894168467	A-AA	95-105
osat|Q7G7J6	0.307692307692308	S-SS	188-198
osat|Q7G8Y3	0.0334538878842676	E-EE	34-42
osat|Q7PC69	0.903897849462366	A-AA	669-678
osat|Q7X6B1	0.0131348511383538	S-SS	5-12
osat|Q7X7V2	0.50091407678245	A-AA	271-279
osat|Q7XB62	0.0279605263157895	A-AA	5-14
osat|Q7XIU5	0.0932904411764706	S-SS	97-108
osat|Q7XQR9	0.967329545454545	D-DD	678-686
osat|Q7XR49	0.155021834061135	A-AA	65-79
osat|Q7XTV9	0.159300184162063	S-SS	83-92
osat|Q7XUM1	0.121745788667688	A-AA	75-86
osat|Q7XVJ6	0.0300546448087432	S-SS	13-22
osat|Q7XVN7	0.931617647058824	E-EE	630-639
osat|Q7XX94	0.035337552742616	E-DE	30-39
osat|Q7XX94	0.035337552742616	E-EE	30-39
osat|Q7XZF7	0.052771855010661	S-SS	46-55
osat|Q7Y0B2	0.100174216027875	S-SS	54-63
osat|Q84PX0	0.0458015267175573	S-SS	14-24
osat|Q84T03	0.099320882852292	E-EE	55-64
osat|Q84T61	0.0148514851485149	A-AA	3-14
osat|Q84T85	0.575471698113208	A-AA	546-554
osat|Q84UQ1	0.200858778625954	A-AA	207-216
osat|Q84UQ1	0.841125954198473	A-AA	878-887
osat|Q84ZT1	0.152390438247012	E-DE	73-82
osat|Q850Z2	0.0118043844856661	A-AA	3-13
osat|Q852K0	0.224048442906574	S-SS	125-136
osat|Q8H061	0.0446175637393768	E-EE	26-39
osat|Q8H4D4	0.12763915547025	A-AA	129-139
osat|Q8H811	0.515578635014837	A-AA	344-353
osat|Q8H919	0.102325581395349	D-DD	62-72
osat|Q8H919	0.227131782945736	D-DD	141-154
osat|Q8H919	0.227131782945736	D-DE	141-154
osat|Q8L4S9	0.236673773987207	A-AA	108-116
osat|Q8LI34	0.0423162583518931	A-AA	15-25
osat|Q8LIB1	0.0155913978494624	A-AA	10-21
osat|Q8LJL5	0.89622641509434	S-SS	278-294
osat|Q8LQJ8	0.971288515406162	A-AA	685-704
osat|Q8LQJ9	0.971751412429379	A-AA	679-699
osat|Q8W342	0.0718390804597701	S-SS	47-55
osat|Q8W5G9	0.146191646191646	A-AA	56-65
osat|Q941X1	0.0821812596006144	A-AA	48-61
osat|Q94H95	0.0307994757536042	A-AA	20-29
osat|Q94H95	0.0307994757536042	A-AS	20-29
osat|Q94JE2	0.115638766519824	S-SS	100-112
osat|Q94LW3	0.119808306709265	A-AA	30-47
osat|Q9AS76	0.28125	S-SS	163-172
osat|Q9AWZ8	0.953168044077135	A-AA	343-351
osat|Q9FDZ1	0.0335249042145594	A-AA	14-23
osat|Q9LDT8	0.185344827586207	S-AS	147-156
osat|Q9LWJ5	0.0137130801687764	A-AA	3-12
osat|Q9LWN0	0.0554187192118227	A-AA	19-28
osat|Q9LWP7	0.361271676300578	A-AA	184-193
osat|Q9SLX0	0.108818011257036	A-AA	55-63
paer|Q8ZZB0	0.051622418879056	A-AA	14-23
pcon|PCON_0002910	0.151384083044983	E-DE	84-93
pcon|PCON_0003960	0.920560747663551	A-AA	288-305
pcon|PCON_0010750	0.731550802139037	D-DD	679-691
pcon|PCON_0010750	0.731550802139037	D-DE	679-691
pcon|PCON_0013870	0.465481171548117	A-AA	219-228
pcon|PCON_0014190	0.0499254843517139	S-SS	28-41
pcon|PCON_0017090	0.413978494623656	A-AA	267-274
pcon|PCON_0018990	0.775883838383838	A-AA	612-619
pcon|PCON_0020180	0.186524822695035	S-SS	122-143
pcon|PCON_0025730	0.0635631154879141	E-EE	61-83
pcon|PCON_0025820	0.661067193675889	E-DE	331-340
pcon|PCON_0025820	0.661067193675889	E-EE	331-340
pcon|PCON_0029730	0.809201623815967	D-DE	590-608
pcon|PCON_0031260	0.88030888030888	D-DD	1136-1146
pcon|PCON_0032340	0.890760754397118	D-DE	4200-4209
pcon|PCON_0033940	0.742217898832685	A-AA	759-769
pcon|PCON_0042590	0.859601449275362	D-DD	470-481
pcon|PCON_0042590	0.859601449275362	D-DE	470-481
pcon|PCON_0044070	0.879878048780488	D-DD	718-727
pcon|PCON_0048890	0.991818181818182	D-DD	1087-1097
pcon|PCON_0049240	0.277027027027027	D-DE	305-312
pcon|PCON_0050320	0.0410299943406904	E-EE	69-78
pcon|PCON_0052160	0.302207911683533	D-DE	323-336
pcon|PCON_0052730	0.933333333333333	E-EE	706-752
pcon|PCON_0056130	0.396367521367521	S-SS	368-376
pcon|PCON_0056330	0.865030674846626	A-AA	843-851
pcon|PCON_0063650	0.788640595903166	D-DD	415-434
pcon|PCON_0063650	0.788640595903166	D-DE	415-434
pcon|PCON_0063650	0.981378026070764	D-DD	524-532
pcon|PCON_0072670	0.549656121045392	S-SS	1993-2005
pcon|PCON_0073640	0.921340304182509	D-DD	1931-1948
pcon|PCON_0074650	0.41722972972973	D-DD	1231-1241
pcon|PCON_0076080	0.561184210526316	D-DD	423-432
pcon|PCON_0076080	0.561184210526316	D-DE	423-432
pcon|PCON_0079160	0.284778225806452	E-EE	278-289
pcon|PCON_0085580	0.772373540856031	A-AA	195-204
pfal|PF3D7_0106700	0.327983251919051	D-DD	454-488
pfal|PF3D7_0106700	0.327983251919051	D-DE	454-488
pfal|PF3D7_0106700	0.501046755059316	D-DD	708-730
pfal|PF3D7_0508700	0.141370047011417	S-AS	207-216
pfal|PF3D7_0508700	0.141370047011417	S-SS	207-216
pfal|PF3D7_0508700	0.392881128274009	D-DE	581-591
pfal|PF3D7_0517400	0.460087719298246	D-DE	518-533
pfal|PF3D7_0527000	0.837148803329865	E-DE	795-816
pfal|PF3D7_0527000	0.837148803329865	E-EE	795-816
pfal|PF3D7_0624600	0.330757910228109	D-DD	896-904
pfal|PF3D7_0706000	0.936074918566775	D-DD	1144-1157
pfal|PF3D7_0802800	0.839137645107794	E-EE	501-513
pfal|PF3D7_1008700	0.978603603603604	E-EE	431-440
pfal|PF3D7_1023900	0.840396753832281	D-DD	2788-2806
pfal|PF3D7_1130200	0.957142857142857	E-EE	299-306
pfal|PF3D7_1202600	0.276273519963286	D-DD	596-610
pfal|PF3D7_1202600	0.276273519963286	D-DE	596-610
pfal|PF3D7_1202600	0.784993116108307	E-EE	1707-1716
pfal|PF3D7_1206200	0.19735503560529	E-EE	190-200
pfal|PF3D7_1206200	0.265513733468973	D-DD	256-268
pfal|PF3D7_1217200	0.757155635062612	D-DE	842-853
pfal|PF3D7_1217300	0.253125	D-DE	196-292
pfal|PF3D7_1354300	0.610510805500982	D-DD	613-632
pfal|PF3D7_1354300	0.610510805500982	D-DE	613-632
pfal|PF3D7_1359300	0.345615671641791	E-DE	366-377
pfal|PF3D7_1406200	0.0865555161404754	D-DD	241-249
pfal|PF3D7_1429900	0.886379430159833	D-DD	1272-1281
pfal|PF3D7_1441400	0.961386138613861	D-DD	481-492
pfal|PF3D7_1441400	0.983168316831683	E-EE	493-502
pgra|PGTG_00193	0.909459459459459	S-AS	1006-1015
pgra|PGTG_00744	0.603642463455548	D-DD	2506-2534
pgra|PGTG_00861	0.255647590361446	A-AA	336-345
pgra|PGTG_01241	0.827731092436975	D-DD	486-501
pgra|PGTG_01812	0.246858168761221	S-SS	410-417
pgra|PGTG_02277	0.191111111111111	D-DD	83-91
pgra|PGTG_02277	0.191111111111111	D-DE	83-91
pgra|PGTG_02507	0.0234082397003745	E-DE	34-43
pgra|PGTG_02507	0.0234082397003745	E-EE	34-43
pgra|PGTG_03387	0.0913588390501319	E-EE	132-147
pgra|PGTG_03991	0.921714818266542	S-AS	986-994
pgra|PGTG_05047	0.105633802816901	S-SS	49-58
pgra|PGTG_05280	0.407894736842105	E-EE	291-300
pgra|PGTG_05354	0.230392156862745	E-DE	159-172
pgra|PGTG_05354	0.230392156862745	E-EE	159-172
pgra|PGTG_05368	0.941176470588235	S-SS	1389-1397
pgra|PGTG_06044	0.0917516218721038	E-DE	93-107
pgra|PGTG_06044	0.0917516218721038	E-EE	93-107
pgra|PGTG_06180	0.151832460732984	E-EE	47-71
pgra|PGTG_06188	0.905144694533762	A-AA	272-293
pgra|PGTG_06278	0.142523364485981	S-SS	178-190
pgra|PGTG_06514	0.675164473684211	E-DE	406-417
pgra|PGTG_06514	0.675164473684211	E-EE	406-417
pgra|PGTG_06673	0.921248835041938	A-AA	985-994
pgra|PGTG_07339	0.0903361344537815	D-DD	61-70
pgra|PGTG_07339	0.0903361344537815	D-DE	61-70
pgra|PGTG_07554	0.145788336933045	S-AS	63-74
pgra|PGTG_08037	0.175044883303411	D-DD	94-103
pgra|PGTG_08343	0.307692307692308	E-EE	207-219
pgra|PGTG_08738	0.783369022127052	E-DE	1092-1105
pgra|PGTG_08738	0.783369022127052	E-EE	1092-1105
pgra|PGTG_10059	0.773947750362845	D-DD	1061-1074
pgra|PGTG_11280	0.257412398921833	S-SS	91-102
pgra|PGTG_13026	0.334381551362683	S-AS	156-165
pgra|PGTG_13026	0.334381551362683	S-SS	156-165
pgra|PGTG_13612	0.776467361492046	E-DE	1412-1421
pgra|PGTG_13612	0.776467361492046	E-EE	1412-1421
pgra|PGTG_15519	0.807735426008969	D-DE	717-726
pgra|PGTG_16106	0.804780876494024	E-DE	400-410
pgra|PGTG_16106	0.804780876494024	E-EE	400-410
pgra|PGTG_16520	0.877510040160643	D-DE	652-661
pgra|PGTG_16675	0.934542586750789	D-DE	589-598
pgra|PGTG_17024	0.96699478865084	S-AS	1667-1675
pgra|PGTG_18458	0.104555638536221	E-DE	136-146
pgra|PGTG_18458	0.104555638536221	E-EE	136-146
pgra|PGTG_18458	0.142643764002987	E-EE	188-196
pgra|PGTG_18465	0.359567901234568	E-EE	229-239
pgra|PGTG_18746	0.334381551362683	S-AS	156-165
pgra|PGTG_18746	0.334381551362683	S-SS	156-165
pgra|PGTG_20033	0.895691609977324	D-DD	387-405
pgra|PGTG_21244	0.548833819241982	E-EE	373-382
pgra|PGTG_21497	0.142961876832845	S-SS	94-103
phma|A0A2Y9ECQ2	0.689223979404193	E-EE	1870-1880
phma|A0A2Y9EDK4	0.947802197802198	E-EE	513-524
phma|A0A2Y9EDK4	0.984432234432234	D-DD	535-542
phma|A0A2Y9EEE6	0.65807560137457	E-DE	375-393
phma|A0A2Y9EEE6	0.65807560137457	E-EE	375-393
phma|A0A2Y9EEM3	0.133640552995392	E-EE	54-64
phma|A0A2Y9EEQ5	0.0357142857142857	E-EE	16-25
phma|A0A2Y9EEZ4	0.782608695652174	D-DD	1902-1916
phma|A0A2Y9EF20	0.424360980699009	E-DE	809-820
phma|A0A2Y9EF20	0.424360980699009	E-EE	809-820
phma|A0A2Y9EF44	0.699244060475162	S-SS	635-662
phma|A0A2Y9EF72	0.630597014925373	E-EE	248-261
phma|A0A2Y9EF86	0.193	A-AA	94-101
phma|A0A2Y9EFB8	0.207089552238806	E-EE	270-287
phma|A0A2Y9EFB8	0.433208955223881	S-SS	573-590
phma|A0A2Y9EFB8	0.701119402985075	E-EE	936-945
phma|A0A2Y9EFH0	0.288519637462236	S-SS	188-196
phma|A0A2Y9EFK6	0.790307971014493	A-AA	869-878
phma|A0A2Y9EFU7	0.635916359163592	S-SS	510-526
phma|A0A2Y9EFU7	0.65990159901599	S-SS	532-543
phma|A0A2Y9EFY9	0.18904958677686	A-AA	88-97
phma|A0A2Y9EG81	0.144053601340034	S-SS	82-92
phma|A0A2Y9EH13	0.797213622291022	S-SS	255-262
phma|A0A2Y9EHI5	0.948529411764706	D-DD	382-394
phma|A0A2Y9EHI5	0.988970588235294	D-DD	400-409
phma|A0A2Y9EIC8	0.107476635514019	S-SS	73-90
phma|A0A2Y9EIJ6	0.830621301775148	S-SS	558-567
phma|A0A2Y9EIL4	0.740470852017937	E-EE	1318-1326
phma|A0A2Y9EIN6	0.919937205651491	S-SS	1168-1178
phma|A0A2Y9EIT8	0.956730769230769	E-DE	392-406
phma|A0A2Y9EIT8	0.956730769230769	E-EE	392-406
phma|A0A2Y9EIU5	0.606685633001422	S-SS	423-432
phma|A0A2Y9EJF5	0.990131578947368	E-EE	1352-1359
phma|A0A2Y9EJF9	0.518620689655172	E-EE	371-383
phma|A0A2Y9EJF9	0.795862068965517	E-EE	573-583
phma|A0A2Y9EJF9	0.984827586206897	E-EE	710-720
phma|A0A2Y9EJG5	0.471246006389776	E-DE	144-153
phma|A0A2Y9EJG5	0.471246006389776	E-EE	144-153
phma|A0A2Y9EJY1	0.494117647058824	S-SS	543-551
phma|A0A2Y9EKH2	0.830615942028985	A-AA	452-467
phma|A0A2Y9EKN1	0.760456273764259	E-EE	195-207
phma|A0A2Y9EKN6	0.242173112338858	E-EE	259-269
phma|A0A2Y9EL17	0.865918097754293	E-EE	648-665
phma|A0A2Y9EL28	0.228155339805825	E-DE	184-194
phma|A0A2Y9EL28	0.228155339805825	E-EE	184-194
phma|A0A2Y9EL68	0.182960893854749	E-EE	62-71
phma|A0A2Y9EL72	0.970175438596491	E-EE	274-281
phma|A0A2Y9ELA5	0.114018691588785	A-AA	57-67
phma|A0A2Y9ELE6	0.0673076923076923	A-AA	21-30
phma|A0A2Y9ELI7	0.7615	E-EE	755-770
phma|A0A2Y9ELR6	0.78503937007874	A-AA	495-504
phma|A0A2Y9ELV5	0.182412060301508	E-EE	175-190
phma|A0A2Y9EM08	0.112121212121212	E-EE	198-211
phma|A0A2Y9EM08	0.450964187327824	E-EE	813-826
phma|A0A2Y9EM36	0.420172084130019	E-DE	435-446
phma|A0A2Y9EM36	0.420172084130019	E-EE	435-446
phma|A0A2Y9EMC6	0.407894736842105	E-EE	338-346
phma|A0A2Y9EMP2	0.801860465116279	E-EE	854-872
phma|A0A2Y9EMR1	0.743603411513859	E-EE	693-704
phma|A0A2Y9EN98	0.185834502103787	E-EE	129-138
phma|A0A2Y9EN98	0.2054698457223	E-EE	143-152
phma|A0A2Y9ENY9	0.0105633802816901	A-AA	2-12
phma|A0A2Y9EP05	0.142405063291139	E-DE	64-73
phma|A0A2Y9EP05	0.142405063291139	E-EE	64-73
phma|A0A2Y9EP89	0.454068241469816	E-EE	169-179
phma|A0A2Y9EPA3	0.574307304785894	A-AA	223-235
phma|A0A2Y9EPB5	0.324125230202578	E-DE	172-182
phma|A0A2Y9EPB5	0.324125230202578	E-EE	172-182
phma|A0A2Y9EPC1	0.175675675675676	A-AA	117-132
phma|A0A2Y9EPZ1	0.143051771117166	S-SS	203-219
phma|A0A2Y9EQ17	0.0559105431309904	A-AA	14-23
phma|A0A2Y9EQ51	0.147540983606557	S-SS	49-61
phma|A0A2Y9EQ51	0.345628415300546	S-SS	119-136
phma|A0A2Y9EQ51	0.390710382513661	A-AA	137-151
phma|A0A2Y9EQ88	0.474424552429668	E-EE	182-191
phma|A0A2Y9EQB9	0.761538461538461	E-EE	243-254
phma|A0A2Y9EQJ6	0.571034482758621	S-SS	411-419
phma|A0A2Y9ER28	0.788781163434903	A-AA	566-575
phma|A0A2Y9ER66	0.616052060737527	E-EE	276-294
phma|A0A2Y9ER92	0.778925619834711	S-SS	561-572
phma|A0A2Y9ERN7	0.574581430745814	E-EE	734-778
phma|A0A2Y9ERS5	0.116774193548387	A-AA	85-98
phma|A0A2Y9ERS5	0.17741935483871	A-AA	133-144
phma|A0A2Y9ERS5	0.378064516129032	S-SS	289-299
phma|A0A2Y9ES36	0.395065075921909	E-EE	724-735
phma|A0A2Y9ESE4	0.331623931623932	E-EE	188-202
phma|A0A2Y9ESF0	0.391242937853107	S-SS	133-146
phma|A0A2Y9ESI8	0.364022662889518	E-EE	250-266
phma|A0A2Y9ESQ2	0.681712962962963	A-AA	290-301
phma|A0A2Y9ET85	0.811154598825832	E-EE	825-835
phma|A0A2Y9ETA8	0.468986905582357	A-AA	674-689
phma|A0A2Y9ETG3	0.0927643784786642	A-AA	46-56
phma|A0A2Y9EU37	0.707972270363951	S-SS	402-417
phma|A0A2Y9EU37	0.879549393414211	S-SS	500-517
phma|A0A2Y9EU94	0.558118081180812	E-EE	299-308
phma|A0A2Y9EUB8	0.248957464553795	S-SS	294-305
phma|A0A2Y9EUT6	0.401398601398601	D-DD	570-580
phma|A0A2Y9EUU7	0.0162721893491124	A-AA	2-11
phma|A0A2Y9EUX9	0.156626506024096	E-EE	110-126
phma|A0A2Y9EV07	0.740740740740741	E-EE	856-866
phma|A0A2Y9EV22	0.966763005780347	A-AA	331-340
phma|A0A2Y9EV96	0.947443181818182	E-EE	330-339
phma|A0A2Y9EVJ7	0.37037037037037	A-AA	274-288
phma|A0A2Y9EVN0	0.93006993006993	E-EE	529-537
phma|A0A2Y9EVW7	0.0637198622273249	A-AA	51-62
phma|A0A2Y9EWE9	0.107620320855615	E-EE	75-88
phma|A0A2Y9EWL2	0.291633780584057	E-EE	357-384
phma|A0A2Y9EWM5	0.684955752212389	E-EE	1544-1554
phma|A0A2Y9EWR8	0.651866151866152	S-SS	492-523
phma|A0A2Y9EWS9	0.115183246073298	E-DE	85-93
phma|A0A2Y9EWS9	0.115183246073298	E-EE	85-93
phma|A0A2Y9EX28	0.514270032930845	E-EE	462-477
phma|A0A2Y9EXI3	0.659574468085106	S-SS	213-223
phma|A0A2Y9EXI5	0.94589552238806	E-EE	757-766
phma|A0A2Y9EXJ3	0.875639386189258	E-EE	1366-1375
phma|A0A2Y9EXU1	0.0815533980582524	E-EE	34-52
phma|A0A2Y9EY36	0.475	E-DE	421-436
phma|A0A2Y9EY36	0.475	E-EE	421-436
phma|A0A2Y9EY36	0.746111111111111	S-SS	664-681
phma|A0A2Y9EY36	0.767222222222222	S-SS	687-696
phma|A0A2Y9EY67	0.403901734104046	D-DE	276-285
phma|A0A2Y9EYC7	0.588235294117647	E-EE	255-267
phma|A0A2Y9EYL3	0.975806451612903	D-DD	237-249
phma|A0A2Y9EYS4	0.0183356840620592	A-AA	10-18
phma|A0A2Y9EYS4	0.232016925246827	S-SS	158-173
phma|A0A2Y9EYY2	0.1	A-AA	43-51
phma|A0A2Y9EZ37	0.0374748490945674	S-SS	72-79
phma|A0A2Y9EZ95	0.335834896810507	S-SS	171-189
phma|A0A2Y9EZS5	0.289887640449438	E-DE	124-136
phma|A0A2Y9EZS5	0.289887640449438	E-EE	124-136
phma|A0A2Y9F016	0.929561200923788	E-EE	399-408
phma|A0A2Y9F083	0.139477977161501	S-SS	80-93
phma|A0A2Y9F0E7	0.11671469740634	A-AA	37-46
phma|A0A2Y9F0F2	0.806717363751584	S-SS	1267-1281
phma|A0A2Y9F0G6	0.18475073313783	A-AA	56-72
phma|A0A2Y9F0S6	0.571428571428571	A-AA	172-190
phma|A0A2Y9F150	0.171739130434783	E-EE	155-163
phma|A0A2Y9F165	0.414634146341463	E-EE	140-168
phma|A0A2Y9F174	0.319719953325554	D-DD	270-280
phma|A0A2Y9F1K7	0.412107396149949	E-EE	808-821
phma|A0A2Y9F1L1	0.275075987841945	D-DD	178-186
phma|A0A2Y9F1L1	0.275075987841945	D-DE	178-186
phma|A0A2Y9F1L1	0.295592705167173	E-EE	187-204
phma|A0A2Y9F1P2	0.821195652173913	S-SS	752-761
phma|A0A2Y9F1U6	0.576322115384615	E-EE	956-964
phma|A0A2Y9F2A7	0.102319236016371	S-SS	72-80
phma|A0A2Y9F2E4	0.412486064659978	D-DD	366-376
phma|A0A2Y9F2E4	0.412486064659978	D-DE	366-376
phma|A0A2Y9F376	0.85982905982906	E-EE	495-513
phma|A0A2Y9F3E1	0.339272858171346	E-EE	939-948
phma|A0A2Y9F3E6	0.79695885509839	S-SS	438-455
phma|A0A2Y9F3H9	0.620353982300885	A-AA	347-356
phma|A0A2Y9F3H9	0.952212389380531	S-SS	535-543
phma|A0A2Y9F3L6	0.102209944751381	A-AA	124-137
phma|A0A2Y9F3L6	0.174427782162589	A-AA	218-226
phma|A0A2Y9F3R0	0.585074626865672	A-AA	192-202
phma|A0A2Y9F3X9	0.0441988950276243	E-DE	37-61
phma|A0A2Y9F3X9	0.0441988950276243	E-EE	37-61
phma|A0A2Y9F3Y9	0.761390887290168	S-SS	308-329
phma|A0A2Y9F4Q9	0.801104972375691	A-AA	282-300
phma|A0A2Y9F544	0.690286094477711	E-EE	1034-1043
phma|A0A2Y9F576	0.9004400440044	E-EE	815-824
phma|A0A2Y9F5C2	0.229166666666667	S-SS	134-143
phma|A0A2Y9F5F2	0.151515151515152	S-SS	266-276
phma|A0A2Y9F5G4	0.298406000937647	S-SS	633-642
phma|A0A2Y9F5G4	0.840600093764651	S-SS	1789-1799
phma|A0A2Y9F5K1	0.728383458646617	E-EE	382-395
phma|A0A2Y9F5U4	0.338926174496644	S-SS	97-107
phma|A0A2Y9F5X3	0.772767658818303	S-SS	1736-1745
phma|A0A2Y9F673	0.199581589958159	A-AA	232-247
phma|A0A2Y9F6H6	0.170422535211268	E-EE	52-71
phma|A0A2Y9F6T7	0.735840707964602	E-EE	829-836
phma|A0A2Y9F6W9	0.0179834905660377	A-AA	23-40
phma|A0A2Y9F6W9	0.0778301886792453	S-SS	129-137
phma|A0A2Y9F763	0.445429104477612	E-EE	474-483
phma|A0A2Y9F7R0	0.925997425997426	E-EE	716-725
phma|A0A2Y9F7S4	0.625846501128668	S-SS	551-560
phma|A0A2Y9F7U1	0.883265856950067	S-SS	649-662
phma|A0A2Y9F8A4	0.729128014842301	E-EE	388-400
phma|A0A2Y9F8A4	0.791280148423006	E-EE	422-433
phma|A0A2Y9F8N0	0.114525139664804	E-DE	92-115
phma|A0A2Y9F8N0	0.114525139664804	E-EE	92-115
phma|A0A2Y9F8V0	0.0979020979020979	S-SS	206-216
phma|A0A2Y9F8V1	0.0581395348837209	E-EE	34-43
phma|A0A2Y9F921	0.350674373795761	A-AA	354-376
phma|A0A2Y9F922	0.447490092470277	E-EE	670-687
phma|A0A2Y9F935	0.832182320441989	S-SS	581-626
phma|A0A2Y9F9A6	0.155991165102153	E-EE	276-291
phma|A0A2Y9F9G8	0.276479750778816	A-AA	175-182
phma|A0A2Y9F9P1	0.201226635514019	E-EE	341-350
phma|A0A2Y9FA20	0.904255319148936	E-EE	419-433
phma|A0A2Y9FAE5	0.0464426877470356	A-AA	67-76
phma|A0A2Y9FAH5	0.670786516853933	E-EE	295-304
phma|A0A2Y9FAS1	0.136492220650636	S-SS	93-102
phma|A0A2Y9FAV1	0.202090592334495	D-DD	112-122
phma|A0A2Y9FB44	0.00565262076053443	A-AA	2-11
phma|A0A2Y9FB68	0.325902335456476	E-EE	149-160
phma|A0A2Y9FBN5	0.821316614420063	S-SS	781-793
phma|A0A2Y9FBW1	0.065052950075643	A-AA	38-50
phma|A0A2Y9FBW1	0.207261724659607	E-EE	129-147
phma|A0A2Y9FCR5	0.11925254813137	S-SS	523-532
phma|A0A2Y9FCR5	0.561608154020385	E-DE	2476-2485
phma|A0A2Y9FCR5	0.561608154020385	E-EE	2476-2485
phma|A0A2Y9FD02	0.702928870292887	E-EE	500-510
phma|A0A2Y9FD02	0.793584379358438	E-EE	560-580
phma|A0A2Y9FD67	0.869909502262443	S-SS	381-390
phma|A0A2Y9FDV0	0.49546279491833	E-EE	269-279
phma|A0A2Y9FDZ5	0.0216010165184244	A-AA	12-24
phma|A0A2Y9FDZ5	0.165184243964422	S-SS	127-135
phma|A0A2Y9FE62	0.469282013323464	E-EE	631-639
phma|A0A2Y9FE62	0.501850481125093	E-EE	673-685
phma|A0A2Y9FEJ6	0.940944881889764	A-AA	355-364
phma|A0A2Y9FEL8	0.0969387755102041	A-AA	30-48
phma|A0A2Y9FEV4	0.921401515151515	E-EE	482-493
phma|A0A2Y9FF43	0.147115384615385	D-DD	73-82
phma|A0A2Y9FFK6	0.601049868766404	A-AA	225-235
phma|A0A2Y9FFP6	0.795208655332303	S-SS	511-520
phma|A0A2Y9FFT5	0.142190152801358	E-DE	155-182
phma|A0A2Y9FFT5	0.142190152801358	E-EE	155-182
phma|A0A2Y9FFZ5	0.0597345132743363	S-SS	50-60
phma|A0A2Y9FFZ5	0.144911504424779	S-SS	128-136
phma|A0A2Y9FG33	0.604118993135011	S-SS	261-269
phma|A0A2Y9FG55	0.620622568093385	S-SS	475-484
phma|A0A2Y9FG55	0.638132295719844	S-SS	488-498
phma|A0A2Y9FG62	0.0111940298507463	A-AA	2-12
phma|A0A2Y9FGA4	0.475108225108225	D-DD	215-226
phma|A0A2Y9FGA4	0.475108225108225	D-DE	215-226
phma|A0A2Y9FGK5	0.184507042253521	E-EE	58-75
phma|A0A2Y9FGM5	0.53485254691689	E-DE	394-406
phma|A0A2Y9FGM5	0.53485254691689	E-EE	394-406
phma|A0A2Y9FHC7	0.975290697674419	E-EE	332-341
phma|A0A2Y9FHJ6	0.546043165467626	S-SS	374-387
phma|A0A2Y9FHW7	0.54639175257732	S-SS	314-324
phma|A0A2Y9FI65	0.0437710437710438	A-AA	23-31
phma|A0A2Y9FIH2	0.345844504021448	E-EE	378-398
phma|A0A2Y9FIK2	0.712543554006969	E-EE	398-422
phma|A0A2Y9FIY4	0.0943396226415094	S-SS	33-59
phma|A0A2Y9FIY6	0.988970588235294	E-EE	800-816
phma|A0A2Y9FKA0	0.0386199794026777	D-DD	34-43
phma|A0A2Y9FKA0	0.0386199794026777	D-DE	34-43
phma|A0A2Y9FKF4	0.253125	E-EE	78-86
phma|A0A2Y9FKJ6	0.7491961414791	S-SS	453-481
phma|A0A2Y9FKM2	0.976010101010101	S-SS	383-392
phma|A0A2Y9FKS0	0.281573498964803	A-AA	132-142
phma|A0A2Y9FKT4	0.216763005780347	E-EE	71-81
phma|A0A2Y9FKW0	0.104007633587786	E-EE	49-62
phma|A0A2Y9FL09	0.443531093638313	S-SS	616-627
phma|A0A2Y9FL19	0.590225563909774	E-EE	311-319
phma|A0A2Y9FL94	0.0553435114503817	S-SS	40-49
phma|A0A2Y9FLD9	0.186192468619247	A-AA	83-97
phma|A0A2Y9FLG8	0.773514851485149	S-SS	308-319
phma|A0A2Y9FLI9	0.80703095147115	S-SS	2109-2117
phma|A0A2Y9FLL6	0.593525179856115	E-EE	485-507
phma|A0A2Y9FLS4	0.0188087774294671	A-AA	9-17
phma|A0A2Y9FLS4	0.898119122257053	S-SS	570-578
phma|A0A2Y9FM10	0.0140495867768595	S-SS	5-14
phma|A0A2Y9FM14	0.759625126646403	S-SS	1496-1505
phma|A0A2Y9FM74	0.852371732817038	E-EE	875-888
phma|A0A2Y9FM87	0.851473922902494	E-EE	371-382
phma|A0A2Y9FML9	0.494590417310665	E-EE	313-329
phma|A0A2Y9FN48	0.964730290456432	E-EE	228-239
phma|A0A2Y9FN65	0.313368381524596	E-EE	828-843
phma|A0A2Y9FNK7	0.0419871794871795	E-EE	128-136
phma|A0A2Y9FNM8	0.00957290132547865	S-SS	3-12
phma|A0A2Y9FNU5	0.154005524861878	A-AA	108-117
phma|A0A2Y9FNV5	0.88942731277533	E-EE	1006-1015
phma|A0A2Y9FP13	0.605015673981191	E-EE	381-393
phma|A0A2Y9FPD6	0.512578616352201	E-EE	320-334
phma|A0A2Y9FPE5	0.698701298701299	E-EE	533-545
phma|A0A2Y9FPG0	0.969740634005764	E-EE	330-345
phma|A0A2Y9FPS9	0.807262569832402	E-DE	717-730
phma|A0A2Y9FPS9	0.807262569832402	E-EE	717-730
phma|A0A2Y9FQ21	0.229682854311199	A-AA	460-469
phma|A0A2Y9FQ21	0.229682854311199	A-AS	460-469
phma|A0A2Y9FQA5	0.581649831649832	E-EE	341-352
phma|A0A2Y9FQA5	0.643939393939394	E-EE	373-394
phma|A0A2Y9FQA6	0.505872483221476	A-AA	598-610
phma|A0A2Y9FQB7	0.213186813186813	S-SS	88-108
phma|A0A2Y9FQC8	0.282375851996105	S-SS	287-295
phma|A0A2Y9FQH0	0.100282485875706	A-AA	32-41
phma|A0A2Y9FQX7	0.614247311827957	D-DD	223-236
phma|A0A2Y9FQZ2	0.612313937753721	E-EE	445-462
phma|A0A2Y9FQZ2	0.656968876860622	E-EE	483-490
phma|A0A2Y9FR02	0.453191489361702	E-EE	206-222
phma|A0A2Y9FR92	0.25968992248062	S-SS	130-140
phma|A0A2Y9FRG1	0.0113154172560113	A-AA	2-16
phma|A0A2Y9FRM4	0.140022675736961	E-DE	120-129
phma|A0A2Y9FRM4	0.140022675736961	E-EE	120-129
phma|A0A2Y9FS67	0.0850785340314136	A-AA	95-102
phma|A0A2Y9FS67	0.0850785340314136	A-AS	95-102
phma|A0A2Y9FS67	0.914921465968586	E-EE	1046-1053
phma|A0A2Y9FSC1	0.988664987405542	D-DD	389-398
phma|A0A2Y9FSC5	0.17563025210084	E-EE	100-111
phma|A0A2Y9FSL3	0.214721586575133	E-EE	277-288
phma|A0A2Y9FSL3	0.416475972540046	E-EE	540-554
phma|A0A2Y9FSL3	0.975591151792525	S-SS	1275-1285
phma|A0A2Y9FSM0	0.141196013289037	E-EE	38-49
phma|A0A2Y9FSV0	0.68503937007874	S-SS	432-440
phma|A0A2Y9FT08	0.96780303030303	D-DD	250-263
phma|A0A2Y9FT28	0.0295930949445129	S-SS	19-31
phma|A0A2Y9FT47	0.783602150537634	S-SS	288-297
phma|A0A2Y9FT57	0.915360501567398	A-AA	287-299
phma|A0A2Y9FT73	0.178571428571429	E-EE	54-68
phma|A0A2Y9FTU6	0.360559566787004	E-EE	396-405
phma|A0A2Y9FU79	0.232009925558313	E-EE	88-101
phma|A0A2Y9FUA2	0.802083333333333	A-AA	266-275
phma|A0A2Y9FUA2	0.882440476190476	A-AA	293-302
phma|A0A2Y9FUC8	0.121643612693247	E-EE	145-156
phma|A0A2Y9FUC8	0.130593978844589	D-DD	157-166
phma|A0A2Y9FUC8	0.15459723352319	D-DD	186-196
phma|A0A2Y9FVC5	0.619604316546763	A-AA	342-349
phma|A0A2Y9FVG8	0.297682709447415	S-SS	149-187
phma|A0A2Y9FVG8	0.674688057040998	S-SS	374-385
phma|A0A2Y9FVJ9	0.014367816091954	A-AA	9-23
phma|A0A2Y9FW17	0.799651567944251	E-EE	224-237
phma|A0A2Y9FW29	0.774869109947644	A-AA	292-302
phma|A0A2Y9FWX8	0.585324232081911	D-DD	161-184
phma|A0A2Y9RW02	0.90745501285347	E-EE	346-362
phma|A0A2Y9RXE3	0.179166666666667	A-AA	82-92
phma|A0A2Y9S0H8	0.414893617021277	A-AA	328-337
phma|A0A2Y9S0S2	0.0268410185822436	A-AA	35-45
phma|A0A2Y9S0V1	0.0826719576719577	A-AA	59-68
phma|A0A2Y9S1L5	0.920595533498759	A-AA	1108-1120
phma|A0A2Y9S2A3	0.00897129186602871	A-AA	2-15
phma|A0A2Y9S2J7	0.0365646258503401	S-SS	16-29
phma|A0A2Y9S3B1	0.350401606425703	S-SS	165-186
phma|A0A2Y9S3I5	0.37822189017557	D-DD	1009-1018
phma|A0A2Y9S432	0.22	A-AA	85-93
phma|A0A2Y9S435	0.517350157728707	A-AA	325-333
phma|A0A2Y9S451	0.926601423487544	E-EE	1037-1048
phma|A0A2Y9S451	0.952846975088968	E-EE	1063-1081
phma|A0A2Y9S459	0.648868778280543	E-DE	713-723
phma|A0A2Y9S459	0.648868778280543	E-EE	713-723
phma|A0A2Y9S470	0.0941402497598463	S-SS	92-106
phma|A0A2Y9S4V4	0.686550976138829	S-SS	944-957
phma|A0A2Y9S507	0.774658573596358	S-SS	506-517
phma|A0A2Y9S5M4	0.210526315789474	A-AA	96-114
phma|A0A2Y9S5P7	0.811258278145695	E-EE	609-618
phma|A0A2Y9S5Y1	0.991436100131752	E-EE	750-757
phma|A0A2Y9S5Y3	0.0956907477820025	A-AA	71-82
phma|A0A2Y9S5Y3	0.130544993662864	A-AA	98-110
phma|A0A2Y9S5Y3	0.130544993662864	A-AS	98-110
phma|A0A2Y9S640	0.77403414195867	E-EE	856-869
phma|A0A2Y9S6C9	0.918898240244835	D-DD	1197-1207
phma|A0A2Y9S6J4	0.699667221297837	E-EE	404-439
phma|A0A2Y9S6J4	0.774542429284526	E-EE	463-470
phma|A0A2Y9S6Z7	0.0310402684563758	E-EE	31-45
phma|A0A2Y9S730	0.584876543209877	A-AA	187-194
phma|A0A2Y9S743	0.663617886178862	A-AA	323-332
phma|A0A2Y9S749	0.668571428571429	E-DE	581-591
phma|A0A2Y9S749	0.668571428571429	E-EE	581-591
phma|A0A2Y9S7S2	0.0345224395857307	S-SS	26-36
phma|A0A2Y9S7Y1	0.760695187165775	E-EE	565-575
phma|A0A2Y9S885	0.853238866396761	E-EE	1258-1273
phma|A0A2Y9S8G6	0.230878186968839	E-EE	158-170
phma|A0A2Y9S8I8	0.446428571428571	A-AA	471-481
phma|A0A2Y9S8T0	0.740157480314961	E-EE	1118-1140
phma|A0A2Y9S8X5	0.28234903782349	S-SS	422-431
phma|A0A2Y9S928	0.979939819458375	E-EE	2926-2938
phma|A0A2Y9S983	0.0162337662337662	A-AA	1-11
phma|A0A2Y9S9K4	0.296666666666667	E-EE	173-185
phma|A0A2Y9S9Q0	0.600943396226415	A-AA	315-324
phma|A0A2Y9SAJ7	0.40110729285987	S-SS	1047-1056
phma|A0A2Y9SAP4	0.0201238390092879	A-AA	4-11
phma|A0A2Y9SAT4	0.0301668806161746	A-AA	20-29
phma|A0A2Y9SB14	0.254185022026432	A-AA	281-298
phma|A0A2Y9SB72	0.619631901840491	A-AA	299-309
phma|A0A2Y9SB72	0.976482617586912	A-AA	472-485
phma|A0A2Y9SBJ6	0.715775158658205	S-SS	786-795
phma|A0A2Y9SBU7	0.127868852459016	E-EE	36-44
phma|A0A2Y9SBY8	0.0293594306049822	E-EE	30-38
phma|A0A2Y9SC72	0.256875687568757	E-EE	230-239
phma|A0A2Y9SC85	0.665303486870426	S-SS	1542-1551
phma|A0A2Y9SCM5	0.30015923566879	E-EE	374-382
phma|A0A2Y9SCM7	0.415555555555556	E-EE	557-567
phma|A0A2Y9SD31	0.816455696202532	A-AA	319-328
phma|A0A2Y9SD63	0.449152542372881	E-EE	209-217
phma|A0A2Y9SDA7	0.95042735042735	E-EE	552-562
phma|A0A2Y9SE72	0.921364985163205	S-SS	307-316
phma|A0A2Y9SEC9	0.301184433164129	A-AA	174-184
phma|A0A2Y9SEH2	0.840443686006826	A-AA	489-498
phma|A0A2Y9SEI3	0.805630026809651	E-EE	592-612
phma|A0A2Y9SEJ4	0.724108944182919	E-EE	2150-2159
phma|A0A2Y9SEV8	0.763013698630137	A-AA	272-287
phma|A0A2Y9SEY4	0.209969788519637	E-EE	64-77
phma|A0A2Y9SF24	0.771645021645022	S-SS	341-374
phma|A0A2Y9SF30	0.184626436781609	A-AA	125-134
phma|A0A2Y9SFI4	0.0173199635369189	A-AA	16-24
phma|A0A2Y9SGL1	0.0899814471243043	E-EE	45-54
phma|A0A2Y9SGT5	0.201298701298701	A-AA	75-82
phma|A0A2Y9SGT5	0.720779220779221	S-SS	275-282
phma|A0A2Y9SGU9	0.0867537313432836	A-AA	44-51
phma|A0A2Y9SGU9	0.665111940298508	A-AA	353-362
phma|A0A2Y9SH16	0.326340326340326	A-AA	137-145
phma|A0A2Y9SH20	0.130847953216374	A-AA	84-97
phma|A0A2Y9SH20	0.130847953216374	A-AS	84-97
phma|A0A2Y9SH22	0.0617977528089888	A-AA	29-39
phma|A0A2Y9SH29	0.0512820512820513	A-AA	12-26
phma|A0A2Y9SH48	0.957990115321252	E-EE	1159-1169
phma|A0A2Y9SH62	0.928571428571429	S-SS	588-597
phma|A0A2Y9SH86	0.0854214123006834	A-AA	33-44
phma|A0A2Y9SH86	0.0854214123006834	A-AS	33-44
phma|A0A2Y9SHC5	0.193418013856813	E-EE	165-172
phma|A0A2Y9SHC5	0.298498845265589	E-EE	254-265
phma|A0A2Y9SHI7	0.826612903225806	A-AA	611-621
phma|A0A2Y9SHL6	0.239130434782609	A-AA	113-120
phma|A0A2Y9SHL6	0.570393374741201	A-AA	272-281
phma|A0A2Y9SHL6	0.954451345755694	A-AA	452-472
phma|A0A2Y9SHM2	0.408929477422628	A-AA	803-811
phma|A0A2Y9SHM2	0.534500253678336	S-SS	1046-1063
phma|A0A2Y9SHM2	0.551750380517504	E-EE	1078-1099
phma|A0A2Y9SHP3	0.0217391304347826	A-AA	5-17
phma|A0A2Y9SID0	0.996049165935031	S-SS	1132-1139
phma|A0A2Y9SIJ0	0.990384615384615	E-EE	562-573
phma|A0A2Y9SIV3	0.471409275101306	A-AA	1043-1053
phma|A0A2Y9SIY3	0.237767584097859	D-DD	153-160
phma|A0A2Y9SIY3	0.237767584097859	D-DE	153-160
phma|A0A2Y9SJ67	0.0473404255319149	E-EE	41-50
phma|A0A2Y9SJ98	0.138607594936709	S-SS	105-116
phma|A0A2Y9SJ98	0.165822784810127	S-SS	128-136
phma|A0A2Y9SJM2	0.0427170868347339	A-AA	26-37
phma|A0A2Y9SJT2	0.112299465240642	E-EE	37-49
phma|A0A2Y9SJV5	0.0491228070175439	A-AA	25-33
phma|A0A2Y9SJV5	0.16140350877193	A-AA	89-97
phma|A0A2Y9SJV5	0.810526315789474	A-AA	455-471
phma|A0A2Y9SK05	0.544431279620853	S-SS	456-465
phma|A0A2Y9SKB7	0.0492294520547945	E-EE	55-62
phma|A0A2Y9SKN7	0.366612111292962	A-AA	220-230
phma|A0A2Y9SKQ2	0.432951036612263	S-SS	978-987
phma|A0A2Y9SKQ3	0.185754189944134	A-AA	57-78
phma|A0A2Y9SKQ3	0.895251396648045	A-AA	317-326
phma|A0A2Y9SKW1	0.050185873605948	A-AA	23-33
phma|A0A2Y9SKX0	0.0362663495838288	S-SS	23-40
phma|A0A2Y9SKX6	0.235127478753541	A-AA	77-91
phma|A0A2Y9SLA1	0.214078182778658	S-SS	807-816
phma|A0A2Y9SLK3	0.0228237791932059	A-AA	16-29
phma|A0A2Y9SLK3	0.764331210191083	S-AS	714-728
phma|A0A2Y9SLK3	0.764331210191083	S-SS	714-728
phma|A0A2Y9SLQ4	0.390238313473877	E-EE	847-858
phma|A0A2Y9SLQ5	0.900852878464819	D-DD	419-428
phma|A0A2Y9SM56	0.287001897533207	S-SS	297-310
phma|A0A2Y9SMQ3	0.973729993041058	S-SS	2795-2804
phma|A0A2Y9SN58	0.839441535776614	S-SS	476-488
phma|A0A2Y9SNB4	0.328249336870026	E-EE	244-253
phma|A0A2Y9SNE6	0.219148936170213	E-EE	99-109
phma|A0A2Y9SNK0	0.068717277486911	E-EE	47-60
phma|A0A2Y9SNL4	0.764578833693304	A-AA	345-365
phma|A0A2Y9SNL4	0.844492440604752	A-AA	387-397
phma|A0A2Y9SP43	0.271381578947368	S-SS	79-88
phma|A0A2Y9SP43	0.324013157894737	S-SS	93-106
phma|A0A2Y9SP43	0.379934210526316	S-SS	108-125
phma|A0A2Y9SPB1	0.207446808510638	E-EE	131-144
phma|A0A2Y9SPC6	0.0547210300429185	A-AA	22-31
phma|A0A2Y9SPC6	0.106223175965665	A-AA	46-55
phma|A0A2Y9SPQ6	0.23334655035686	S-SS	584-595
phma|A0A2Y9SPQ6	0.666137985725615	E-EE	1674-1688
phma|A0A2Y9SPT1	0.926175720014583	S-SS	2526-2557
phma|A0A2Y9SPT1	0.955523149835946	S-SS	2601-2643
phma|A0A2Y9SPT2	0.750852660300136	S-SS	2175-2230
phma|A0A2Y9SPT2	0.913540245566166	A-AA	2674-2685
phma|A0A2Y9SPX8	0.111393692777213	E-EE	107-114
phma|A0A2Y9SPX8	0.128687690742625	E-EE	121-134
phma|A0A2Y9SPX8	0.383011190233978	S-SS	370-385
phma|A0A2Y9SPX8	0.854018311291963	A-AA	831-850
phma|A0A2Y9SQ06	0.126494023904382	A-AA	58-71
phma|A0A2Y9SQ37	0.13326941514861	E-EE	134-146
phma|A0A2Y9SQ48	0.0639386189258312	E-EE	44-58
phma|A0A2Y9SQ96	0.820083682008368	S-SS	384-402
phma|A0A2Y9SQA1	0.437634408602151	A-AA	404-412
phma|A0A2Y9SQN8	0.923769507803121	S-SS	766-775
phma|A0A2Y9SQT1	0.0148911798396334	A-AA	7-21
phma|A0A2Y9SQT1	0.0148911798396334	A-AS	7-21
phma|A0A2Y9SQT8	0.326018808777429	A-AA	100-110
phma|A0A2Y9SQY6	0.721014492753623	A-AA	892-901
phma|A0A2Y9SRB7	0.537895511405445	S-SS	726-738
phma|A0A2Y9SRC1	0.286783042394015	S-SS	111-121
phma|A0A2Y9SRD6	0.97041847041847	E-EE	668-679
phma|A0A2Y9SRF4	0.44104134762634	A-AA	285-293
phma|A0A2Y9SRF4	0.485451761102603	A-AA	314-322
phma|A0A2Y9SRF4	0.519908116385911	A-AA	336-345
phma|A0A2Y9SRK5	0.941422594142259	E-EE	1120-1132
phma|A0A2Y9SRS8	0.212166172106825	S-SS	211-220
phma|A0A2Y9SS03	0.614238410596026	A-AA	182-191
phma|A0A2Y9SSC6	0.0854189336235038	A-AA	74-85
phma|A0A2Y9SSD3	0.618169398907104	S-SS	449-458
phma|A0A2Y9SSG2	0.0841584158415842	A-AA	29-41
phma|A0A2Y9SSP5	0.078318219291014	S-SS	278-294
phma|A0A2Y9SSW0	0.81528895391368	S-SS	1111-1120
phma|A0A2Y9ST58	0.143682906688687	A-AA	165-185
phma|A0A2Y9ST59	0.36650868878357	A-AA	227-239
phma|A0A2Y9ST59	0.36650868878357	A-AS	227-239
phma|A0A2Y9STB0	0.510909090909091	A-AA	137-146
phma|A0A2Y9STB0	0.578181818181818	A-AA	154-166
phma|A0A2Y9STB0	0.772727272727273	A-AA	208-219
phma|A0A2Y9STD6	0.033102766798419	E-EE	29-40
phma|A0A2Y9STD6	0.144762845849802	E-EE	142-153
phma|A0A2Y9STE6	0.0167349726775956	E-DE	20-31
phma|A0A2Y9STE6	0.0167349726775956	E-EE	20-31
phma|A0A2Y9STG3	0.740831295843521	E-EE	298-310
phma|A0A2Y9STH9	0.644904458598726	A-AA	198-209
phma|A0A2Y9STK3	0.150414937759336	A-AA	69-78
phma|A0A2Y9SU80	0.47037037037037	A-AA	184-199
phma|A0A2Y9SUI0	0.104231166150671	E-EE	95-109
phma|A0A2Y9SUL9	0.709785522788204	E-EE	526-535
phma|A0A2Y9SUY8	0.948521916411825	E-EE	925-938
phma|A0A2Y9SUZ3	0.10752688172043	A-AA	206-216
phma|A0A2Y9SVD2	0.14103690685413	A-AA	157-166
phma|A0A2Y9SVE2	0.767158671586716	E-EE	1036-1045
phma|A0A2Y9SVH3	0.788029925187032	S-SS	945-953
phma|A0A2Y9SVP4	0.74171270718232	A-AA	265-274
phma|A0A2Y9SVP7	0.302896218825422	E-EE	370-385
phma|A0A2Y9SVY9	0.487204724409449	S-SS	739-748
phma|A0A2Y9SW24	0.125498007968127	A-AA	58-70
phma|A0A2Y9SW24	0.427290836653386	E-EE	211-220
phma|A0A2Y9SW98	0.0464071856287425	A-AA	28-36
phma|A0A2Y9SW98	0.0464071856287425	A-AS	28-36
phma|A0A2Y9SWK8	0.0338767193071829	A-AA	63-72
phma|A0A2Y9SWV9	0.0682773109243697	A-AA	29-38
phma|A0A2Y9SWX2	0.112740805604203	S-AS	253-264
phma|A0A2Y9SWX2	0.112740805604203	S-SS	253-264
phma|A0A2Y9SWX2	0.149956217162872	A-AA	338-349
phma|A0A2Y9SWX2	0.778239929947461	E-EE	1774-1783
phma|A0A2Y9SWZ0	0.136134453781513	A-AA	78-86
phma|A0A2Y9SX13	0.88876772082879	E-EE	812-820
phma|A0A2Y9SX22	0.36864406779661	E-EE	255-269
phma|A0A2Y9SXG6	0.388679245283019	E-EE	304-316
phma|A0A2Y9SXG6	0.412578616352201	E-EE	321-337
phma|A0A2Y9SXM9	0.916980118216013	E-EE	1699-1716
phma|A0A2Y9SXR0	0.72075055187638	S-SS	323-332
phma|A0A2Y9SYG1	0.589968976215098	S-SS	567-576
phma|A0A2Y9SYI1	0.279220779220779	S-SS	297-307
phma|A0A2Y9SZ57	0.542889390519187	A-AA	235-248
phma|A0A2Y9SZ57	0.734762979683973	A-AA	323-330
phma|A0A2Y9SZ57	0.7686230248307	A-AA	337-346
phma|A0A2Y9SZ57	0.803611738148984	A-AA	352-362
phma|A0A2Y9SZG4	0.306282722513089	E-EE	110-126
phma|A0A2Y9SZL0	0.596509240246407	E-EE	1158-1168
phma|A0A2Y9SZP6	0.0907172995780591	A-AA	58-73
phma|A0A2Y9SZP6	0.0907172995780591	A-AS	58-73
phma|A0A2Y9SZP6	0.821378340365682	A-AA	581-589
phma|A0A2Y9SZP6	0.838959212376934	A-AA	592-603
phma|A0A2Y9SZR4	0.683640303358613	E-EE	1259-1267
phma|A0A2Y9SZR4	0.720476706392199	E-EE	1327-1335
phma|A0A2Y9SZZ9	0.0695067264573991	A-AA	27-37
phma|A0A2Y9T012	0.721327637200131	A-AA	2191-2201
phma|A0A2Y9T012	0.909135721327637	A-AA	2763-2772
phma|A0A2Y9T012	0.909135721327637	A-AS	2763-2772
phma|A0A2Y9T050	0.30715935334873	A-AA	130-138
phma|A0A2Y9T064	0.46112600536193	A-AA	166-180
phma|A0A2Y9T076	0.520121951219512	S-SS	423-432
phma|A0A2Y9T0I5	0.026621490803485	E-EE	23-34
phma|A0A2Y9T0N4	0.0173022598870056	A-AA	21-30
phma|A0A2Y9T148	0.530401034928849	A-AA	406-416
phma|A0A2Y9T1H3	0.00797024442082891	A-AA	4-13
phma|A0A2Y9T1J3	0.0132530120481928	S-SS	13-22
phma|A0A2Y9T1T1	0.0657439446366782	E-EE	15-25
phma|A0A2Y9T275	0.279326364692218	A-AA	237-246
phma|A0A2Y9T2R4	0.386968085106383	E-DE	142-151
phma|A0A2Y9T2R4	0.386968085106383	E-EE	142-151
phma|A0A2Y9T2U6	0.58467417538214	E-EE	1449-1460
phma|A0A2Y9T2W2	0.496763754045307	A-AA	304-312
phma|A0A2Y9T319	0.993472584856397	D-DD	758-766
phma|A0A2Y9T350	0.104525862068966	A-AA	46-53
phma|A0A2Y9T3Q9	0.173280423280423	E-EE	126-138
phma|A0A2Y9T495	0.0130111524163569	A-AA	2-14
phma|A0A2Y9T4D1	0.118259803921569	E-EE	88-107
phma|A0A2Y9T4D1	0.57781862745098	E-EE	466-479
phma|A0A2Y9T4I2	0.458271236959762	E-EE	305-312
phma|A0A2Y9T4X3	0.750625521267723	A-AA	897-905
phma|A0A2Y9T5A1	0.117844249613203	A-AA	224-235
phma|A0A2Y9T5K0	0.957010582010582	D-DD	720-729
phma|A0A2Y9T5K0	0.984126984126984	S-SS	738-752
phma|A0A2Y9T5P1	0.0917753259779338	S-SS	84-101
phma|A0A2Y9T5P1	0.628385155466399	E-DE	616-639
phma|A0A2Y9T5P1	0.628385155466399	E-EE	616-639
phma|A0A2Y9T656	0.0327324478178368	A-AA	31-40
phma|A0A2Y9T6C7	0.242979242979243	A-AA	593-603
phma|A0A2Y9T6D4	0.480113636363636	A-AA	250-259
phma|A0A2Y9T6H3	0.23947528981086	S-SS	390-397
phma|A0A2Y9T6L7	0.372685185185185	D-DD	158-166
phma|A0A2Y9T6S4	0.239852398523985	D-DD	190-202
phma|A0A2Y9T6Z5	0.838461538461538	A-AA	897-958
phma|A0A2Y9T6Z5	0.887330316742081	A-AA	977-986
phma|A0A2Y9T771	0.623539232053422	A-AA	370-379
phma|A0A2Y9T797	0.224409448818898	E-EE	82-91
phma|A0A2Y9T7A3	0.607809847198642	E-EE	712-722
phma|A0A2Y9T7F2	0.5	E-EE	224-237
phma|A0A2Y9T7I3	0.83195020746888	A-AA	394-410
phma|A0A2Y9T7K5	0.739458615304529	E-EE	1418-1425
phma|A0A2Y9T7N1	0.337305495371282	E-EE	1709-1718
phma|A0A2Y9T835	0.342414082145851	S-SS	405-414
phma|A0A2Y9T838	0.497987927565392	A-AA	739-748
phma|A0A2Y9T8E1	0.617571059431525	E-EE	951-963
phma|A0A2Y9T8M5	0.509852216748768	S-SS	203-213
phma|A0A2Y9T8X1	0.632821723730815	E-EE	530-544
phma|A0A2Y9T945	0.0398936170212766	A-AA	14-33
phma|A0A2Y9T997	0.776243093922652	E-EE	418-427
phma|A0A2Y9T9B6	0.610223642172524	A-AA	379-387
phma|A0A2Y9T9C6	0.595138888888889	E-EE	423-436
phma|A0A2Y9T9I6	0.00480769230769231	A-AA	2-10
phma|A0A2Y9T9L2	0.185903500473037	E-EE	189-206
phma|A0A2Y9TA18	0.0133206470028544	A-AA	8-22
phma|A0A2Y9TA80	0.143150684931507	D-DD	101-110
phma|A0A2Y9TAM5	0.102941176470588	S-SS	130-145
phma|A0A2Y9TAM6	0.7824	E-EE	482-498
phma|A0A2Y9TAP4	0.294871794871795	S-SS	169-178
phma|A0A2Y9TAP4	0.863247863247863	A-AA	502-510
phma|A0A2Y9TAS5	0.065979381443299	A-AA	21-45
phma|A0A2Y9TB29	0.0915958451369216	A-AA	93-103
phma|A0A2Y9TB41	0.471650917176209	S-SS	845-854
phma|A0A2Y9TB41	0.808782657031684	S-SS	1452-1460
phma|A0A2Y9TBA4	0.207939508506616	S-SS	102-120
phma|A0A2Y9TBP5	0.18960244648318	A-AA	58-68
phma|A0A2Y9TBP5	0.18960244648318	A-AS	58-68
phma|A0A2Y9TC63	0.103448275862069	S-SS	26-36
phma|A0A2Y9TC86	0.308457711442786	A-AA	118-132
phma|A0A2Y9TC86	0.420398009950249	A-AA	166-174
phma|A0A2Y9TCF7	0.350812407680945	E-EE	234-243
phma|A0A2Y9TCJ2	0.556378865979381	E-EE	859-870
phma|A0A2Y9TCM1	0.258677685950413	E-EE	153-162
phma|A0A2Y9TCP9	0.193548387096774	E-EE	122-132
phma|A0A2Y9TCQ9	0.00418118466898955	A-AA	2-12
phma|A0A2Y9TCS7	0.412729658792651	E-EE	307-324
phma|A0A2Y9TCS7	0.438320209973753	E-EE	331-339
phma|A0A2Y9TCT0	0.40028901734104	E-EE	412-421
phma|A0A2Y9TCT5	0.263419483101392	A-AA	261-271
phma|A0A2Y9TD61	0.11140350877193	A-AA	61-68
phma|A0A2Y9TD61	0.37280701754386	E-EE	210-217
phma|A0A2Y9TDD3	0.00707547169811321	A-AA	2-12
phma|A0A2Y9TDD5	0.143055555555556	S-SS	149-162
phma|A0A2Y9TDI9	0.114285714285714	A-AA	38-52
phma|A0A2Y9TDI9	0.198701298701299	A-AA	72-83
phma|A0A2Y9TDI9	0.318181818181818	A-AA	115-132
phma|A0A2Y9TDJ3	0.301287948482061	S-SS	322-335
phma|A0A2Y9TDJ3	0.956301747930083	A-AA	1035-1046
phma|A0A2Y9TDN5	0.0333333333333333	A-AA	2-22
phma|A0A2Y9TDU5	0.175925925925926	E-EE	100-111
phma|A0A2Y9TE41	0.525778210116732	E-DE	1067-1097
phma|A0A2Y9TE41	0.525778210116732	E-EE	1067-1097
phma|A0A2Y9TE41	0.656857976653696	E-EE	1343-1360
phma|A0A2Y9TE80	0.349405850091408	E-EE	761-770
phma|A0A2Y9TE81	0.252212389380531	S-SS	310-319
phma|A0A2Y9TEI4	0.0925155925155925	E-EE	38-53
phma|A0A2Y9TEX4	0.609321058688147	E-EE	524-537
phma|A0A2Y9TEX4	0.644994246260069	E-EE	556-567
phma|A0A2Y9TEY8	0.792257172485309	E-EE	2283-2303
phma|A0A2Y9TEY8	0.801417213964743	E-EE	2315-2324
phma|A0A2Y9TF01	0.0129482071713147	A-AA	3-12
phma|A0A2Y9TF28	0.0101476014760148	S-SS	2-11
phma|A0A2Y9TF35	0.808301158301158	S-AS	2087-2102
phma|A0A2Y9TF35	0.808301158301158	S-SS	2087-2102
phma|A0A2Y9TF35	0.985907335907336	D-DD	2550-2559
phma|A0A2Y9TF35	0.985907335907336	D-DE	2550-2559
phma|A0A2Y9TFC0	0.954317897371715	S-SS	758-769
phma|A0A2Y9TFD6	0.709459459459459	S-SS	309-323
phma|A0A2Y9TFG3	0.0433526011560694	A-AA	11-21
phma|A0A2Y9TFP0	0.890532544378698	A-AA	444-461
phma|A0A2Y9TFU1	0.0156093906093906	A-AA	59-68
phma|A0A2Y9TFU1	0.0232267732267732	S-SS	86-102
phma|A0A2Y9TFU9	0.326322930800543	E-EE	229-254
phma|A0A2Y9TG87	0.181188118811881	A-AA	86-99
phma|A0A2Y9TG87	0.252475247524752	A-AA	123-134
phma|A0A2Y9TGA1	0.866559485530547	S-SS	265-276
phma|A0A2Y9TGJ9	0.703244005641749	E-DE	2489-2499
phma|A0A2Y9TGJ9	0.703244005641749	E-EE	2489-2499
phma|A0A2Y9TGT2	0.0957719410634209	E-EE	147-154
phma|A0A2Y9TGT2	0.945547725816784	A-AA	1471-1483
phma|A0A2Y9TGZ1	0.68958543983822	E-EE	674-692
phma|A0A2Y9TH80	0.0206185567010309	A-AA	2-12
phma|A0A2Y9THB8	0.763449367088608	E-EE	479-488
phma|A0A2Y9THH7	0.571640805546385	S-SS	1728-1737
phma|A0A2Y9THJ5	0.151255707762557	A-AA	128-139
phma|A0A2Y9THV2	0.0146443514644351	A-AS	21-30
phma|A0A2Y9THX2	0.335604265402844	S-SS	563-572
phma|A0A2Y9TI79	0.384267024488427	E-DE	1139-1154
phma|A0A2Y9TI79	0.384267024488427	E-EE	1139-1154
phma|A0A2Y9TIG7	0.950154162384378	E-EE	920-931
phma|A0A2Y9TIJ0	0.317670416942422	E-EE	471-491
phma|A0A2Y9TIJ0	0.675049636002647	S-SS	1014-1028
phma|A0A2Y9TIJ0	0.814030443414957	E-EE	1223-1239
phma|A0A2Y9TIL4	0.673913043478261	S-SS	399-409
phma|A0A2Y9TIM7	0.320771253286591	D-DD	363-371
phma|A0A2Y9TIQ9	0.586644591611479	A-AA	526-539
phma|A0A2Y9TIZ1	0.282576866764275	E-EE	188-200
phma|A0A2Y9TIZ1	0.756954612005857	E-EE	513-523
phma|A0A2Y9TJ41	0.657989228007181	S-SS	362-373
phma|A0A2Y9TJ62	0.115629984051037	A-AA	69-78
phma|A0A2Y9TJK3	0.576023391812866	A-AA	292-301
phma|A0A2Y9TJK3	0.644249512670565	S-SS	327-336
phma|A0A2Y9TJS7	0.517571884984026	A-AA	159-167
phma|A0A2Y9TJS7	0.797124600638978	A-AA	241-260
phma|A0A2Y9TJV6	0.937074829931973	E-EE	273-280
phma|A0A2Y9TJZ7	0.455655004068348	E-DE	556-566
phma|A0A2Y9TJZ7	0.455655004068348	E-EE	556-566
phma|A0A2Y9TKA2	0.075068870523416	E-EE	47-64
phma|A0A2Y9TKF1	0.108009708737864	E-EE	86-94
phma|A0A2Y9TKS5	0.475060337892196	E-EE	580-603
phma|A0A2Y9TKT1	0.0133858267716535	A-AA	2-17
phma|A0A2Y9TKX0	0.324149108589951	S-SS	195-207
phma|A0A2Y9TKZ6	0.68018018018018	S-SS	371-386
phma|A0A2Y9TL03	0.669082125603865	E-EE	688-699
phma|A0A2Y9TL23	0.237331081081081	E-EE	135-148
phma|A0A2Y9TL66	0.0425531914893617	E-EE	11-19
phma|A0A455AB12	0.762650602409639	E-EE	314-321
phma|A0A455ABI8	0.595617529880478	S-SS	292-308
phma|A0A455ABM2	0.96271637816245	S-SS	716-732
phma|A0A455ACF8	0.550319488817891	A-AA	339-352
phma|A0A455ACF8	0.608626198083067	S-SS	377-387
phma|A0A455ACF8	0.629392971246006	S-SS	390-400
phma|A0A455ACW5	0.47790294627383	S-SS	541-564
phma|A0A455AD79	0.602522935779817	D-DD	1308-1321
phma|A0A455AD79	0.602522935779817	D-DE	1308-1321
phma|A0A455ADP8	0.0404713114754098	E-EE	35-46
phma|A0A455AEF7	0.556451612903226	E-EE	372-389
phma|A0A455AEF7	0.977272727272727	S-SS	657-678
phma|A0A455AFD2	0.483298538622129	A-AA	228-237
phma|A0A455AFD2	0.780793319415449	A-AA	371-379
phma|A0A455AFF6	0.845945945945946	E-DE	466-475
phma|A0A455AFF6	0.845945945945946	E-EE	466-475
phma|A0A455AFJ1	0.338368580060423	A-AA	106-120
phma|A0A455AG50	0.180232558139535	E-EE	229-238
phma|A0A455AG69	0.81892523364486	E-EE	347-356
phma|A0A455AGA8	0.914332784184514	E-EE	552-560
phma|A0A455AGK9	0.883084577114428	D-DD	1416-1426
phma|A0A455AGK9	0.883084577114428	D-DE	1416-1426
phma|A0A455AGR0	0.375200642054575	E-EE	463-474
phma|A0A455AGR0	0.804975922953451	S-SS	996-1012
phma|A0A455AGT0	0.00236344537815126	A-AA	2-9
phma|A0A455AHB7	0.15473441108545	S-SS	197-207
phma|A0A455AHY9	0.295292175447585	E-EE	10370-10381
phma|A0A455AHY9	0.995602425070447	S-SS	34975-34984
phma|A0A455AII0	0.258849557522124	A-AA	172-181
phma|A0A455AIR4	0.24845869297164	E-EE	398-410
phma|A0A455AIR4	0.5077065351418	S-SS	820-829
phma|A0A455AIX1	0.969029017857143	S-SS	1732-1743
phma|A0A455AJ39	0.552991452991453	E-EE	965-978
phma|A0A455AJR5	0.00237234523271577	A-AA	5-18
phma|A0A455AJR5	0.602801626751017	D-DD	2664-2674
phma|A0A455AJR5	0.745933122458202	S-SS	3298-3307
phma|A0A455AK40	0.876666666666667	E-EE	652-665
phma|A0A455AK92	0.187861271676301	A-AA	156-171
phma|A0A455AKK1	0.188953488372093	E-EE	190-202
phma|A0A455AKX4	0.0356463878326996	E-EE	34-43
phma|A0A455AKX4	0.0884030418250951	E-EE	89-99
phma|A0A455AKY9	0.31966053748232	S-SS	222-232
phma|A0A455AKY9	0.67963224893918	S-SS	477-486
phma|A0A455AKZ2	0.949596774193548	A-AA	466-478
phma|A0A455ALF4	0.394320987654321	E-EE	787-812
phma|A0A455ALF4	0.618024691358025	E-EE	1248-1257
phma|A0A455ALF4	0.636543209876543	E-DE	1286-1294
phma|A0A455ALF4	0.636543209876543	E-EE	1286-1294
phma|A0A455ALF4	0.652345679012346	E-EE	1317-1327
phma|A0A455AMN7	0.0363777089783282	S-SS	38-58
phma|A0A455ANG7	0.410899182561308	E-EE	751-759
phma|A0A455ANK1	0.623233215547703	S-SS	701-712
phma|A0A455ANN0	0.607142857142857	E-EE	479-492
phma|A0A455AP03	0.0227542540561931	E-EE	54-63
phma|A0A455AP03	0.570043529877325	S-SS	1437-1446
phma|A0A455APF6	0.264296011532917	A-AA	547-555
phma|A0A455APF6	0.796732340221048	A-AA	1654-1664
phma|A0A455AQM1	0.0082382762991128	A-AA	9-19
phma|A0A455AQP6	0.0116959064327485	A-AA	5-13
phma|A0A455AQV1	0.102482960077897	A-AA	204-219
phma|A0A455AQW6	0.0835240274599542	S-SS	106-115
phma|A0A455AQY3	0.292315175097276	S-SS	297-306
phma|A0A455ARG0	0.201737451737452	A-AA	99-112
phma|A0A455ARG0	0.454633204633205	A-AA	232-241
phma|A0A455ARG0	0.753861003861004	A-AA	386-397
phma|A0A455ARM2	0.398244651673066	E-EE	723-731
phma|A0A455ARM2	0.51700493691717	E-EE	934-953
phma|A0A455ARM8	0.240111034004164	S-SS	337-357
phma|A0A455ARM8	0.723455933379597	S-SS	1028-1059
phma|A0A455ARM8	0.945523941707148	E-EE	1354-1373
phma|A0A455ARM8	0.953851492019431	S-SS	1371-1380
phma|A0A455ART4	0.338645418326693	E-EE	419-433
phma|A0A455ASA8	0.843825665859564	S-SS	340-359
phma|A0A455AT38	0.308139534883721	E-EE	156-164
phma|A0A455ATF5	0.0764552562988706	A-AA	84-94
phma|A0A455ATV1	0.988222698072805	E-EE	458-467
phma|A0A455AUM3	0.041135573580533	E-EE	32-41
phma|A0A455AUN2	0.942375886524823	E-DE	520-545
phma|A0A455AUN2	0.942375886524823	E-EE	520-545
phma|A0A455AUQ4	0.320021881838074	A-AA	289-298
phma|A0A455AUT7	0.0781662269129288	A-AS	116-123
phma|A0A455AVE6	0.98494983277592	E-EE	582-598
phma|A0A455AVL7	0.114583333333333	S-SS	79-88
phma|A0A455AW38	0.436660268714012	E-EE	224-233
phma|A0A455AWF0	0.13894324853229	E-EE	419-435
phma|A0A455AX43	0.934731934731935	A-AA	398-406
phma|A0A455AXQ0	0.4765625	S-SS	331-342
phma|A0A455AY05	0.300256786500367	E-EE	815-824
phma|A0A455AY84	0.540243902439024	E-EE	217-228
phma|A0A455AYD7	0.0375854214123007	A-AA	13-22
phma|A0A455AYF0	0.930409356725146	E-EE	790-803
phma|A0A455AYN3	0.0108843537414966	S-SS	1-17
phma|A0A455AYV6	0.985111662531017	E-EE	394-402
phma|A0A455AZ60	0.52185548617306	E-EE	574-598
phma|A0A455AZT9	0.727722772277228	E-EE	213-230
phma|A0A455AZY7	0.240548554484804	E-EE	320-331
phma|A0A455B022	0.0416088765603329	A-AA	26-36
phma|A0A455B022	0.356449375866852	S-SS	253-263
phma|A0A455B069	0.778026905829596	A-AA	170-179
phma|A0A455B079	0.46875	A-AA	136-151
phma|A0A455B0B8	0.947887323943662	S-SS	333-342
phma|A0A455B0C2	0.767525035765379	E-DE	533-542
phma|A0A455B0C2	0.767525035765379	E-EE	533-542
phma|A0A455B0W9	0.85	A-AA	319-329
phma|A0A455B0X0	0.166845493562232	A-AA	150-163
phma|A0A455B1U0	0.923850574712644	E-EE	312-333
phma|A0A455B1U1	0.917159763313609	E-EE	304-318
phma|A0A455B283	0.220670391061453	E-EE	193-204
phma|A0A455B285	0.2998712998713	E-EE	459-475
phma|A0A455B2M5	0.903052064631957	D-DD	493-515
phma|A0A455B2M5	0.903052064631957	D-DE	493-515
phma|A0A455B2P8	0.0948936170212766	E-EE	106-119
phma|A0A455B2Q6	0.164414414414414	E-EE	69-79
phma|A0A455B2S5	0.519677996422182	S-SS	287-296
phma|A0A455B313	0.845864661654135	S-SS	335-342
phma|A0A455B3X7	0.150297619047619	S-SS	41-62
phma|A0A455B3Y2	0.590059473237043	A-AA	691-700
phma|A0A455B404	0.97900466562986	E-DE	1885-1894
phma|A0A455B404	0.97900466562986	E-EE	1885-1894
phma|A0A455B419	0.471537001897533	E-EE	241-258
phma|A0A455B419	0.699240986717268	S-SS	365-374
phma|A0A455B438	0.0388098318240621	E-DE	27-35
phma|A0A455B4B1	0.0259259259259259	A-AA	7-16
phma|A0A455B4I0	0.6875	A-AA	145-154
phma|A0A455B4M3	0.985733695652174	S-SS	1443-1461
phma|A0A455B4W4	0.818885448916409	E-EE	790-799
phma|A0A455B549	0.300936768149883	S-SS	125-134
phma|A0A455B5H4	0.706365503080082	E-EE	341-349
phma|A0A455B5Q3	0.297794117647059	S-SS	118-127
phma|A0A455B5R2	0.126262626262626	S-SS	34-43
phma|A0A455B5S4	0.438802958977808	E-EE	646-661
phma|A0A455B5T2	0.706434316353887	S-SS	260-269
phma|A0A455B5V3	0.87962962962963	E-EE	329-338
phma|A0A455B6H3	0.520265780730897	S-SS	779-789
phma|A0A455B6K5	0.38592750533049	E-EE	720-730
phma|A0A455B6N7	0.456673907796283	E-EE	1881-1905
phma|A0A455B6N7	0.890176200820661	E-EE	3685-3693
phma|A0A455B6S8	0.726078799249531	E-EE	769-781
phma|A0A455B705	0.508610792192882	E-EE	435-453
phma|A0A455B713	0.88	E-EE	1117-1129
phma|A0A455B725	0.63022351797862	S-SS	645-654
phma|A0A455B725	0.682701652089407	S-SS	673-734
phma|A0A455B7N0	0.355483870967742	S-SS	272-281
phma|A0A455B7N8	0.730994152046784	A-AA	246-256
phma|A0A455B7Z4	0.851385390428212	E-EE	1007-1023
phma|A0A455B861	0.90582726326743	S-SS	867-876
phma|A0A455B8B0	0.800695249130939	S-SS	686-698
phma|A0A455B8G5	0.945606694560669	E-EE	900-910
phma|A0A455B965	0.288888888888889	A-AA	127-135
phma|A0A455B9E3	0.494305239179954	E-EE	647-657
phma|A0A455B9E6	0.275886524822695	E-DE	191-200
phma|A0A455B9W6	0.00913621262458472	A-AA	2-11
phma|A0A455B9W8	0.135673624288425	E-EE	65-80
phma|A0A455BAK7	0.0249419953596288	E-EE	18-27
phma|A0A455BAY4	0.586305278174037	S-SS	407-417
phma|A0A455BAY5	0.852125693160813	D-DD	1380-1388
phma|A0A455BAY5	0.852125693160813	D-DE	1380-1388
phma|A0A455BBB4	0.874365482233503	A-AA	341-350
phma|A0A455BBH3	0.212765957446809	E-EE	87-95
phma|A0A455BBW2	0.253045404208195	S-SS	224-235
phma|A0A455BD81	0.0979228486646884	E-EE	62-72
phma|A0A455BD81	0.146884272997033	E-EE	96-104
phma|A0A455BD96	0.0248868778280543	A-AA	18-28
phma|A0A455BDH7	0.776127049180328	S-SS	752-765
phma|A0A455BE61	0.738147739801544	E-EE	665-676
phma|A0A455BEC6	0.860869565217391	A-AA	590-600
phma|A0A455BEJ7	0.0273522975929978	S-SS	9-18
phma|A0A455BF31	0.1384	E-EE	84-91
phma|A0A455BFG8	0.39921875	S-SS	252-261
phma|A0A455BGG7	0.830976232567276	S-SS	4227-4236
phma|A0A455BGV7	0.141579272054287	S-SS	227-234
phma|A0A455BHI4	0.307594936708861	S-SS	118-127
phma|A0A455BHX5	0.329698171403393	S-SS	1493-1502
phma|A0A455BHY0	0.0152173913043478	A-AA	25-33
phma|A0A455BHY0	0.0263586956521739	A-AA	40-59
phma|A0A455BHZ8	0.86829727187206	D-DD	2765-2775
phma|A0A455BI41	0.163455925277291	E-EE	266-296
phma|A0A455BI41	0.619089316987741	S-SS	1051-1072
phma|A0A455BIG8	0.325090470446321	A-AA	805-814
phma|A0A455BJ28	0.166107382550336	A-AA	94-106
phma|A0A455BJ35	0.0240683229813665	A-AA	9-24
phma|A0A455BJ42	0.618214716525935	S-SS	509-518
phma|A0A455BJ59	0.345588235294118	S-SS	114-123
phma|A0A455BJ59	0.394117647058824	S-SS	127-143
phma|A0A455BJ63	0.188187608569774	E-EE	322-330
phma|A0A455BK65	0.103543743078627	E-EE	90-99
phma|A0A455BKB8	0.794435215946844	E-EE	953-962
phma|A0A455BL44	0.588204038257173	S-SS	550-559
phma|A0A455BLC6	0.32560706401766	S-SS	291-301
phma|A0A455BLM8	0.0863095238095238	E-EE	98-107
phma|A0A455BLT4	0.942857142857143	E-EE	1116-1130
phma|A0A455BMH3	0.55926103646833	E-EE	1155-1178
phma|A0A455BMP4	0.0636531365313653	A-AA	31-40
phma|A0A455BMP4	0.143911439114391	A-AA	73-85
phma|A0A455BMX5	0.290794979079498	A-AA	274-284
phma|A0A455BNJ2	0.22921760391198	D-DD	183-194
phma|A0A455BNR9	0.245466321243523	E-EE	185-196
phma|A0A455BNT7	0.340065502183406	A-AA	303-322
phma|A0A455BNT7	0.466703056768559	E-EE	418-439
phma|A0A455BP76	0.556303549571603	A-AA	451-460
phma|A0A455BPN2	0.341439688715953	E-DE	346-358
phma|A0A455BPN2	0.341439688715953	E-EE	346-358
phma|A0A455BPP5	0.296332046332046	E-EE	150-159
phma|A0A455BQ93	0.209317166560306	E-EE	321-337
phma|A0A455BQ93	0.951180599872368	E-EE	1487-1496
phma|A0A455BRL6	0.393606085526316	E-EE	1912-1919
phma|A0A455BRL6	0.726973684210526	E-EE	3533-3541
phma|A0A455BRN2	0.465159377316531	E-EE	624-633
phma|A0A455BRQ0	0.0269823788546256	A-AA	22-29
phma|A0A455BRV4	0.950751252086811	E-EE	1705-1714
phma|A0A455BRZ5	0.145868824531516	A-AA	336-351
phma|A0A455BRZ5	0.145868824531516	A-AS	336-351
phma|A0A455BRZ5	0.785349233390119	E-EE	1840-1850
phma|A0A455BT69	0.699767711962834	E-EE	599-608
phma|A0A455BT72	0.0218390804597701	A-AA	6-15
phma|A0A455BTA3	0.284750337381916	A-AA	207-217
phma|A0A455BTG5	0.261948529411765	A-AA	139-148
phma|A0A455BTG5	0.261948529411765	A-AS	139-148
phma|A0A455BTP9	0.734490010515247	S-SS	695-704
phma|A0A455BTS5	0.367603108188882	E-EE	611-621
phma|A0A455BUC9	0.354995938261576	S-SS	430-446
phma|A0A455BUC9	0.556051990251828	S-SS	681-690
phma|A0A455BUH6	0.727678571428571	E-EE	567-576
phma|A0A455BUR1	0.86459802538787	S-SS	605-623
phma|A0A455BV64	0.306451612903226	S-SS	193-208
phma|A0A455BVW8	0.478878648233487	E-DE	612-637
phma|A0A455BVW8	0.478878648233487	E-EE	612-637
phma|A0A455BVZ4	0.980560578661845	A-AA	1081-1090
phma|A0A455BW22	0.982019363762102	S-SS	701-721
phma|A0A455BWD4	0.492708333333333	A-AA	469-479
phma|A0A455BWD4	0.5375	A-AA	509-525
phma|A0A455BXG5	0.342219020172911	A-AA	1658-1669
phma|A0A455BXP6	0.693396226415094	S-SS	364-373
phma|A0A455BXV1	0.0356481481481482	A-AA	36-43
phma|A0A455BXV1	0.099537037037037	A-AA	104-113
phma|A0A455BXV1	0.164351851851852	A-AA	174-183
phma|A0A455BXV1	0.280555555555556	A-AA	298-310
phma|A0A455BXV8	0.561032863849765	E-EE	234-246
phma|A0A455BY48	0.552715654952077	E-EE	340-354
phma|A0A455BY94	0.997422680412371	E-EE	1931-1941
phma|A0A455BYN8	0.419931856899489	E-EE	238-257
phma|A0A455BYN8	0.440374787052811	S-SS	255-264
phma|A0A455BYQ5	0.953605514316013	E-EE	1795-1804
phma|A0A455BYY4	0.312652068126521	E-EE	378-395
phma|A0A455BYY4	0.731143552311436	E-EE	899-906
phma|A0A455BZ63	0.878354483045559	S-SS	8441-8450
phma|A0A455BZ93	0.0135135135135135	A-AA	9-19
phma|A0A455C062	0.785334750265675	E-EE	708-772
phma|A0A455C0Q4	0.614014251781473	A-AA	254-265
phma|A0A455C0Q8	0.103512014787431	S-SS	52-62
phma|A0A455C0T0	0.0906515580736544	A-AA	61-69
phma|A0A455C0T0	0.218130311614731	S-SS	148-162
phma|A0A455C0T0	0.46600566572238	A-AA	324-336
phma|A0A455C106	0.0992865636147443	E-EE	80-89
phma|A0A455C1Q2	0.153474903474903	E-EE	76-85
phma|A0A455C1W2	0.17755991285403	E-EE	70-95
phma|A0A455C2X9	0.455729166666667	E-EE	259-268
phma|A0A455C312	0.851910828025478	S-SS	1601-1611
phma|A0A455C374	0.143126177024482	A-AA	71-83
phma|A0A455C374	0.143126177024482	A-AS	71-83
phma|A0A455C3B4	0.992152466367713	S-SS	881-891
phma|A0A455C477	0.441248972884141	S-SS	533-543
phma|A0A455C4A7	0.051027397260274	A-AA	71-80
phma|A0A455C4N1	0.189243027888446	S-SS	90-102
phma|A0A455C4T0	0.398632580261593	E-EE	663-680
phma|A0A455C4V4	0.682905982905983	S-SS	396-405
phma|A0A455C5Q1	0.149234693877551	A-AA	52-67
phma|A0A455C5Y5	0.486784140969163	A-AA	217-227
phma|A0A455C6N5	0.102898550724638	D-DD	33-40
phma|A0A455C6X3	0.0421472937000887	E-EE	43-54
phma|A0A455C7G1	0.991379310344828	A-AA	1894-1903
phma|A0A455C7N0	0.811252771618625	S-SS	1460-1469
phma|A0A455C7P1	0.250558451228593	S-SS	333-342
phma|A0A455C8B9	0.178334561532793	D-DD	238-248
phma|A0A455C8B9	0.178334561532793	D-DE	238-248
phma|A0A455C8B9	0.240604274134119	S-SS	323-332
phma|A0A455C8L8	0.947986577181208	S-SS	278-289
phma|A0A455C8M6	0.857963875205255	A-AA	519-528
phma|A0A455C8T6	0.161369193154034	S-SS	129-137
phma|A0A455C8V7	0.0932642487046632	A-AA	68-78
phma|A0A455C9C9	0.614971572962729	E-EE	970-979
phma|A0A455C9G6	0.621476510067114	S-SS	1848-1858
phma|A0A455C9V3	0.415322580645161	S-SS	151-160
phma|A0A455C9W5	0.0117481203007519	A-AA	9-18
phma|A0A455C9Y0	0.576251259657373	S-SS	1712-1721
phma|A0A455C9Z2	0.659090909090909	S-SS	488-500
phma|A0A455CA24	0.488563929508811	E-EE	1299-1309
phma|A0A455CA24	0.71559805024372	E-EE	1906-1913
phma|A0A455CA24	0.893138357705287	S-SS	2376-2390
phma|A0A455CA41	0.115833333333333	E-EE	66-75
phma|A0A455CBF6	0.547159699892819	S-SS	1528-1537
phma|A0A455CBF6	0.630760986066452	A-AA	1762-1771
phma|A0A455CBP4	0.746945337620579	S-SS	1158-1167
phma|A0A455CBQ2	0.294973544973545	E-EE	216-232
phma|A0A455CBV4	0.664402173913043	A-AA	241-250
phum|PHUM002670	0.870477568740955	A-AA	595-610
phum|PHUM029160	0.344444444444444	S-AS	167-176
phum|PHUM029160	0.344444444444444	S-SS	167-176
phum|PHUM047010	0.981578947368421	E-EE	741-753
phum|PHUM054470	0.379166666666667	E-DE	405-416
phum|PHUM054470	0.379166666666667	E-EE	405-416
phum|PHUM080130	0.816876122082585	S-SS	452-460
phum|PHUM106820	0.394585253456221	E-EE	1025-1032
phum|PHUM117590	0.398354876615746	D-DD	335-345
phum|PHUM122220	0.385518590998043	S-SS	388-402
phum|PHUM123120	0.959610027855153	E-EE	331-360
phum|PHUM129430	0.974409448818898	S-SS	243-254
phum|PHUM131530	0.920643528561099	D-DE	2542-2553
phum|PHUM131840	0.970394736842105	E-EE	439-448
phum|PHUM160360	0.125485122897801	S-SS	89-107
phum|PHUM164700	0.433878157503715	S-SS	289-297
phum|PHUM168440	0.873065015479876	A-AA	276-290
phum|PHUM171820	0.489349775784753	E-EE	431-444
phum|PHUM191910	0.85300730747611	S-SS	1510-1527
phum|PHUM194990	0.870820668693009	D-DD	282-293
phum|PHUM194990	0.870820668693009	D-DE	282-293
phum|PHUM211000	0.590399002493766	S-SS	470-479
phum|PHUM211000	0.978802992518703	S-AS	772-800
phum|PHUM211000	0.978802992518703	S-SS	772-800
phum|PHUM215310	0.834600760456274	E-EE	428-452
phum|PHUM227220	0.171477079796265	D-DE	587-627
phum|PHUM227910	0.301230697782422	E-EE	2592-2599
phum|PHUM233530	0.93402489626556	S-SS	1121-1132
phum|PHUM244720	0.0416821734276144	S-SS	105-121
phum|PHUM247970	0.218331503841932	E-EE	991-1000
phum|PHUM253200	0.744154057771664	E-DE	535-549
phum|PHUM253200	0.744154057771664	E-EE	535-549
phum|PHUM253520	0.177215189873418	E-EE	221-229
phum|PHUM253950	0.0318655851680185	E-DE	22-35
phum|PHUM253950	0.0318655851680185	E-EE	22-35
phum|PHUM268300	0.700331125827815	S-SS	416-432
phum|PHUM275010	0.0629139072847682	S-SS	25-34
phum|PHUM284890	0.94873417721519	D-DD	744-757
phum|PHUM284890	0.94873417721519	D-DE	744-757
phum|PHUM288570	0.132794457274827	D-DD	111-121
phum|PHUM288570	0.14203233256351	E-DE	119-129
phum|PHUM288570	0.14203233256351	E-EE	119-129
phum|PHUM291260	0.726963512677798	S-SS	1172-1181
phum|PHUM306900	0.218111540585312	A-AA	392-400
phum|PHUM307640	0.659943714821764	D-DD	697-712
phum|PHUM307640	0.659943714821764	D-DE	697-712
phum|PHUM307640	0.690431519699812	D-DD	733-741
phum|PHUM307640	0.690431519699812	D-DE	733-741
phum|PHUM307640	0.705909943714822	D-DD	748-759
phum|PHUM307640	0.705909943714822	D-DE	748-759
phum|PHUM327400	0.272032902467685	S-SS	228-237
phum|PHUM347580	0.0611854684512428	S-SS	26-40
phum|PHUM361200	0.740540540540541	A-AA	270-280
phum|PHUM372300	0.89867617107943	S-SS	879-888
phum|PHUM380960	0.65742397137746	E-EE	361-376
phum|PHUM395750	0.120833333333333	S-SS	113-121
phum|PHUM395750	0.151041666666667	S-SS	142-150
phum|PHUM395750	0.178645833333333	S-SS	168-177
phum|PHUM395750	0.334375	D-DD	318-326
phum|PHUM407110	0.495901639344262	E-EE	601-611
phum|PHUM409140	0.558417085427136	S-SS	441-450
phum|PHUM418100	0.653350515463918	S-SS	250-259
phum|PHUM420720	0.971252566735113	E-DE	1415-1425
phum|PHUM420720	0.971252566735113	E-EE	1415-1425
phum|PHUM425120	0.415254237288136	A-AA	118-129
phum|PHUM447690	0.227124183006536	E-EE	414-422
phum|PHUM449050	0.375233936369308	D-DD	599-606
phum|PHUM450810	0.501254705144291	D-DD	396-405
phum|PHUM450810	0.501254705144291	D-DE	396-405
phum|PHUM452400	0.673509286412512	D-DD	685-695
phum|PHUM452760	0.0139358108108108	S-SS	9-26
phum|PHUM456670	0.299675587996756	S-SS	362-379
phum|PHUM467870	0.957814269535674	D-DD	1686-1699
phum|PHUM471760	0.980519480519481	E-DE	449-459
phum|PHUM473040	0.244111349036403	A-AA	680-690
phum|PHUM473040	0.645431834403997	E-EE	1805-1814
phum|PHUM477580	0.89819587628866	S-SS	343-356
phum|PHUM488870	0.953374777975133	D-DE	1071-1078
phum|PHUM490070	0.0800681431005111	A-AA	44-52
phum|PHUM497550	0.69443144595227	S-SS	1480-1490
phum|PHUM497550	0.702386523163313	S-SS	1497-1507
phum|PHUM503100	0.0772669220945083	D-DE	58-65
phum|PHUM505860	0.303328290468986	D-DD	196-207
phum|PHUM505860	0.462934947049924	D-DD	299-315
phum|PHUM506500	0.474772539288668	E-DE	569-581
phum|PHUM506500	0.474772539288668	E-EE	569-581
phum|PHUM508900	0.698048780487805	S-SS	711-722
phum|PHUM508900	0.755121951219512	S-SS	769-781
phum|PHUM509570	0.507418397626113	D-DD	167-177
phum|PHUM509570	0.507418397626113	D-DE	167-177
phum|PHUM512870	0.526315789473684	A-AA	296-306
phum|PHUM514850	0.401715039577836	E-DE	605-615
phum|PHUM514850	0.401715039577836	E-EE	605-615
phum|PHUM516080	0.925990271021543	A-AA	1329-1338
phum|PHUM527180	0.807420494699647	S-SS	225-234
phum|PHUM537330	0.912433155080214	E-EE	677-690
phum|PHUM539560	0.370218579234973	S-SS	940-959
phum|PHUM544490	0.910743801652893	E-EE	544-560
phum|PHUM544490	0.932231404958678	D-DE	561-569
phum|PHUM547040	0.759112519809826	E-EE	475-485
phum|PHUM547040	0.98256735340729	E-EE	610-632
phum|PHUM562610	0.94234404536862	D-DD	493-506
phum|PHUM562610	0.94234404536862	D-DE	493-506
phum|PHUM577340	0.255674653215637	D-DE	403-410
phum|PHUM577780	0.0279805352798054	D-DD	19-29
phum|PHUM579210	0.186285714285714	S-SS	155-173
phum|PHUM581730	0.84491440080564	E-DE	835-845
phum|PHUM581730	0.84491440080564	E-EE	835-845
phum|PHUM581940	0.891419893697798	D-DD	1168-1182
phum|PHUM590320	0.0237306843267108	S-SS	10-35
phum|PHUM599790	0.704394693200663	A-AA	844-857
phum|PHUM606430	0.260820045558087	A-AA	226-234
phum|PHUM606430	0.515945330296128	E-EE	443-465
phum|PHUM608040	0.449226305609284	S-SS	461-470
pmac|A0A0N0PB23	0.0163833075734158	S-SS	42-66
pmac|A0A0N0PBC8	0.919689119170985	S-SS	345-367
pmac|A0A0N0PBF1	0.352809446254072	A-AA	863-872
pmac|A0A0N0PBV4	0.687182095625636	S-SS	671-682
pmac|A0A0N0PC13	0.762706043956044	A-AA	1107-1116
pmac|A0A0N0PCE8	0.786290322580645	E-DE	679-688
pmac|A0A0N0PCE8	0.786290322580645	E-EE	679-688
pmac|A0A0N1I8J4	0.710902011680727	E-EE	1092-1101
pmac|A0A0N1ICG0	0.101794554455446	S-SS	160-171
pmac|A0A0N1ICG0	0.135210396039604	S-SS	214-225
pmac|A0A0N1IEZ4	0.260387023335231	S-SS	454-463
pmac|A0A0N1IGH6	0.901049204052098	A-AA	2487-2496
pmac|A0A0N1IJ38	0.646566164154104	E-EE	382-392
pmac|A0A0N1INR8	0.90655737704918	D-DD	273-282
pmac|A0A0N1INR8	0.90655737704918	D-DE	273-282
pmac|A0A0N1IP71	0.0677874186550976	S-SS	59-68
pmac|A0A0N1PHQ8	0.813641245972073	D-DD	753-764
pmac|A0A0N1PIM7	0.248577929465301	S-SS	215-224
pmac|A0A194QKC7	0.537065439672802	D-DD	1028-1075
pmac|A0A194QKC7	0.559815950920245	D-DD	1089-1103
pmac|A0A194QKR4	0.974025974025974	A-AA	670-682
pmac|A0A194QM62	0.39340885684861	A-AS	760-770
pmac|A0A194QMM6	0.0231259968102073	S-SS	11-20
pmac|A0A194QMM6	0.172248803827751	A-AA	105-113
pmac|A0A194QMZ3	0.030690537084399	S-SS	19-31
pmac|A0A194QNU0	0.101136363636364	S-SS	41-50
pmac|A0A194QU44	0.131305637982196	E-EE	85-94
pmac|A0A194QU44	0.896142433234421	E-EE	598-612
pmac|A0A194QVY8	0.382830188679245	S-SS	1007-1024
pmac|A0A194QWG1	0.121275483533717	E-DE	229-237
pmac|A0A194QWG1	0.121275483533717	E-EE	229-237
pmac|A0A194QYK8	0.184453227931489	S-SS	135-147
pmac|A0A194QZE3	0.109859154929577	A-AA	34-46
pmac|A0A194QZK5	0.0819527670074022	S-SS	228-239
pmac|A0A194R0H3	0.418012422360248	E-EE	333-342
pmac|A0A194R0H3	0.473291925465839	E-EE	378-386
pmac|A0A194R0S8	0.733902759526938	A-AA	553-566
pmac|A0A194R105	0.867878192534381	S-SS	880-889
pmac|A0A194R1Y0	0.88998899889989	E-EE	803-817
pmac|A0A194R274	0.438325991189427	S-SS	484-513
pmac|A0A194R4F2	0.59462055715658	A-AA	613-627
pmac|A0A194R4F2	0.879923150816523	A-AA	910-924
pmac|A0A194R6V6	0.530025020850709	S-SS	624-649
pmac|A0A194R7H6	0.683397683397683	E-EE	347-363
pmac|A0A194RCE7	0.703812316715543	S-SS	1428-1454
pmac|A0A194RD00	0.96078431372549	E-DE	438-446
pmac|A0A194REN3	0.132462686567164	A-AA	245-254
pmac|A0A194REN3	0.132462686567164	A-AS	245-254
pmac|A0A194REY4	0.0670055452865065	A-AA	68-79
pmac|A0A194RFW9	0.815789473684211	S-AS	459-473
pmac|A0A194RFW9	0.815789473684211	S-SS	459-473
pmac|A0A194RG13	0.470725995316159	S-SS	396-410
pmac|A0A194RGC4	0.418903803131991	E-EE	371-380
pmac|A0A194RHY6	0.97054698457223	S-SS	686-700
pmac|A0A194RI42	0.961538461538462	E-EE	385-417
pmac|A0A194RMQ4	0.903452685421995	S-SS	699-716
pmac|A0A194RMQ4	0.952046035805627	S-SS	730-761
pmac|A0A194RR97	0.878686327077748	A-AA	649-664
pocc|A0A0V8RU93	0.292452830188679	A-AA	152-160
pocc|A0A0V8RUA5	0.929618768328446	E-DE	313-323
pocc|A0A0V8RUA5	0.929618768328446	E-EE	313-323
ppat|A0A2K1IBC2	0.705128205128205	A-AA	630-637
ppat|A0A2K1IBW6	0.31163708086785	E-EE	152-166
ppat|A0A2K1IDZ6	0.0182992465016146	S-SS	13-23
ppat|A0A2K1IDZ8	0.156996587030717	A-AA	501-513
ppat|A0A2K1IE81	0.0224508886810103	E-EE	20-30
ppat|A0A2K1IE81	0.0355472404115996	E-DE	33-45
ppat|A0A2K1IE81	0.0355472404115996	E-EE	33-45
ppat|A0A2K1IE81	0.0949485500467727	E-DE	98-107
ppat|A0A2K1IE81	0.0949485500467727	E-EE	98-107
ppat|A0A2K1IGD7	0.154679802955665	E-EE	154-162
ppat|A0A2K1IHA8	0.209500609013398	E-EE	168-178
ppat|A0A2K1IHY5	0.240345528455285	E-EE	221-254
ppat|A0A2K1IJ61	0.833958724202627	D-DD	441-450
ppat|A0A2K1IJ70	0.0719769673704415	E-EE	35-42
ppat|A0A2K1IQ84	0.719169719169719	E-DE	586-594
ppat|A0A2K1IQ84	0.719169719169719	E-EE	586-594
ppat|A0A2K1ITL1	0.200283085633404	D-DD	280-288
ppat|A0A2K1ITL1	0.200283085633404	D-DE	280-288
ppat|A0A2K1ITX1	0.368015414258189	A-AA	187-197
ppat|A0A2K1IVH3	0.97623666343356	A-AA	1002-1013
ppat|A0A2K1IVI7	0.184477379095164	E-DE	222-253
ppat|A0A2K1IVI7	0.184477379095164	E-EE	222-253
ppat|A0A2K1IW51	0.741090146750524	E-DE	349-360
ppat|A0A2K1IW51	0.741090146750524	E-EE	349-360
ppat|A0A2K1IXC9	0.887578616352201	A-AA	561-570
ppat|A0A2K1IXF9	0.456981664315938	A-AA	644-654
ppat|A0A2K1J3S1	0.729707792207792	E-EE	442-459
ppat|A0A2K1J6J1	0.0287934186471664	E-EE	19-46
ppat|A0A2K1J6J1	0.0946069469835466	E-EE	100-109
ppat|A0A2K1J7B1	0.762518968133536	D-DD	496-511
ppat|A0A2K1J7B1	0.762518968133536	D-DE	496-511
ppat|A0A2K1J7B1	0.786798179059181	D-DD	515-524
ppat|A0A2K1J7B1	0.786798179059181	D-DE	515-524
ppat|A0A2K1J8K3	0.141452584839835	A-AA	441-453
ppat|A0A2K1JC84	0.509183673469388	A-AA	245-256
ppat|A0A2K1JE00	0.866570327552986	E-DE	896-905
ppat|A0A2K1JE00	0.866570327552986	E-EE	896-905
ppat|A0A2K1JHZ1	0.727198697068404	E-DE	441-454
ppat|A0A2K1JHZ1	0.727198697068404	E-EE	441-454
ppat|A0A2K1JLW7	0.427276473011949	A-AA	1033-1043
ppat|A0A2K1JM53	0.940037771482531	E-DE	992-1001
ppat|A0A2K1JM53	0.940037771482531	E-EE	992-1001
ppat|A0A2K1JSZ7	0.0882778581765557	S-AS	58-66
ppat|A0A2K1JVD2	0.127105666156202	E-DE	80-88
ppat|A0A2K1JVD6	0.456960322797579	D-DD	674-687
ppat|A0A2K1JYC2	0.637834821428571	A-AA	568-577
ppat|A0A2K1JYC2	0.758370535714286	A-AA	676-685
ppat|A0A2K1K1Z7	0.789004457652303	E-DE	528-536
ppat|A0A2K1K1Z7	0.789004457652303	E-EE	528-536
ppat|A0A2K1K6S9	0.23589001447178	A-AA	811-821
ppat|A0A2K1K7K7	0.0416058394160584	E-EE	22-37
ppat|A0A2K1K7K7	0.101459854014599	E-EE	65-76
ppat|A0A2K1K7R5	0.154679802955665	E-EE	154-162
ppat|A0A2K1KA62	0.0562977099236641	E-EE	54-66
ppat|A0A2K1KAL7	0.706129807692308	A-AA	582-595
ppat|A0A2K1KAZ3	0.573151950718686	E-DE	2229-2239
ppat|A0A2K1KB25	0.318181818181818	D-DD	294-303
ppat|A0A2K1KB25	0.318181818181818	D-DE	294-303
ppat|A0A2K1KEK1	0.973901098901099	A-AA	701-719
ppat|A0A2K1KF78	0.142343836373687	E-DE	252-265
ppat|A0A2K1KF78	0.142343836373687	E-EE	252-265
ppat|A0A2K1KJN8	0.472871842843779	A-AA	499-514
ppat|A0A2K1KJQ3	0.478960396039604	A-AA	190-199
ppat|A0A2K1KK29	0.789196940726577	A-AA	822-831
ppat|A0A2K1KKE6	0.5734375	A-AA	547-556
ppat|A0A2K1KKU2	0.974587912087912	A-AA	702-719
ppat|A0A2K1KKV4	0.0206917850525015	E-DE	29-40
ppat|A0A2K1KKV4	0.0206917850525015	E-EE	29-40
ppat|A0A2K1KVD6	0.984838274932615	E-EE	1458-1467
ppat|A0A2K1KW75	0.1	D-DD	66-80
ppat|A0A2K1KZY5	0.11	E-EE	58-65
ppat|A0A2K1L1F6	0.0145228215767635	S-AS	4-12
ppat|A0A2K1L1W8	0.13871473354232	E-EE	85-94
ppat|A0A2K1L2W9	0.955061728395062	D-DD	1930-1940
ppat|A0A2K1L6H4	0.848317705460563	A-AA	1533-1545
ppat|A0A2K1L731	0.847946725860155	A-AA	1523-1535
ppat|A0A2K1L7J1	0.788825757575758	D-DD	829-839
ppat|A0A2K1L817	0.953760162601626	D-DD	1872-1884
ppat|A0A2K1L817	0.953760162601626	D-DE	1872-1884
ppat|A0A2K1LB12	0.0797697368421053	S-SS	45-54
ppat|A0A2K1LB75	0.394170714781402	A-AA	560-578
ppat|A9RG08	0.658064516129032	E-EE	199-211
ppat|A9RIM7	0.150658404337723	A-AA	191-200
ppat|A9RIM7	0.150658404337723	A-AS	191-200
ppat|A9RIW3	0.0326923076923077	A-AA	13-23
ppat|A9RTW1	0.102569986232217	E-DE	220-229
ppat|A9RTW1	0.102569986232217	E-EE	220-229
ppat|A9RY37	0.985294117647059	E-EE	432-441
ppat|A9SCB3	0.979949874686717	D-DD	386-398
ppat|A9SCB3	0.979949874686717	D-DE	386-398
ppat|A9SSV0	0.923592493297587	E-DE	341-350
ppat|A9TET4	0.0604914933837429	E-EE	27-39
ppat|Q9LM05	0.497578692493947	A-AA	201-212
ppat|Q9LM05	0.756658595641647	A-AA	309-318
pram|PSURA_47995	0.0509193776520509	E-DE	105-113
pram|PSURA_47995	0.0509193776520509	E-EE	105-113
pram|PSURA_48330	0.528998242530756	E-DE	297-307
pram|PSURA_48330	0.528998242530756	E-EE	297-307
pram|PSURA_48330	0.971880492091388	S-SS	545-563
pram|PSURA_48487	0.401301518438178	A-AA	181-191
pram|PSURA_50424	0.204318936877076	E-DE	181-190
pram|PSURA_50424	0.204318936877076	E-EE	181-190
pram|PSURA_71589	0.301354401805869	A-AA	129-140
pram|PSURA_71589	0.301354401805869	A-AS	129-140
pram|PSURA_71589	0.452595936794582	A-AA	197-206
pram|PSURA_72157	0.490818030050083	E-DE	290-300
pram|PSURA_72157	0.490818030050083	E-EE	290-300
pram|PSURA_72157	0.911519198664441	S-SS	538-556
pram|PSURA_72223	0.411308203991131	D-DD	367-377
pram|PSURA_72584	0.495620437956204	E-EE	334-347
pram|PSURA_72700	0.254350736278447	S-SS	186-196
pram|PSURA_72700	0.314591700133869	S-SS	231-241
pram|PSURA_73056	0.0259090909090909	E-DE	25-34
pram|PSURA_73056	0.0259090909090909	E-EE	25-34
pram|PSURA_74020	0.660621761658031	D-DD	379-388
pram|PSURA_74211	0.886577708006279	D-DD	1126-1135
pram|PSURA_74211	0.886577708006279	D-DE	1126-1135
pram|PSURA_74433	0.486421725239617	S-AS	301-310
pram|PSURA_74442	0.502789907811742	A-AA	2069-2078
pram|PSURA_74740	0.21462829736211	E-EE	175-185
pram|PSURA_75491	0.280459770114943	E-DE	113-133
pram|PSURA_75570	0.767870579382995	E-EE	1014-1029
pram|PSURA_76743	0.966755319148936	D-DD	717-739
pram|PSURA_77508	0.0989433237271854	E-EE	99-109
pram|PSURA_77513	0.400167785234899	E-EE	235-244
pram|PSURA_77568	0.683836589698046	E-EE	380-392
pram|PSURA_77997	0.467760180995475	E-EE	410-419
pram|PSURA_78036	0.397644419517667	S-SS	705-715
pram|PSURA_78323	0.649151172190784	E-EE	799-809
pram|PSURA_79038	0.992211838006231	S-SS	633-643
pram|PSURA_79087	0.36587982832618	S-SS	508-517
pram|PSURA_79152	0.720149253731343	E-DE	376-398
pram|PSURA_79152	0.720149253731343	E-EE	376-398
pram|PSURA_79272	0.15025041736227	E-DE	85-97
pram|PSURA_79272	0.15025041736227	E-EE	85-97
pram|PSURA_79680	0.189097103918228	S-SS	104-120
pram|PSURA_79883	0.111111111111111	E-DE	95-105
pram|PSURA_80546	0.38107202680067	D-DD	451-461
pram|PSURA_80546	0.38107202680067	D-DE	451-461
pram|PSURA_80606	0.784937888198758	S-SS	502-511
pram|PSURA_81666	0.657718120805369	A-AA	389-397
pram|PSURA_81743	0.0499049429657795	E-EE	44-63
pram|PSURA_81935	0.569356872635561	S-SS	448-457
pram|PSURA_82549	0.372582480091013	A-AA	324-333
pram|PSURA_84096	0.178266178266178	E-EE	140-154
pram|PSURA_84096	0.219169719169719	E-EE	176-185
pram|PSURA_84234	0.834630350194553	D-DD	1499-1506
pram|PSURA_85547	0.0647948164146868	S-SS	56-66
pram|PSURA_94220	0.187769784172662	A-AA	127-136
pram|PSURA_96142	0.66538882803943	S-SS	604-613
pram|PSURA_97155	0.191379310344828	D-DD	51-62
pram|PSURA_97155	0.191379310344828	D-DE	51-62
psae|Q9HVZ7	0.646608315098468	A-AA	291-302
psae|Q9I3D2	0.22671568627451	A-AA	81-106
ptet|A0BQU7	0.926125244618395	D-DD	941-954
ptet|A0BQU7	0.926125244618395	D-DE	941-954
ptet|A0BYP4	0.967418546365915	S-SS	378-396
ptet|A0C963	0.976642335766423	S-SS	656-684
ptet|A0CS16	0.98109517601043	S-SS	747-760
ptet|A0CUL6	0.0837479270315091	S-SS	46-57
ptet|A0DK92	0.849640287769784	E-DE	587-596
ptet|A0DK92	0.849640287769784	E-EE	587-596
ptet|A0DLC4	0.926310583580613	D-DE	932-943
ptet|A0ECF9	0.981965174129353	S-SS	784-797
pult|PYU1_G000047	0.124458874458874	S-SS	55-62
pult|PYU1_G000412	0.820243362831858	D-DD	738-747
pult|PYU1_G000546	0.462212486308872	E-EE	415-431
pult|PYU1_G000703	0.0934182590233546	D-DD	41-49
pult|PYU1_G001151	0.917059377945335	D-DD	966-982
pult|PYU1_G001151	0.917059377945335	D-DE	966-982
pult|PYU1_G002123	0.944444444444444	E-EE	295-302
pult|PYU1_G002237	0.336836283185841	D-DD	302-309
pult|PYU1_G002442	0.0656392694063927	S-SS	54-63
pult|PYU1_G002553	0.616419919246299	E-DE	454-464
pult|PYU1_G002553	0.616419919246299	E-EE	454-464
pult|PYU1_G002767	0.996035447761194	D-DD	2131-2142
pult|PYU1_G002767	0.996035447761194	D-DE	2131-2142
pult|PYU1_G003725	0.026463700234192	A-AA	110-118
pult|PYU1_G003862	0.0294117647058824	E-EE	29-46
pult|PYU1_G004057	0.197031729785056	E-DE	189-198
pult|PYU1_G004057	0.197031729785056	E-EE	189-198
pult|PYU1_G004178	0.0863013698630137	A-AA	28-37
pult|PYU1_G004468	0.835069444444444	S-AS	718-727
pult|PYU1_G004468	0.835069444444444	S-SS	718-727
pult|PYU1_G004491	0.104799216454456	E-EE	102-114
pult|PYU1_G004595	0.299729364005413	D-DD	218-227
pult|PYU1_G004595	0.299729364005413	D-DE	218-227
pult|PYU1_G004770	0.114	S-SS	79-94
pult|PYU1_G004901	0.921554252199413	S-SS	625-634
pult|PYU1_G005198	0.923263327948304	D-DD	568-577
pult|PYU1_G005999	0.614150943396226	A-AA	322-331
pult|PYU1_G006077	0.667103538663172	S-SS	506-514
pult|PYU1_G006167	0.968233799237611	D-DD	759-767
pult|PYU1_G006167	0.987928843710292	D-DD	770-787
pult|PYU1_G006210	0.506382978723404	S-SS	472-482
pult|PYU1_G006814	0.829545454545455	D-DE	398-407
pult|PYU1_G007084	0.888436830835118	A-AA	2069-2082
pult|PYU1_G007665	0.301098901098901	D-DE	134-142
pult|PYU1_G007750	0.974619289340102	D-DD	380-390
pult|PYU1_G008057	0.308049535603715	A-AA	96-105
pult|PYU1_G008067	0.411147902869757	D-DD	365-382
pult|PYU1_G008067	0.411147902869757	D-DE	365-382
pult|PYU1_G008423	0.382969798657718	D-DD	450-465
pult|PYU1_G008423	0.382969798657718	D-DE	450-465
pult|PYU1_G008423	0.42994966442953	D-DD	509-518
pult|PYU1_G008423	0.500838926174497	D-DE	594-602
pult|PYU1_G008519	0.808163265306122	S-SS	590-600
pult|PYU1_G008853	0.415605095541401	A-AA	388-397
pult|PYU1_G009008	0.0731707317073171	E-EE	48-74
pult|PYU1_G009137	0.516638935108153	D-DD	307-316
pult|PYU1_G009256	0.0746268656716418	S-SS	26-36
pult|PYU1_G009324	0.800855991943605	E-EE	1587-1596
pult|PYU1_G009332	0.553206002728513	S-SS	401-412
pult|PYU1_G009573	0.436462324393359	S-SS	679-690
pult|PYU1_G009642	0.248366013071895	S-SS	413-425
pult|PYU1_G010008	0.478339350180505	A-AA	262-270
pult|PYU1_G010008	0.553249097472924	A-AA	302-313
pult|PYU1_G010008	0.553249097472924	A-AS	302-313
pult|PYU1_G010051	0.227541371158392	E-EE	187-200
pult|PYU1_G010225	0.99220623501199	D-DD	824-833
pult|PYU1_G010326	0.161732456140351	D-DE	144-153
pult|PYU1_G010579	0.70862676056338	E-DE	396-411
pult|PYU1_G010579	0.70862676056338	E-EE	396-411
pult|PYU1_G011427	0.989966555183946	S-SS	587-599
pult|PYU1_G012490	0.420731707317073	S-SS	618-626
pult|PYU1_G012971	0.208333333333333	D-DD	62-75
pult|PYU1_G012971	0.208333333333333	D-DE	62-75
pult|PYU1_G013456	0.0463800904977376	A-AA	17-26
pult|PYU1_G013741	0.0864285714285714	A-AA	57-66
pult|PYU1_G014178	0.133443163097199	E-EE	76-88
pult|PYU1_G014360	0.897959183673469	D-DD	963-975
pult|PYU1_G014360	0.897959183673469	D-DE	963-975
pult|PYU1_G014770	0.501057082452431	A-AA	233-243
rall|A0A075AQV1	0.973966309341501	S-SS	633-641
rall|A0A075ASL7	0.895953757225434	E-DE	305-317
rall|A0A075AVT9	0.798525073746313	D-DD	1347-1362
rall|A0A075AYA0	0.199333333333333	E-EE	146-155
rall|A0A075AYJ3	0.989214175654854	D-DD	638-648
rall|A0A075AYN2	0.807239057239057	E-DE	472-489
rall|A0A075AYN2	0.807239057239057	E-EE	472-489
rall|A0A075B0W7	0.718791946308725	E-DE	532-541
rall|A0A075B0W7	0.718791946308725	E-EE	532-541
rall|A0A075B3J8	0.515723270440252	E-DE	321-337
rall|A0A075B3J8	0.515723270440252	E-EE	321-337
rall|A0A075B3X5	0.590194846008799	D-DD	1873-1885
rall|A0A075B4V4	0.0303430079155673	E-DE	7-18
rall|A0A075B4V4	0.0303430079155673	E-EE	7-18
rbal|Q7UJL4	0.358974358974359	E-EE	332-342
rdel|RO3G_00006	0.134053367217281	E-EE	101-112
rdel|RO3G_00509	0.60162213740458	D-DD	628-635
rdel|RO3G_00658	0.712412587412587	E-DE	395-422
rdel|RO3G_00658	0.712412587412587	E-EE	395-422
rdel|RO3G_01075	0.991751269035533	D-DD	778-787
rdel|RO3G_01387	0.646715328467153	E-EE	439-449
rdel|RO3G_01387	0.927007299270073	E-DE	631-641
rdel|RO3G_01387	0.927007299270073	E-EE	631-641
rdel|RO3G_01472	0.549765807962529	E-EE	466-475
rdel|RO3G_01501	0.709302325581395	E-EE	271-280
rdel|RO3G_01773	0.455406911928651	E-EE	399-420
rdel|RO3G_01899	0.086248492159228	E-EE	138-150
rdel|RO3G_02333	0.852941176470588	A-AA	922-936
rdel|RO3G_02376	0.0735294117647059	E-DE	107-115
rdel|RO3G_02376	0.0735294117647059	E-EE	107-115
rdel|RO3G_02991	0.0766312594840668	E-EE	43-60
rdel|RO3G_03167	0.893351800554017	E-EE	317-330
rdel|RO3G_03493	0.223118279569892	A-AA	76-92
rdel|RO3G_03908	0.972674418604651	E-EE	833-842
rdel|RO3G_04042	0.80398322851153	E-DE	372-397
rdel|RO3G_04042	0.80398322851153	E-EE	372-397
rdel|RO3G_04712	0.979398663697105	E-DE	876-885
rdel|RO3G_04874	0.20873786407767	E-EE	125-135
rdel|RO3G_05162	0.839634941329857	E-EE	641-649
rdel|RO3G_05552	0.0377245508982036	E-DE	28-37
rdel|RO3G_05552	0.0377245508982036	E-EE	28-37
rdel|RO3G_05700	0.390389447236181	A-AA	618-627
rdel|RO3G_05700	0.390389447236181	A-AS	618-627
rdel|RO3G_05884	0.38974113135187	E-DE	402-413
rdel|RO3G_05884	0.38974113135187	E-EE	402-413
rdel|RO3G_05884	0.674496644295302	D-DD	700-709
rdel|RO3G_05884	0.674496644295302	D-DE	700-709
rdel|RO3G_06631	0.595062429057889	A-AA	1046-1053
rdel|RO3G_06651	0.891006097560976	E-DE	580-591
rdel|RO3G_06651	0.891006097560976	E-EE	580-591
rdel|RO3G_07634	0.80559646539028	E-DE	544-552
rdel|RO3G_07634	0.80559646539028	E-EE	544-552
rdel|RO3G_07999	0.409975669099757	E-EE	165-174
rdel|RO3G_07999	0.953771289537713	D-DD	389-397
rdel|RO3G_08154	0.303632236095346	E-DE	260-277
rdel|RO3G_08154	0.303632236095346	E-EE	260-277
rdel|RO3G_08263	0.940196078431373	S-SS	476-485
rdel|RO3G_09023	0.897727272727273	A-AA	273-282
rdel|RO3G_09664	0.292059219380888	E-EE	211-225
rdel|RO3G_11162	0.984615384615385	E-EE	442-456
rdel|RO3G_11355	0.862549800796813	E-EE	429-439
rdel|RO3G_12223	0.942728442728443	S-SS	729-738
rdel|RO3G_12438	0.18287037037037	E-DE	75-85
rdel|RO3G_13172	0.96188850967008	E-EE	842-851
rdel|RO3G_14000	0.072744014732965	A-AA	36-45
rdel|RO3G_15432	0.181219110378913	E-DE	105-117
rdel|RO3G_15432	0.181219110378913	E-EE	105-117
rdel|RO3G_15432	0.232289950576606	E-DE	134-150
rdel|RO3G_15432	0.232289950576606	E-EE	134-150
rdel|RO3G_15453	0.830996884735203	S-SS	531-538
rdel|RO3G_16171	0.56658908714766	A-AA	2188-2196
rdel|RO3G_16217	0.108176100628931	A-AA	81-93
rdel|RO3G_16217	0.131446540880503	E-DE	101-110
rdel|RO3G_16246	0.355377906976744	E-DE	240-251
rdel|RO3G_16246	0.355377906976744	E-EE	240-251
rdel|RO3G_16465	0.0353790613718412	D-DD	46-54
rdel|RO3G_16465	0.0353790613718412	D-DE	46-54
rdel|RO3G_16465	0.0415162454873646	E-EE	53-64
rdel|RO3G_16997	0.897727272727273	A-AA	273-282
rhiz|GLOIN_2v1449217	0.609657947686117	E-DE	294-314
rhiz|GLOIN_2v1449217	0.609657947686117	E-EE	294-314
rhiz|GLOIN_2v1450967	0.949421965317919	D-DD	319-340
rhiz|GLOIN_2v1452054	0.276178010471204	E-DE	208-216
rhiz|GLOIN_2v1452054	0.276178010471204	E-EE	208-216
rhiz|GLOIN_2v1454300	0.407793633369923	E-DE	368-377
rhiz|GLOIN_2v1454476	0.512428977272727	E-EE	717-728
rhiz|GLOIN_2v1471995	0.813102119460501	S-SS	415-431
rhiz|GLOIN_2v1480749	0.721789883268482	E-EE	349-395
rhiz|GLOIN_2v1485609	0.906930693069307	D-DD	1370-1380
rhiz|GLOIN_2v1496228	0.793258426966292	E-EE	701-713
rhiz|GLOIN_2v1536648	0.975446428571429	E-EE	433-443
rhiz|GLOIN_2v1589827	0.981389578163772	D-DD	392-401
rhiz|GLOIN_2v1611174	0.841346153846154	E-DE	259-268
rhiz|GLOIN_2v1611174	0.841346153846154	E-EE	259-268
rhiz|GLOIN_2v1642217	0.970707070707071	D-DD	476-487
rhiz|GLOIN_2v1647260	0.0674044265593561	E-EE	30-39
rhiz|GLOIN_2v1654538	0.598859315589354	D-DD	626-636
rhiz|GLOIN_2v1659682	0.966986794717887	E-DE	798-815
rhiz|GLOIN_2v1659682	0.966986794717887	E-EE	798-815
rhiz|GLOIN_2v166303	0.544416243654822	E-EE	210-221
rhiz|GLOIN_2v1684625	0.702467343976778	D-DD	476-494
rhiz|GLOIN_2v1727062	0.891373801916933	A-AA	274-286
rhiz|GLOIN_2v1741101	0.987762237762238	S-SS	560-572
rhiz|GLOIN_2v1769428	0.418487394957983	D-DD	470-528
rhiz|GLOIN_2v1769428	0.418487394957983	D-DE	470-528
rhiz|GLOIN_2v1774834	0.356253889234599	E-DE	567-580
rhiz|GLOIN_2v1774834	0.356253889234599	E-EE	567-580
rhiz|GLOIN_2v1836943	0.792779783393502	D-DE	1095-1103
rhiz|GLOIN_2v1836943	0.820938628158845	D-DE	1132-1144
rhiz|GLOIN_2v1864228	0.596153846153846	D-DD	570-579
rhiz|GLOIN_2v1870586	0.582800920010222	D-DD	2274-2289
rhiz|GLOIN_2v1870586	0.582800920010222	D-DE	2274-2289
rhiz|GLOIN_2v1873203	0.105366492146597	D-DD	77-86
rhiz|GLOIN_2v1873203	0.105366492146597	D-DE	77-86
rtai|A0A2S5B008	0.282245827010622	A-AA	367-379
rtai|A0A2S5B0A6	0.777777777777778	S-SS	651-667
rtai|A0A2S5B1D3	0.879699248120301	D-DD	932-942
rtai|A0A2S5B2R7	0.659554730983302	E-DE	352-361
rtai|A0A2S5B2R7	0.659554730983302	E-EE	352-361
rtai|A0A2S5B2W4	0.621621621621622	E-EE	434-442
rtai|A0A2S5B465	0.148401826484018	A-AA	158-169
rtai|A0A2S5B483	0.74679029957204	D-DD	520-529
rtai|A0A2S5B4C0	0.091703056768559	A-AA	81-89
rtai|A0A2S5B4U1	0.0800455235204856	D-DD	101-112
rtai|A0A2S5B5K4	0.884808013355593	D-DD	1057-1065
rtai|A0A2S5B7A7	0.228382838283828	A-AA	343-351
rtai|A0A2S5B7L1	0.180357142857143	S-SS	350-359
rtai|A0A2S5B813	0.0134128166915052	A-AA	14-24
rtai|A0A2S5B8R9	0.267004341534009	D-DD	363-377
rtai|A0A2S5B8R9	0.267004341534009	D-DE	363-377
rtai|A0A2S5B999	0.0911477869467367	D-DD	118-127
rtai|A0A2S5B999	0.0911477869467367	D-DE	118-127
rtai|A0A2S5B999	0.139159789947487	E-DE	182-191
rtai|A0A2S5B999	0.139159789947487	E-EE	182-191
rtai|A0A2S5B9Z4	0.717964824120603	E-EE	569-576
rtai|A0A2S5BA26	0.475416336241078	D-DD	595-606
rtai|A0A2S5BA26	0.475416336241078	D-DE	595-606
rtai|A0A2S5BAG5	0.290794979079498	E-DE	206-213
rtai|A0A2S5BAG5	0.290794979079498	E-EE	206-213
rtai|A0A2S5BAL7	0.560676779463244	A-AA	477-486
rtai|A0A2S5BAV4	0.054006968641115	D-DE	90-98
rtai|A0A2S5BC61	0.192771084337349	A-AA	121-137
rtai|A0A2S5BC78	0.710474308300395	A-AA	354-367
rtai|A0A2S5BCK9	0.171217292377702	D-DD	147-156
rtai|A0A2S5BCK9	0.171217292377702	D-DE	147-156
rtai|A0A2S5BCT2	0.976038338658147	A-AA	302-311
rtai|A0A2S5BCT2	0.976038338658147	A-AS	302-311
rtai|A0A2S5BD53	0.898825065274151	D-DD	1374-1382
rtai|A0A2S5BDD2	0.243300423131171	A-AA	167-180
rtai|A0A2S5BE31	0.445209973753281	D-DE	671-688
rtai|A0A2S5BEE2	0.565149136577708	A-AA	357-365
rtai|A0A2S5BF29	0.308317698561601	A-AA	489-499
rtai|A0A2S5BFL9	0.983224837255884	A-AA	1960-1969
rtai|A0A2S5BG86	0.879798903107861	D-DD	959-968
rtai|A0A2S5BGN5	0.847189695550351	A-AA	720-729
rtai|A0A2S5BHB3	0.136423405654175	S-SS	204-213
rtai|A0A2S5BHK4	0.441340782122905	E-EE	388-404
rtai|A0A2S5BHN5	0.955172413793103	D-DD	825-839
rtai|A0A2S5BHN5	0.955172413793103	D-DE	825-839
rtai|A0A2S5BI07	0.204831932773109	A-AA	190-202
rtai|A0A2S5BI36	0.675832127351664	E-EE	464-472
rtai|A0A2S5BJ65	0.498154981549816	S-SS	267-275
rvar|A0A1D1UJS8	0.804100227790433	S-SS	346-362
rvar|A0A1D1UNF5	0.987938596491228	D-DD	447-456
rvar|A0A1D1UNF5	0.987938596491228	D-DE	447-456
rvar|A0A1D1UTH7	0.825102880658436	A-AA	398-406
rvar|A0A1D1UTH7	0.917695473251029	A-AA	442-452
rvar|A0A1D1UUL7	0.959970887918486	S-SS	654-667
rvar|A0A1D1UXC4	0.190032858707558	E-DE	170-179
rvar|A0A1D1UXC4	0.190032858707558	E-EE	170-179
rvar|A0A1D1V0R5	0.949252136752137	A-AS	884-895
rvar|A0A1D1V0R5	0.987713675213675	S-SS	917-934
rvar|A0A1D1V3I1	0.78125	S-AS	233-244
rvar|A0A1D1V460	0.542553191489362	D-DD	2393-2403
rvar|A0A1D1V460	0.542553191489362	D-DE	2393-2403
rvar|A0A1D1V656	0.941570881226054	E-DE	978-990
rvar|A0A1D1V656	0.941570881226054	E-EE	978-990
rvar|A0A1D1V710	0.988033298647242	S-SS	942-959
rvar|A0A1D1V714	0.87243947858473	S-SS	463-476
rvar|A0A1D1V8K0	0.108877721943049	S-SS	62-70
rvar|A0A1D1VAN3	0.535150280183393	E-EE	1047-1056
rvar|A0A1D1VB08	0.0483005366726297	S-SS	24-32
rvar|A0A1D1VBU0	0.858890701468189	S-SS	516-539
rvar|A0A1D1VEI5	0.868458274398868	S-SS	611-619
rvar|A0A1D1VEI5	0.888260254596888	S-SS	623-635
rvar|A0A1D1VMC2	0.956998313659359	E-EE	562-575
rvar|A0A1D1VN96	0.801550387596899	E-EE	511-525
rvar|A0A1D1VU71	0.557759220598469	E-EE	1599-1609
rvar|A0A1D1VY91	0.629464285714286	A-AA	348-359
rvar|A0A1D1VYA4	0.0286204922724671	E-DE	47-55
rvar|A0A1D1VYA4	0.0286204922724671	E-EE	47-55
rvar|A0A1D1W2H4	0.0289291882556131	E-DE	30-39
rvar|A0A1D1W2H4	0.0289291882556131	E-EE	30-39
rvar|A0A1D1W672	0.891975308641975	A-AA	286-294
rvar|A0A1D1W6Z0	0.452789699570815	E-EE	207-217
sarc|A0A0L0FQ07	0.929022082018927	A-AA	291-300
sarc|A0A0L0FTW5	0.474137931034483	D-DD	134-143
sarc|A0A0L0FTW5	0.474137931034483	D-DE	134-143
sarc|A0A0L0FVB2	0.749403341288783	S-SS	934-952
sarc|A0A0L0G1Y2	0.770724029380902	A-AA	730-741
sarc|A0A0L0G3E9	0.747115384615385	S-SS	379-400
sarc|A0A0L0G3S4	0.606678700361011	E-EE	1676-1687
sarc|A0A0L0G7Q3	0.20553242117787	E-EE	342-351
sarc|A0A0L0GB04	0.529348604151754	A-AA	2212-2227
scer|YAL035W	0.362637362637363	E-DE	357-371
scer|YAL035W	0.362637362637363	E-EE	357-371
scer|YBR017C	0.418211559432933	D-DD	377-392
scer|YBR017C	0.418211559432933	D-DE	377-392
scer|YBR126C	0.982793522267207	S-SS	482-491
scer|YDR080W	0.08627648839556	D-DE	79-94
scer|YDR232W	0.104204753199269	A-AA	54-62
scer|YDR406W	0.0114528795811518	S-SS	13-24
scer|YER165W	0.738715277777778	A-AA	422-431
scer|YHR020W	0.250363901018923	A-AA	168-178
scer|YKL146W	0.38712011577424	E-EE	261-276
scer|YKL152C	0.961382113821138	A-AA	233-242
scer|YKR066C	0.0819444444444444	A-AA	25-36
scer|YLL008W	0.238348868175766	E-DE	170-190
scer|YLL008W	0.238348868175766	E-EE	170-190
scer|YML010W	0.146892655367232	D-DD	148-166
scer|YML010W	0.146892655367232	D-DE	148-166
scer|YMR215W	0.937858508604206	S-SS	487-496
scer|YMR307W	0.921146953405018	S-SS	505-525
scer|YOL081W	0.169915529564652	A-AA	520-528
scer|YOL100W	0.545833333333333	S-SS	586-595
scer|YOR014W	0.136243386243386	S-SS	98-110
scer|YOR211C	0.188068181818182	D-DE	161-172
scer|YPL009C	0.70877531340405	E-EE	720-752
scer|YPL042C	0.962093862815884	A-AA	530-538
scer|YPL231W	0.070254506892895	A-AA	129-138
sman|A0A3Q0KBC0	0.236353077816492	D-DD	200-209
sman|A0A3Q0KBC0	0.236353077816492	D-DE	200-209
sman|A0A3Q0KCM5	0.923189823874755	E-EE	938-951
sman|A0A3Q0KCM5	0.935909980430528	D-DD	953-962
sman|A0A3Q0KCM5	0.935909980430528	D-DE	953-962
sman|A0A3Q0KCM5	0.970156555772994	D-DD	986-999
sman|A0A3Q0KG65	0.768625393494229	E-EE	729-738
sman|A0A3Q0KG72	0.763020833333333	E-EE	729-738
sman|A0A3Q0KGB2	0.595238095238095	E-EE	308-319
sman|A0A3Q0KGM5	0.733361064891847	A-AA	877-888
sman|A0A3Q0KH15	0.917857142857143	S-AS	382-391
sman|A0A3Q0KJM3	0.548321048321048	D-DD	664-677
sman|A0A3Q0KJM3	0.548321048321048	D-DE	664-677
sman|A0A3Q0KKN1	0.280789022298456	S-SS	815-824
sman|A0A3Q0KKV7	0.955291222313372	S-SS	1161-1170
sman|A0A3Q0KLJ8	0.925290697674419	D-DD	1585-1600
sman|A0A3Q0KM42	0.897803247373448	D-DD	935-947
sman|A0A3Q0KM82	0.972108843537415	S-AS	1424-1436
sman|A0A3Q0KMB6	0.969034608378871	E-EE	524-542
sman|A0A3Q0KMK1	0.673276676109537	S-SS	710-718
sman|A0A3Q0KNK3	0.235202492211838	D-DD	71-82
sman|A0A3Q0KNS6	0.629715420251489	S-SS	948-957
sman|A0A3Q0KNY8	0.326771653543307	S-SS	370-379
sman|A0A3Q0KP27	0.619565217391304	S-SS	481-490
sman|A0A3Q0KP99	0.350179068842021	S-SS	871-891
sman|A0A3Q0KPJ4	0.689327485380117	D-DD	467-478
sman|A0A3Q0KPL1	0.245679012345679	A-AA	295-304
sman|A0A3Q0KQ42	0.750827266710788	A-AA	1131-1140
sman|A0A3Q0KR67	0.887450199203187	E-EE	2223-2234
sman|A0A3Q0KR71	0.325297432686287	D-DD	517-524
sman|A0A3Q0KR71	0.325297432686287	D-DE	517-524
sman|A0A3Q0KRQ4	0.604731281580156	S-SS	1310-1325
sman|A0A3Q0KRR0	0.614471326164875	S-SS	1365-1380
sman|A0A3Q0KRR6	0.621706398996236	E-EE	492-501
sman|A0A3Q0KRT8	0.958974358974359	D-DD	555-569
sman|A0A3Q0KSC8	0.521046178994687	D-DD	2547-2555
sman|A0A3Q0KSC8	0.545872496935022	E-DE	2668-2677
sman|A0A3Q0KSC8	0.545872496935022	E-EE	2668-2677
sman|A0A3Q0KSC8	0.548222313036371	D-DD	2678-2690
sman|A0A3Q0KSC8	0.548222313036371	D-DE	2678-2690
sman|A0A3Q0KSR2	0.849420849420849	S-SS	653-669
sman|A0A3Q0KSS2	0.840590590590591	S-SS	1676-1685
sman|A0A3Q0KT79	0.726680384087791	E-EE	1056-1065
sman|A0A3Q0KT84	0.93185618729097	S-SS	1111-1120
sman|A0A3Q0KTT6	0.103237629810629	D-DE	165-175
sman|A0A3Q0KTW2	0.610983981693364	S-SS	530-540
sman|G4LUD6	0.75	S-AS	520-538
sman|G4LUD6	0.75	S-SS	520-538
sman|G4VKM6	0.251028806584362	S-SS	180-188
smar|A3DNI2	0.93026706231454	E-EE	309-320
sneu|SN3_00101330	0.157225156024964	E-EE	324-333
sneu|SN3_00101330	0.177148343734998	E-DE	363-377
sneu|SN3_00101330	0.177148343734998	E-EE	363-377
sneu|SN3_00101330	0.253000480076812	S-SS	523-533
sneu|SN3_00101330	0.542486797887662	S-SS	1126-1136
sneu|SN3_00101455	0.780172413793103	A-AA	811-820
sneu|SN3_00101715	0.524179620034542	S-AS	299-310
sneu|SN3_00101965	0.293478260869565	A-AA	144-155
sneu|SN3_00102125	0.728853383458647	S-SS	769-784
sneu|SN3_00102355	0.0344603381014304	S-SS	23-32
sneu|SN3_00102400	0.263820638820639	S-SS	422-439
sneu|SN3_00102400	0.958538083538084	E-EE	1557-1566
sneu|SN3_00102700	0.216981132075472	A-AA	373-388
sneu|SN3_00102700	0.313321898227559	S-SS	545-553
sneu|SN3_00102700	0.335906232132647	S-SS	580-597
sneu|SN3_00102700	0.65180102915952	A-AA	1135-1147
sneu|SN3_00102700	0.892795883361921	S-SS	1558-1567
sneu|SN3_00102910	0.328550932568149	A-AA	224-236
sneu|SN3_00103035	0.0202403542061986	A-AA	22-44
sneu|SN3_00103080	0.845902612826603	E-EE	2843-2857
sneu|SN3_00103330	0.292331560283688	A-AA	648-673
sneu|SN3_00103330	0.849955673758865	A-AA	1914-1923
sneu|SN3_00103330	0.912455673758865	A-AA	2053-2066
sneu|SN3_00103335	0.481824925816024	E-EE	644-657
sneu|SN3_00200375	0.854391371340524	A-AA	1660-1669
sneu|SN3_00200485	0.548695652173913	S-SS	312-321
sneu|SN3_00200590	0.300286327845383	A-AA	410-431
sneu|SN3_00200630	0.714285714285714	E-EE	791-801
sneu|SN3_00201055	0.0865553602811951	A-AA	94-105
sneu|SN3_00201665	0.535652173913043	E-EE	914-936
sneu|SN3_00202430	0.613065326633166	E-EE	482-496
sneu|SN3_00300125	0.0638766519823789	A-AS	81-95
sneu|SN3_00300270	0.333657587548638	E-EE	339-349
sneu|SN3_00300270	0.368190661478599	E-DE	375-384
sneu|SN3_00300410	0.042198233562316	S-SS	38-50
sneu|SN3_00300820	0.124868559411146	A-AA	234-243
sneu|SN3_00301055	0.876515151515151	A-AA	1153-1163
sneu|SN3_00301115	0.657038512616202	S-SS	986-995
sneu|SN3_00400005	0.799105040037683	S-SS	1693-1702
sneu|SN3_00400005	0.808054639660857	S-SS	1711-1722
sneu|SN3_00400390	0.655892857142857	S-SS	1832-1843
sneu|SN3_00400660	0.120750293083236	A-AA	100-108
sneu|SN3_00401115	0.28515625	S-SS	873-881
sneu|SN3_00401225	0.014575593026579	A-AS	47-57
sneu|SN3_00500950	0.957271364317841	A-AA	635-644
sneu|SN3_00500955	0.163403346386614	E-EE	454-466
sneu|SN3_00501010	0.661157024793388	A-AA	1995-2007
sneu|SN3_00600030	0.984960272417707	S-SS	1713-1760
sneu|SN3_00600040	0.842486164325245	E-EE	1973-1987
sneu|SN3_00600070	0.0993618960802188	A-AA	102-118
sneu|SN3_00600365	0.80969225327202	E-EE	2286-2294
sneu|SN3_00600600	0.105574324324324	S-SS	58-69
sneu|SN3_00600600	0.348817567567568	A-AA	200-215
sneu|SN3_00600670	0.436717663421419	A-AA	624-634
sneu|SN3_00600670	0.519471488178025	A-AA	744-752
sneu|SN3_00600670	0.530598052851182	A-AA	759-769
sneu|SN3_00601040	0.377061469265367	S-SS	248-257
sneu|SN3_00700180	0.632972972972973	A-AA	563-610
sneu|SN3_00700350	0.270953757225434	A-AA	184-193
sneu|SN3_00700465	0.354237288135593	S-SS	310-319
sneu|SN3_00700870	0.564709406830437	A-AA	939-948
sneu|SN3_00800105	0.332355816226784	S-SS	333-349
sneu|SN3_00800850	0.0387596899224806	A-AA	31-41
sneu|SN3_00800990	0.926470588235294	S-AS	562-574
sneu|SN3_00900225	0.181421718273005	S-SS	408-426
sneu|SN3_00900390	0.825243332069271	A-AA	6517-6542
sneu|SN3_00901005	0.211890243902439	E-EE	272-286
sneu|SN3_01000270	0.915042630937881	E-DE	1499-1508
sneu|SN3_01000425	0.0403645833333333	E-EE	42-53
sneu|SN3_01100290	0.150692225772098	S-SS	137-148
sneu|SN3_01200385	0.659671532846715	E-EE	705-743
sneu|SN3_01200535	0.0730403800475059	A-AA	58-67
sneu|SN3_01200915	0.357686453576865	A-AA	230-242
sneu|SN3_01300640	0.310344827586207	S-SS	167-177
sneu|SN3_01300815	0.277362338545207	A-AA	813-821
sneu|SN3_01400410	0.255041518386714	E-EE	211-221
sneu|SN3_01400410	0.297153024911032	E-EE	243-260
sneu|SN3_01400715	0.184192439862543	S-SS	264-274
sneu|SN3_01400810	0.614277144571086	A-AA	2043-2055
sneu|SN3_01500085	0.758358662613982	A-AA	245-256
sneu|SN3_01500800	0.367562380038388	S-SS	380-388
sneu|SN3_01500865	0.186492890995261	A-AS	390-399
sneu|SN3_01600365	0.433	A-AA	644-657
sneu|SN3_01800240	0.977213541666667	S-SS	747-756
sneu|SN3_01900570	0.74357476635514	S-SS	633-642
sneu|SN3_01900680	0.501948051948052	S-SS	382-393
sneu|SN3_02000005	0.17578125	A-AA	2076-2111
sneu|SN3_02000035	0.0736350574712644	A-AA	99-108
sneu|SN3_02000035	0.0908764367816092	A-AA	124-131
sneu|SN3_02000035	0.0908764367816092	A-AS	124-131
sneu|SN3_02000620	0.314103714336982	S-AS	1747-1756
sneu|SN3_02200105	0.880804953560371	A-AA	280-291
sneu|SN3_02200105	0.959752321981424	E-EE	307-315
sneu|SN3_02200545	0.967296511627907	E-EE	661-672
sneu|SN3_02300015	0.535828025477707	S-SS	334-341
sneu|SN3_02300500	0.275816993464052	S-SS	205-219
sneu|SN3_02300640	0.691330004539265	S-SS	1513-1535
sneu|SN3_02400330	0.612449392712551	A-AA	3020-3033
sneu|SN3_02400355	0.78280358598207	S-SS	1909-1935
sneu|SN3_02500305	0.855054811205846	S-SS	698-708
sneu|SN3_02900150	0.343107769423559	E-EE	675-696
sneu|SN3_03000190	0.0252941176470588	A-AA	18-27
sneu|SN3_03000225	0.366256725595696	A-AA	1426-1435
sneu|SN3_03000245	0.0471622701838529	S-SS	112-126
sneu|SN3_03100010	0.10974025974026	A-AA	81-90
sneu|SN3_03400050	0.17005076142132	S-SS	264-274
sneu|SN3_03500080	0.190816326530612	S-SS	83-106
sneu|SN3_04000270	0.927272727272727	A-AA	1170-1178
sneu|SN3_04100015	0.216284987277354	A-AA	165-177
sneu|SN3_04200040	0.856225930680359	A-AA	662-674
sneu|SN3_04300130	0.564082278481013	A-AS	1066-1075
sneu|SN3_04300130	0.575949367088608	A-AS	1088-1098
sneu|SN3_04300130	0.588607594936709	S-SS	1113-1121
sneu|SN3_04800005	0.326703426545884	S-SS	821-840
sneu|SN3_05400025	0.428176795580111	A-AA	460-472
sneu|SN3_ctg3007_00005	0.831550802139037	A-AA	152-161
spom|SPAC19B12.02c	0.93992606284658	S-SS	503-516
spom|SPAC1B3.05	0.607981220657277	A-AA	384-395
spom|SPAC1F7.01c	0.107771260997067	E-EE	144-152
spom|SPAC222.06	0.676079734219269	E-EE	199-210
spom|SPAC22E12.07	0.916883116883117	E-EE	349-359
spom|SPAC22F8.10c	0.7325	E-DE	436-445
spom|SPAC22F8.10c	0.7325	E-EE	436-445
spom|SPAC2F7.05c	0.978426395939086	E-DE	382-391
spom|SPAC2F7.05c	0.978426395939086	E-EE	382-391
spom|SPAC4A8.16c	0.100872410032715	E-DE	89-98
spom|SPAC4A8.16c	0.100872410032715	E-EE	89-98
spom|SPAC57A7.05	0.102919161676647	S-SS	133-144
spom|SPBC1685.14c	0.4975	E-EE	395-403
spom|SPCC132.01c	0.466176470588235	D-DD	472-481
spom|SPCC132.01c	0.466176470588235	D-DE	472-481
spom|SPCC18B5.01c	0.0559189012426422	S-AS	82-91
spom|SPCC18B5.01c	0.0559189012426422	S-SS	82-91
sscl|SS1G_00202	0.95088161209068	D-DD	373-384
sscl|SS1G_00202	0.95088161209068	D-DE	373-384
sscl|SS1G_00522	0.472222222222222	S-SS	242-253
sscl|SS1G_00622	0.447003154574132	D-DD	702-717
sscl|SS1G_01530	0.962660443407235	D-DD	821-831
sscl|SS1G_01562	0.462323390894819	A-AA	291-300
sscl|SS1G_01719	0.892086330935252	E-EE	367-379
sscl|SS1G_02351	0.607959743824337	D-DD	658-673
sscl|SS1G_02370	0.918	S-SS	455-465
sscl|SS1G_02717	0.0217391304347826	E-EE	10-20
sscl|SS1G_02965	0.76163610719323	E-DE	536-546
sscl|SS1G_02965	0.76163610719323	E-EE	536-546
sscl|SS1G_03069	0.976602238046796	D-DD	957-965
sscl|SS1G_03925	0.145061728395062	A-AA	66-77
sscl|SS1G_04139	0.417396061269147	E-EE	378-387
sscl|SS1G_04343	0.802980132450331	S-SS	481-491
sscl|SS1G_04574	0.0960295475530933	E-DE	101-109
sscl|SS1G_04574	0.0960295475530933	E-EE	101-109
sscl|SS1G_04799	0.0283975659229209	S-SS	24-34
sscl|SS1G_04986	0.501488095238095	A-AA	334-342
sscl|SS1G_06141	0.283678756476684	E-EE	215-225
sscl|SS1G_06750	0.941588785046729	E-EE	400-408
sscl|SS1G_06839	0.283917340521114	A-AA	313-321
sscl|SS1G_07122	0.912213740458015	A-AA	234-246
sscl|SS1G_07788	0.685153583617747	E-DE	395-410
sscl|SS1G_07788	0.685153583617747	E-EE	395-410
sscl|SS1G_07969	0.489090909090909	E-EE	398-411
sscl|SS1G_08322	0.663240628778718	A-AA	546-553
sscl|SS1G_08323	0.738537794299876	D-DD	590-604
sscl|SS1G_08323	0.738537794299876	D-DE	590-604
sscl|SS1G_08351	0.198140200286123	A-AA	135-144
sscl|SS1G_08515	0.975181598062954	E-EE	801-812
sscl|SS1G_08631	0.340963855421687	A-AA	139-146
sscl|SS1G_09035	0.365026595744681	D-DE	271-280
sscl|SS1G_09280	0.886164623467601	E-EE	502-512
sscl|SS1G_09678	0.85949494949495	E-EE	4251-4260
sscl|SS1G_10087	0.615942028985507	S-SS	634-643
sscl|SS1G_10150	0.097027972027972	E-EE	47-66
sscl|SS1G_10990	0.643654114365411	D-DD	453-472
sscl|SS1G_11813	0.989290495314592	E-DE	735-745
sscl|SS1G_11813	0.989290495314592	E-EE	735-745
sscl|SS1G_12002	0.0349740932642487	E-DE	36-47
sscl|SS1G_12002	0.0349740932642487	E-EE	36-47
sscl|SS1G_12017	0.918367346938776	S-SS	492-500
sscl|SS1G_12337	0.464634146341463	S-SS	377-387
sscl|SS1G_12873	0.0521042084168337	S-SS	21-33
sscl|SS1G_13275	0.44139650872818	E-DE	528-536
sscl|SS1G_14026	0.687932739861523	A-AA	693-700
sscl|SS1G_14108	0.716379310344828	E-EE	413-420
tadh|B3RJS6	0.61804008908686	E-DE	272-285
tadh|B3RJS6	0.61804008908686	E-EE	272-285
tadh|B3RKJ2	0.892487046632124	S-SS	340-351
tadh|B3RKJ2	0.928756476683938	S-SS	355-364
tadh|B3RN78	0.974413646055437	S-SS	453-463
tadh|B3RP50	0.964543269230769	D-DD	798-809
tadh|B3RP70	0.346801346801347	A-AA	98-110
tadh|B3RQ60	0.549865951742627	E-DE	991-1062
tadh|B3RS05	0.946519524617997	S-SS	554-563
tadh|B3RSP3	0.290133779264214	D-DD	170-179
tadh|B3RSP3	0.464046822742475	D-DD	274-283
tadh|B3RUL4	0.552148781100779	D-DD	2186-2210
tadh|B3RUL4	0.583312390047751	D-DD	2316-2328
tadh|B3RV01	0.356382978723404	S-SS	767-776
tadh|B3RXQ8	0.712151394422311	E-EE	354-363
tadh|B3S0J1	0.32246879334258	E-EE	229-238
tadh|B3S374	0.441140024783147	E-EE	349-365
tadh|B3S3X6	0.959756097560976	E-DE	388-401
tadh|B3S3X6	0.959756097560976	E-EE	388-401
tadh|B3S6M8	0.132772020725389	S-SS	98-109
tadh|B3S727	0.351524090462144	E-EE	350-367
tadh|B3S7I1	0.0784615384615385	S-AS	72-83
tadh|B3S7I1	0.0784615384615385	S-SS	72-83
tadh|B3S7S5	0.82824427480916	A-AA	430-440
tadh|B3S805	0.699705593719333	S-SS	710-718
tadh|B3S8Z1	0.772727272727273	D-DD	540-550
tadh|B3SA82	0.271558872305141	D-DD	323-334
tadh|B3SA82	0.271558872305141	D-DE	323-334
tadh|B3SAI3	0.326337169939066	E-EE	479-487
tadh|B3SAI3	0.839201083276913	E-DE	1223-1258
tadh|B3SAI3	0.839201083276913	E-EE	1223-1258
tadh|B3SAI6	0.479876160990712	D-DD	152-160
tadh|B3SAI6	0.479876160990712	D-DE	152-160
tadh|B3SAW3	0.90585533869116	E-EE	785-795
tadh|B3SBA5	0.470563847429519	S-AS	564-573
tadh|B3SBR5	0.0455486542443064	E-DE	18-28
tadh|B3SBR5	0.0455486542443064	E-EE	18-28
tann|TA05085	0.839487179487179	E-EE	814-825
tann|TA06015	0.905405405405405	E-DE	297-308
tann|TA06015	0.905405405405405	E-EE	297-308
tann|TA07800	0.946341463414634	E-DE	967-975
tann|TA07800	0.946341463414634	E-EE	967-975
tann|TA07800	0.967317073170732	E-DE	988-997
tann|TA07800	0.967317073170732	E-EE	988-997
tann|TA10240	0.20682302771855	E-DE	190-200
tann|TA10240	0.20682302771855	E-EE	190-200
tann|TA18820	0.0817708333333333	D-DD	153-163
tann|TA19710	0.485404688191066	E-EE	1092-1105
tbrt|Tb927.10.14390	0.919675090252708	D-DD	500-521
tbrt|Tb927.10.15530	0.0257903494176373	A-AA	13-20
tbrt|Tb927.10.3550	0.152132701421801	S-SS	156-167
tbrt|Tb927.10.5450	0.634937238493724	E-EE	600-616
tbrt|Tb927.10.570	0.98396674584323	E-EE	1653-1663
tbrt|Tb927.11.11550	0.991059147180193	D-DD	1437-1447
tbrt|Tb927.11.14650	0.306726457399103	S-SS	338-348
tbrt|Tb927.11.2050	0.921052631578947	A-AA	288-309
tbrt|Tb927.11.2060	0.921052631578947	A-AA	288-309
tbrt|Tb927.11.2710	0.287280701754386	D-DD	193-202
tbrt|Tb927.11.4480	0.654109589041096	E-EE	378-388
tbrt|Tb927.11.4480	0.678938356164384	E-EE	393-402
tbrt|Tb927.11.4480	0.750856164383562	E-EE	435-444
tbrt|Tb927.1.4010	0.389823717948718	A-AA	482-493
tbrt|Tb927.3.1110	0.944327731092437	D-DD	443-458
tbrt|Tb927.3.1110	0.944327731092437	D-DE	443-458
tbrt|Tb927.4.1900	0.763227513227513	E-EE	284-295
tbrt|Tb927.5.1150	0.990984743411928	D-DD	711-720
tbrt|Tb927.5.3900	0.590847913862719	D-DD	436-444
tbrt|Tb927.5.3900	0.590847913862719	D-DE	436-444
tbrt|Tb927.7.4290	0.3125	A-AA	89-98
tbrt|Tb927.7.4340	0.194379391100703	E-EE	160-174
tbrt|Tb927.7.6910	0.221411192214112	E-EE	175-191
tbrt|Tb927.7.6920	0.406902086677368	D-DD	250-259
tbrt|Tb927.9.5490	0.169390787518574	S-SS	110-120
tcas|A0A139WAM2	0.0762611275964392	A-AA	123-136
tcas|A0A139WAV6	0.585005903187721	S-SS	490-503
tcas|A0A139WAV6	0.981700118063754	S-SS	820-845
tcas|A0A139WB40	0.376519756838906	S-SS	490-503
tcas|A0A139WB40	0.628799392097264	S-SS	816-841
tcas|A0A139WC28	0.123983739837398	D-DE	240-250
tcas|A0A139WDD3	0.451634877384196	A-AA	660-668
tcas|A0A139WEK9	0.108127721335269	S-SS	71-80
tcas|A0A139WES9	0.422596754057428	S-SS	335-344
tcas|A0A139WFD2	0.899356617647059	E-EE	975-984
tcas|A0A139WGC9	0.852048558421851	E-EE	554-571
tcas|A0A139WJ33	0.0179437439379243	E-EE	13-26
tcas|A0A139WJ84	0.795955882352941	E-DE	1077-1090
tcas|A0A139WJS5	0.334632516703786	S-AS	297-306
tcas|A0A139WJS5	0.334632516703786	S-SS	297-306
tcas|A0A139WJS5	0.428730512249443	A-AA	382-390
tcas|A0A139WLF6	0.49442119944212	S-SS	351-360
tcas|A0A139WLF7	0.653536257833483	S-SS	1452-1470
tcas|A0A139WLF7	0.661369740376007	S-SS	1474-1483
tcas|A0A139WM79	0.885087719298246	D-DD	999-1021
tcas|A0A139WMU6	0.016490765171504	A-AA	9-18
tcas|A0A139WN98	0.484599589322382	A-AA	232-242
tcas|A0A139WNL6	0.047645125958379	S-SS	81-95
tcas|A0A139WNT0	0.661978661493695	A-AA	679-688
tcas|A0A139WNT7	0.216758655293527	A-AA	429-437
tcas|A0A139WNT7	0.216758655293527	A-AS	429-437
tcas|A0A139WNV1	0.749357326478149	A-AA	288-297
tcas|A0A139WPC9	0.375941737820191	E-EE	744-755
tcas|D2A046	0.19737954353339	S-SS	230-239
tcas|D2A2H8	0.0617977528089888	E-EE	29-39
tcas|D2A394	0.925862068965517	D-DD	265-274
tcas|D2A394	0.925862068965517	D-DE	265-274
tcas|D2A453	0.585365853658537	S-SS	739-751
tcas|D6W6V1	0.833729216152019	S-SS	344-360
tcas|D6W708	0.6855	S-SS	679-694
tcas|D6W7L5	0.842857142857143	A-AA	495-510
tcas|D6W7W6	0.231550272412085	A-AA	462-475
tcas|D6W7W6	0.231550272412085	A-AS	462-475
tcas|D6W953	0.964566929133858	E-EE	355-382
tcas|D6WAL1	0.018910741301059	S-SS	9-18
tcas|D6WAL4	0.865384615384615	S-SS	446-456
tcas|D6WAR8	0.706601466992665	S-SS	284-296
tcas|D6WBA5	0.974206349206349	S-SS	241-252
tcas|D6WCU5	0.235992089650626	E-EE	353-365
tcas|D6WEF1	0.548429319371728	A-AA	205-216
tcas|D6WF72	0.751996007984032	E-EE	3764-3773
tcas|D6WFR8	0.444530046224962	S-SS	285-294
tcas|D6WGI6	0.762354651162791	E-EE	521-530
tcas|D6WGR9	0.822998872604284	D-DD	727-735
tcas|D6WHS3	0.430929095354523	S-SS	347-360
tcas|D6WJQ7	0.897350993377483	S-SS	668-689
tcas|D6WJY6	0.408941755537326	S-SS	485-514
tcas|D6WL05	0.924889543446245	S-SS	3764-3774
tcas|D6WL05	0.99300441826215	A-AA	4042-4051
tcas|D6WL05	0.99300441826215	A-AS	4042-4051
tcas|D6WL41	0.964446444644464	S-SS	1068-1077
tcas|D6WMT4	0.915873015873016	A-AA	284-295
tcas|D6WQ49	0.452517985611511	E-EE	311-320
tcas|D6WQE3	0.980103806228374	E-EE	560-575
tcas|D6WR66	0.743145743145743	E-DE	511-521
tcas|D6WR66	0.743145743145743	E-EE	511-521
tcas|D6WU89	0.63929889298893	E-EE	3115-3124
tcas|D6WUR2	0.199702675916749	E-DE	197-208
tcas|D6WW17	0.337751004016064	E-DE	417-426
tcas|D6WW21	0.292838874680307	S-SS	225-235
tcas|D6WW60	0.0756062767475036	S-SS	50-58
tcas|D6WW85	0.0772532188841202	E-EE	69-77
tcas|D6WX35	0.197776845637584	S-SS	468-477
tcas|D6WZ60	0.982638888888889	E-EE	421-430
tcas|D6WZW5	0.413016270337922	E-EE	326-336
tcas|D6X046	0.720387652548457	S-SS	1000-1009
tcas|D6X046	0.738334529791816	S-SS	1021-1038
tcas|D6X0K3	0.944168734491315	D-DD	375-388
tcas|D6X0K3	0.944168734491315	D-DE	375-388
tcas|D6X166	0.881212723658052	E-EE	884-891
tcas|D6X1U5	0.854957805907173	A-AA	807-816
tcas|D6X346	0.0369897959183673	S-SS	15-45
tcas|D6X346	0.319515306122449	S-SS	247-256
tcas|D7EHP9	0.0988505747126437	S-SS	40-48
tcas|D7EJ84	0.414383561643836	S-SS	957-981
tcas|D7ELV4	0.405931417979611	S-SS	435-443
tcas|D7GXU7	0.720387652548457	S-SS	1000-1009
tcas|D7GXU7	0.738334529791816	S-SS	1021-1038
tcas|D7GY40	0.140250855188141	E-EE	120-128
tcas|D7GY40	0.159064994298746	E-EE	136-145
tcas|D7GY40	0.434435575826682	E-EE	373-391
tetr|I7LVU3	0.920634920634921	D-DD	982-992
tetr|I7LX94	0.13716814159292	S-SS	85-103
tetr|I7M1L3	0.984427141268076	E-DE	873-899
tetr|I7M1L3	0.984427141268076	E-EE	873-899
tetr|I7M6H4	0.127549796016319	E-EE	528-537
tetr|Q22BP0	0.0465735196274118	E-EE	66-76
tetr|Q22PA6	0.893526405451448	E-EE	522-529
tetr|Q23EG3	0.967600700525394	E-EE	549-558
tetr|Q23FG9	0.952143719806763	S-SS	3149-3160
tetr|Q23FG9	0.956974637681159	S-SS	3164-3177
tetr|Q23JX2	0.928208386277001	S-SS	725-738
tetr|Q23ZH1	0.766552511415525	E-EE	668-677
tetr|Q23ZH1	0.781963470319635	E-EE	681-691
tetr|Q24B92	0.983031674208145	E-EE	431-440
tetr|Q24BB2	0.0619596541786743	E-EE	40-48
tetr|W7X3I4	0.0940054495912807	E-EE	31-40
tetr|W7XF42	0.895445134575569	S-SS	425-442
tgon|TGME49_205130	0.518895348837209	S-SS	2492-2508
tgon|TGME49_207900	0.790024630541872	S-SS	635-650
tgon|TGME49_209100	0.857142857142857	S-SS	529-553
tgon|TGME49_211090	0.239302694136292	S-SS	146-158
tgon|TGME49_211090	0.268621236133122	S-AS	166-175
tgon|TGME49_211090	0.268621236133122	S-SS	166-175
tgon|TGME49_214090	0.841227125941873	E-EE	1558-1570
tgon|TGME49_214240	0.538539212386402	A-AA	1597-1605
tgon|TGME49_214270	0.457567804024497	A-AA	519-529
tgon|TGME49_214490	0.970044378698225	E-DE	1308-1317
tgon|TGME49_214820	0.0978494623655914	S-SS	40-53
tgon|TGME49_214820	0.241935483870968	A-AA	106-121
tgon|TGME49_218410	0.907348242811502	A-AA	275-295
tgon|TGME49_218560	0.415244261330194	A-AS	1396-1428
tgon|TGME49_219200	0.102497398543184	E-EE	87-112
tgon|TGME49_219550	0.386993603411514	A-AA	176-189
tgon|TGME49_220860	0.0257903494176373	A-AA	12-21
tgon|TGME49_221660	0.223093564088697	A-AA	409-418
tgon|TGME49_221660	0.818550567874527	A-AA	1510-1519
tgon|TGME49_221660	0.894808004326663	A-AA	1648-1663
tgon|TGME49_221830	0.527006172839506	S-SS	1016-1035
tgon|TGME49_222070	0.0380434782608696	D-DE	21-30
tgon|TGME49_222430	0.0566765578635015	S-SS	91-102
tgon|TGME49_222800	0.318348318348318	A-AA	949-965
tgon|TGME49_223390	0.104261106074343	E-DE	226-236
tgon|TGME49_223390	0.104261106074343	E-EE	226-236
tgon|TGME49_223540	0.928702010968921	D-DD	1012-1022
tgon|TGME49_226080	0.146913580246914	S-AS	47-193
tgon|TGME49_226080	0.146913580246914	S-SS	47-193
tgon|TGME49_226080	0.924691358024691	S-AS	733-767
tgon|TGME49_226080	0.924691358024691	S-SS	733-767
tgon|TGME49_226440	0.316951147733961	S-SS	535-544
tgon|TGME49_227260	0.710891089108911	E-DE	354-366
tgon|TGME49_227260	0.710891089108911	E-EE	354-366
tgon|TGME49_228250	0.149193548387097	S-SS	150-185
tgon|TGME49_229290	0.5859291084855	S-SS	539-554
tgon|TGME49_229900	0.307747489239598	A-AA	210-221
tgon|TGME49_230440	0.50672268907563	E-DE	296-309
tgon|TGME49_233010	0.55834564254062	S-SS	375-383
tgon|TGME49_235980	0.26	S-AS	148-205
tgon|TGME49_235980	0.531111111111111	S-SS	343-376
tgon|TGME49_237150	0.0228365384615385	A-AA	6-15
tgon|TGME49_240430	0.899820305480683	D-DE	996-1009
tgon|TGME49_244100	0.381340579710145	S-SS	206-217
tgon|TGME49_246040	0.441689944134078	S-AS	621-646
tgon|TGME49_246060	0.185981308411215	S-SS	392-406
tgon|TGME49_258240	0.84885588117222	D-DD	2111-2120
tgon|TGME49_258240	0.84885588117222	D-DE	2111-2120
tgon|TGME49_258980	0.071830985915493	S-SS	22-31
tgon|TGME49_261260	0.665884194053208	S-SS	418-435
tgon|TGME49_263650	0.0793269230769231	S-AS	73-94
tgon|TGME49_263650	0.0793269230769231	S-SS	73-94
tgon|TGME49_263710	0.0867507886435331	S-SS	51-61
tgon|TGME49_268370	0.150373709811366	A-AA	1264-1273
tgon|TGME49_270865	0.424227562530652	A-AA	862-870
tgon|TGME49_271440	0.229540918163673	S-SS	111-121
tgon|TGME49_272290	0.1727078891258	S-SS	74-90
tgon|TGME49_272400	0.2125	E-EE	73-82
tgon|TGME49_273870	0.0463022508038585	E-EE	64-82
tgon|TGME49_278440	0.822272215973003	E-EE	2190-2198
tgon|TGME49_278500	0.500703729767769	E-EE	707-718
tgon|TGME49_281450	0.0695364238410596	S-SS	10-55
tgon|TGME49_285730	0.102620087336245	S-SS	13-83
tgon|TGME49_286800	0.527876631079478	S-AS	433-459
tgon|TGME49_288210	0.349109131403118	S-SS	308-321
tgon|TGME49_289190	0.473552537526805	S-AS	636-691
tgon|TGME49_289190	0.473552537526805	S-SS	636-691
tgon|TGME49_289310	0.0234972677595628	S-SS	11-34
tgon|TGME49_290160	0.766957364341085	A-AA	787-798
tgon|TGME49_290640	0.145806451612903	E-DE	219-235
tgon|TGME49_290640	0.145806451612903	E-EE	219-235
tgon|TGME49_290640	0.171935483870968	E-EE	257-278
tgon|TGME49_290640	0.235806451612903	S-SS	355-378
tgon|TGME49_290640	0.51741935483871	S-SS	795-811
tgon|TGME49_291950	0.185082872928177	A-AA	129-141
tgon|TGME49_294280	0.556047197640118	S-SS	553-580
tgon|TGME49_294350	0.177764077270859	E-EE	427-440
tgon|TGME49_294430	0.690315315315315	E-EE	607-621
tgon|TGME49_294430	0.707207207207207	E-EE	625-633
tgon|TGME49_294430	0.721283783783784	E-EE	637-646
tgon|TGME49_294440	0.587719298245614	S-SS	566-575
tgon|TGME49_294620	0.193298969072165	D-DD	184-193
tgon|TGME49_294620	0.193298969072165	D-DE	184-193
tgon|TGME49_295070	0.207553058676654	S-AS	300-367
tgon|TGME49_301390	0.101807802093245	E-DE	97-119
tgon|TGME49_301390	0.101807802093245	E-EE	97-119
tgon|TGME49_301390	0.123215984776403	E-DE	126-135
tgon|TGME49_301390	0.13558515699334	E-DE	138-149
tgon|TGME49_301390	0.13558515699334	E-EE	138-149
tgon|TGME49_305460	0.0970772442588727	E-EE	43-52
tgon|TGME49_305480	0.0571142284569138	S-SS	53-63
tgon|TGME49_306290	0.0372492836676218	S-AS	52-80
tgon|TGME49_306960	0.839762611275964	A-AA	563-571
tgon|TGME49_312230	0.915458937198068	S-AS	1509-1525
tgon|TGME49_313830	0.428515007898894	E-DE	539-548
tgon|TGME49_313830	0.428515007898894	E-EE	539-548
tgon|TGME49_314410	0.847487772343264	S-AS	1891-1923
tgon|TGME49_314740	0.28005284015852	E-EE	206-220
tgon|TGME49_314740	0.678996036988111	E-DE	510-520
tgon|TGME49_314740	0.678996036988111	E-EE	510-520
tgon|TGME49_316660	0.739157372986369	S-SS	584-611
tgon|TGME49_318400	0.601535240753664	S-SS	858-868
tgon|TGME49_319860	0.0456075395489734	S-AS	116-157
tgon|TGME49_320150	0.151400862068966	S-AS	136-147
tgon|TGME49_320150	0.585129310344828	S-AS	540-548
tgon|TGME49_320300	0.0771358328211432	S-SS	118-135
tgon|TGME49_320430	0.984485815602837	S-SS	1097-1126
tgon|TGME49_321440	0.0612980769230769	S-AS	73-82
tkod|Q5JH36	0.946902654867257	E-DE	315-329
tkod|Q5JH36	0.946902654867257	E-EE	315-329
tmel|D5G404	0.200772200772201	A-AA	101-109
tmel|D5G554	0.473202614379085	E-EE	359-367
tmel|D5G5I2	0.112154696132597	A-AA	99-106
tmel|D5G5N6	0.472803347280335	A-AA	335-345
tmel|D5G7I7	0.317102137767221	A-AA	130-139
tmel|D5GAV1	0.74283305227656	D-DD	437-446
tmel|D5GE32	0.348695652173913	E-EE	197-206
tmel|D5GEU8	0.943538268506901	D-DD	749-757
tmel|D5GEU8	0.943538268506901	D-DE	749-757
tmel|D5GEU8	0.969259723964868	E-DE	763-784
tmel|D5GEU8	0.969259723964868	E-EE	763-784
tmel|D5GF28	0.990378646803228	D-DD	1592-1601
tmel|D5GF28	0.990378646803228	D-DE	1592-1601
tmel|D5GH60	0.818412162162162	E-EE	480-491
tmel|D5GID4	0.28894472361809	A-AA	397-410
tmel|D5GNF8	0.125970664365833	D-DE	289-297
tpse|B5YM77	0.0254010695187166	D-DE	6-15
tpse|B5YME4	0.24955595026643	D-DE	137-146
tpse|B5YNN0	0.0288770053475936	S-SS	23-33
tpse|B5YP12	0.852548408635656	E-EE	3822-3841
tpse|B8BPZ0	0.147183098591549	S-SS	94-117
tpse|B8BRG9	0.0506958250497018	A-AA	22-31
tpse|B8BRI8	0.779057591623037	S-SS	741-749
tpse|B8BSJ7	0.591036414565826	E-EE	206-218
tpse|B8BVN2	0.0929127052722558	D-DD	104-113
tpse|B8BVN2	0.0929127052722558	D-DE	104-113
tpse|B8BZT8	0.234254992319508	S-SS	148-159
tpse|B8C038	0.937966417910448	D-DD	1002-1011
tpse|B8C0D4	0.881040892193309	A-AA	232-244
tpse|B8C213	0.941761363636364	E-DE	990-1001
tpse|B8C213	0.941761363636364	E-EE	990-1001
tpse|B8C5R7	0.19750656167979	D-DE	147-156
tpse|B8C637	0.96241134751773	D-DE	675-684
tpse|B8C9X7	0.0414746543778802	D-DD	15-23
tpse|B8C9X7	0.0414746543778802	D-DE	15-23
tpse|B8CC29	0.0286885245901639	E-EE	21-30
tpse|B8CEP8	0.0915694475016509	A-AA	413-421
trub|A0A3B5JUG8	0.858058608058608	S-SS	458-481
trub|A0A3B5JUQ0	0.216216216216216	A-AA	83-95
trub|A0A3B5JUZ5	0.327092090179595	S-SS	853-861
trub|A0A3B5JVP1	0.271444082519001	E-EE	243-259
trub|A0A3B5JVW2	0.377984084880637	E-DE	139-148
trub|A0A3B5JVW2	0.377984084880637	E-EE	139-148
trub|A0A3B5JY73	0.785087719298246	E-EE	712-722
trub|A0A3B5JYC2	0.338046272493573	A-AA	128-137
trub|A0A3B5JYD6	0.985809682804674	E-EE	583-600
trub|A0A3B5JYK9	0.954059829059829	E-EE	441-454
trub|A0A3B5JYX3	0.643873085339169	E-EE	586-593
trub|A0A3B5JZB6	0.0187870797626895	E-EE	25-34
trub|A0A3B5JZB8	0.787472647702407	S-SS	1431-1450
trub|A0A3B5JZS6	0.0964187327823691	A-AA	30-42
trub|A0A3B5JZY2	0.951093951093951	E-EE	735-745
trub|A0A3B5K096	0.404318689501117	E-EE	540-548
trub|A0A3B5K0R9	0.967312348668281	S-SS	396-405
trub|A0A3B5K125	0.97296372347707	S-SS	1418-1427
trub|A0A3B5K1A7	0.737668161434978	E-EE	490-499
trub|A0A3B5K1I9	0.929090909090909	E-EE	506-518
trub|A0A3B5K1L3	0.811341095299698	E-EE	1874-1891
trub|A0A3B5K213	0.488	S-SS	177-191
trub|A0A3B5K225	0.633141762452107	D-DD	327-336
trub|A0A3B5K225	0.633141762452107	D-DE	327-336
trub|A0A3B5K293	0.553956834532374	E-EE	459-467
trub|A0A3B5K2E4	0.879032258064516	S-SS	2232-2239
trub|A0A3B5K2S2	0.603087100330761	E-EE	533-563
trub|A0A3B5K414	0.934883720930233	D-DD	376-430
trub|A0A3B5K4R5	0.789529349550502	E-EE	1489-1499
trub|A0A3B5K525	0.105648535564854	E-DE	44-59
trub|A0A3B5K525	0.105648535564854	E-EE	44-59
trub|A0A3B5K577	0.14804793196753	S-SS	379-389
trub|A0A3B5K577	0.164476227290298	S-SS	419-434
trub|A0A3B5K5B0	0.85829307568438	S-SS	1063-1071
trub|A0A3B5K5B0	0.947665056360709	S-SS	1174-1182
trub|A0A3B5K5L0	0.963780918727915	S-SS	542-551
trub|A0A3B5K5Y5	0.698537095088819	E-EE	2001-2012
trub|A0A3B5K605	0.501461988304094	S-SS	510-521
trub|A0A3B5K641	0.943542611601814	S-SS	3949-3958
trub|A0A3B5K674	0.813745019920319	A-AA	402-417
trub|A0A3B5K675	0.86684599865501	E-EE	1282-1298
trub|A0A3B5K6C9	0.911082474226804	E-EE	350-359
trub|A0A3B5K6J2	0.797665369649806	E-DE	609-623
trub|A0A3B5K6J2	0.797665369649806	E-EE	609-623
trub|A0A3B5K6K7	0.247216035634744	E-EE	219-227
trub|A0A3B5K6M7	0.444961240310077	E-EE	1144-1154
trub|A0A3B5K7J0	0.084070796460177	E-EE	53-63
trub|A0A3B5K7L8	0.579674796747968	E-DE	346-369
trub|A0A3B5K7L8	0.579674796747968	E-EE	346-369
trub|A0A3B5K9B3	0.195652173913043	S-SS	95-105
trub|A0A3B5K9M7	0.289046653144016	E-EE	424-433
trub|A0A3B5K9M7	0.639959432048682	S-SS	943-952
trub|A0A3B5K9M7	0.876943881000676	A-AA	1290-1306
trub|A0A3B5K9M9	0.152866242038217	E-EE	497-513
trub|A0A3B5K9Q3	0.879228953579858	S-SS	1114-1123
trub|A0A3B5KA22	0.559134107708553	S-SS	526-535
trub|A0A3B5KA46	0.130279402209227	S-SS	195-208
trub|A0A3B5KA72	0.173090649536046	E-EE	238-249
trub|A0A3B5KAB8	0.692894345238095	E-EE	1856-1871
trub|A0A3B5KAB8	0.882068452380952	S-SS	2364-2380
trub|A0A3B5KAN1	0.277439024390244	S-SS	224-233
trub|A0A3B5KB91	0.782941176470588	A-AA	662-671
trub|A0A3B5KBA2	0.485178727114211	S-SS	553-562
trub|A0A3B5KBB4	0.963523131672598	E-DE	534-551
trub|A0A3B5KBB4	0.963523131672598	E-EE	534-551
trub|A0A3B5KBQ9	0.375730994152047	A-AA	125-134
trub|A0A3B5KBZ6	0.12855579868709	A-AA	108-129
trub|A0A3B5KBZ6	0.12855579868709	A-AS	108-129
trub|A0A3B5KC58	0.793296089385475	S-SS	990-1000
trub|A0A3B5KCH3	0.327450980392157	S-SS	163-173
trub|A0A3B5KCT0	0.966960352422907	E-EE	2850-2859
trub|A0A3B5KDI5	0.673969072164949	A-AA	258-267
trub|A0A3B5KEF1	0.353211009174312	S-SS	266-275
trub|A0A3B5KEF1	0.419397116644823	S-SS	315-327
trub|A0A3B5KEU1	0.61276332094176	E-EE	478-513
trub|A0A3B5KFP8	0.85625	S-SS	404-420
trub|A0A3B5KFQ8	0.723234624145786	S-SS	313-324
trub|A0A3B5KFY1	0.228661749209694	S-SS	211-225
trub|A0A3B5KG02	0.796943231441048	E-EE	361-371
trub|A0A3B5KG21	0.381626506024096	S-SS	629-640
trub|A0A3B5KGE1	0.144939965694683	E-EE	81-90
trub|A0A3B5KGE1	0.191252144082333	E-EE	107-118
trub|A0A3B5KGJ1	0.63062015503876	S-SS	808-821
trub|A0A3B5KGU2	0.16147859922179	E-EE	120-131
trub|A0A3B5KH21	0.169336384439359	A-AA	143-155
trub|A0A3B5KH42	0.380376344086022	E-DE	138-147
trub|A0A3B5KH42	0.380376344086022	E-EE	138-147
trub|A0A3B5KH52	0.840390879478827	A-AA	254-264
trub|A0A3B5KHB8	0.127906976744186	S-SS	107-115
trub|A0A3B5KHZ3	0.700856734888148	S-SS	1469-1478
trub|A0A3B5KI45	0.816306483300589	A-AA	409-424
trub|A0A3B5KI68	0.857976653696498	D-DD	438-446
trub|A0A3B5KIS4	0.0670289855072464	A-AA	34-42
trub|A0A3B5KJG3	0.327464788732394	D-DD	135-146
trub|A0A3B5KJS4	0.532567049808429	S-SS	687-705
trub|A0A3B5KJS4	0.82183908045977	S-SS	1063-1084
trub|A0A3B5KJS4	0.923754789272031	S-SS	1193-1220
trub|A0A3B5KJS4	0.948275862068966	S-SS	1235-1242
trub|A0A3B5KK06	0.481330221703617	D-DD	408-419
trub|A0A3B5KKI4	0.926744186046512	E-DE	393-406
trub|A0A3B5KKI4	0.926744186046512	E-EE	393-406
trub|A0A3B5KKI4	0.965116279069767	E-EE	411-421
trub|A0A3B5KL93	0.191590909090909	S-SS	418-427
trub|A0A3B5KLG8	0.945804195804196	E-DE	807-818
trub|A0A3B5KLG8	0.945804195804196	E-EE	807-818
trub|A0A3B5KLG9	0.728070175438597	E-EE	702-711
trub|A0A3B5KLK1	0.527938342967245	E-EE	269-281
trub|A0A3B5KLQ7	0.0784177654406662	S-SS	108-120
trub|A0A3B5KLQ7	0.325121443442054	S-SS	458-481
trub|A0A3B5KLZ8	0.593045843045843	A-AA	1523-1532
trub|A0A3B5KM17	0.767386091127098	S-SS	313-329
trub|A0A3B5KM51	0.0968154677281774	S-SS	337-346
trub|A0A3B5KME1	0.257630161579892	E-EE	141-148
trub|A0A3B5KMF3	0.409246575342466	S-SS	236-244
trub|A0A3B5KN14	0.780701754385965	E-EE	217-230
trub|A0A3B5KN42	0.332491582491583	A-AA	193-204
trub|A0A3B5KN42	0.508417508417508	A-AA	296-310
trub|A0A3B5KN42	0.677609427609428	A-AA	399-408
trub|A0A3B5KN42	0.936868686868687	A-AA	553-562
trub|A0A3B5KN49	0.701938610662359	E-EE	428-443
trub|A0A3B5KPM8	0.900082918739635	E-EE	1082-1091
trub|A0A3B5KQ63	0.134313725490196	E-EE	134-142
trub|A0A3B5KQB0	0.508241758241758	S-SS	180-192
trub|A0A3B5KTL8	0.659111111111111	S-SS	736-749
trub|A0A3B5KV87	0.442916093535076	E-EE	318-328
trub|A0A3B5KW68	0.7336578581363	S-SS	524-533
trub|A0JGX6	0.108606557377049	A-AA	49-59
trub|H2RIT7	0.451278928136419	E-EE	367-376
trub|H2RKE4	0.657051282051282	S-SS	497-530
trub|H2RKV0	0.249440715883669	S-SS	219-229
trub|H2RKX0	0.339587242026266	S-AS	176-188
trub|H2RMD8	0.729446935724963	S-SS	484-494
trub|H2RMH8	0.967420212765957	S-SS	721-736
trub|H2RMT7	0.870279146141215	S-SS	527-535
trub|H2RNI7	0.309335443037975	S-SS	192-201
trub|H2RPB2	0.927083333333333	S-SS	575-584
trub|H2RPH0	0.866915422885572	S-SS	340-359
trub|H2RQ92	0.528236914600551	A-AA	380-389
trub|H2RQD0	0.897988505747126	S-SS	934-943
trub|H2RQZ5	0.195928753180662	S-SS	228-236
trub|H2RR04	0.258120649651972	D-DD	214-233
trub|H2RR04	0.258120649651972	D-DE	214-233
trub|H2RR70	0.904463040446304	S-SS	641-658
trub|H2RRD5	0.644396551724138	S-SS	293-307
trub|H2RS22	0.574783683559951	E-EE	456-476
trub|H2RS22	0.629171817058096	E-EE	506-514
trub|H2RS22	0.656365883807169	E-EE	525-539
trub|H2RS96	0.671583087512291	A-AA	676-692
trub|H2RSQ4	0.09375	S-SS	144-152
trub|H2RSQ4	0.988520408163265	E-EE	1547-1555
trub|H2RSU4	0.276867963152508	S-SS	267-276
trub|H2RSW2	0.97931654676259	E-EE	1084-1096
trub|H2RT06	0.920021186440678	E-EE	863-876
trub|H2RTW5	0.915360501567398	E-EE	579-591
trub|H2RVI2	0.190575916230366	S-SS	178-188
trub|H2RW22	0.0687861271676301	S-SS	52-69
trub|H2RW23	0.135251798561151	S-SS	90-100
trub|H2RWV8	0.12981455064194	E-DE	87-97
trub|H2RWV8	0.12981455064194	E-EE	87-97
trub|H2RWV8	0.181169757489301	D-DD	122-134
trub|H2RX09	0.946818181818182	A-AA	1038-1047
trub|H2RYF9	0.258764607679466	E-EE	149-163
trub|H2RYS0	0.785523978685613	A-AA	881-890
trub|H2RYS0	0.870337477797513	A-AA	974-988
trub|H2RYS6	0.975776397515528	E-EE	782-791
trub|H2RZ98	0.0517403574788335	E-DE	51-61
trub|H2RZ98	0.0517403574788335	E-EE	51-61
trub|H2RZM2	0.845907636031093	E-EE	1846-1856
trub|H2S1T8	0.389846743295019	S-SS	200-209
trub|H2S1T8	0.431992337164751	S-SS	220-233
trub|H2S289	0.361820199778024	E-DE	322-332
trub|H2S2Y4	0.958424507658643	S-SS	870-884
trub|H2S310	0.323899371069182	A-AA	99-109
trub|H2S3R0	0.619290703922622	S-SS	1148-1159
trub|H2S3R6	0.918238993710692	E-EE	430-448
trub|H2S6H9	0.0437279151943463	E-EE	46-55
trub|H2S6P6	0.983983286908078	E-EE	702-713
trub|H2S6R7	0.760111576011158	E-EE	541-551
trub|H2S6R7	0.830543933054393	E-EE	589-604
trub|H2S6R7	0.861924686192469	E-EE	614-624
trub|H2S7B5	0.587985436893204	E-EE	478-493
trub|H2S7S6	0.843189017951426	A-AA	795-804
trub|H2S8S0	0.569715142428786	S-SS	755-767
trub|H2S8X5	0.318045112781955	E-DE	208-217
trub|H2SAB5	0.802513464991023	S-SS	442-454
trub|H2SBC2	0.723568281938326	S-SS	324-335
trub|H2SBS1	0.835097001763668	A-AA	467-482
trub|H2SCX1	0.0236686390532544	A-AA	8-18
trub|H2SDR7	0.508373205741627	E-EE	207-220
trub|H2SDX4	0.0295608108108108	E-EE	13-24
trub|H2SE58	0.940334128878282	E-EE	389-401
trub|H2SF36	0.412642045454545	E-DE	577-587
trub|H2SF36	0.412642045454545	E-EE	577-587
trub|H2SF96	0.561212121212121	E-EE	459-469
trub|H2SFH2	0.744545454545455	A-AA	406-415
trub|H2SFN9	0.622100122100122	S-SS	503-518
trub|H2SFN9	0.981074481074481	S-SS	794-815
trub|H2SGA4	0.787640449438202	A-AA	345-358
trub|H2SGN7	0.5088	S-SS	312-326
trub|H2SHF2	0.376916524701874	S-SS	436-451
trub|H2SHF2	0.390545144804089	S-SS	454-465
trub|H2SHG9	0.177083333333333	S-SS	56-65
trub|H2SHZ9	0.932879377431907	E-EE	951-969
trub|H2SI94	0.588467614533965	D-DD	368-379
trub|H2SIC9	0.194902548725637	S-SS	127-135
trub|H2SIJ1	0.958612040133779	E-EE	1143-1152
trub|H2SIS9	0.482984293193717	E-EE	551-558
trub|H2SIT3	0.59616038056405	S-SS	1751-1760
trub|H2SJ69	0.414165666266507	E-EE	687-695
trub|H2SJS1	0.922703180212014	S-SS	1041-1050
trub|H2SJV7	0.465814917127072	A-AA	669-682
trub|H2SK55	0.144600938967136	S-SS	148-162
trub|H2SK78	0.637651821862348	D-DD	784-793
trub|H2SKT1	0.587813620071685	A-AA	324-334
trub|H2SKT5	0.176666666666667	S-SS	70-91
trub|H2SKY8	0.815768930523029	D-DD	1042-1050
trub|H2SKY8	0.815768930523029	D-DE	1042-1050
trub|H2SKZ6	0.911447084233261	D-DD	383-463
trub|H2SL43	0.246742957746479	E-EE	1398-1407
trub|H2SLI7	0.870756684999052	E-DE	4588-4597
trub|H2SLI7	0.870756684999052	E-EE	4588-4597
trub|H2SLY6	0.391	S-SS	190-203
trub|H2SM02	0.925872093023256	S-SS	634-642
trub|H2SMI5	0.884889643463497	S-SS	2595-2619
trub|H2SMI8	0.816705336426914	A-AA	348-358
trub|H2SMJ5	0.148261758691207	E-EE	214-223
trub|H2SMJ5	0.157805044308112	E-DE	228-237
trub|H2SMJ5	0.157805044308112	E-EE	228-237
trub|H2SMS5	0.0806055646481178	S-SS	95-104
trub|H2SMW6	0.265137614678899	S-SS	286-294
trub|H2SMW6	0.33256880733945	E-EE	359-368
trub|H2SMW6	0.502293577981651	S-SS	541-556
trub|H2SMW8	0.656844106463878	E-EE	343-350
trub|H2SN64	0.768702290076336	S-SS	500-509
trub|H2SN71	0.974545454545454	S-SS	532-542
trub|H2SN91	0.325744308231173	S-SS	182-192
trub|H2SNV2	0.785087719298246	E-EE	712-722
trub|H2SP39	0.935897435897436	E-EE	1457-1465
trub|H2SPN5	0.98444976076555	E-EE	408-417
trub|H2SPQ2	0.78499369482976	E-EE	619-628
trub|H2SQG6	0.151665166516652	S-SS	164-175
trub|H2SQM0	0.523809523809524	S-SS	627-651
trub|H2SQR3	0.874278647980214	S-SS	1057-1066
trub|H2SQS0	0.38039457459926	E-EE	305-314
trub|H2SQS0	0.398890258939581	E-EE	320-329
trub|H2SQS0	0.479038224414303	E-EE	381-398
trub|H2SQX0	0.231800766283525	S-AS	118-126
trub|H2SRC4	0.734126984126984	E-DE	1384-1393
trub|H2SRC4	0.734126984126984	E-EE	1384-1393
trub|H2SSL3	0.623720136518771	E-EE	360-373
trub|H2SSL3	0.863481228668942	E-DE	503-511
trub|H2SSN6	0.274239543726236	A-AA	282-297
trub|H2ST28	0.535230352303523	S-SS	589-598
trub|H2STU7	0.95525494276795	S-SS	915-923
trub|H2SUI1	0.247005988023952	E-EE	162-170
trub|H2SUT4	0.11463887542414	S-SS	233-242
trub|H2SUT9	0.600790513833992	E-EE	300-310
trub|H2SUY2	0.906032482598608	E-DE	386-397
trub|H2SUY2	0.906032482598608	E-EE	386-397
trub|H2SV99	0.730769230769231	S-SS	538-547
trub|H2SVW6	0.688227241615332	S-SS	1002-1011
trub|H2SVY1	0.240023474178404	S-SS	201-210
trub|H2SWC4	0.752959747434886	E-EE	949-961
trub|H2SWC4	0.784135753749013	E-EE	990-999
trub|H2SWR8	0.866756393001346	S-AS	638-652
trub|H2SWR8	0.866756393001346	S-SS	638-652
trub|H2SX39	0.611080485115766	S-SS	1098-1121
trub|H2SXQ6	0.367263236390753	S-SS	489-498
trub|H2SXY1	0.815230224321133	S-SS	686-697
trub|H2SY55	0.846658338538414	E-DE	1352-1361
trub|H2SY71	0.0824275362318841	E-EE	82-102
trub|H2SY71	0.191576086956522	E-EE	201-224
trub|H2SY71	0.242300724637681	E-EE	261-276
trub|H2SY71	0.30661231884058	E-DE	332-347
trub|H2SY71	0.30661231884058	E-EE	332-347
trub|H2SYL4	0.0428388746803069	S-SS	27-42
trub|H2SZ71	0.876506024096386	S-SS	431-444
trub|H2SZ82	0.305489260143198	A-AA	125-133
trub|H2SZI3	0.596359070935342	S-SS	942-960
trub|H2SZK3	0.504640371229698	E-EE	212-225
trub|H2SZK3	0.726218097447796	S-SS	308-320
trub|H2SZN1	0.312871287128713	S-SS	307-327
trub|H2SZW3	0.360902255639098	E-EE	188-198
trub|H2T128	0.799682875264271	S-SS	753-762
trub|H2T173	0.570422535211268	A-AA	159-167
trub|H2T1L9	0.155693950177936	A-AA	84-93
trub|H2T1T5	0.839813374805599	E-DE	1075-1087
trub|H2T1T5	0.839813374805599	E-EE	1075-1087
trub|H2T2H5	0.923799582463466	A-AA	437-450
trub|H2T360	0.532425068119891	E-EE	969-987
trub|H2T3C1	0.0311398354876616	A-AA	23-32
trub|H2T3C1	0.322561692126909	A-AA	271-280
trub|H2T3C1	0.571092831962397	A-AA	482-492
trub|H2T3I3	0.5	S-SS	367-382
trub|H2T3R1	0.625778331257783	A-AA	500-507
trub|H2T4L5	0.0190294957183635	E-EE	16-26
trub|H2T4M9	0.18107476635514	S-SS	73-84
trub|H2T4N7	0.707792207792208	A-AA	323-333
trub|H2T539	0.699555555555556	E-EE	784-792
trub|H2T539	0.825333333333333	E-DE	926-933
trub|H2T539	0.825333333333333	E-EE	926-933
trub|H2T559	0.388190076869322	S-SS	552-561
trub|H2T599	0.640322580645161	E-EE	194-205
trub|H2T5D4	0.47941567065073	A-AA	717-729
trub|H2T5L9	0.437349397590361	D-DD	542-549
trub|H2T5L9	0.437349397590361	D-DE	542-549
trub|H2T5Q5	0.453151618398637	E-DE	526-540
trub|H2T5Q5	0.453151618398637	E-EE	526-540
trub|H2T5U2	0.673357664233577	D-DD	365-375
trub|H2T5U2	0.673357664233577	D-DE	365-375
trub|H2T5U2	0.701642335766423	E-EE	381-390
trub|H2T674	0.925302245250432	S-SS	1067-1078
trub|H2T6H5	0.822048611111111	S-SS	470-479
trub|H2T775	0.0778829604130809	S-SS	87-96
trub|H2T7A0	0.776173285198556	S-SS	641-651
trub|H2T7I5	0.629860031104199	S-SS	399-413
trub|H2T7W0	0.444591029023747	E-EE	164-175
trub|H2T7W6	0.815905743740795	A-AA	550-560
trub|H2T842	0.92719298245614	D-DD	517-542
trub|H2T8I5	0.606026785714286	D-DD	810-821
trub|H2T8X5	0.0794053662073967	S-SS	106-115
trub|H2T8Z5	0.611111111111111	E-EE	303-315
trub|H2TAC0	0.458904109589041	E-EE	599-609
trub|H2TAG2	0.84984241332733	A-AA	1880-1897
trub|H2TAQ1	0.287811387900356	E-EE	321-328
trub|H2TBE3	0.31615925058548	A-AA	132-140
trub|H2TBI5	0.108823529411765	A-AA	71-79
trub|H2TC25	0.544979079497908	A-AA	256-267
trub|H2TCX0	0.174520547945205	S-SS	315-324
trub|H2TCX0	0.54986301369863	S-SS	996-1013
trub|H2TDV7	0.714	E-EE	354-362
trub|H2TE49	0.936046511627907	D-DD	1443-1457
trub|H2TE53	0.169036061026352	S-SS	478-499
trub|H2TE53	0.746532593619972	S-AS	2127-2181
trub|H2TE53	0.746532593619972	S-SS	2127-2181
trub|H2TE53	0.950589459084605	S-SS	2738-2747
trub|H2TE53	0.994452149791956	S-AS	2862-2876
trub|H2TE53	0.994452149791956	S-SS	2862-2876
trub|H2TEJ4	0.375822368421053	S-SS	220-239
trub|H2TFE0	0.0625469571750563	E-DE	162-173
trub|H2TFE0	0.0625469571750563	E-EE	162-173
trub|H2TFN5	0.31207400194742	E-EE	317-326
trub|H2TG23	0.38957475994513	E-DE	280-290
trub|H2TG93	0.905566600397614	S-SS	453-460
trub|H2TGA2	0.841515474919957	A-AA	785-794
trub|H2TGF8	0.406531531531532	D-DD	357-367
trub|H2TGF8	0.406531531531532	D-DE	357-367
trub|H2TGI7	0.197242841993637	S-SS	181-193
trub|H2TGI7	0.821314952279958	S-SS	771-780
trub|H2TGS5	0.424493554327808	A-AA	226-237
trub|H2TGZ7	0.258360302049622	E-DE	233-248
trub|H2TGZ7	0.258360302049622	E-EE	233-248
trub|H2TGZ7	0.283710895361381	E-EE	258-270
trub|H2TH06	0.584965437788018	S-SS	1005-1028
trub|H2TH72	0.958064516129032	S-SS	293-303
trub|H2THA8	0.77363184079602	E-EE	1084-1095
trub|H2THB5	0.912735849056604	D-DD	383-393
trub|H2THB5	0.912735849056604	D-DE	383-393
trub|H2THF1	0.0554517133956386	A-AA	85-95
trub|H2THN5	0.961876832844575	A-AA	980-990
trub|H2THS9	0.606308411214953	E-EE	254-267
trub|H2THS9	0.886682242990654	S-SS	375-386
trub|H2TI92	0.778132992327366	S-SS	604-615
trub|H2TIF3	0.395977011494253	E-EE	341-350
trub|H2TIF3	0.432183908045977	E-EE	370-384
trub|H2TJ69	0.0411147902869757	S-SS	70-81
trub|H2TJ69	0.280629139072848	S-SS	502-517
trub|H2TJ75	0.869509043927649	A-AA	332-343
trub|H2TK29	0.744458128078818	E-EE	601-610
trub|H2TKV4	0.884885764499121	E-EE	500-509
trub|H2TLH8	0.229096989966555	E-EE	133-143
trub|H2TLH8	0.260869565217391	E-EE	148-166
trub|H2TLJ1	0.575670498084291	A-AA	297-306
trub|H2TM92	0.21259842519685	A-AA	128-144
trub|H2TMC9	0.259493670886076	S-SS	137-152
trub|H2TMH6	0.0241109101868596	S-SS	31-51
trub|H2TMH6	0.0816757082579867	S-SS	131-142
trub|H2TMH6	0.808619650391802	D-DD	1337-1348
trub|H2TMH6	0.808619650391802	D-DE	1337-1348
trub|H2TMP5	0.0978172999191593	S-SS	118-126
trub|H2TMV3	0.773114355231144	S-SS	631-642
trub|H2TNQ6	0.558866279069767	S-SS	381-390
trub|H2TNV9	0.609108159392789	E-DE	318-326
trub|H2TNV9	0.609108159392789	E-EE	318-326
trub|H2TNY1	0.795042897998093	S-SS	829-841
trub|H2TP48	0.24904214559387	E-EE	127-135
trub|H2TPF4	0.901970954356846	E-EE	866-875
trub|H2TPL6	0.949029126213592	S-SS	2148-2155
trub|H2TPV6	0.208237986270023	A-AA	85-99
trub|H2TPX5	0.948626653102747	E-EE	928-939
trub|H2TQ05	0.936773255813954	D-DD	641-650
trub|H2TQ08	0.116720516962843	E-EE	139-152
trub|H2TQP2	0.823774765380605	S-SS	784-798
trub|H2TRG5	0.660477453580902	S-SS	246-254
trub|H2TRM1	0.817876344086022	S-SS	605-614
trub|H2TS42	0.647374701670644	E-EE	539-548
trub|H2TT89	0.415407854984894	S-SS	133-144
trub|H2TTH2	0.595607235142119	A-AA	458-466
trub|H2TTH2	0.726744186046512	S-SS	558-569
trub|H2TTY3	0.135153129161119	E-EE	98-107
trub|H2TUC2	0.276041666666667	S-SS	99-115
trub|H2TUL7	0.326825127334465	S-AS	188-199
trub|H2TUL7	0.326825127334465	S-SS	188-199
trub|H2TUY4	0.433634992458522	A-AA	283-294
trub|H2TV28	0.583333333333333	S-SS	725-733
trub|H2TVC4	0.0345489443378119	E-DE	51-59
trub|H2TVV1	0.302186878727634	E-EE	147-159
trub|H2TVW7	0.119119878603945	S-SS	74-85
trub|H2TW53	0.781676413255361	S-SS	396-408
trub|H2TWV2	0.683219178082192	E-EE	194-207
trub|H2TX29	0.890567765567766	S-SS	970-977
trub|H2TX62	0.116352201257862	S-SS	71-79
trub|H2TX62	0.702044025157233	S-SS	442-453
trub|H2TXB6	0.187759336099585	E-EE	84-99
trub|H2TXE9	0.0386740331491713	E-EE	18-26
trub|H2TXJ8	0.479226361031519	E-EE	331-340
trub|H2TXS6	0.983183856502242	A-AA	874-882
trub|H2TXW1	0.53133514986376	A-AA	387-395
trub|H2TYE0	0.892924350771547	S-SS	2363-2384
trub|H2TYJ7	0.890573500329598	S-SS	1348-1356
trub|H2U0B0	0.150492264416315	E-EE	424-434
trub|H2U0T1	0.0881731784582893	E-EE	80-89
trub|H2U0X2	0.777713625866051	E-EE	668-681
trub|H2U0X2	0.815819861431871	E-EE	702-713
trub|H2U0X2	0.860854503464203	E-EE	732-761
trub|H2U0X2	0.895496535796767	E-EE	772-781
trub|H2U0X2	0.935334872979215	E-EE	806-816
trub|H2U1D0	0.18286350148368	S-SS	243-252
trub|H2U1F3	0.76520618556701	S-SS	1478-1493
trub|H2U2C6	0.546339563862928	S-SS	697-708
trub|H2U2U8	0.0391355140186916	S-AS	29-40
trub|H2U2U8	0.0391355140186916	S-SS	29-40
trub|H2U314	0.604197901049475	S-SS	400-408
trub|H2U356	0.949779249448124	E-EE	856-867
trub|H2U3E2	0.188427299703264	S-SS	121-135
trub|H2U4J0	0.708613728129206	S-SS	1050-1058
trub|H2U4U3	0.73538961038961	A-AA	676-685
trub|H2U4U3	0.956709956709957	A-AA	880-890
trub|H2U4V4	0.122395833333333	E-EE	183-195
trub|H2U515	0.966501240694789	E-EE	385-396
trub|H2U519	0.758382642998028	E-DE	381-390
trub|H2U519	0.758382642998028	E-EE	381-390
trub|H2U5C9	0.410055865921788	D-DD	362-374
trub|H2U5C9	0.410055865921788	D-DE	362-374
trub|H2U5M2	0.552238805970149	S-SS	478-486
trub|H2U647	0.269849785407725	A-AA	500-508
trub|H2U647	0.736051502145923	A-AA	1368-1378
trub|H2U6C2	0.584254143646409	D-DD	632-639
trub|H2U6X1	0.0930131004366812	S-SS	103-112
trub|H2U7Q0	0.829268292682927	S-SS	506-516
trub|H2U7Y4	0.987715803452855	A-AA	1482-1495
trub|H2U827	0.911239495798319	E-EE	864-873
trub|H2U8R9	0.98377581120944	S-SS	1329-1341
trub|H2U8U5	0.487941429801895	A-AA	563-572
trub|H2U904	0.097972972972973	E-EE	37-52
trub|H2U959	0.855437665782493	A-AA	319-328
trub|H2U9M5	0.533642691415313	S-SS	456-466
trub|H2U9R3	0.912780133252574	S-SS	1503-1513
trub|H2U9T4	0.676966292134832	S-SS	238-246
trub|H2U9Z5	0.853595447490947	S-SS	1646-1656
trub|H2UA38	0.0698500394632991	A-AA	86-93
trub|H2UA38	0.785714285714286	D-DD	989-1004
trub|H2UAC2	0.365508365508366	D-DD	277-293
trub|H2UAC2	0.365508365508366	D-DE	277-293
trub|H2UAC2	0.391248391248391	D-DD	296-314
trub|H2UAQ1	0.759291648447748	E-EE	1734-1741
trub|H2UAR8	0.503743565746373	D-DE	1073-1082
trub|H2UB03	0.036144578313253	S-SS	26-36
trub|H2UBH6	0.475322490185081	S-SS	844-853
trub|H2UBH6	0.876612450925407	S-SS	1553-1575
trub|H2UBH6	0.920639371845205	E-EE	1637-1648
trub|H2UBH6	0.93073471676949	E-DE	1656-1665
trub|H2UBH6	0.93073471676949	E-EE	1656-1665
trub|H2UBH6	0.948401570386988	E-EE	1677-1707
trub|H2UC11	0.544883303411131	E-EE	298-311
trub|H2UC97	0.918759231905465	E-EE	617-629
trub|H2UCF1	0.347933884297521	S-SS	206-217
trub|H2UD63	0.143598615916955	A-AA	118-133
trub|H2UD91	0.635915492957747	S-SS	449-456
trub|H2UDC1	0.922839506172839	E-DE	296-304
trub|H2UDC1	0.922839506172839	E-EE	296-304
trub|H2UDT3	0.651219512195122	E-EE	1731-1742
trub|H2UE26	0.327050997782705	S-SS	291-301
trub|H2UEP1	0.224662162162162	E-EE	129-139
trub|H2UF35	0.784729586426299	E-EE	736-746
trub|H2UF78	0.63785046728972	S-SS	815-825
trub|H2UFC6	0.73508353221957	E-EE	613-621
trub|H2UGL1	0.876779026217228	S-SS	1167-1176
trub|H2UGV9	0.415540540540541	D-DD	919-928
trub|H2UGV9	0.415540540540541	D-DE	919-928
trub|H2UGV9	0.670720720720721	E-EE	1484-1496
trub|H2UGV9	0.808783783783784	S-SS	1790-1803
trub|H2UHH4	0.681172291296625	A-AA	380-389
trub|H2UHM4	0.153179190751445	E-EE	43-65
trub|H2UHV7	0.400959860383944	S-SS	457-464
trub|H2UIJ7	0.32621359223301	D-DD	165-173
trub|H2UIJ7	0.32621359223301	D-DE	165-173
trub|H2UIP1	0.279977051061388	E-EE	484-494
trub|H2UIR8	0.914219919401267	S-SS	1582-1596
trub|H2UIT0	0.812632696390658	S-SS	758-775
trub|H2UIT0	0.83864118895966	S-SS	784-798
trub|H2UIY4	0.439105613701237	E-EE	459-466
trub|H2UJ59	0.311946902654867	E-EE	130-154
trub|H2UK14	0.188183807439825	E-EE	83-91
trub|H2UK56	0.996819085487078	E-EE	2503-2513
trub|H2UL13	0.906133828996282	S-SS	484-493
trub|H2UL16	0.00858544562551104	S-SS	7-16
trub|H2UL24	0.162402274342573	E-EE	225-234
trub|H2ULB8	0.650929899856938	S-SS	451-461
trub|H2ULB8	0.932761087267525	S-SS	644-662
trub|H2UMC7	0.875239923224568	E-EE	445-469
trub|H2UMC7	0.928982725527831	E-EE	476-494
trub|H2UMY3	0.0871559633027523	A-AA	136-151
trub|H2UMY3	0.986850152905199	S-AS	1609-1620
trub|H2UN40	0.851371951219512	A-AA	555-564
trub|H2UNL4	0.981971153846154	E-DE	813-823
trub|H2UNP5	0.823239436619718	A-AA	581-590
trub|H2UNS5	0.620526315789474	S-SS	585-596
trub|H2UNS5	0.874736842105263	S-SS	826-838
trub|H2UNU8	0.229044834307992	S-SS	114-123
trub|H2UNW0	0.523144104803493	S-SS	593-607
trub|H2UPF8	0.832914572864322	S-SS	326-339
trub|H2UPV9	0.386600040791352	E-EE	1892-1901
trub|H2UPV9	0.728737507648379	E-EE	3569-3579
trub|H2UPV9	0.844686926371609	E-EE	4138-4147
trub|H2UPY5	0.062361049355269	A-AA	277-286
trub|H2UPY5	0.333148065807025	S-SS	1484-1515
trub|H2UQI5	0.378014184397163	E-EE	254-281
trub|H2UR36	0.964484679665738	S-SS	687-700
trub|H2USB1	0.363953488372093	S-SS	151-164
trub|H2USG5	0.97840349917988	E-DE	1786-1795
trub|H2USG5	0.97840349917988	E-EE	1786-1795
trub|H2USK6	0.422490470139771	E-EE	662-670
trub|H2UT06	0.778164924506388	E-EE	665-677
trub|H2UTB3	0.758358662613982	E-EE	994-1004
trub|H2UTN3	0.0836557059961315	E-EE	83-92
trub|H2UTR6	0.079646017699115	E-EE	86-96
trub|H2UTR6	0.134070796460177	E-EE	143-162
trub|H2UUF2	0.119152970922882	S-SS	185-194
trub|H2UUJ0	0.772461814914645	D-DD	1716-1725
trub|H2UUQ4	0.8	E-DE	455-475
trub|H2UUQ4	0.8	E-EE	455-475
trub|H2UUT5	0.522370012091898	S-SS	427-439
trub|H2UV17	0.312638580931264	E-DE	137-147
trub|H2UV17	0.312638580931264	E-EE	137-147
trub|H2UVD9	0.528379387602689	S-SS	704-713
trub|H2UVJ7	0.223130841121495	S-SS	90-103
trub|H2UWN5	0.722668004012036	E-EE	713-730
trub|H2UWU3	0.0802063789868668	S-AS	82-91
trub|H2UWU3	0.0802063789868668	S-SS	82-91
trub|H2UWY0	0.966618287373004	E-EE	663-671
trub|H2UXD3	0.560810810810811	A-AA	287-296
trub|H2UXM1	0.650371287128713	S-SS	1047-1057
trub|H2UXT2	0.618113522537563	S-SS	737-746
trub|H2UYH3	0.914092664092664	E-EE	467-482
trub|H2UYX5	0.369009584664537	S-SS	689-699
trub|H2UYX5	0.734025559105431	S-SS	1370-1389
trub|H2UZA7	0.294291338582677	S-SS	146-155
trub|H2UZC1	0.791069459757442	E-EE	1428-1444
trub|H2UZY6	0.0874649204864359	A-AA	90-99
trub|H2UZY6	0.335360149672591	S-SS	355-364
trub|H2V049	0.663289166017147	E-EE	848-856
trub|H2V063	0.918604651162791	E-EE	940-958
trub|H2V0A1	0.233333333333333	D-DD	133-142
trub|H2V0H7	0.90625	E-DE	663-673
trub|H2V0H7	0.90625	E-EE	663-673
trub|H2V0H7	0.9375	D-DD	686-696
trub|H2V0H7	0.9375	D-DE	686-696
trub|H2V1B3	0.351045296167247	E-DE	193-212
trub|H2V1B3	0.351045296167247	E-EE	193-212
trub|H2V1G0	0.861377506538797	A-AA	985-993
trub|H2V1S3	0.838825214899714	A-AA	583-590
trub|H2V1X5	0.814556962025316	S-SS	639-650
trub|H2V277	0.571011673151751	A-AA	290-299
trub|H2V2B5	0.915512465373961	E-EE	988-997
trub|H2V2B5	0.960295475530933	E-EE	1036-1046
trub|H2V2E8	0.30875	E-EE	120-129
trub|H2V3C0	0.500702247191011	S-SS	349-366
trub|H2V3K0	0.0890022675736961	S-AS	75-84
trub|H2V3K0	0.0890022675736961	S-SS	75-84
trub|H2V3K9	0.902439024390244	S-SS	811-819
trub|H2V448	0.667103538663172	E-EE	505-515
trub|H2V4U5	0.193098384728341	E-EE	127-138
trub|H2V695	0.28600269179004	S-SS	207-220
trub|H2V6G8	0.667548500881834	S-SS	1127-1146
trub|H2V6G8	0.676954732510288	S-SS	1148-1157
trub|H2V6Y8	0.193347193347193	D-DD	267-293
trub|H2V6Y8	0.193347193347193	D-DE	267-293
trub|H2V8L0	0.26	E-EE	159-168
trub|H2V956	0.972918350848828	D-DD	1201-1208
trub|H2V970	0.293685756240822	S-SS	195-207
trub|H2V9L3	0.922972972972973	S-SS	1021-1030
trub|H2V9V9	0.232849604221636	E-EE	172-183
trub|H2V9V9	0.812664907651715	D-DD	613-621
trub|H2V9V9	0.812664907651715	D-DE	613-621
trub|H2VA54	0.668728908886389	D-DD	591-600
trub|H2VAP2	0.590229885057471	E-EE	505-524
trub|H2VAS6	0.117784711388456	A-AA	145-159
trub|H2VAV5	0.707979626485569	S-SS	414-422
trub|H2VAZ8	0.757188498402556	S-SS	468-482
trub|H2VB31	0.30812324929972	E-EE	436-446
trub|H2VB84	0.586221837088388	S-AS	673-682
trub|H2VB84	0.586221837088388	S-SS	673-682
trub|H2VBF8	0.0847189231987332	E-EE	102-114
trub|H2VBY2	0.910267111853089	E-EE	1087-1096
trub|H2VC44	0.639981701738335	S-SS	695-706
trub|H2VC44	0.713632204940531	S-SS	776-786
trub|H2VCM1	0.935104529616725	E-EE	1070-1079
trub|H2VEH3	0.16548463356974	A-AA	135-147
trub|H2VF29	0.820833333333333	E-EE	292-301
trub|L8B426	0.237518910741301	E-DE	153-163
trub|L8B426	0.237518910741301	E-EE	153-163
trub|O42611	0.66064453125	A-AA	673-682
trub|Q1KKT3	0.665450121654501	A-AA	269-280
trub|Q1KKT3	0.811435523114355	A-AA	326-343
trub|Q1KKX7	0.31183932346723	S-SS	140-157
trub|Q2TLY3	0.468148148148148	S-SS	312-322
trub|Q6Q2B2	0.747142857142857	A-AA	258-267
trub|Q6WNT5	0.771621621621622	S-SS	281-292
trub|Q7M555	0.0363175675675676	S-SS	19-26
tvag|TVAG_009310	0.964398734177215	E-DE	604-617
tvag|TVAG_009310	0.964398734177215	E-EE	604-617
tvag|TVAG_018930	0.980122324159021	D-DD	634-650
tvag|TVAG_038030	0.973714953271028	E-DE	830-839
tvag|TVAG_038030	0.973714953271028	E-EE	830-839
tvag|TVAG_236550	0.0166306695464363	E-EE	72-84
tvag|TVAG_239580	0.0322108345534407	E-EE	19-27
tvag|TVAG_258250	0.0417594654788419	E-EE	34-43
tvag|TVAG_283340	0.866379310344828	E-DE	395-411
tvag|TVAG_283340	0.866379310344828	E-EE	395-411
tvag|TVAG_296690	0.507228915662651	E-DE	416-428
tvag|TVAG_296690	0.507228915662651	E-EE	416-428
tvag|TVAG_308180	0.0698529411764706	E-EE	101-110
tvag|TVAG_309050	0.451153324287653	E-EE	329-338
tvag|TVAG_464010	0.907374100719424	E-EE	501-510
tvag|TVAG_464010	0.946043165467626	E-DE	523-531
tvag|TVAG_464010	0.946043165467626	E-EE	523-531
umay|UMAG_00292	0.982964224872232	D-DD	573-583
umay|UMAG_00459	0.989913544668588	E-EE	1027-1036
umay|UMAG_00594	0.352589641434263	S-AS	170-186
umay|UMAG_00594	0.352589641434263	S-SS	170-186
umay|UMAG_00802	0.122905027932961	D-DD	62-72
umay|UMAG_00802	0.122905027932961	D-DE	62-72
umay|UMAG_00936	0.65814696485623	E-EE	408-418
umay|UMAG_00964	0.82108843537415	D-DD	600-609
umay|UMAG_00964	0.82108843537415	D-DE	600-609
umay|UMAG_00964	0.906802721088435	D-DE	663-672
umay|UMAG_01174	0.842424242424242	A-AA	969-979
umay|UMAG_01197	0.0727272727272727	S-SS	30-44
umay|UMAG_01282	0.159331568497684	A-AA	478-487
umay|UMAG_01467	0.170133729569094	E-DE	107-124
umay|UMAG_01467	0.170133729569094	E-EE	107-124
umay|UMAG_02275	0.0599775784753363	S-SS	48-61
umay|UMAG_02493	0.0872204472843451	S-SS	131-144
umay|UMAG_02571	0.0104712041884817	A-AA	3-11
umay|UMAG_02619	0.363414634146341	A-AA	667-676
umay|UMAG_03170	0.220730397422127	D-DD	202-211
umay|UMAG_03170	0.220730397422127	D-DE	202-211
umay|UMAG_03170	0.290010741138561	D-DD	265-277
umay|UMAG_03170	0.290010741138561	D-DE	265-277
umay|UMAG_03216	0.969904524699045	A-AA	2333-2342
umay|UMAG_03363	0.0642037302725968	D-DD	79-102
umay|UMAG_03431	0.393450635386119	A-AA	399-408
umay|UMAG_03434	0.959430979978925	E-EE	907-916
umay|UMAG_03609	0.161881977671451	D-DD	98-107
umay|UMAG_03738	0.995045045045045	D-DD	2204-2216
umay|UMAG_03738	0.995045045045045	D-DE	2204-2216
umay|UMAG_03774	0.389973958333333	A-AA	293-308
umay|UMAG_03844	0.819109461966605	D-DD	436-449
umay|UMAG_03844	0.819109461966605	D-DE	436-449
umay|UMAG_04258	0.948164842240824	A-AA	1466-1481
umay|UMAG_04413	0.994525547445255	D-DD	1356-1371
umay|UMAG_04657	0.222451081359423	S-SS	428-438
umay|UMAG_04786	0.960192475940507	A-AA	1094-1103
umay|UMAG_05059	0.238816738816739	A-AA	162-171
umay|UMAG_05101	0.118860510805501	D-DD	108-136
umay|UMAG_05101	0.118860510805501	D-DE	108-136
umay|UMAG_05143	0.904126213592233	D-DD	369-378
umay|UMAG_05387	0.817109144542773	D-DD	271-285
umay|UMAG_05387	0.817109144542773	D-DE	271-285
umay|UMAG_05454	0.694805194805195	D-DE	424-434
umay|UMAG_05470	0.461923847695391	D-DD	226-237
umay|UMAG_05540	0.618327822390175	A-AA	1305-1315
umay|UMAG_05559	0.908675799086758	D-DD	393-405
umay|UMAG_05559	0.908675799086758	D-DE	393-405
umay|UMAG_05568	0.436954413191077	E-EE	448-455
umay|UMAG_05722	0.396477663230241	D-DD	458-467
umay|UMAG_05722	0.396477663230241	D-DE	458-467
umay|UMAG_05726	0.101839684625493	D-DD	73-84
umay|UMAG_05726	0.101839684625493	D-DE	73-84
umay|UMAG_05892	0.0323325635103926	S-AS	10-20
umay|UMAG_06055	0.892628205128205	A-AA	275-284
umay|UMAG_06055	0.950320512820513	E-EE	293-302
umay|UMAG_06187	0.438934802571166	A-AA	470-488
umay|UMAG_06224	0.459967320261438	D-DD	552-576
umay|UMAG_06224	0.459967320261438	D-DE	552-576
umay|UMAG_06323	0.0648769574944072	D-DE	51-67
umay|UMAG_06395	0.556539509536785	A-AA	404-415
umay|UMAG_10033	0.0724029380902413	D-DD	59-81
umay|UMAG_10033	0.0724029380902413	D-DE	59-81
umay|UMAG_10243	0.774549098196393	A-AA	381-394
umay|UMAG_10379	0.0889046941678521	A-AA	57-70
umay|UMAG_10402	0.478805394990366	S-AS	244-255
umay|UMAG_10465	0.744230769230769	A-AA	2123-2136
umay|UMAG_10602	0.519892713455521	A-AA	1160-1168
umay|UMAG_10613	0.18546365914787	S-SS	70-80
umay|UMAG_10666	0.100578871201158	S-SS	66-75
umay|UMAG_10722	0.126686656671664	S-SS	81-90
umay|UMAG_10804	0.46063829787234	S-AS	213-222
umay|UMAG_10824	0.978021978021978	D-DD	971-989
umay|UMAG_10824	0.978021978021978	D-DE	971-989
umay|UMAG_11215	0.626958224543081	D-DE	956-967
umay|UMAG_11476	0.158691701998789	A-AA	259-267
umay|UMAG_11490	0.0896032831737346	S-SS	62-71
umay|UMAG_11549	0.0617128463476071	S-AS	46-54
umay|UMAG_11623	0.419067215363512	E-EE	301-312
umay|UMAG_11713	0.720921985815603	A-AA	1012-1023
umay|UMAG_11905	0.886440677966102	S-SS	778-793
umay|UMAG_11989	0.941530054644809	D-DD	855-870
umay|UMAG_12008	0.0520410921870776	A-AA	189-198
umay|UMAG_12008	0.890240605569073	A-AS	3287-3301
umay|UMAG_12008	0.915247364152474	A-AA	3382-3391
umay|UMAG_12159	0.785316631871955	D-DD	1123-1136
umay|UMAG_12255	0.102750809061489	D-DD	123-133
umay|UMAG_12327	0.273861967694567	A-AS	183-192
umay|UMAG_15070	0.211779448621554	D-DD	251-258
vbra|Vbra_10593	0.67195004803074	E-EE	690-711
vbra|Vbra_10692	0.377138945927447	A-AA	546-558
vbra|Vbra_11162	0.159090909090909	D-DD	81-89
vbra|Vbra_11337	0.579289940828402	E-EE	485-496
vbra|Vbra_11463	0.975392670157068	A-AS	928-937
vbra|Vbra_11931	0.0879549393414211	A-AA	98-107
vbra|Vbra_12057	0.364644970414201	A-AS	244-251
vbra|Vbra_12583	0.740356083086053	A-AA	245-256
vbra|Vbra_13330	0.0218522372528616	E-EE	17-27
vbra|Vbra_14156	0.45662368112544	A-AS	386-395
vbra|Vbra_14526	0.0920245398773006	S-SS	70-82
vbra|Vbra_14526	0.980981595092025	S-SS	794-807
vbra|Vbra_14550	0.924242424242424	A-AA	1153-1167
vbra|Vbra_14590	0.0710227272727273	A-AA	33-44
vbra|Vbra_14762	0.725140712945591	E-EE	380-395
vbra|Vbra_15157	0.346428571428571	A-AS	433-442
vbra|Vbra_16680	0.827872860635697	E-DE	1686-1702
vbra|Vbra_16748	0.17935871743487	A-AA	86-95
vbra|Vbra_1730	0.122370936902486	A-AA	60-70
vbra|Vbra_18058	0.733494363929147	A-AA	905-919
vbra|Vbra_18868	0.156408399710355	A-AA	213-221
vbra|Vbra_18868	0.878349022447502	A-AA	1207-1221
vbra|Vbra_19217	0.627480916030534	E-DE	404-420
vbra|Vbra_19217	0.627480916030534	E-EE	404-420
vbra|Vbra_19399	0.0552837573385519	E-EE	49-66
vbra|Vbra_19961	0.962382445141066	E-EE	304-312
vbra|Vbra_20160	0.182461103253182	A-AA	126-134
vbra|Vbra_20383	0.884146341463415	A-AA	428-444
vbra|Vbra_20387	0.474400871459695	A-AA	430-443
vbra|Vbra_20458	0.0666666666666667	S-AS	43-51
vbra|Vbra_2139	0.815018315018315	A-AA	441-451
vbra|Vbra_22425	0.496153846153846	A-AA	189-200
vbra|Vbra_22966	0.970814132104455	A-AA	1260-1270
vbra|Vbra_2342	0.160756501182033	A-AA	65-73
vbra|Vbra_2611	0.306709265175719	A-AS	188-198
vbra|Vbra_3194	0.453598484848485	D-DD	955-963
vbra|Vbra_3194	0.666193181818182	A-AA	1401-1415
vbra|Vbra_3298	0.0244755244755245	A-AS	17-34
vbra|Vbra_3944	0.907131011608624	A-AA	543-553
vbra|Vbra_4111	0.886561954624782	D-DD	505-513
vbra|Vbra_4741	0.00268336314847943	A-AA	2-9
vbra|Vbra_4940	0.728292971057295	D-DD	1225-1243
vbra|Vbra_4940	0.780567040756054	D-DD	1318-1327
vbra|Vbra_4940	0.889249852333136	D-DD	1500-1513
vbra|Vbra_4940	0.935617247489663	A-AS	1581-1589
vbra|Vbra_5557	0.8573264781491	D-DD	328-341
vbra|Vbra_6090	0.436795491143317	D-DD	539-548
vbra|Vbra_6090	0.436795491143317	D-DE	539-548
vbra|Vbra_6185	0.700503355704698	E-DE	414-423
vbra|Vbra_6185	0.700503355704698	E-EE	414-423
vbra|Vbra_6201	0.0301914580265096	A-AA	15-28
vbra|Vbra_7533	0.659090909090909	E-EE	590-601
vbra|Vbra_7604	0.145849495733126	A-AA	185-193
vbra|Vbra_7604	0.942979053529868	E-EE	1212-1221
vbra|Vbra_7907	0.828976034858388	A-AA	756-768
vbra|Vbra_8182	0.74061433447099	D-DE	862-876
vbra|Vbra_8182	0.761518771331058	A-AA	889-898
vbra|Vbra_8182	0.900597269624573	D-DD	1049-1064
vbra|Vbra_839	0.0871056241426612	D-DD	61-68
vbra|Vbra_8550	0.358722358722359	A-AA	581-589
vbra|Vbra_8793	0.069327731092437	A-AA	30-38
vbra|Vbra_9228	0.52914798206278	E-DE	697-721
vbra|Vbra_9228	0.52914798206278	E-EE	697-721
vbra|Vbra_9254	0.611001964636542	A-AS	307-317
vbra|Vbra_9298	0.306089743589744	A-AA	188-196
vbra|Vbra_9499	0.856823266219239	S-SS	377-391
vbra|Vbra_9653	0.39221140472879	E-EE	279-287
vbra|Vbra_9653	0.881084840055633	E-EE	629-640
verr|A0A1H2EWC4	0.447565543071161	A-AA	234-246
verr|A0A1H2F937	0.212686567164179	A-AA	81-92
verr|A0A1H2F937	0.262437810945274	A-AA	102-111
wmel|I4Y6G3	0.24125	D-DD	285-296
wmel|I4Y6G3	0.24125	D-DE	285-296
wmel|I4Y6K0	0.929883945841393	D-DD	958-967
wmel|I4Y6P5	0.739336492890995	A-AA	307-319
wmel|I4Y734	0.889067524115756	A-AA	272-283
wmel|I4Y7C6	0.731666666666667	E-EE	435-445
wmel|I4Y9A1	0.370528109028961	A-AA	649-658
wmel|I4Y9I3	0.625	A-AA	294-303
wmel|I4YAH1	0.0390995260663507	E-DE	12-23
wmel|I4YAH1	0.0390995260663507	E-EE	12-23
wmel|I4YB54	0.827312138728324	S-SS	569-578
wmel|I4YBV7	0.423699421965318	E-DE	363-372
wmel|I4YC77	0.618906064209275	E-EE	516-527
wmel|I4YC77	0.704518430439952	E-EE	589-598
wmel|I4YCD1	0.0516393442622951	D-DD	60-68
wmel|I4YCD1	0.0516393442622951	D-DE	60-68
wmel|I4YCL1	0.345070422535211	E-DE	679-695
wmel|I4YCL1	0.345070422535211	E-EE	679-695
wmel|I4YD21	0.616108786610879	E-DE	290-301
wmel|I4YD21	0.616108786610879	E-EE	290-301
wmel|I4YD75	0.758289703315881	D-DD	431-440
wmel|I4YET5	0.481386392811297	E-EE	370-382
wmel|I4YEY9	0.161740558292282	A-AA	94-105
wmel|I4YGB0	0.265987350667604	D-DD	375-384
wmel|I4YHC7	0.422060766182299	E-DE	316-325
wmel|I4YHC7	0.422060766182299	E-EE	316-325
wmel|I4YHC7	0.752311756935271	S-SS	566-575
wmel|I4YHI4	0.615326251896813	E-EE	402-411
wmel|I4YI15	0.547185430463576	E-EE	327-336
wmel|I4YJR1	0.751522533495737	D-DD	614-622
wmel|I4YJS8	0.688640973630832	A-AA	336-345
wmel|I4YJV0	0.84646878198567	D-DD	823-833
wmel|I4YK24	0.91559424678274	D-DD	1207-1214
xtro|A0A1B8XYB1	0.0451612903225806	E-EE	45-55
xtro|A0A1B8YA78	0.981108312342569	S-SS	768-792
xtro|A0A5G3H3Y7	0.973131672597865	S-SS	2731-2740
xtro|A0A5G3H4W8	0.88699956952217	S-SS	2052-2071
xtro|A0A5G3H502	0.625	E-EE	364-373
xtro|A0A5G3H564	0.972773169852146	S-SS	2694-2703
xtro|A0A5G3H5P4	0.956235011990408	S-SS	793-804
xtro|A0A5G3H659	0.613837764144513	S-SS	1797-1807
xtro|A0A5G3H6I7	0.953265044814341	S-SS	740-751
xtro|A0A5G3H6K1	0.136194029850746	S-SS	321-338
xtro|A0A5G3H735	0.0739662201514269	A-AA	123-133
xtro|A0A5G3H7H8	0.0675295441755768	A-AA	116-126
xtro|A0A5G3H7Q1	0.899817850637523	A-AA	488-502
xtro|A0A5G3H7W0	0.472452462213554	E-EE	962-978
xtro|A0A5G3H7W0	0.500487567040468	E-EE	1019-1036
xtro|A0A5G3H7Z0	0.468568665377176	E-EE	962-978
xtro|A0A5G3H7Z0	0.49637330754352	E-EE	1019-1036
xtro|A0A5G3H804	0.0523321956769056	A-AA	88-98
xtro|A0A5G3H844	0.177860696517413	S-SS	640-649
xtro|A0A5G3H8A3	0.802451333813987	D-DE	1109-1119
xtro|A0A5G3H917	0.0598111227701994	S-AS	52-64
xtro|A0A5G3H917	0.0598111227701994	S-SS	52-64
xtro|A0A5G3H919	0.146390374331551	S-AS	321-338
xtro|A0A5G3H925	0.961538461538462	A-AA	1031-1046
xtro|A0A5G3H939	0.918131359851989	S-SS	989-998
xtro|A0A5G3H998	0.702635914332784	D-DD	421-434
xtro|A0A5G3H998	0.702635914332784	D-DE	421-434
xtro|A0A5G3H9A2	0.654214559386973	D-DE	336-349
xtro|A0A5G3H9G3	0.0696238068500842	A-AA	120-130
xtro|A0A5G3H9Z1	0.00956768249468462	A-AA	10-19
xtro|A0A5G3HAA6	0.842454394693201	A-AA	502-516
xtro|A0A5G3HAE0	0.00971223021582734	A-AA	10-19
xtro|A0A5G3HB13	0.38475499092559	E-DE	208-218
xtro|A0A5G3HB13	0.38475499092559	E-EE	208-218
xtro|A0A5G3HBA5	0.0363849765258216	S-SS	26-38
xtro|A0A5G3HBB1	0.516383495145631	E-EE	422-431
xtro|A0A5G3HBG4	0.874771480804388	D-DD	474-485
xtro|A0A5G3HBG4	0.874771480804388	D-DE	474-485
xtro|A0A5G3HC81	0.00954738330975955	A-AA	10-19
xtro|A0A5G3HCI7	0.0100371747211896	A-AA	10-19
xtro|A0A5G3HD51	0.402554399243141	E-DE	422-431
xtro|A0A5G3HD51	0.402554399243141	E-EE	422-431
xtro|A0A5G3HDU8	0.0336408030385241	E-EE	58-68
xtro|A0A5G3HEM7	0.37148288973384	E-EE	485-494
xtro|A0A5G3HF58	0.0392857142857143	S-SS	21-36
xtro|A0A5G3HF58	0.202142857142857	S-SS	138-147
xtro|A0A5G3HF58	0.451428571428571	A-AA	311-323
xtro|A0A5G3HF77	0.625404530744337	E-DE	383-392
xtro|A0A5G3HFE6	0.667385057471264	E-DE	461-470
xtro|A0A5G3HFK5	0.240990990990991	E-EE	100-116
xtro|A0A5G3HFK6	0.989010989010989	E-EE	624-638
xtro|A0A5G3HG06	0.354239663629993	E-EE	502-511
xtro|A0A5G3HH16	0.180385288966725	E-DE	96-112
xtro|A0A5G3HH16	0.180385288966725	E-EE	96-112
xtro|A0A5G3HH94	0.323830409356725	E-EE	216-229
xtro|A0A5G3HHM2	0.695020746887967	D-DD	496-511
xtro|A0A5G3HHM2	0.695020746887967	D-DE	496-511
xtro|A0A5G3HHZ0	0.853891336270191	E-EE	1741-1750
xtro|A0A5G3HHZ2	0.627179487179487	S-SS	1213-1235
xtro|A0A5G3HI07	0.20409429280397	S-SS	158-173
xtro|A0A5G3HI99	0.62292531120332	S-SS	1191-1213
xtro|A0A5G3HID4	0.0665514261019879	A-AA	74-82
xtro|A0A5G3HID4	0.599827139152982	E-EE	691-699
xtro|A0A5G3HIP2	0.397613065326633	E-EE	308-327
xtro|A0A5G3HIP2	0.48429648241206	E-EE	382-391
xtro|A0A5G3HJ40	0.837925096857512	E-DE	1943-1952
xtro|A0A5G3HJ40	0.837925096857512	E-EE	1943-1952
xtro|A0A5G3HJG8	0.458734525447043	A-AA	661-675
xtro|A0A5G3HJW7	0.400895140664962	E-EE	305-324
xtro|A0A5G3HJW7	0.475063938618926	E-EE	368-377
xtro|A0A5G3HJW9	0.836783096162139	E-DE	1937-1946
xtro|A0A5G3HJW9	0.836783096162139	E-EE	1937-1946
xtro|A0A5G3HK39	0.830015313935682	S-SS	515-571
xtro|A0A5G3HMY3	0.0375	S-SS	24-41
xtro|A0A5G3HN41	0.587004405286344	A-AA	530-538
xtro|A0A5G3HN69	0.0974824355971897	D-DD	160-175
xtro|A0A5G3HN97	0.0405405405405405	S-SS	24-41
xtro|A0A5G3HNR9	0.248287671232877	D-DD	142-150
xtro|A0A5G3HNR9	0.248287671232877	D-DE	142-150
xtro|A0A5G3HNU6	0.963647959183674	S-SS	751-762
xtro|A0A5G3HP43	0.488056206088993	A-AA	1038-1048
xtro|A0A5G3HP45	0.063625450180072	S-SS	49-59
xtro|A0A5G3HP67	0.713981762917933	E-EE	1170-1181
xtro|A0A5G3HP94	0.621794871794872	E-EE	1111-1122
xtro|A0A5G3HPA2	0.949799196787149	S-SS	705-716
xtro|A0A5G3HPL0	0.964015151515151	S-SS	759-770
xtro|A0A5G3HPX2	0.947852760736196	E-EE	460-469
xtro|A0A5G3HQ02	0.953038674033149	E-EE	514-523
xtro|A0A5G3HQN2	0.518048780487805	E-EE	528-536
xtro|A0A5G3HQV4	0.257082896117524	S-SS	242-250
xtro|A0A5G3HRT9	0.150328587075575	D-DE	271-280
xtro|A0A5G3HSZ2	0.0529556650246305	A-AA	19-26
xtro|A0A5G3HT58	0.94478527607362	D-DD	1381-1393
xtro|A0A5G3HTX3	0.938775510204082	D-DD	1237-1249
xtro|A0A5G3HUN4	0.610861759425494	E-EE	677-686
xtro|A0A5G3HVG8	0.933690555927662	S-SS	1390-1400
xtro|A0A5G3HVZ8	0.954497354497355	S-SS	896-910
xtro|A0A5G3HW33	0.659733124018838	E-EE	837-846
xtro|A0A5G3HW64	0.3105	S-SS	307-316
xtro|A0A5G3HXG8	0.584922010398613	S-SS	1001-1026
xtro|A0A5G3HYB6	0.830308529945553	A-AA	451-466
xtro|A0A5G3HYI0	0.795404814004376	A-AA	357-372
xtro|A0A5G3HYR5	0.357954545454545	S-SS	469-478
xtro|A0A5G3HYS1	0.816666666666667	A-AA	410-425
xtro|A0A5G3HYT5	0.378209831254585	S-SS	512-521
xtro|A0A5G3HZR2	0.598027975235038	D-DD	2604-2614
xtro|A0A5G3HZR2	0.743063517541848	S-SS	3237-3246
xtro|A0A5G3I0U9	0.120706106870229	S-SS	121-134
xtro|A0A5G3I2H9	0.0580808080808081	D-DD	100-109
xtro|A0A5G3I2H9	0.0580808080808081	D-DE	100-109
xtro|A0A5G3I2H9	0.108585858585859	A-AA	189-200
xtro|A0A5G3I2L4	0.527720027720028	S-SS	757-768
xtro|A0A5G3I2Q7	0.0550824906865354	D-DD	100-109
xtro|A0A5G3I2Q7	0.0550824906865354	D-DE	100-109
xtro|A0A5G3I2Q7	0.102980308674827	A-AA	189-200
xtro|A0A5G3I2W2	0.534176349965824	S-SS	777-788
xtro|A0A5G3I401	0.816333118140736	S-SS	1261-1270
xtro|A0A5G3I4E5	0.77209705372617	S-SS	442-451
xtro|A0A5G3I588	0.769160583941606	S-SS	418-427
xtro|A0A5G3I5T3	0.111365719523373	E-EE	119-126
xtro|A0A5G3I5X2	0.0927240461401952	E-EE	102-109
xtro|A0A5G3I5Y1	0.855769230769231	A-AA	931-940
xtro|A0A5G3I603	0.0932932072226999	E-EE	106-113
xtro|A0A5G3I6D3	0.247843849296414	A-AA	543-551
xtro|A0A5G3I6D3	0.800726282342261	A-AA	1760-1770
xtro|A0A5G3I6J7	0.0956260720411664	E-EE	109-116
xtro|A0A5G3I6K5	0.101304347826087	E-EE	114-121
xtro|A0A5G3I6L0	0.820977253580455	A-AA	971-980
xtro|A0A5G3I6R9	0.845698924731183	A-AA	783-792
xtro|A0A5G3I736	0.889571694599628	A-AA	2385-2394
xtro|A0A5G3I7A8	0.0790393013100437	E-EE	88-95
xtro|A0A5G3I7I0	0.808571428571429	A-AA	987-996
xtro|A0A5G3I7Q3	0.920234113712375	A-AA	2748-2757
xtro|A0A5G3I7V1	0.894650655021834	A-AA	816-825
xtro|A0A5G3I815	0.901396740937812	A-AA	2707-2716
xtro|A0A5G3I8C4	0.0145888594164456	S-SS	7-17
xtro|A0A5G3I8I8	0.0144167758846658	S-SS	7-17
xtro|A0A5G3I995	0.446915351506456	A-AA	307-318
xtro|A0A5G3I995	0.660688665710186	S-SS	455-468
xtro|A0A5G3I998	0.446120689655172	A-AA	306-317
xtro|A0A5G3I998	0.660201149425287	S-SS	454-467
xtro|A0A5G3I9P8	0.677631578947368	E-EE	460-469
xtro|A0A5G3I9Q8	0.494849785407725	A-AA	573-582
xtro|A0A5G3I9V2	0.492735042735043	A-AA	573-582
xtro|A0A5G3IA60	0.462316176470588	A-AA	498-510
xtro|A0A5G3IA68	0.475749559082892	A-AA	536-545
xtro|A0A5G3IA71	0.478260869565217	A-AA	457-469
xtro|A0A5G3IAJ6	0.379787234042553	A-AA	352-364
xtro|A0A5G3IAJ7	0.473447344734473	A-AA	521-533
xtro|A0A5G3IAW7	0.339363693075483	A-AA	1629-1637
xtro|A0A5G3IAY7	0.0981121281464531	A-AA	340-348
xtro|A0A5G3IBG8	0.493466898954704	A-AA	563-572
xtro|A0A5G3IBX9	0.339028964367577	A-AA	1624-1632
xtro|A0A5G3ICG5	0.910213243546577	E-EE	806-818
xtro|A0A5G3ICN6	0.78254972875226	E-EE	858-875
xtro|A0A5G3ICV7	0.714050493962678	E-EE	646-657
xtro|A0A5G3ICX6	0.666666666666667	E-EE	254-264
xtro|A0A5G3ID62	0.667532467532468	E-EE	253-263
xtro|A0A5G3IDE1	0.79863813229572	E-EE	816-828
xtro|A0A5G3IDW1	0.859996249062266	D-DE	4583-4590
xtro|A0A5G3IHC1	0.889520202020202	S-SS	2105-2124
xtro|A0A5G3II51	0.85905612244898	S-SS	670-679
xtro|A0A5G3IIC6	0.177633397843517	S-SS	639-648
xtro|A0A5G3IIG9	0.177633397843517	S-SS	639-648
xtro|A0A5G3IIK7	0.1832784184514	S-SS	664-673
xtro|A0A5G3IIZ2	0.185514786418401	S-SS	674-683
xtro|A0A5G3IL92	0.43015873015873	E-EE	538-548
xtro|A0A5G3ILP3	0.951398135818908	S-SS	710-721
xtro|A0A5G3ILP4	0.953972257250946	S-SS	752-763
xtro|A0A5G3IMH1	0.209677419354839	E-EE	218-226
xtro|A0A5G3IMH1	0.586812144212524	S-SS	615-624
xtro|A0A5G3IMJ8	0.868742368742369	S-SS	2131-2140
xtro|A0A5G3IMJ8	0.879324379324379	S-SS	2146-2177
xtro|A0A5G3IML2	0.1998199819982	E-EE	219-227
xtro|A0A5G3IML2	0.589108910891089	S-SS	651-660
xtro|A0A5G3IPU8	0.13901819720694	S-SS	321-338
xtro|A0A5G3IQ54	0.361199744735163	E-DE	561-573
xtro|A0A5G3IQ54	0.361199744735163	E-EE	561-573
xtro|A0A5G3IQ86	0.138432364096081	S-SS	321-338
xtro|A0A5G3IQL8	0.139253921153031	S-SS	321-338
xtro|A0A5G3IQW7	0.138666103841283	S-SS	321-338
xtro|A0A5G3IQX9	0.701652892561983	D-DD	419-432
xtro|A0A5G3IQX9	0.701652892561983	D-DE	419-432
xtro|A0A5G3IQZ3	0.366515837104072	E-DE	562-574
xtro|A0A5G3IQZ3	0.366515837104072	E-EE	562-574
xtro|A0A5G3IR79	0.361430395913155	E-DE	561-573
xtro|A0A5G3IR79	0.361430395913155	E-EE	561-573
xtro|A0A5G3IRM2	0.707928802588997	D-DD	432-445
xtro|A0A5G3IRM2	0.707928802588997	D-DE	432-445
xtro|A0A5G3IS49	0.366707616707617	E-EE	592-604
xtro|A0A5G3ISA1	0.475466143277723	E-EE	962-978
xtro|A0A5G3ISA1	0.503680078508342	E-EE	1019-1036
xtro|A0A5G3ISA5	0.0746180963572268	A-AA	123-133
xtro|A0A5G3ISJ5	0.483358934971838	E-EE	937-953
xtro|A0A5G3ISJ5	0.512800819252432	E-EE	994-1011
xtro|A0A5G3ISK6	0.540540540540541	E-EE	1053-1069
xtro|A0A5G3ISK6	0.569862315145334	E-EE	1110-1127
xtro|A0A5G3IST5	0.0755374782103428	A-AA	126-136
xtro|A0A5G3ISV0	0.867903930131004	E-EE	391-406
xtro|A0A5G3ISY6	0.706793206793207	E-DE	701-716
xtro|A0A5G3ISY6	0.706793206793207	E-EE	701-716
xtro|A0A5G3IT03	0.857981220657277	E-EE	359-374
xtro|A0A5G3IT23	0.708083832335329	E-EE	703-718
xtro|A0A5G3ITG0	0.532407407407407	D-DD	571-581
xtro|A0A5G3ITG0	0.532407407407407	D-DE	571-581
xtro|A0A5G3ITH5	0.83843537414966	A-AA	487-501
xtro|A0A5G3ITV1	0.469704314105671	E-EE	962-978
xtro|A0A5G3ITV1	0.497576345128454	E-EE	1019-1036
xtro|A0A5G3ITX0	0.651598173515982	E-DE	707-722
xtro|A0A5G3ITX0	0.651598173515982	E-EE	707-722
xtro|A0A5G3IU44	0.35634328358209	E-DE	187-197
xtro|A0A5G3IU44	0.35634328358209	E-EE	187-197
xtro|A0A5G3IU94	0.0611898016997167	A-AA	104-114
xtro|A0A5G3IV06	0.0680507497116494	S-SS	54-66
xtro|A0A5G3IV14	0.0673758865248227	S-SS	52-64
xtro|A0A5G3IV50	0.321167883211679	E-DE	172-182
xtro|A0A5G3IV50	0.321167883211679	E-EE	172-182
xtro|A0A5G3IV78	0.0647639956092206	S-AS	54-66
xtro|A0A5G3IV78	0.0647639956092206	S-SS	54-66
xtro|A0A5G3IVF5	0.25	E-DE	120-130
xtro|A0A5G3IVF5	0.25	E-EE	120-130
xtro|A0A5G3IVU3	0.106100795755968	D-DD	34-48
xtro|A0A5G3IVV2	0.074501573976915	S-AS	66-78
xtro|A0A5G3IVV2	0.074501573976915	S-SS	66-78
xtro|A0A5G3IVY0	0.456341463414634	D-DE	932-941
xtro|A0A5G3IW13	0.0106048703849175	A-AA	10-19
xtro|A0A5G3IW39	0.862254901960784	E-EE	876-885
xtro|A0A5G3IW46	0.010188679245283	A-AA	10-19
xtro|A0A5G3IWE8	0.0093167701863354	A-AA	10-19
xtro|A0A5G3IWG2	0.412234042553192	E-DE	771-781
xtro|A0A5G3IWG2	0.412234042553192	E-EE	771-781
xtro|A0A5G3IX06	0.414724576271186	E-DE	779-789
xtro|A0A5G3IX06	0.414724576271186	E-EE	779-789
xtro|A0A5G3IXN0	0.417976424361493	E-EE	422-431
xtro|A0A5G3IXU4	0.299731182795699	A-AA	106-119
xtro|A0A5G3IXY7	0.496928746928747	E-EE	401-410
xtro|A0A5G3IY02	0.417156862745098	E-EE	422-431
xtro|A0A5G3IY90	0.472322503008424	E-EE	389-398
xtro|A0A5G3IZF3	0.61736641221374	E-EE	319-330
xtro|A0A5G3J043	0.916762013729977	S-SS	1599-1608
xtro|A0A5G3J0Q5	0.916618911174785	S-SS	1596-1605
xtro|A0A5G3J0V2	0.917796610169492	S-SS	1621-1630
xtro|A0A5G3J1N0	0.372209391839877	E-EE	480-489
xtro|A0A5G3J289	0.448743718592965	E-EE	443-452
xtro|A0A5G3J2C3	0.0372628726287263	S-SS	21-36
xtro|A0A5G3J2C3	0.191734417344173	S-SS	138-147
xtro|A0A5G3J2C3	0.428184281842818	A-AA	311-323
xtro|A0A5G3J2C6	0.205605381165919	S-SS	455-464
xtro|A0A5G3J2D8	0.342201166180758	E-EE	466-475
xtro|A0A5G3J372	0.627083333333333	E-DE	448-457
xtro|A0A5G3J3C0	0.0370121130551817	S-SS	21-36
xtro|A0A5G3J3C0	0.190444145356662	S-SS	138-147
xtro|A0A5G3J3C0	0.425302826379542	A-AA	311-323
xtro|A0A5G3J3L0	0.0574963609898108	A-AA	37-44
xtro|A0A5G3J490	0.33695652173913	A-AA	181-193
xtro|A0A5G3J4L0	0.18448275862069	E-EE	100-116
xtro|A0A5G3J4M9	0.177446102819237	E-DE	100-116
xtro|A0A5G3J4M9	0.177446102819237	E-EE	100-116
xtro|A0A5G3J552	0.938701923076923	D-DD	367-416
xtro|A0A5G3J5I8	0.287800687285223	E-EE	162-175
xtro|A0A5G3J5K6	0.327611940298507	E-EE	214-227
xtro|A0A5G3J5T5	0.33868501529052	E-EE	216-229
xtro|A0A5G3J6J7	0.89859228362878	E-EE	1720-1729
xtro|A0A5G3J6N3	0.446428571428571	A-AA	471-481
xtro|A0A5G3J6P8	0.201346389228886	S-SS	158-173
xtro|A0A5G3J6Q9	0.315527065527066	E-EE	216-229
xtro|A0A5G3J782	0.054147465437788	E-EE	20-29
xtro|A0A5G3J788	0.32492795389049	E-EE	217-236
xtro|A0A5G3J788	0.40850144092219	E-EE	280-289
xtro|A0A5G3J7B9	0.371140939597315	E-EE	268-287
xtro|A0A5G3J7B9	0.448993288590604	E-EE	331-340
xtro|A0A5G3J7L8	0.378971255673222	E-EE	247-256
xtro|A0A5G3J7M7	0.490302560124127	A-AA	626-640
xtro|A0A5G3J847	0.833846830985915	E-EE	1891-1900
xtro|A0A5G3JA21	0.814148681055156	S-SS	674-686
xtro|A0A5G3JA78	0.811546840958606	S-SS	740-752
xtro|A0A5G3JAE1	0.808187863674148	S-SS	1941-1950
xtro|A0A5G3JAV2	0.103311735061195	S-SS	140-149
xtro|A0A5G3JC44	0.0233695652173913	D-DE	18-27
xtro|A0A5G3JC49	0.868852459016393	E-EE	632-642
xtro|A0A5G3JCE8	0.611969111969112	S-SS	470-483
xtro|A0A5G3JCE8	0.978764478764479	S-SS	753-770
xtro|A0A5G3JCZ4	0.642341842397336	E-EE	1153-1164
xtro|A0A5G3JD20	0.97	S-SS	723-734
xtro|A0A5G3JD70	0.0230192719486081	D-DE	18-27
xtro|A0A5G3JD82	0.961590296495957	S-SS	709-720
xtro|A0A5G3JD91	0.650646430578977	E-EE	1153-1164
xtro|A0A5G3JDC1	0.97736298649722	S-SS	1226-1237
xtro|A0A5G3JE27	0.950581395348837	E-DE	487-496
xtro|A0A5G3JE27	0.950581395348837	E-EE	487-496
xtro|A0A5G3JE34	0.951335877862595	E-EE	495-504
xtro|A0A5G3JEC7	0.636993899057127	S-SS	1130-1169
xtro|A0A5G3JEC7	0.682473655019412	S-SS	1218-1245
xtro|A0A5G3JEC7	0.709927897947865	S-SS	1273-1289
xtro|A0A5G3JEC7	0.726844148641154	S-SS	1303-1320
xtro|A0A5G3JEH5	0.54375	E-EE	606-614
xtro|A0A5G3JEL1	0.26530612244898	S-SS	257-265
xtro|A0A5G3JF35	0.962745098039216	S-SS	732-743
xtro|A0A5G3JF39	0.267175572519084	S-SS	242-250
xtro|A0A5G3JF58	0.265726681127983	S-SS	242-250
xtro|A0A5G3JF88	0.855601948503827	E-EE	1219-1242
xtro|A0A5G3JG96	0.2625	S-SS	249-257
xtro|A0A5G3JHG0	0.791095890410959	D-DD	458-468
xtro|A0A5G3JHG0	0.791095890410959	D-DE	458-468
xtro|A0A5G3JIR2	0.93278463648834	D-DD	1355-1367
xtro|A0A5G3JIS4	0.944482522275531	D-DD	1373-1385
xtro|A0A5G3JJB7	0.934491978609626	D-DD	1393-1405
xtro|A0A5G3JJM0	0.398783185840708	D-DD	356-367
xtro|A0A5G3JJM0	0.398783185840708	D-DE	356-367
xtro|A0A5G3JK16	0.606893106893107	E-EE	604-613
xtro|A0A5G3JKH2	0.05	A-AA	19-26
xtro|A0A5G3JKJ9	0.0503512880562061	A-AA	19-26
xtro|A0A5G3JKK2	0.869387755102041	S-SS	422-432
xtro|A0A5G3JME6	0.632716049382716	A-AA	304-313
xtro|A0A5G3JMF2	0.787912702853945	S-SS	1404-1414
xtro|A0A5G3JMJ3	0.882888349514563	S-SS	1451-1461
xtro|A0A5G3JMN9	0.803039158386908	S-SS	1370-1380
xtro|A0A5G3JMT1	0.787082649151615	S-SS	1434-1444
xtro|A0A5G3JMX6	0.782051282051282	S-SS	423-433
xtro|A0A5G3JN03	0.63510101010101	E-EE	751-760
xtro|A0A5G3JN27	0.739450441609421	E-EE	750-759
xtro|A0A5G3JND6	0.793347873500545	S-SS	1451-1461
xtro|A0A5G3JNG5	0.574110671936759	A-AA	287-296
xtro|A0A5G3JNN1	0.582364341085271	A-AA	297-306
xtro|A0A5G3JNU0	0.652473641524736	E-EE	801-810
xtro|A0A5G3JNX8	0.0163246268656716	E-EE	14-23
xtro|A0A5G3JPE7	0.64745308310992	S-SS	721-730
xtro|A0A5G3JPF0	0.0637096774193548	D-DD	115-124
xtro|A0A5G3JPM4	0.644736842105263	S-SS	509-522
xtro|A0A5G3JPM4	0.673558897243108	S-SS	526-551
xtro|A0A5G3JPR7	0.0608316221765914	D-DD	115-124
xtro|A0A5G3JQG4	0.816306483300589	A-AA	409-424
xtro|A0A5G3JQU4	0.627725856697819	S-SS	1000-1017
xtro|A0A5G3JRD4	0.590133270984335	D-DD	2520-2530
xtro|A0A5G3JRD4	0.738017301847089	S-SS	3153-3162
xtro|A0A5G3JRG7	0.610087517273146	D-DD	2645-2655
xtro|A0A5G3JRG7	0.741939198526025	S-SS	3218-3227
xtro|A0A5G3JRH8	0.989119170984456	D-DD	951-960
xtro|A0A5G3JRH9	0.604285388648279	D-DD	2647-2657
xtro|A0A5G3JRH9	0.748461363118304	S-SS	3280-3289
xtro|A0A5G3JRU4	0.629342431761787	S-SS	1007-1024
xtro|A0A5G3JSR6	0.651388888888889	S-SS	465-475
xtro|A0A5G3JST1	0.968304278922345	D-DD	1827-1841
xtro|A0A5G3JVS8	0.850793650793651	E-EE	532-542
xtro|A0A5G3JW13	0.0578859060402685	D-DD	100-109
xtro|A0A5G3JW13	0.0578859060402685	D-DE	100-109
xtro|A0A5G3JW13	0.108221476510067	A-AA	189-200
xtro|A0A5G3JW92	0.0557951482479784	D-DD	100-109
xtro|A0A5G3JW92	0.0557951482479784	D-DE	100-109
xtro|A0A5G3JW92	0.104312668463612	A-AA	189-200
xtro|A0A5G3JWP4	0.544756179024716	S-SS	811-822
xtro|A0A5G3JWS7	0.0588068181818182	D-DD	100-109
xtro|A0A5G3JWS7	0.0588068181818182	D-DE	100-109
xtro|A0A5G3JWS7	0.109943181818182	A-AA	189-200
xtro|A0A5G3JWT5	0.064353813559322	D-DD	118-127
xtro|A0A5G3JWT5	0.064353813559322	D-DE	118-127
xtro|A0A5G3JWT5	0.112023305084746	A-AA	207-218
xtro|A0A5G3JXK1	0.77427597955707	S-SS	451-460
xtro|A0A5G3JYK9	0.859511343804538	S-SS	489-498
xtro|A0A5G3JYU8	0.0932069510268562	S-SS	111-127
xtro|A0A5G3JZ79	0.113805970149254	E-EE	175-193
xtro|A0A5G3JZ79	0.576181592039801	E-EE	922-933
xtro|A0A5G3JZ79	0.591728855721393	E-EE	948-957
xtro|A0A5G3JZ86	0.345814977973568	E-EE	152-164
xtro|A0A5G3JZP1	0.220833333333333	S-SS	102-112
xtro|A0A5G3JZS5	0.986338797814208	S-AS	1260-1269
xtro|A0A5G3JZS5	0.986338797814208	S-SS	1260-1269
xtro|A0A5G3JZX4	0.986712224753227	S-AS	1296-1305
xtro|A0A5G3JZX4	0.986712224753227	S-SS	1296-1305
xtro|A0A5G3K041	0.15864833906071	E-EE	412-421
xtro|A0A5G3K045	0.0904214559386973	S-SS	111-127
xtro|A0A5G3K085	0.158330268481059	E-EE	427-436
xtro|A0A5G3K0G3	0.696261682242991	S-SS	369-378
xtro|A0A5G3K0G8	0.680987202925046	S-SS	369-378
xtro|A0A5G3K0H3	0.669964028776978	S-SS	369-378
xtro|A0A5G3K1E1	0.662811387900356	S-SS	369-378
xtro|A0A5G3K2A8	0.652298850574713	A-AA	337-346
xtro|A0A5G3K436	0.565359477124183	E-EE	340-354
xtro|A0A5G3K448	0.629662522202487	A-AA	351-360
xtro|A0A5G3K480	0.575846833578792	E-EE	388-396
xtro|A0A5G3K480	0.623711340206186	E-EE	414-435
xtro|A0A5G3K4A8	0.874479889042996	S-SS	627-636
xtro|A0A5G3K4F4	0.619525547445255	A-AA	336-345
xtro|A0A5G3K6L3	0.0959952885747939	S-SS	78-87
xtro|A0A5G3K711	0.101747815230961	S-SS	78-87
xtro|A0A5G3K7E0	0.486530612244898	S-SS	591-603
xtro|A0A5G3K7G4	0.450681070925317	S-SS	956-965
xtro|A0A5G3K7K5	0.73570800351803	S-SS	833-842
xtro|A0A5G3K7N0	0.153396639883126	S-SS	207-215
xtro|A0A5G3K7R7	0.131458094144661	S-SS	111-120
xtro|A0A5G3K7U9	0.495470232959448	S-SS	1145-1154
xtro|A0A5G3K7Z7	0.993299832495812	E-EE	590-598
xtro|A0A5G3K840	0.066	A-AA	29-39
xtro|A0A5G3K943	0.484347442680776	S-SS	1095-1104
xtro|A0A5G3K969	0.50859375	S-SS	646-658
xtro|A0A5G3K976	0.511792452830189	S-SS	646-658
xtro|A0A5G3KBI4	0.15976821192053	E-EE	189-199
xtro|A0A5G3KBL4	0.164395229982964	E-EE	189-199
xtro|A0A5G3KBY2	0.937613843351548	E-EE	1026-1035
xtro|A0A5G3KCK7	0.772909967845659	E-EE	958-967
xtro|A0A5G3KCT7	0.757476635514019	E-EE	807-816
xtro|A0A5G3KDA1	0.208198489751888	E-EE	189-199
xtro|A0A5G3KDL7	0.814991334488735	E-EE	937-946
xtro|A0A5G3KDY7	0.938839285714286	E-EE	1048-1057
xtro|A0A5G3KDZ2	0.77088402270884	E-EE	947-956
xtro|A0A5G3KEC9	0.75	E-EE	841-850
xtro|A0A5G3KEI5	0.802142051860203	S-SS	1419-1429
xtro|A0A5G3KEI5	0.811161217587373	S-SS	1434-1446
xtro|A0A5G3KF20	0.735680751173709	E-EE	780-789
xtro|A0A5G3KF26	0.542540073982737	S-SS	437-445
xtro|A0A5G3KF26	0.633168927250308	S-SS	510-519
xtro|A0A5G3KFG4	0.725900681596884	E-EE	742-751
xtro|A0A5G3KFL3	0.531288343558282	S-SS	430-438
xtro|A0A5G3KFL3	0.621472392638037	S-SS	503-512
xtro|A0A5G3KFR7	0.156292286874154	E-DE	105-128
xtro|A0A5G3KFR7	0.156292286874154	E-EE	105-128
xtro|A0A5G3KFV9	0.166666666666667	E-DE	116-139
xtro|A0A5G3KFV9	0.166666666666667	E-EE	116-139
xtro|A0A5G3KG97	0.592470277410832	S-SS	445-454
xtro|A0A5G3KI30	0.167771883289125	E-DE	116-139
xtro|A0A5G3KI30	0.167771883289125	E-EE	116-139
xtro|A0A5G3KI34	0.16577896138482	E-EE	114-137
xtro|A0A5G3KJ05	0.120888157894737	E-EE	70-79
xtro|A0A5G3KJI4	0.789019963702359	A-AA	866-875
xtro|A0A5G3KJY0	0.746160409556314	A-AA	871-880
xtro|A0A5G3KL71	0.809722222222222	A-AA	871-880
xtro|A0A5G3KL81	0.73874256584537	A-AA	866-875
xtro|A0A5G3KLL5	0.816449814126394	A-AA	875-884
xtro|A0A5G3KLV9	0.603448275862069	E-EE	312-320
xtro|A0A5G3KLV9	0.726053639846743	E-EE	371-389
xtro|A0A5G3KLV9	0.983716475095785	E-EE	508-521
xtro|A0A5G3KM36	0.81610800744879	A-AA	873-882
xtro|A0A5G3KMK1	0.479942693409742	A-AA	331-341
xtro|A0A5G3KMZ8	0.958970233306517	E-EE	1188-1198
xtro|A0A5G3KNL1	0.52979274611399	A-AA	405-415
xtro|A0A5G3KPA7	0.508130081300813	A-AA	371-381
xtro|A0A5G3KQ57	0.755681818181818	A-AA	861-870
xtro|A0A5G3KQE7	0.504109589041096	A-AA	364-374
xtro|A0A5G3KQK7	0.973063973063973	S-SS	1152-1162
xtro|A0A5G3KQP2	0.899359743897559	A-AA	2244-2253
xtro|A0A5G3KQP9	0.526109660574413	A-AA	399-409
xtro|A0A5G3KQU3	0.878795180722892	A-AA	1820-1829
xtro|A0A5G3KR09	0.530401034928849	A-AA	406-416
xtro|A0A5G3KRD6	0.638276553106212	A-AA	315-324
xtro|A0A5G3KRD8	0.973983739837398	S-SS	1194-1204
xtro|A0A5G3KRH7	0.584507042253521	A-AA	287-296
xtro|A0A5G3KRI5	0.588645418326693	A-AA	292-301
xtro|A0A5G3KRL6	0.610377358490566	A-AA	320-329
xtro|A0A5G3KRN4	0.0377358490566038	A-AA	14-24
xtro|A0A5G3KRN8	0.589463220675944	A-AA	293-302
xtro|A0A5G3KRW1	0.915262803234501	A-AA	2713-2722
xtro|A0A5G3KS71	0.900906225374311	A-AA	2283-2292
xtro|A0A5G3KSA3	0.973109243697479	S-SS	1154-1164
xtro|A0A5G3KSC3	0.970695970695971	S-SS	1056-1066
xtro|A0A5G3KSV8	0.0360230547550432	S-SS	20-32
xtro|A0A5G3KT06	0.966457023060797	S-SS	918-928
xtro|A0A5G3KT56	0.893881856540084	A-AA	2115-2124
xtro|A0A5G3KTZ0	0.945614035087719	E-EE	536-544
xtro|A0A5G3KTZ4	0.947189097103918	E-EE	553-561
xtro|A0A5G3KUC8	0.806289308176101	S-SS	1271-1295
xtro|A0A5G3KUI6	0.805186590765338	S-SS	1262-1286
xtro|A0A5G3KVU5	0.969897209985316	S-SS	650-673
xtro|A0A5G3KW31	0.583215796897038	E-EE	410-419
xtro|A0A5G3KW35	0.575431034482759	E-EE	397-406
xtro|A0A5G3KWE7	0.584188582424631	S-SS	1818-1827
xtro|A0A5G3KXI5	0.912136536030341	S-SS	711-734
xtro|A0A5G3KY82	0.453488372093023	D-DD	718-727
xtro|A0A5G3KY82	0.453488372093023	D-DE	718-727
xtro|A0A5G3KYG1	0.149772209567198	A-AA	125-140
xtro|A0A5G3KYK5	0.913341645885287	S-SS	722-745
xtro|A0A5G3KYT2	0.950488145048815	S-SS	671-694
xtro|A0A5G3KYV6	0.898009950248756	E-EE	538-547
xtro|A0A5G3KZ63	0.583215796897038	E-EE	410-419
xtro|A0A5G3KZ75	0.888380080137378	D-DD	1549-1557
xtro|A0A5G3KZ75	0.911848883800801	D-DD	1590-1598
xtro|A0A5G3KZ82	0.60634328358209	E-EE	479-498
xtro|A0A5G3KZ84	0.905364677516576	D-DD	1499-1507
xtro|A0A5G3KZ88	0.448410317936413	D-DD	744-753
xtro|A0A5G3KZ88	0.448410317936413	D-DE	744-753
xtro|A0A5G3KZD6	0.432441253263708	D-DD	659-668
xtro|A0A5G3KZD6	0.432441253263708	D-DE	659-668
xtro|A0A5G3KZE0	0.233862959285005	A-AA	229-244
xtro|A0A5G3KZF3	0.566812705366922	E-EE	507-530
xtro|A0A5G3KZF3	0.617196056955093	E-EE	560-569
xtro|A0A5G3KZS5	0.241252302025783	E-EE	125-139
xtro|A0A5G3L075	0.449759326113117	D-DD	744-753
xtro|A0A5G3L075	0.449759326113117	D-DE	744-753
xtro|A0A5G3L0C9	0.265523632993513	A-AA	280-295
xtro|A0A5G3L0D8	0.282155797101449	A-AA	305-320
xtro|A0A5G3L0F9	0.452110901071204	D-DD	714-723
xtro|A0A5G3L0F9	0.452110901071204	D-DE	714-723
xtro|A0A5G3L0G3	0.288961038961039	A-AA	305-320
xtro|A0A5G3L0I1	0.286175115207373	A-AA	304-319
xtro|A0A5G3L0R3	0.179282868525896	E-EE	84-98
xtro|A0A5G3L0R4	0.278807947019868	E-EE	207-216
xtro|A0A5G3L0R4	0.326490066225166	E-EE	242-253
xtro|A0A5G3L0S5	0.201550387596899	E-EE	98-112
xtro|A0A5G3L1F9	0.602979274611399	E-EE	457-476
xtro|A0A5G3L1H9	0.451934703748488	D-DD	744-753
xtro|A0A5G3L1H9	0.451934703748488	D-DE	744-753
xtro|A0A5G3L1R0	0.228334956183057	A-AA	228-243
xtro|A0A5G3L1X1	0.189381933438986	D-DE	116-125
xtro|A0A5G3L230	0.176470588235294	E-EE	84-98
xtro|A0A5G3L3F4	0.637164040778499	D-DE	684-693
xtro|A0A5G3L3I8	0.517306245297216	D-DE	684-693
xtro|A0A5G3L3J1	0.5236	D-DE	651-660
xtro|A0A5G3L3N9	0.73679060665362	A-AA	370-385
xtro|A0A5G3L3N9	0.853228962818004	A-AA	430-444
xtro|A0A5G3L3W8	0.644736842105263	S-SS	456-477
xtro|A0A5G3L421	0.526081424936387	E-EE	410-419
xtro|A0A5G3L431	0.184587813620072	A-AA	150-161
xtro|A0A5G3L4S4	0.197093023255814	A-AA	165-176
xtro|A0A5G3L4X3	0.962162162162162	E-EE	531-539
xtro|A0A5G3L587	0.792861695347355	E-DE	1236-1254
xtro|A0A5G3L587	0.792861695347355	E-EE	1236-1254
xtro|A0A5G3L677	0.841348173036539	E-EE	4003-4012
xtro|A0A5G3L6E2	0.0298136645962733	E-DE	21-29
xtro|A0A5G3L6F8	0.139956490210297	S-SS	188-200
xtro|A0A5G3L6X9	0.133848133848134	S-SS	204-214
xtro|A0A5G3L6Y8	0.14702154626109	S-SS	228-238
xtro|A0A5G3L727	0.519888623707239	D-DE	650-659
xtro|A0A5G3L757	0.841148023549201	E-EE	3997-4006
xtro|A0A5G3L7W0	0.852075391783143	E-EE	4020-4029
xtro|A0A5G3L7X3	0.850914962325081	E-EE	3949-3958
xtro|A0A5G3L811	0.912244897959184	E-EE	442-454
xtro|A0A5G3L8B7	0.12046485260771	D-DD	209-218
xtro|A0A5G3L8F8	0.15687540348612	S-SS	239-249
xtro|A0A5G3L8I2	0.837187693578361	E-EE	4051-4060
xtro|A0A5G3LA81	0.841248161378441	E-EE	4000-4009
xtro|A0A5G3LAJ4	0.837322054879307	E-EE	4055-4064
xtro|A0A5G3LAS1	0.603889709502708	D-DD	1221-1234
xtro|A0A5G3LBC7	0.559653465346535	D-DD	1125-1138
xtro|A0A5G3LBE0	0.558998512642538	D-DD	1122-1135
xtro|A0A5G3LBL3	0.519828926905132	E-EE	664-675
xtro|A0A5G3LBL3	0.765940902021773	E-EE	978-994
xtro|A0A5G3LD66	0.948900388098318	A-AA	1462-1474
xtro|A0A5G3LDL2	0.485845129059117	E-EE	579-590
xtro|A0A5G3LDL2	0.749375520399667	E-EE	893-909
xtro|A0A5G3LDN2	0.574402125775022	E-EE	644-655
xtro|A0A5G3LDN2	0.841895482728078	E-EE	944-959
xtro|A0A5G3LDP2	0.128951255539143	E-EE	433-442
xtro|A0A5G3LDP9	0.416194076874606	E-DE	657-666
xtro|A0A5G3LDP9	0.416194076874606	E-EE	657-666
xtro|A0A5G3LET4	0.578635717669351	D-DD	1216-1229
xtro|A0A5G3LEU6	0.576140873015873	D-DD	1156-1169
xtro|A0A5G3LEU9	0.558560794044665	D-DD	1120-1133
xtro|A0A5G3LF58	0.714	E-EE	354-362
xtro|A0A5G3LFK6	0.568481123792801	E-EE	643-654
xtro|A1A5G5	0.788	S-SS	489-498
xtro|A1L0Y2	0.11890243902439	E-EE	172-181
xtro|A1L0Z0	0.804071246819338	S-SS	1253-1277
xtro|A1L0Z6	0.605714285714286	E-EE	315-323
xtro|A1L0Z6	0.727619047619048	E-EE	374-392
xtro|A1L0Z6	0.983809523809524	E-EE	511-524
xtro|A4IHD2	0.0240143369175627	E-EE	30-39
xtro|A4II20	0.301810865191147	S-SS	145-157
xtro|A4IIM2	0.5517578125	A-AA	279-288
xtro|B1H1C3	0.226277372262774	E-EE	119-131
xtro|B1H3B7	0.615163147792706	E-EE	316-327
xtro|B2GU80	0.931477516059957	E-EE	431-441
xtro|B2GU90	0.0963356973995272	S-SS	78-87
xtro|B2GUE9	0.673598553345389	S-SS	369-378
xtro|B2GUM3	0.268488745980707	E-EE	163-173
xtro|B2GUN0	0.654751131221719	E-DE	717-732
xtro|B2GUN0	0.654751131221719	E-EE	717-732
xtro|B3DLW8	0.00962910128388017	A-AA	10-19
xtro|B3DM47	0.318289786223278	A-AA	131-139
xtro|B3DM80	0.626554726368159	S-SS	1000-1017
xtro|B4F6U4	0.151877133105802	D-DE	174-184
xtro|B4F6V6	0.375722543352601	A-AA	127-135
xtro|B4F6W9	0.116058394160584	S-SS	234-245
xtro|B4F721	0.845323741007194	E-EE	466-476
xtro|B5DE69	0.894182317911131	S-SS	1948-1958
xtro|F6PV57	0.159060402684564	E-DE	108-131
xtro|F6PV57	0.159060402684564	E-EE	108-131
xtro|F6PZS7	0.931424766977364	D-DD	1394-1406
xtro|F6QV98	0.0397973950795948	S-SS	21-36
xtro|F6QV98	0.204775687409551	S-SS	138-147
xtro|F6QV98	0.457308248914617	A-AA	311-323
xtro|F6QWD3	0.235395189003436	E-EE	130-146
xtro|F6QZI0	0.89391771019678	A-AA	2495-2504
xtro|F6R239	0.133656509695291	S-SS	188-200
xtro|F6RFP0	0.461892247043364	E-EE	348-357
xtro|F6RNJ0	0.5956749672346	S-SS	451-460
xtro|F6RNT7	0.925058548009368	E-EE	391-401
xtro|F6RNV6	0.572463768115942	A-AA	273-282
xtro|F6RP13	0.00992647058823529	A-AA	10-19
xtro|F6RQR1	0.933792372881356	S-SS	878-887
xtro|F6S282	0.0590753424657534	D-DD	100-109
xtro|F6S282	0.0590753424657534	D-DE	100-109
xtro|F6S4Y0	0.947811447811448	E-EE	560-568
xtro|F6SBH6	0.81945889698231	A-AA	784-793
xtro|F6SQ24	0.181125439624853	A-AA	150-161
xtro|F6SUY2	0.0243376463339495	A-AA	35-46
xtro|F6SV61	0.946643717728055	E-EE	547-555
xtro|F6SWK0	0.389502762430939	E-DE	701-711
xtro|F6SWK0	0.389502762430939	E-EE	701-711
xtro|F6T1Q3	0.646110056925996	A-AA	337-346
xtro|F6T2C4	0.087012987012987	E-EE	98-105
xtro|F6T2V5	0.170044052863436	E-EE	189-199
xtro|F6T888	0.322	E-DE	157-167
xtro|F6T888	0.322	E-EE	157-167
xtro|F6TFB5	0.157519209659715	E-EE	427-436
xtro|F6TFH5	0.172240802675585	A-AA	150-161
xtro|F6TFM4	0.171857619577308	A-AA	150-161
xtro|F6TKT0	0.0451312910284464	D-DD	79-88
xtro|F6TM81	0.791884816753927	S-SS	602-610
xtro|F6TMJ6	0.95221843003413	E-EE	555-563
xtro|F6TN00	0.00961538461538462	A-AA	10-19
xtro|F6TN98	0.866915422885572	S-SS	340-359
xtro|F6TTS0	0.77130264446621	A-AA	784-793
xtro|F6TZP0	0.914630006788866	A-AA	2691-2700
xtro|F6U0A9	0.153256704980843	E-EE	156-166
xtro|F6U5Q3	0.849909584086799	E-EE	466-476
xtro|F6UIW3	0.613729508196721	A-AA	296-305
xtro|F6UKI8	0.107007575757576	A-AA	53-62
xtro|F6UQ60	0.673177083333333	A-AA	254-265
xtro|F6UYC3	0.788789903489235	S-SS	1059-1068
xtro|F6V354	0.583215796897038	E-EE	410-419
xtro|F6V5Y3	0.831031307550645	S-SS	899-908
xtro|F6V7J2	0.517077045274027	S-SS	646-658
xtro|F6VAL5	0.17504835589942	A-AA	84-99
xtro|F6VCK3	0.260960591133005	E-EE	1056-1065
xtro|F6VL93	0.48728813559322	A-AA	341-351
xtro|F6VSQ3	0.868796736913664	S-SS	1274-1284
xtro|F6W1C1	0.566309117503657	D-DD	1156-1169
xtro|F6W592	0.0234204793028322	D-DE	18-27
xtro|F6W7M3	0.509005763688761	S-SS	702-713
xtro|F6WAF6	0.8	S-SS	1221-1245
xtro|F6WC97	0.652208201892745	E-EE	410-419
xtro|F6WD37	0.838709677419355	A-AA	488-502
xtro|F6WDN1	0.817307692307692	A-AA	419-433
xtro|F6WDV0	0.961693548387097	S-SS	711-722
xtro|F6WGD3	0.753393665158371	S-SS	2141-2190
xtro|F6WGD3	0.995649147232858	S-AS	2855-2868
xtro|F6WGD3	0.995649147232858	S-SS	2855-2868
xtro|F6WH27	0.786332179930796	A-AA	448-463
xtro|F6WK55	0.17109634551495	A-AA	150-161
xtro|F6WNM2	0.812676056338028	E-EE	858-875
xtro|F6WU39	0.938065099457504	E-EE	1034-1043
xtro|F6X0S5	0.0590753424657534	D-DD	100-109
xtro|F6X0S5	0.0590753424657534	D-DE	100-109
xtro|F6X0S5	0.110445205479452	A-AA	189-200
xtro|F6X1J1	0.834719789842382	E-EE	1903-1912
xtro|F6X2Z1	0.493016759776536	A-AA	349-359
xtro|F6X7R8	0.973554301833568	S-SS	2753-2771
xtro|F6X8W3	0.890579408086703	S-SS	2128-2147
xtro|F6X9Z3	0.3432	E-EE	211-220
xtro|F6XST7	0.77212389380531	E-EE	865-882
xtro|F6XWJ4	0.252914798206278	E-EE	279-287
xtro|F6XWJ4	0.609417040358744	S-SS	676-685
xtro|F6XWT8	0.853871576959396	E-EE	1805-1814
xtro|F6XXW6	0.480070859167405	A-AA	538-548
xtro|F6Y265	0.361716621253406	E-EE	257-276
xtro|F6Y265	0.440735694822888	E-EE	320-329
xtro|F6Y3I1	0.51831091180867	D-DE	690-699
xtro|F6YFD7	0.354285714285714	E-DE	182-192
xtro|F6YFD7	0.354285714285714	E-EE	182-192
xtro|F6YGA4	0.309197651663405	E-DE	154-164
xtro|F6YGA4	0.309197651663405	E-EE	154-164
xtro|F6YIE1	0.770703472840605	E-EE	858-875
xtro|F6YMU6	0.885649087221095	E-EE	1743-1752
xtro|F6YR55	0.843118884030814	E-EE	4046-4055
xtro|F6YSC8	0.32172131147541	E-EE	152-164
xtro|F6Z2P7	0.972076788830716	S-SS	1110-1120
xtro|F6Z9Z5	0.638733183856502	S-SS	1122-1159
xtro|F6Z9Z5	0.681614349775785	S-SS	1198-1236
xtro|F6Z9Z5	0.721973094170404	S-SS	1280-1298
xtro|F6ZAE6	0.525490196078431	A-AA	398-408
xtro|F6ZB06	0.484375	A-AA	337-347
xtro|F6ZBK6	0.0760998810939358	E-EE	59-71
xtro|F6ZBS9	0.0640608034744843	S-AS	54-66
xtro|F6ZBS9	0.0640608034744843	S-SS	54-66
xtro|F6ZC59	0.339253996447602	E-DE	187-197
xtro|F6ZC59	0.339253996447602	E-EE	187-197
xtro|F6ZI03	0.967868338557994	S-SS	607-630
xtro|F6ZP86	0.151656754460493	D-DE	175-184
xtro|F6ZPV6	0.900317082837891	A-AA	2268-2277
xtro|F6ZXE9	0.62781954887218	E-EE	329-341
xtro|F6ZY91	0.95338441890166	S-SS	742-753
xtro|F7A3A6	0.616845180136319	E-DE	630-639
xtro|F7A3A6	0.616845180136319	E-EE	630-639
xtro|F7A433	0.63909559244419	S-SS	1100-1135
xtro|F7A433	0.680595306239267	S-SS	1177-1203
xtro|F7A433	0.70835718374356	S-SS	1231-1246
xtro|F7A4R4	0.971086036671368	S-SS	678-701
xtro|F7ABP6	0.0505376344086022	S-AS	42-54
xtro|F7ABP6	0.0505376344086022	S-SS	42-54
xtro|F7ACR0	0.947102115915363	E-EE	1026-1035
xtro|F7ACS6	0.623853211009174	E-EE	334-348
xtro|F7AJE6	0.832072953736655	E-EE	1867-1876
xtro|F7AKG4	0.919325432999088	S-SS	1005-1014
xtro|F7AKT8	0.916901408450704	S-SS	973-982
xtro|F7AKX3	0.620870044052863	E-EE	1123-1134
xtro|F7AMG7	0.091710758377425	A-AA	152-162
xtro|F7AMJ2	0.538344337227019	E-EE	1053-1069
xtro|F7AMJ2	0.567546978161503	E-EE	1110-1127
xtro|F7AMS3	0.481141692150866	E-EE	937-953
xtro|F7AMS3	0.510448521916412	E-EE	994-1011
xtro|F7AN80	0.98581847649919	S-AS	1213-1222
xtro|F7AN80	0.98581847649919	S-SS	1213-1222
xtro|F7AQU5	0.60981308411215	E-EE	649-658
xtro|F7AWH8	0.60063752276867	E-EE	655-666
xtro|F7AWH8	0.827868852459016	E-EE	902-918
xtro|F7AWW9	0.815100154083205	S-SS	525-535
xtro|F7AY00	0.60813443740867	D-DD	1243-1256
xtro|F7AY45	0.58398247322298	D-DD	1194-1207
xtro|F7AYY5	0.73740671641791	E-EE	787-796
xtro|F7AZD2	0.0175324675324675	S-SS	10-19
xtro|F7B0A9	0.973340395480226	S-SS	2753-2762
xtro|F7B2C9	0.484542211652794	E-EE	404-413
xtro|F7B712	0.625636672325976	E-EE	365-374
xtro|F7B922	0.0169230769230769	S-SS	7-17
xtro|F7B9A6	0.829372333942718	E-EE	1357-1367
xtro|F7BAK7	0.665055951169888	S-SS	1304-1313
xtro|F7BCS1	0.512404580152672	E-EE	534-542
xtro|F7BIG5	0.08347876672484	S-SS	276-300
xtro|F7BIY7	0.500427167876976	S-SS	1168-1177
xtro|F7BMM0	0.972997138769671	S-SS	2717-2726
xtro|F7BN26	0.846652267818574	S-SS	388-398
xtro|F7BQ89	0.482954545454545	E-EE	379-388
xtro|F7BTT4	0.152235965746908	E-EE	156-166
xtro|F7BU05	0.505457598656591	A-AA	598-608
xtro|F7BUJ8	0.579429735234216	A-AA	281-290
xtro|F7BW34	0.0634095634095634	S-AS	56-68
xtro|F7BW34	0.0634095634095634	S-SS	56-68
xtro|F7BXK2	0.14859693877551	S-SS	229-239
xtro|F7BZK2	0.51928504233302	E-EE	549-557
xtro|F7C0I4	0.0393574297188755	S-SS	42-58
xtro|F7CBE4	0.574204517852805	D-DD	2360-2370
xtro|F7CBE4	0.727835802769007	S-SS	2993-3002
xtro|F7CHR0	0.551059730250482	A-AA	282-292
xtro|F7CLH6	0.940140845070423	D-DD	377-426
xtro|F7CM32	0.814012380416432	S-SS	1443-1452
xtro|F7CN80	0.809677419354839	A-AA	875-884
xtro|F7CNX8	0.365499008592201	E-DE	548-560
xtro|F7CNX8	0.365499008592201	E-EE	548-560
xtro|F7CS71	0.845920138888889	A-AA	971-980
xtro|F7CUM1	0.18753470294281	S-SS	672-681
xtro|F7CVC3	0.157049180327869	S-SS	236-245
xtro|F7CX84	0.817276814386641	S-SS	1269-1278
xtro|F7CYI2	0.473607038123167	E-EE	962-978
xtro|F7CYI2	0.501710654936461	E-EE	1019-1036
xtro|F7CZI5	0.80744905130007	D-DE	1145-1155
xtro|F7D575	0.462065589818894	E-EE	937-953
xtro|F7D575	0.490210474791973	E-EE	994-1011
xtro|F7D824	0.444491887275833	D-DE	517-526
xtro|F7D8L2	0.397018030513176	D-DE	569-578
xtro|F7D9U9	0.507114624505929	D-DE	638-647
xtro|F7DB84	0.130182421227197	E-EE	466-478
xtro|F7DB84	0.212133775566611	A-AA	763-774
xtro|F7DCF1	0.574895977808599	S-SS	411-420
xtro|F7DJQ6	0.161115269461078	E-EE	427-436
xtro|F7DPP4	0.83475935828877	A-AA	777-786
xtro|F7DPX4	0.578277886497065	A-AA	292-301
xtro|F7DRV9	0.697961373390558	S-SS	647-656
xtro|F7DU67	0.361947469570788	E-DE	560-572
xtro|F7DU67	0.361947469570788	E-EE	560-572
xtro|F7DUC6	0.625880281690141	A-AA	352-361
xtro|F7DUF0	0.740401396160558	A-AA	845-854
xtro|F7DV63	0.144586267605634	S-SS	321-338
xtro|F7DX42	0.862713675213675	A-AA	804-813
xtro|F7DYM9	0.588768115942029	E-EE	479-498
xtro|F7E2A4	0.717936354869817	E-EE	738-753
xtro|F7E2C9	0.0806451612903226	E-EE	90-97
xtro|F7E3W4	0.852941176470588	A-AA	910-919
xtro|F7E400	0.855952380952381	E-EE	353-368
xtro|F7E582	0.956011730205279	E-EE	322-332
xtro|F7E7J5	0.376656151419558	E-EE	592-604
xtro|F7EAF1	0.869506423258959	S-SS	1282-1292
xtro|F7EDI8	0.161538461538462	E-EE	427-436
xtro|F7EDK3	0.162024840045164	E-EE	427-436
xtro|F7EDT1	0.0399129172714078	S-SS	21-36
xtro|F7EDT1	0.205370101596517	S-SS	138-147
xtro|F7EDY3	0.040453074433657	S-SS	43-59
xtro|F7EEG9	0.958083832335329	E-EE	477-485
xtro|F7EEQ8	0.0240143369175627	E-EE	30-39
xtro|F7EHN5	0.043171114599686	S-SS	21-36
xtro|F7EHN5	0.222135007849294	S-SS	138-147
xtro|F7EHV9	0.0960130187144019	S-SS	111-127
xtro|F7EL96	0.841647453364075	E-EE	4012-4021
xtro|F7ELD9	0.18072976054732	A-AA	152-167
xtro|F7EMI3	0.648706896551724	E-DE	448-457
xtro|F7ER94	0.894543787253553	S-SS	1947-1957
xtro|F7ET90	0.802104208416834	A-AA	797-806
xtro|F7ETU7	0.962549277266754	S-SS	728-739
xtro|F7EUA7	0.0944148936170213	A-AA	68-76
xtro|F7EUL5	0.664948453608247	E-EE	705-716
xtro|F7EV85	0.316784869976359	A-AA	131-139
xtro|K9J7P5	0.950676982591876	E-DE	488-497
xtro|K9J7P5	0.950676982591876	E-EE	488-497
xtro|K9J7S1	0.380162241887906	S-SS	512-521
xtro|K9J7W3	0.343323687474163	A-AA	1658-1666
xtro|L7N2M7	0.00663716814159292	E-EE	9-20
xtro|L7N2M7	0.015732546705998	E-EE	26-40
xtro|L7N2M7	0.130776794493609	A-AA	260-274
xtro|L7N2Y7	0.34284524057488	A-AA	1643-1651
xtro|L7N349	0.59115523465704	D-DD	323-334
xtro|L7N349	0.59115523465704	D-DE	323-334
xtro|L7N3K6	0.861013986013986	S-SS	489-498
xtro|L7N3V0	0.235776277724204	A-AA	238-253
xtro|L7N3Y3	0.592159559834938	D-DD	1286-1299
xtro|Q08D19	0.970172684458399	E-EE	614-624
xtro|Q08D35	0.718783930510315	E-EE	658-668
xtro|Q08D68	0.625586854460094	S-SS	529-539
xtro|Q0D2D6	0.160272277227723	A-AA	125-136
xtro|Q0IHY4	0.192532942898975	S-AS	128-137
xtro|Q0P4U3	0.600943396226415	A-AA	315-324
xtro|Q0V9R0	0.257082896117524	S-SS	242-250
xtro|Q0V9R4	0.933792372881356	S-SS	878-887
xtro|Q28BK4	0.424068767908309	D-DE	144-154
xtro|Q28C41	0.962658227848101	D-DE	756-767
xtro|Q28GP7	0.174270072992701	D-DD	92-101
xtro|Q28HE9	0.559304703476483	A-AA	270-279
xtro|Q28I90	0.177446102819237	E-DE	100-116
xtro|Q28I90	0.177446102819237	E-EE	100-116
xtro|Q2KN96	0.76	A-AA	833-841
xtro|Q3SA48	0.821637426900585	A-AA	559-567
xtro|Q4JF54	0.218055555555556	D-DE	74-85
xtro|Q4KKX4	0.815282791817088	S-SS	2029-2038
xtro|Q5EB29	0.103316326530612	E-EE	119-126
xtro|Q5EBF1	0.987654320987654	E-EE	554-568
xtro|Q5U231	0.0878759398496241	A-AA	90-99
xtro|Q5U231	0.277725563909774	A-AA	291-302
xtro|Q5U263	0.746724890829694	E-EE	848-864
xtro|Q66IJ3	0.329613095238095	E-EE	216-229
xtro|Q66JB7	0.872031662269129	A-AA	325-338
xtro|Q66KD5	0.760817307692308	S-SS	308-327
xtro|Q688D0	0.454545454545455	E-EE	222-230
xtro|Q6DEV3	0.790155440414508	D-DD	454-463
xtro|Q6DEV3	0.790155440414508	D-DE	454-463
xtro|Q6DFQ2	0.563934426229508	E-EE	338-352
xtro|Q6DFT2	0.514976958525346	A-AA	221-228
xtro|Q6F2E3	0.0729613733905579	A-AA	29-41
xtro|Q6NVT6	0.962650602409639	E-DE	392-409
xtro|Q6NVT6	0.962650602409639	E-EE	392-409
xtro|Q6P2Y1	0.819845857418112	E-EE	422-431
xtro|Q6P361	0.314699792960663	E-EE	147-159
xtro|Q6P877	0.511166253101737	S-SS	202-212
xtro|Q6P8G0	0.989110707803993	E-DE	541-551
xtro|Q6P8G0	0.989110707803993	E-EE	541-551
zmay|A0A060D2B6	0.212014134275618	A-AA	117-125
zmay|A0A096PY84	0.0192307692307692	A-AA	12-20
zmay|A0A096RFR6	0.914419087136929	A-AA	875-890
zmay|A0A096SVP6	0.0691489361702128	A-AA	43-50
zmay|A0A096SVP6	0.645896656534954	A-AA	420-432
zmay|A0A1D6DU17	0.157608695652174	A-AA	69-78
zmay|A0A1D6DW81	0.143463497453311	S-SS	81-90
zmay|A0A1D6E248	0.872574955908289	A-AA	986-995
zmay|A0A1D6E3P1	0.110366713681241	A-AA	308-320
zmay|A0A1D6E3P1	0.60966149506347	A-AA	1725-1735
zmay|A0A1D6E587	0.948974224092583	D-DD	1799-1811
zmay|A0A1D6E802	0.779971791255289	D-DD	549-559
zmay|A0A1D6E802	0.779971791255289	D-DE	549-559
zmay|A0A1D6EAQ6	0.0246753246753247	A-AA	16-24
zmay|A0A1D6EDJ2	0.929093567251462	E-EE	632-641
zmay|A0A1D6EHD5	0.270206022187005	A-AA	166-177
zmay|A0A1D6EIH7	0.103960396039604	E-EE	46-61
zmay|A0A1D6EIK3	0.0834845735027223	A-AA	43-51
zmay|A0A1D6ELH4	0.0398162327718224	A-AA	20-34
zmay|A0A1D6ELK9	0.113284804367607	S-SS	121-130
zmay|A0A1D6ET96	0.0462304409672831	A-AA	29-38
zmay|A0A1D6ETJ6	0.0200348432055749	S-SS	7-18
zmay|A0A1D6ETJ6	0.078397212543554	S-SS	42-50
zmay|A0A1D6EWT3	0.160074165636588	A-AS	126-135
zmay|A0A1D6EZ81	0.427844882390337	A-AA	670-678
zmay|A0A1D6F4F1	0.0207715133531157	A-AA	18-26
zmay|A0A1D6F4T2	0.214416058394161	S-SS	114-123
zmay|A0A1D6FA93	0.984463276836158	D-DD	1739-1748
zmay|A0A1D6FGY1	0.954674220963173	A-AA	334-342
zmay|A0A1D6FJP5	0.0860507246376812	A-AA	44-53
zmay|A0A1D6FUE3	0.334162520729685	D-DD	399-409
zmay|A0A1D6FV58	0.605285234899329	S-SS	718-727
zmay|A0A1D6FYU4	0.507299270072993	A-AA	343-354
zmay|A0A1D6G0I8	0.460614152202937	A-AA	682-700
zmay|A0A1D6G4R3	0.0258620689655172	A-AA	8-18
zmay|A0A1D6G5W0	0.0229681978798587	A-AA	15-26
zmay|A0A1D6GDT4	0.0146804835924007	A-AA	3-16
zmay|A0A1D6GFS2	0.198028673835125	S-SS	107-116
zmay|A0A1D6GJ36	0.0552325581395349	S-SS	33-45
zmay|A0A1D6GQK6	0.196043165467626	A-AA	106-114
zmay|A0A1D6GST8	0.664319248826291	E-EE	420-431
zmay|A0A1D6GTI9	0.0232683982683983	A-AS	18-27
zmay|A0A1D6GTX8	0.132727272727273	D-DD	69-79
zmay|A0A1D6GTX8	0.132727272727273	D-DE	69-79
zmay|A0A1D6GUE9	0.0330708661417323	E-EE	18-26
zmay|A0A1D6GXA0	0.229452054794521	D-DD	131-139
zmay|A0A1D6GXA0	0.229452054794521	D-DE	131-139
zmay|A0A1D6GXA0	0.716609589041096	E-DE	411-428
zmay|A0A1D6GXA0	0.716609589041096	E-EE	411-428
zmay|A0A1D6GXR8	0.565502183406114	D-DD	1030-1044
zmay|A0A1D6GY62	0.792253521126761	E-EE	332-345
zmay|A0A1D6GYF7	0.391766882516189	A-AA	843-853
zmay|A0A1D6H2P2	0.274691358024691	A-AA	86-94
zmay|A0A1D6H5K1	0.96044776119403	S-SS	636-653
zmay|A0A1D6H8R1	0.107692307692308	A-AA	52-62
zmay|A0A1D6HCG5	0.655395683453237	S-SS	451-462
zmay|A0A1D6HFA8	0.113093176307586	A-AA	322-333
zmay|A0A1D6HFA8	0.59993072393488	A-AA	1728-1738
zmay|A0A1D6HGB9	0.690198932557011	A-AA	1419-1428
zmay|A0A1D6HGR1	0.0101088646967341	A-AA	2-13
zmay|A0A1D6HKX9	0.0609939759036145	S-SS	36-47
zmay|A0A1D6HN63	0.116279069767442	A-AA	66-76
zmay|A0A1D6HQP8	0.00991649269311065	S-SS	6-15
zmay|A0A1D6HRA3	0.984533183352081	D-DD	1747-1756
zmay|A0A1D6HVN8	0.0525525525525526	A-AA	13-24
zmay|A0A1D6HZS2	0.0361247947454844	E-EE	18-28
zmay|A0A1D6HZT8	0.093515037593985	S-SS	96-105
zmay|A0A1D6I0G1	0.0389312977099237	A-AA	20-33
zmay|A0A1D6I5Q8	0.251851851851852	A-AA	96-110
zmay|A0A1D6I638	0.0789473684210526	A-AA	63-74
zmay|A0A1D6I644	0.0725552050473186	S-SS	43-51
zmay|A0A1D6I8W8	0.0460339943342776	A-AA	29-38
zmay|A0A1D6IAP2	0.296902654867257	A-AA	332-341
zmay|A0A1D6ICL3	0.143478260869565	A-AA	62-72
zmay|A0A1D6ICZ6	0.123268698060942	A-AA	130-139
zmay|A0A1D6IHB6	0.428393524283935	A-AA	685-693
zmay|A0A1D6IJ10	0.108421052631579	S-SS	100-108
zmay|A0A1D6IMC7	0.114625652930934	D-DE	194-203
zmay|A0A1D6ITD3	0.843234323432343	A-AA	506-518
zmay|A0A1D6IW19	0.650190114068441	D-DD	509-519
zmay|A0A1D6IW19	0.650190114068441	D-DE	509-519
zmay|A0A1D6IW19	0.965145754119138	S-SS	758-767
zmay|A0A1D6IWI6	0.992561105207226	D-DD	931-939
zmay|A0A1D6J492	0.0496774193548387	A-AA	36-43
zmay|A0A1D6J573	0.929093567251462	E-EE	632-641
zmay|A0A1D6JBB9	0.0177556818181818	A-AA	10-17
zmay|A0A1D6JDE8	0.19481302774427	D-DD	156-169
zmay|A0A1D6JIP7	0.95141065830721	D-DD	1816-1828
zmay|A0A1D6JPP3	0.066358024691358	A-AA	38-50
zmay|A0A1D6JRL4	0.0151515151515152	E-EE	6-15
zmay|A0A1D6JTA1	0.0153374233128834	A-AA	2-15
zmay|A0A1D6JVQ5	0.450110864745011	A-AA	200-208
zmay|A0A1D6JY56	0.0282758620689655	A-AA	17-26
zmay|A0A1D6K077	0.824561403508772	A-AA	510-526
zmay|A0A1D6K0T3	0.244561634805537	E-EE	367-377
zmay|A0A1D6K3N5	0.00944032366824005	A-AA	9-21
zmay|A0A1D6K453	0.289932236205228	S-SS	295-306
zmay|A0A1D6K483	0.16173752310536	A-AA	82-95
zmay|A0A1D6K7D0	0.844180915609487	A-AA	1523-1540
zmay|A0A1D6K7X2	0.0822222222222222	A-AA	88-99
zmay|A0A1D6KF85	0.875892857142857	S-SS	486-497
zmay|A0A1D6KFM0	0.960511033681765	S-SS	823-833
zmay|A0A1D6KGE2	0.441206030150754	A-AA	435-445
zmay|A0A1D6KKH8	0.128810975609756	A-AA	81-90
zmay|A0A1D6KLZ4	0.511992619926199	A-AA	274-283
zmay|A0A1D6KQV9	0.00746268656716418	S-SS	2-16
zmay|A0A1D6KTZ6	0.693813131313131	D-DD	545-556
zmay|A0A1D6KW32	0.489473684210526	E-EE	228-239
zmay|A0A1D6KWW2	0.0216251638269987	A-AA	13-22
zmay|A0A1D6KWW2	0.0216251638269987	A-AS	13-22
zmay|A0A1D6KXJ5	0.873505976095618	S-SS	435-444
zmay|A0A1D6L5J9	0.0215968586387435	A-AA	12-23
zmay|A0A1D6L5J9	0.0215968586387435	A-AS	12-23
zmay|A0A1D6L5Q4	0.141943734015345	A-AA	51-62
zmay|A0A1D6L7B0	0.194444444444444	S-SS	108-118
zmay|A0A1D6LA51	0.0817409766454352	D-DD	35-44
zmay|A0A1D6LC48	0.579331941544885	A-AA	552-560
zmay|A0A1D6LC63	0.0199619771863118	A-AA	7-16
zmay|A0A1D6LED1	0.941758241758242	A-AA	425-434
zmay|A0A1D6LEN8	0.0855354659248957	A-AA	59-66
zmay|A0A1D6LGK0	0.731299212598425	S-SS	739-749
zmay|A0A1D6LP15	0.0373608903020668	E-EE	19-30
zmay|A0A1D6LPN0	0.665634674922601	E-EE	425-437
zmay|A0A1D6M3E5	0.0746691871455577	S-SS	34-47
zmay|A0A1D6M3E5	0.103024574669187	S-SS	51-60
zmay|A0A1D6M795	0.0225169648365207	D-DD	32-43
zmay|A0A1D6M795	0.0225169648365207	D-DE	32-43
zmay|A0A1D6M795	0.0382479950647748	E-DE	58-68
zmay|A0A1D6M795	0.0382479950647748	E-EE	58-68
zmay|A0A1D6MA25	0.924130663856691	S-SS	873-883
zmay|A0A1D6MHE2	0.357843137254902	A-AA	179-188
zmay|A0A1D6MKP9	0.26843910806175	S-SS	153-162
zmay|A0A1D6ML78	0.180911680911681	S-SS	187-196
zmay|A0A1D6MU59	0.594357976653696	D-DD	2133-2146
zmay|A0A1D6MVF8	0.442828485456369	A-AA	438-447
zmay|A0A1D6MW22	0.958720930232558	S-SS	818-833
zmay|A0A1D6N309	0.0202205882352941	A-AA	12-23
zmay|A0A1D6N393	0.38	S-SS	205-215
zmay|A0A1D6N3H6	0.0978260869565217	S-SS	64-73
zmay|A0A1D6N5Z9	0.635977337110482	S-SS	894-904
zmay|A0A1D6N6Y3	0.0344827586206897	S-SS	15-23
zmay|A0A1D6N712	0.160060975609756	A-AA	100-112
zmay|A0A1D6N7N0	0.736486486486487	S-SS	266-281
zmay|A0A1D6N7Q5	0.921545667447307	D-DD	390-399
zmay|A0A1D6N7T2	0.216403162055336	A-AA	106-115
zmay|A0A1D6N918	0.223981900452489	S-SS	95-105
zmay|A0A1D6NH88	0.387895460797799	A-AA	556-574
zmay|A0A1D6NI54	0.02321083172147	A-AA	8-18
zmay|A0A1D6NK09	0.972878998609179	A-AA	691-710
zmay|A0A1D6NLS2	0.498563218390805	A-AA	344-352
zmay|A0A1D6NTP5	0.977869467366842	A-AA	1300-1309
zmay|A0A1D6NVZ6	0.10990099009901	A-AA	50-63
zmay|A0A1D6P444	0.845605700712589	A-AA	707-719
zmay|A0A1D6P7H0	0.172244094488189	A-AA	82-95
zmay|A0A1D6P9K0	0.00866666666666667	A-AA	9-19
zmay|A0A1D6PC52	0.828346456692913	A-AA	521-533
zmay|A0A1D6PCN3	0.0287485907553551	E-EE	22-31
zmay|A0A1D6PN50	0.88955087076077	D-DE	967-976
zmay|A0A1D6Q055	0.654275092936803	A-AA	525-533
zmay|A0A1D6Q793	0.683252427184466	A-AA	1404-1413
zmay|A0A1D6Q7M9	0.00842266462480858	A-AA	2-11
zmay|A0A1D6QAI1	0.370163370593293	A-AA	426-437
zmay|A0A1D6QEB9	0.132465543644717	A-AA	83-92
zmay|A0A1D6QM59	0.0307101727447217	A-AA	12-22
zmay|A0A1X7YHX7	0.218978102189781	S-SS	86-96
zmay|A0A1X7YHX7	0.360097323600973	S-SS	144-154
zmay|A3F4K2	0.270025839793282	A-AA	98-113
zmay|B4F7S6	0.890965732087227	S-SS	279-295
zmay|B4F8V9	0.00842696629213483	A-AA	2-9
zmay|B4F9Q9	0.142259414225941	D-DD	98-108
zmay|B4F9Q9	0.142259414225941	D-DE	98-108
zmay|B4FAN8	0.872781065088757	S-SS	438-449
zmay|B4FBX5	0.151515151515152	S-SS	56-66
zmay|B4FE45	0.0518518518518519	A-AA	18-26
zmay|B4FFQ6	0.0366795366795367	A-AA	15-25
zmay|B4FG11	0.0208333333333333	A-AA	7-16
zmay|B4FKF4	0.436675461741425	A-AA	162-171
zmay|B6SLS0	0.062624254473161	A-AA	26-39
zmay|B6SPT9	0.223880597014925	A-AA	102-110
zmay|B6SSD5	0.240466101694915	A-AA	110-119
zmay|B6SSX2	0.0500863557858377	A-AA	25-35
zmay|B6STZ4	0.208333333333333	A-AA	91-101
zmay|B6TJK5	0.32719836400818	A-AA	157-165
zmay|B6TPJ2	0.119741100323625	A-AA	34-42
zmay|B6U8T2	0.461993243243243	A-AA	268-281
zmay|B7ZYW4	0.0116279069767442	A-AA	2-11
zmay|B8A2A8	0.118972746331237	S-SS	107-122
zmay|C0P382	0.957647058823529	S-SS	404-412
zmay|C0P3Q8	0.0077962577962578	A-AA	4-13
zmay|C0P3S0	0.0784641068447412	A-AA	43-53
zmay|C0P576	0.939423076923077	A-AA	484-495
zmay|C0PDK2	0.107142857142857	S-SS	59-69
zmay|C0PFM0	0.0897810218978102	S-SS	58-67
zmay|C0PGM3	0.704903677758319	E-EE	399-408
zmay|C0PHP0	0.0841194968553459	S-SS	50-59
zmay|C4J123	0.702839756592292	D-DD	343-352
zmay|C4J123	0.702839756592292	D-DE	343-352
zmay|C4J193	0.225170068027211	A-AA	159-174
zmay|C4J233	0.0137763371150729	A-AA	5-14
zmay|K7TGP8	0.908730158730159	A-AA	683-693
zmay|K7TGQ6	0.0973581213307241	A-AA	96-105
zmay|K7TJV1	0.225102319236016	A-AA	159-173
zmay|K7TLK6	0.0525291828793774	D-DD	23-33
zmay|K7TSM8	0.906290956749672	A-AA	687-698
zmay|K7U3H3	0.0298013245033113	A-AA	13-25
zmay|K7UKE9	0.125	A-AA	74-87
zmay|K7UUD1	0.0973709834469328	A-AA	96-106
zmay|K7UZU3	0.0863192182410423	A-AA	50-58
zmay|K7V321	0.97226173541963	A-AA	675-694
zmay|K7V3T9	0.20360824742268	A-AA	115-124
zmay|K7V516	0.925964546402503	S-SS	884-894
zmay|K7VGB3	0.153913043478261	E-EE	85-94
zmay|K7VL63	0.325819672131148	A-AA	156-164
zmay|K7VP18	0.513412816691505	A-AA	339-352
zmay|K7VTK2	0.788611544461779	E-EE	502-511
zmay|K7VU15	0.719736842105263	A-AA	544-552
zmay|K7VWF2	0.0798479087452472	E-EE	39-47
zmay|K7VWG1	0.0779122541603631	A-AA	48-57
zmay|K7WFR7	0.512724550898204	A-AA	338-349
zmay|K7WH29	0.127044025157233	A-AA	97-107
zmay|P26307	0.0978260869565217	S-SS	64-73
zmay|Q06F07	0.304487179487179	S-SS	186-196
zmay|Q29VN2	0.0577586206896552	A-AS	29-40
zmay|Q41784	0.983108108108108	E-EE	431-444
zmay|Q8L8G5	0.895663956639566	D-DD	326-337
zmay|Q9FUZ7	0.407796101949025	A-AA	266-280
zmay|Q9M4G3	0.112794612794613	A-AA	29-40
zmay|Q9ST48	0.308426073131955	S-SS	190-200
zmay|Q9XHR2	0.915712799167534	A-AA	875-887
